ISO-10303-21;
HEADER;
FILE_DESCRIPTION(('Designed by EasyEDA Pro'),'2;1');
FILE_NAME('Open CASCADE Shape Model','2026-08-17T18:03:29',('Author'),(
    'Open CASCADE'),'Open CASCADE STEP processor 7.8','Open CASCADE 7.8'
  ,'Unknown');
FILE_SCHEMA(('AUTOMOTIVE_DESIGN { 1 0 10303 214 1 1 1 1 }'));
ENDSEC;
DATA;

#1 = APPLICATION_PROTOCOL_DEFINITION('international standard',  'automotive_design',2000,#2);
#2 = APPLICATION_CONTEXT(  'core data for automotive mechanical design processes');
#3 = SHAPE_DEFINITION_REPRESENTATION(#4,#10);
#4 = PRODUCT_DEFINITION_SHAPE('','',#5);
#5 = PRODUCT_DEFINITION('design','',#6,#9);
#6 = PRODUCT_DEFINITION_FORMATION('','',#7);
#7 = PRODUCT('EasyEDA PCB Model~zL8V','EasyEDA PCB Model~zL8V','',(#8));
#8 = PRODUCT_CONTEXT('',#2,'mechanical');
#9 = PRODUCT_DEFINITION_CONTEXT('part definition',#2,'design');
#10=SHAPE_REPRESENTATION('',(#11,#15,#19,#23,#27,#31,#35,#39,#43,#47,#51,#55,#59,#63,#67,#71,#75,#79,#83,#87,#91,#95,#99,#103,#107,#111,#115,#119,#123,#127,#131,#135,#139,#143,#147,#151,#155,#159,#163,#167,#171,#175,#179),#183);
#11 = AXIS2_PLACEMENT_3D('',#12,#13,#14);
#12 = CARTESIAN_POINT('',(0.,0.,0.));
#13 = DIRECTION('',(0.,0.,1.));
#14 = DIRECTION('',(1.,0.,-0.));
#15 = AXIS2_PLACEMENT_3D('',#16,#17,#18);
#16 = CARTESIAN_POINT('',(0.,0.,0.));
#17 = DIRECTION('',(0.,0.,1.));
#18 = DIRECTION('',(1.,0.,-0.));
#19 = AXIS2_PLACEMENT_3D('',#20,#21,#22);
#20 = CARTESIAN_POINT('',(0.,0.,1.596156972314));
#21 = DIRECTION('',(0.,0.,1.));
#22 = DIRECTION('',(1.,0.,-0.));
#23 = AXIS2_PLACEMENT_3D('',#24,#25,#26);
#24 = CARTESIAN_POINT('',(0.,0.,-1.E-02));
#25 = DIRECTION('',(0.,0.,1.));
#26 = DIRECTION('',(1.,0.,-0.));
#27 = AXIS2_PLACEMENT_3D('',#28,#29,#30);
#28 = CARTESIAN_POINT('',(0.,0.,0.));
#29 = DIRECTION('',(0.,0.,1.));
#30 = DIRECTION('',(1.,0.,-0.));
#31 = AXIS2_PLACEMENT_3D('',#32,#33,#34);
#32 = CARTESIAN_POINT('',(0.,0.,0.));
#33 = DIRECTION('',(0.,0.,1.));
#34 = DIRECTION('',(1.,0.,-0.));
#35 = AXIS2_PLACEMENT_3D('',#36,#37,#38);
#36 = CARTESIAN_POINT('',(18.923037846076,-35.05207010414,1.586156972314    ));
#37 = DIRECTION('',(0.,0.,1.));
#38 = DIRECTION('',(1.,0.,0.));
#39 = AXIS2_PLACEMENT_3D('',#40,#41,#42);
#40 = CARTESIAN_POINT('',(19.050038100076,-23.11404622809,1.586156972314    ));
#41 = DIRECTION('',(0.,0.,1.));
#42 = DIRECTION('',(1.,0.,0.));
#43 = AXIS2_PLACEMENT_3D('',#44,#45,#46);
#44 = CARTESIAN_POINT('',(81.407162814326,-16.51003302006,1.586156972314    ));
#45 = DIRECTION('',(0.,0.,1.));
#46 = DIRECTION('',(-1.,1.224646799147E-16,0.));
#47 = AXIS2_PLACEMENT_3D('',#48,#49,#50);
#48 = CARTESIAN_POINT('',(81.407162814326,-28.70205740411,1.586156972314    ));
#49 = DIRECTION('',(0.,0.,1.));
#50 = DIRECTION('',(-1.,1.224646799147E-16,0.));
#51 = AXIS2_PLACEMENT_3D('',#52,#53,#54);
#52 = CARTESIAN_POINT('',(77.724155448311,-12.19202438404,1.586156972314    ));
#53 = DIRECTION('',(0.,-0.,1.));
#54 = DIRECTION('',(1.110223024625E-16,1.,0.));
#55 = AXIS2_PLACEMENT_3D('',#56,#57,#58);
#56 = CARTESIAN_POINT('',(80.137160274321,-12.19202438404,1.586156972314    ));
#57 = DIRECTION('',(0.,-0.,1.));
#58 = DIRECTION('',(1.110223024625E-16,1.,0.));
#59 = AXIS2_PLACEMENT_3D('',#60,#61,#62);
#60 = CARTESIAN_POINT('',(55.11811023622,-19.43103886207,1.586156972314)  );
#61 = DIRECTION('',(0.,-0.,1.));
#62 = DIRECTION('',(1.110223024625E-16,1.,0.));
#63 = AXIS2_PLACEMENT_3D('',#64,#65,#66);
#64 = CARTESIAN_POINT('',(61.976123952248,-25.0190500381,1.586156972314)  );
#65 = DIRECTION('',(0.,0.,1.));
#66 = DIRECTION('',(-1.,1.224646799147E-16,0.));
#67 = AXIS2_PLACEMENT_3D('',#68,#69,#70);
#68 = CARTESIAN_POINT('',(70.663677927356,-24.99207518415,1.586156972314    ));
#69 = DIRECTION('',(0.,0.,1.));
#70 = DIRECTION('',(1.,0.,0.));
#71 = AXIS2_PLACEMENT_3D('',#72,#73,#74);
#72 = CARTESIAN_POINT('',(70.663677927356,-22.71955803911,1.586156972314    ));
#73 = DIRECTION('',(0.,0.,1.));
#74 = DIRECTION('',(-1.,1.224646799147E-16,0.));
#75 = AXIS2_PLACEMENT_3D('',#76,#77,#78);
#76 = CARTESIAN_POINT('',(64.770129540259,-12.31902463804,1.586156972314    ));
#77 = DIRECTION('',(0.,0.,1.));
#78 = DIRECTION('',(-1.,1.224646799147E-16,0.));
#79 = AXIS2_PLACEMENT_3D('',#80,#81,#82);
#80 = CARTESIAN_POINT('',(77.089154178308,-19.68503937007,1.586156972314    ));
#81 = DIRECTION('',(0.,0.,1.));
#82 = DIRECTION('',(-4.440892098501E-16,-1.,0.));
#83 = AXIS2_PLACEMENT_3D('',#84,#85,#86);
#84 = CARTESIAN_POINT('',(69.215138430277,-7.62001524003,1.586156972314)  );
#85 = DIRECTION('',(0.,0.,1.));
#86 = DIRECTION('',(-4.440892098501E-16,-1.,0.));
#87 = AXIS2_PLACEMENT_3D('',#88,#89,#90);
#88 = CARTESIAN_POINT('',(71.501143002286,-7.62001524003,1.586156972314)  );
#89 = DIRECTION('',(0.,0.,1.));
#90 = DIRECTION('',(-4.440892098501E-16,-1.,0.));
#91 = AXIS2_PLACEMENT_3D('',#92,#93,#94);
#92 = CARTESIAN_POINT('',(42.799085598171,-12.19202438404,1.586156972314    ));
#93 = DIRECTION('',(0.,0.,1.));
#94 = DIRECTION('',(-4.440892098501E-16,-1.,0.));
#95 = AXIS2_PLACEMENT_3D('',#96,#97,#98);
#96 = CARTESIAN_POINT('',(51.435102870206,-12.06502413004,1.586156972314    ));
#97 = DIRECTION('',(0.,0.,1.));
#98 = DIRECTION('',(-4.440892098501E-16,-1.,0.));
#99 = AXIS2_PLACEMENT_3D('',#100,#101,#102);
#100 = CARTESIAN_POINT('',(42.164084328169,-20.19304038608,    1.586156972314));
#101 = DIRECTION('',(0.,0.,1.));
#102 = DIRECTION('',(-4.440892098501E-16,-1.,0.));
#103 = AXIS2_PLACEMENT_3D('',#104,#105,#106);
#104 = CARTESIAN_POINT('',(19.050038100076,-17.78003556007,    1.586156972314));
#105 = DIRECTION('',(0.,0.,1.));
#106 = DIRECTION('',(1.,0.,0.));
#107 = AXIS2_PLACEMENT_3D('',#108,#109,#110);
#108 = CARTESIAN_POINT('',(81.407162814326,-34.03606807213,    1.586156972314));
#109 = DIRECTION('',(0.,0.,1.));
#110 = DIRECTION('',(-1.,1.224646799147E-16,0.));
#111 = AXIS2_PLACEMENT_3D('',#112,#113,#114);
#112 = CARTESIAN_POINT('',(49.657099314199,-20.19304038608,    1.586156972314));
#113 = DIRECTION('',(0.,0.,1.));
#114 = DIRECTION('',(-4.440892098501E-16,-1.,0.));
#115 = AXIS2_PLACEMENT_3D('',#116,#117,#118);
#116 = CARTESIAN_POINT('',(52.705105410211,-7.539725679451,    1.586156972314));
#117 = DIRECTION('',(0.,0.,1.));
#118 = DIRECTION('',(-1.,1.224646799147E-16,0.));
#119 = AXIS2_PLACEMENT_3D('',#120,#121,#122);
#120 = CARTESIAN_POINT('',(14.351028702057,-28.82905765811,    1.586156972314));
#121 = DIRECTION('',(0.,0.,1.));
#122 = DIRECTION('',(1.,0.,0.));
#123 = AXIS2_PLACEMENT_3D('',#124,#125,#126);
#124 = CARTESIAN_POINT('',(85.924216408433,-22.66213868427,    1.586156972314));
#125 = DIRECTION('',(0.,0.,1.));
#126 = DIRECTION('',(-1.,1.224646799147E-16,0.));
#127 = AXIS2_PLACEMENT_3D('',#128,#129,#130);
#128 = CARTESIAN_POINT('',(40.259080518161,-7.62001524003,1.586156972314    ));
#129 = DIRECTION('',(0.,0.,1.));
#130 = DIRECTION('',(1.,0.,0.));
#131 = AXIS2_PLACEMENT_3D('',#132,#133,#134);
#132 = CARTESIAN_POINT('',(6.858013716027,-20.78104140208,1.586156972314    ));
#133 = DIRECTION('',(0.,-0.,1.));
#134 = DIRECTION('',(1.110223024625E-16,1.,0.));
#135 = AXIS2_PLACEMENT_3D('',#136,#137,#138);
#136 = CARTESIAN_POINT('',(93.205011430023,-30.78258572517,    1.586156972314));
#137 = DIRECTION('',(0.,0.,1.));
#138 = DIRECTION('',(-4.440892098501E-16,-1.,0.));
#139 = AXIS2_PLACEMENT_3D('',#140,#141,#142);
#140 = CARTESIAN_POINT('',(62.695976631953,-18.88232410464,    1.586156972314));
#141 = DIRECTION('',(-0.,0.,1.));
#142 = DIRECTION('',(1.110223024625E-16,-1.,0.));
#143 = AXIS2_PLACEMENT_3D('',#144,#145,#146);
#144 = CARTESIAN_POINT('',(13.843027686055,-20.44704089408,0.));
#145 = DIRECTION('',(1.224646799147E-16,0.,-1.));
#146 = DIRECTION('',(-1.110223024625E-16,1.,-1.359631073447E-32));
#147 = AXIS2_PLACEMENT_3D('',#148,#149,#150);
#148 = CARTESIAN_POINT('',(86.600998221996,-30.26434340868,0.));
#149 = DIRECTION('',(1.224646799147E-16,0.,-1.));
#150 = DIRECTION('',(2.22044604925E-16,-1.,2.719262146894E-32));
#151 = AXIS2_PLACEMENT_3D('',#152,#153,#154);
#152 = CARTESIAN_POINT('',(66.345669291339,-25.00556261112,    1.586156972314));
#153 = DIRECTION('',(0.,0.,1.));
#154 = DIRECTION('',(-1.,1.224646799147E-16,0.));
#155 = AXIS2_PLACEMENT_3D('',#156,#157,#158);
#156 = CARTESIAN_POINT('',(60.579121158242,-12.31902463804,    1.586156972314));
#157 = DIRECTION('',(0.,0.,1.));
#158 = DIRECTION('',(1.,0.,0.));
#159 = AXIS2_PLACEMENT_3D('',#160,#161,#162);
#160 = CARTESIAN_POINT('',(74.422148844298,-19.68503937007,    1.586156972314));
#161 = DIRECTION('',(0.,-0.,1.));
#162 = DIRECTION('',(1.110223024625E-16,1.,0.));
#163 = AXIS2_PLACEMENT_3D('',#164,#165,#166);
#164 = CARTESIAN_POINT('',(74.422148844298,-23.87604775209,    1.586156972314));
#165 = DIRECTION('',(0.,-0.,1.));
#166 = DIRECTION('',(1.110223024625E-16,1.,0.));
#167 = AXIS2_PLACEMENT_3D('',#168,#169,#170);
#168 = CARTESIAN_POINT('',(56.642113284227,-25.0190500381,1.586156972314    ));
#169 = DIRECTION('',(0.,0.,1.));
#170 = DIRECTION('',(-1.,1.224646799147E-16,0.));
#171 = AXIS2_PLACEMENT_3D('',#172,#173,#174);
#172 = CARTESIAN_POINT('',(72.009144018288,-13.97002794005,    1.586156972314));
#173 = DIRECTION('',(0.,0.,1.));
#174 = DIRECTION('',(1.,0.,0.));
#175 = AXIS2_PLACEMENT_3D('',#176,#177,#178);
#176 = CARTESIAN_POINT('',(50.000099060198,-40.00007874015,    1.586156972314));
#177 = DIRECTION('',(0.,0.,1.));
#178 = DIRECTION('',(1.,0.,0.));
#179 = AXIS2_PLACEMENT_3D('',#180,#181,#182);
#180 = CARTESIAN_POINT('',(77.47015494031,-5.588011176022,1.586156972314    ));
#181 = DIRECTION('',(0.,0.,1.));
#182 = DIRECTION('',(1.,0.,0.));
#183 = ( GEOMETRIC_REPRESENTATION_CONTEXT(3) GLOBAL_UNCERTAINTY_ASSIGNED_CONTEXT((#187)) GLOBAL_UNIT_ASSIGNED_CONTEXT((#184,#185,#186)) REPRESENTATION_CONTEXT('Context #1',  '3D Context with UNIT and UNCERTAINTY') );
#184 = ( LENGTH_UNIT() NAMED_UNIT(*) SI_UNIT(.MILLI.,.METRE.) );
#185 = ( NAMED_UNIT(*) PLANE_ANGLE_UNIT() SI_UNIT($,.RADIAN.) );
#186 = ( NAMED_UNIT(*) SI_UNIT($,.STERADIAN.) SOLID_ANGLE_UNIT() );
#187 = UNCERTAINTY_MEASURE_WITH_UNIT(LENGTH_MEASURE(5.E-07),#184,  'distance_accuracy_value','confusion accuracy');
#188 = PRODUCT_RELATED_PRODUCT_CATEGORY('part',$,(#7));
#189 = SHAPE_DEFINITION_REPRESENTATION(#190,#196);
#190 = PRODUCT_DEFINITION_SHAPE('','',#191);
#191 = PRODUCT_DEFINITION('design','',#192,#195);
#192 = PRODUCT_DEFINITION_FORMATION('','',#193);
#193 = PRODUCT('Board~zL8V','Board~zL8V','',(#194));
#194 = PRODUCT_CONTEXT('',#2,'mechanical');
#195 = PRODUCT_DEFINITION_CONTEXT('part definition',#2,'design');
#196 = ADVANCED_BREP_SHAPE_REPRESENTATION('',(#11,#197),#1893);
#197 = MANIFOLD_SOLID_BREP('',#198);
#198 = CLOSED_SHELL('',(#199,#239,#272,#303,#336,#367,#400,#431,#455,    #497,#521,#563,#587,#629,#653,#695,#719,#761,#785,#827,#851,#893,    #917,#959,#983,#1025,#1049,#1091,#1115,#1157,#1181,#1223,#1247,#1289    ,#1313,#1355,#1379,#1421,#1445,#1487,#1511,#1553,#1577,#1619,#1643,    #1685,#1709,#1801));
#199 = ADVANCED_FACE('',(#200),#234,.T.);
#200 = FACE_BOUND('',#201,.T.);
#201 = EDGE_LOOP('',(#202,#212,#220,#228));
#202 = ORIENTED_EDGE('',*,*,#203,.T.);
#203 = EDGE_CURVE('',#204,#206,#208,.T.);
#204 = VERTEX_POINT('',#205);
#205 = CARTESIAN_POINT('',(2.50000508001,-1.270002540005E-02,0.));
#206 = VERTEX_POINT('',#207);
#207 = CARTESIAN_POINT('',(2.50000508001,-1.270002540005E-02,    1.586156972314));
#208 = LINE('',#209,#210);
#209 = CARTESIAN_POINT('',(2.50000508001,-1.270002540005E-02,0.));
#210 = VECTOR('',#211,1.);
#211 = DIRECTION('',(0.,0.,1.));
#212 = ORIENTED_EDGE('',*,*,#213,.T.);
#213 = EDGE_CURVE('',#206,#214,#216,.T.);
#214 = VERTEX_POINT('',#215);
#215 = CARTESIAN_POINT('',(97.500195580391,-1.270002540005E-02,    1.586156972314));
#216 = LINE('',#217,#218);
#217 = CARTESIAN_POINT('',(2.50000508001,-1.270002540005E-02,    1.586156972314));
#218 = VECTOR('',#219,1.);
#219 = DIRECTION('',(1.,0.,0.));
#220 = ORIENTED_EDGE('',*,*,#221,.F.);
#221 = EDGE_CURVE('',#222,#214,#224,.T.);
#222 = VERTEX_POINT('',#223);
#223 = CARTESIAN_POINT('',(97.500195580391,-1.270002540005E-02,0.));
#224 = LINE('',#225,#226);
#225 = CARTESIAN_POINT('',(97.500195580391,-1.270002540005E-02,0.));
#226 = VECTOR('',#227,1.);
#227 = DIRECTION('',(0.,0.,1.));
#228 = ORIENTED_EDGE('',*,*,#229,.F.);
#229 = EDGE_CURVE('',#204,#222,#230,.T.);
#230 = LINE('',#231,#232);
#231 = CARTESIAN_POINT('',(2.50000508001,-1.270002540005E-02,0.));
#232 = VECTOR('',#233,1.);
#233 = DIRECTION('',(1.,0.,0.));
#234 = PLANE('',#235);
#235 = AXIS2_PLACEMENT_3D('',#236,#237,#238);
#236 = CARTESIAN_POINT('',(2.50000508001,-1.270002540005E-02,0.));
#237 = DIRECTION('',(0.,1.,0.));
#238 = DIRECTION('',(1.,0.,0.));
#239 = ADVANCED_FACE('',(#240),#267,.T.);
#240 = FACE_BOUND('',#241,.T.);
#241 = EDGE_LOOP('',(#242,#243,#252,#260));
#242 = ORIENTED_EDGE('',*,*,#221,.T.);
#243 = ORIENTED_EDGE('',*,*,#244,.T.);
#244 = EDGE_CURVE('',#214,#245,#247,.T.);
#245 = VERTEX_POINT('',#246);
#246 = CARTESIAN_POINT('',(99.987500635001,-2.50000508001,1.586156972314    ));
#247 = CIRCLE('',#248,2.48730505461);
#248 = AXIS2_PLACEMENT_3D('',#249,#250,#251);
#249 = CARTESIAN_POINT('',(97.500195580391,-2.50000508001,1.586156972314    ));
#250 = DIRECTION('',(0.,0.,-1.));
#251 = DIRECTION('',(-1.514981804848E-15,1.,0.));
#252 = ORIENTED_EDGE('',*,*,#253,.F.);
#253 = EDGE_CURVE('',#254,#245,#256,.T.);
#254 = VERTEX_POINT('',#255);
#255 = CARTESIAN_POINT('',(99.987500635001,-2.50000508001,0.));
#256 = LINE('',#257,#258);
#257 = CARTESIAN_POINT('',(99.987500635001,-2.50000508001,0.));
#258 = VECTOR('',#259,1.);
#259 = DIRECTION('',(0.,0.,1.));
#260 = ORIENTED_EDGE('',*,*,#261,.F.);
#261 = EDGE_CURVE('',#222,#254,#262,.T.);
#262 = CIRCLE('',#263,2.48730505461);
#263 = AXIS2_PLACEMENT_3D('',#264,#265,#266);
#264 = CARTESIAN_POINT('',(97.500195580391,-2.50000508001,0.));
#265 = DIRECTION('',(0.,0.,-1.));
#266 = DIRECTION('',(-1.514981804848E-15,1.,0.));
#267 = CYLINDRICAL_SURFACE('',#268,2.48730505461);
#268 = AXIS2_PLACEMENT_3D('',#269,#270,#271);
#269 = CARTESIAN_POINT('',(97.500195580391,-2.50000508001,0.));
#270 = DIRECTION('',(0.,0.,-1.));
#271 = DIRECTION('',(-1.514981804848E-15,1.,0.));
#272 = ADVANCED_FACE('',(#273),#298,.T.);
#273 = FACE_BOUND('',#274,.T.);
#274 = EDGE_LOOP('',(#275,#276,#284,#292));
#275 = ORIENTED_EDGE('',*,*,#253,.T.);
#276 = ORIENTED_EDGE('',*,*,#277,.T.);
#277 = EDGE_CURVE('',#245,#278,#280,.T.);
#278 = VERTEX_POINT('',#279);
#279 = CARTESIAN_POINT('',(99.987500635001,-47.50009398018,    1.586156972314));
#280 = LINE('',#281,#282);
#281 = CARTESIAN_POINT('',(99.987500635001,-2.50000508001,1.586156972314    ));
#282 = VECTOR('',#283,1.);
#283 = DIRECTION('',(-3.157961475749E-16,-1.,0.));
#284 = ORIENTED_EDGE('',*,*,#285,.F.);
#285 = EDGE_CURVE('',#286,#278,#288,.T.);
#286 = VERTEX_POINT('',#287);
#287 = CARTESIAN_POINT('',(99.987500635001,-47.50009398018,0.));
#288 = LINE('',#289,#290);
#289 = CARTESIAN_POINT('',(99.987500635001,-47.50009398018,0.));
#290 = VECTOR('',#291,1.);
#291 = DIRECTION('',(0.,0.,1.));
#292 = ORIENTED_EDGE('',*,*,#293,.F.);
#293 = EDGE_CURVE('',#254,#286,#294,.T.);
#294 = LINE('',#295,#296);
#295 = CARTESIAN_POINT('',(99.987500635001,-2.50000508001,0.));
#296 = VECTOR('',#297,1.);
#297 = DIRECTION('',(-3.157961475749E-16,-1.,0.));
#298 = PLANE('',#299);
#299 = AXIS2_PLACEMENT_3D('',#300,#301,#302);
#300 = CARTESIAN_POINT('',(99.987500635001,-2.50000508001,0.));
#301 = DIRECTION('',(1.,-3.157961475749E-16,0.));
#302 = DIRECTION('',(-3.157961475749E-16,-1.,0.));
#303 = ADVANCED_FACE('',(#304),#331,.T.);
#304 = FACE_BOUND('',#305,.T.);
#305 = EDGE_LOOP('',(#306,#307,#316,#324));
#306 = ORIENTED_EDGE('',*,*,#285,.T.);
#307 = ORIENTED_EDGE('',*,*,#308,.T.);
#308 = EDGE_CURVE('',#278,#309,#311,.T.);
#309 = VERTEX_POINT('',#310);
#310 = CARTESIAN_POINT('',(97.500195580391,-49.98739903479,    1.586156972314));
#311 = CIRCLE('',#312,2.48730505461);
#312 = AXIS2_PLACEMENT_3D('',#313,#314,#315);
#313 = CARTESIAN_POINT('',(97.500195580391,-47.50009398018,    1.586156972314));
#314 = DIRECTION('',(0.,0.,-1.));
#315 = DIRECTION('',(1.,-9.468636280301E-16,0.));
#316 = ORIENTED_EDGE('',*,*,#317,.F.);
#317 = EDGE_CURVE('',#318,#309,#320,.T.);
#318 = VERTEX_POINT('',#319);
#319 = CARTESIAN_POINT('',(97.500195580391,-49.98739903479,0.));
#320 = LINE('',#321,#322);
#321 = CARTESIAN_POINT('',(97.500195580391,-49.98739903479,0.));
#322 = VECTOR('',#323,1.);
#323 = DIRECTION('',(0.,0.,1.));
#324 = ORIENTED_EDGE('',*,*,#325,.F.);
#325 = EDGE_CURVE('',#286,#318,#326,.T.);
#326 = CIRCLE('',#327,2.48730505461);
#327 = AXIS2_PLACEMENT_3D('',#328,#329,#330);
#328 = CARTESIAN_POINT('',(97.500195580391,-47.50009398018,0.));
#329 = DIRECTION('',(0.,0.,-1.));
#330 = DIRECTION('',(1.,-9.468636280301E-16,0.));
#331 = CYLINDRICAL_SURFACE('',#332,2.48730505461);
#332 = AXIS2_PLACEMENT_3D('',#333,#334,#335);
#333 = CARTESIAN_POINT('',(97.500195580391,-47.50009398018,0.));
#334 = DIRECTION('',(0.,0.,-1.));
#335 = DIRECTION('',(1.,-9.468636280301E-16,0.));
#336 = ADVANCED_FACE('',(#337),#362,.T.);
#337 = FACE_BOUND('',#338,.T.);
#338 = EDGE_LOOP('',(#339,#340,#348,#356));
#339 = ORIENTED_EDGE('',*,*,#317,.T.);
#340 = ORIENTED_EDGE('',*,*,#341,.T.);
#341 = EDGE_CURVE('',#309,#342,#344,.T.);
#342 = VERTEX_POINT('',#343);
#343 = CARTESIAN_POINT('',(2.50000508001,-49.98739903479,1.586156972314)  );
#344 = LINE('',#345,#346);
#345 = CARTESIAN_POINT('',(97.500195580391,-49.98739903479,    1.586156972314));
#346 = VECTOR('',#347,1.);
#347 = DIRECTION('',(-1.,0.,0.));
#348 = ORIENTED_EDGE('',*,*,#349,.F.);
#349 = EDGE_CURVE('',#350,#342,#352,.T.);
#350 = VERTEX_POINT('',#351);
#351 = CARTESIAN_POINT('',(2.50000508001,-49.98739903479,0.));
#352 = LINE('',#353,#354);
#353 = CARTESIAN_POINT('',(2.50000508001,-49.98739903479,0.));
#354 = VECTOR('',#355,1.);
#355 = DIRECTION('',(0.,0.,1.));
#356 = ORIENTED_EDGE('',*,*,#357,.F.);
#357 = EDGE_CURVE('',#318,#350,#358,.T.);
#358 = LINE('',#359,#360);
#359 = CARTESIAN_POINT('',(97.500195580391,-49.98739903479,0.));
#360 = VECTOR('',#361,1.);
#361 = DIRECTION('',(-1.,0.,0.));
#362 = PLANE('',#363);
#363 = AXIS2_PLACEMENT_3D('',#364,#365,#366);
#364 = CARTESIAN_POINT('',(97.500195580391,-49.98739903479,0.));
#365 = DIRECTION('',(0.,-1.,0.));
#366 = DIRECTION('',(-1.,0.,0.));
#367 = ADVANCED_FACE('',(#368),#395,.T.);
#368 = FACE_BOUND('',#369,.T.);
#369 = EDGE_LOOP('',(#370,#371,#380,#388));
#370 = ORIENTED_EDGE('',*,*,#349,.T.);
#371 = ORIENTED_EDGE('',*,*,#372,.T.);
#372 = EDGE_CURVE('',#342,#373,#375,.T.);
#373 = VERTEX_POINT('',#374);
#374 = CARTESIAN_POINT('',(1.270002540005E-02,-47.50009398018,    1.586156972314));
#375 = CIRCLE('',#376,2.48730505461);
#376 = AXIS2_PLACEMENT_3D('',#377,#378,#379);
#377 = CARTESIAN_POINT('',(2.50000508001,-47.50009398018,1.586156972314)  );
#378 = DIRECTION('',(-0.,0.,-1.));
#379 = DIRECTION('',(8.206151442927E-16,-1.,-0.));
#380 = ORIENTED_EDGE('',*,*,#381,.F.);
#381 = EDGE_CURVE('',#382,#373,#384,.T.);
#382 = VERTEX_POINT('',#383);
#383 = CARTESIAN_POINT('',(1.270002540005E-02,-47.50009398018,0.));
#384 = LINE('',#385,#386);
#385 = CARTESIAN_POINT('',(1.270002540005E-02,-47.50009398018,0.));
#386 = VECTOR('',#387,1.);
#387 = DIRECTION('',(0.,0.,1.));
#388 = ORIENTED_EDGE('',*,*,#389,.F.);
#389 = EDGE_CURVE('',#350,#382,#390,.T.);
#390 = CIRCLE('',#391,2.48730505461);
#391 = AXIS2_PLACEMENT_3D('',#392,#393,#394);
#392 = CARTESIAN_POINT('',(2.50000508001,-47.50009398018,0.));
#393 = DIRECTION('',(-0.,0.,-1.));
#394 = DIRECTION('',(8.206151442927E-16,-1.,-0.));
#395 = CYLINDRICAL_SURFACE('',#396,2.48730505461);
#396 = AXIS2_PLACEMENT_3D('',#397,#398,#399);
#397 = CARTESIAN_POINT('',(2.50000508001,-47.50009398018,0.));
#398 = DIRECTION('',(-0.,0.,-1.));
#399 = DIRECTION('',(8.206151442927E-16,-1.,-0.));
#400 = ADVANCED_FACE('',(#401),#426,.T.);
#401 = FACE_BOUND('',#402,.T.);
#402 = EDGE_LOOP('',(#403,#404,#412,#420));
#403 = ORIENTED_EDGE('',*,*,#381,.T.);
#404 = ORIENTED_EDGE('',*,*,#405,.T.);
#405 = EDGE_CURVE('',#373,#406,#408,.T.);
#406 = VERTEX_POINT('',#407);
#407 = CARTESIAN_POINT('',(1.270002540005E-02,-2.50000508001,    1.586156972314));
#408 = LINE('',#409,#410);
#409 = CARTESIAN_POINT('',(1.270002540005E-02,-47.50009398018,    1.586156972314));
#410 = VECTOR('',#411,1.);
#411 = DIRECTION('',(6.430028981382E-17,1.,0.));
#412 = ORIENTED_EDGE('',*,*,#413,.F.);
#413 = EDGE_CURVE('',#414,#406,#416,.T.);
#414 = VERTEX_POINT('',#415);
#415 = CARTESIAN_POINT('',(1.270002540005E-02,-2.50000508001,0.));
#416 = LINE('',#417,#418);
#417 = CARTESIAN_POINT('',(1.270002540005E-02,-2.50000508001,0.));
#418 = VECTOR('',#419,1.);
#419 = DIRECTION('',(0.,0.,1.));
#420 = ORIENTED_EDGE('',*,*,#421,.F.);
#421 = EDGE_CURVE('',#382,#414,#422,.T.);
#422 = LINE('',#423,#424);
#423 = CARTESIAN_POINT('',(1.270002540005E-02,-47.50009398018,0.));
#424 = VECTOR('',#425,1.);
#425 = DIRECTION('',(6.430028981382E-17,1.,0.));
#426 = PLANE('',#427);
#427 = AXIS2_PLACEMENT_3D('',#428,#429,#430);
#428 = CARTESIAN_POINT('',(1.270002540005E-02,-47.50009398018,0.));
#429 = DIRECTION('',(-1.,6.430028981382E-17,0.));
#430 = DIRECTION('',(6.430028981382E-17,1.,0.));
#431 = ADVANCED_FACE('',(#432),#450,.T.);
#432 = FACE_BOUND('',#433,.T.);
#433 = EDGE_LOOP('',(#434,#435,#442,#443));
#434 = ORIENTED_EDGE('',*,*,#413,.T.);
#435 = ORIENTED_EDGE('',*,*,#436,.T.);
#436 = EDGE_CURVE('',#406,#206,#437,.T.);
#437 = CIRCLE('',#438,2.48730505461);
#438 = AXIS2_PLACEMENT_3D('',#439,#440,#441);
#439 = CARTESIAN_POINT('',(2.50000508001,-2.50000508001,1.586156972314)  );
#440 = DIRECTION('',(0.,0.,-1.));
#441 = DIRECTION('',(-1.,-5.68118176818E-16,-0.));
#442 = ORIENTED_EDGE('',*,*,#203,.F.);
#443 = ORIENTED_EDGE('',*,*,#444,.F.);
#444 = EDGE_CURVE('',#414,#204,#445,.T.);
#445 = CIRCLE('',#446,2.48730505461);
#446 = AXIS2_PLACEMENT_3D('',#447,#448,#449);
#447 = CARTESIAN_POINT('',(2.50000508001,-2.50000508001,0.));
#448 = DIRECTION('',(0.,0.,-1.));
#449 = DIRECTION('',(-1.,-5.68118176818E-16,-0.));
#450 = CYLINDRICAL_SURFACE('',#451,2.48730505461);
#451 = AXIS2_PLACEMENT_3D('',#452,#453,#454);
#452 = CARTESIAN_POINT('',(2.50000508001,-2.50000508001,0.));
#453 = DIRECTION('',(0.,0.,-1.));
#454 = DIRECTION('',(-1.,-5.68118176818E-16,-0.));
#455 = ADVANCED_FACE('',(#456),#492,.F.);
#456 = FACE_BOUND('',#457,.T.);
#457 = EDGE_LOOP('',(#458,#468,#477,#485));
#458 = ORIENTED_EDGE('',*,*,#459,.T.);
#459 = EDGE_CURVE('',#460,#462,#464,.T.);
#460 = VERTEX_POINT('',#461);
#461 = CARTESIAN_POINT('',(4.000007620015,-47.50009398018,0.));
#462 = VERTEX_POINT('',#463);
#463 = CARTESIAN_POINT('',(4.000007620015,-47.50009398018,1.586156972314    ));
#464 = LINE('',#465,#466);
#465 = CARTESIAN_POINT('',(4.000007620015,-47.50009398018,0.));
#466 = VECTOR('',#467,1.);
#467 = DIRECTION('',(0.,0.,1.));
#468 = ORIENTED_EDGE('',*,*,#469,.T.);
#469 = EDGE_CURVE('',#462,#470,#472,.T.);
#470 = VERTEX_POINT('',#471);
#471 = CARTESIAN_POINT('',(1.000002540005,-47.50009398018,1.586156972314    ));
#472 = CIRCLE('',#473,1.500002540005);
#473 = AXIS2_PLACEMENT_3D('',#474,#475,#476);
#474 = CARTESIAN_POINT('',(2.50000508001,-47.50009398018,1.586156972314)  );
#475 = DIRECTION('',(0.,0.,1.));
#476 = DIRECTION('',(1.,1.110223024625E-16,-0.));
#477 = ORIENTED_EDGE('',*,*,#478,.F.);
#478 = EDGE_CURVE('',#479,#470,#481,.T.);
#479 = VERTEX_POINT('',#480);
#480 = CARTESIAN_POINT('',(1.000002540005,-47.50009398018,0.));
#481 = LINE('',#482,#483);
#482 = CARTESIAN_POINT('',(1.000002540005,-47.50009398018,0.));
#483 = VECTOR('',#484,1.);
#484 = DIRECTION('',(0.,0.,1.));
#485 = ORIENTED_EDGE('',*,*,#486,.F.);
#486 = EDGE_CURVE('',#460,#479,#487,.T.);
#487 = CIRCLE('',#488,1.500002540005);
#488 = AXIS2_PLACEMENT_3D('',#489,#490,#491);
#489 = CARTESIAN_POINT('',(2.50000508001,-47.50009398018,0.));
#490 = DIRECTION('',(0.,0.,1.));
#491 = DIRECTION('',(1.,1.110223024625E-16,-0.));
#492 = CYLINDRICAL_SURFACE('',#493,1.500002540005);
#493 = AXIS2_PLACEMENT_3D('',#494,#495,#496);
#494 = CARTESIAN_POINT('',(2.50000508001,-47.50009398018,0.));
#495 = DIRECTION('',(-0.,-0.,-1.));
#496 = DIRECTION('',(1.,1.110223024625E-16,-0.));
#497 = ADVANCED_FACE('',(#498),#516,.F.);
#498 = FACE_BOUND('',#499,.T.);
#499 = EDGE_LOOP('',(#500,#501,#508,#509));
#500 = ORIENTED_EDGE('',*,*,#478,.T.);
#501 = ORIENTED_EDGE('',*,*,#502,.T.);
#502 = EDGE_CURVE('',#470,#462,#503,.T.);
#503 = CIRCLE('',#504,1.500002540005);
#504 = AXIS2_PLACEMENT_3D('',#505,#506,#507);
#505 = CARTESIAN_POINT('',(2.50000508001,-47.50009398018,1.586156972314)  );
#506 = DIRECTION('',(0.,0.,1.));
#507 = DIRECTION('',(-1.,-1.110223024625E-16,0.));
#508 = ORIENTED_EDGE('',*,*,#459,.F.);
#509 = ORIENTED_EDGE('',*,*,#510,.F.);
#510 = EDGE_CURVE('',#479,#460,#511,.T.);
#511 = CIRCLE('',#512,1.500002540005);
#512 = AXIS2_PLACEMENT_3D('',#513,#514,#515);
#513 = CARTESIAN_POINT('',(2.50000508001,-47.50009398018,0.));
#514 = DIRECTION('',(0.,0.,1.));
#515 = DIRECTION('',(-1.,-1.110223024625E-16,0.));
#516 = CYLINDRICAL_SURFACE('',#517,1.500002540005);
#517 = AXIS2_PLACEMENT_3D('',#518,#519,#520);
#518 = CARTESIAN_POINT('',(2.50000508001,-47.50009398018,0.));
#519 = DIRECTION('',(-0.,-0.,-1.));
#520 = DIRECTION('',(-1.,-1.110223024625E-16,0.));
#521 = ADVANCED_FACE('',(#522),#558,.F.);
#522 = FACE_BOUND('',#523,.T.);
#523 = EDGE_LOOP('',(#524,#534,#543,#551));
#524 = ORIENTED_EDGE('',*,*,#525,.T.);
#525 = EDGE_CURVE('',#526,#528,#530,.T.);
#526 = VERTEX_POINT('',#527);
#527 = CARTESIAN_POINT('',(4.000007620015,-2.50000508001,0.));
#528 = VERTEX_POINT('',#529);
#529 = CARTESIAN_POINT('',(4.000007620015,-2.50000508001,1.586156972314)  );
#530 = LINE('',#531,#532);
#531 = CARTESIAN_POINT('',(4.000007620015,-2.50000508001,0.));
#532 = VECTOR('',#533,1.);
#533 = DIRECTION('',(0.,0.,1.));
#534 = ORIENTED_EDGE('',*,*,#535,.T.);
#535 = EDGE_CURVE('',#528,#536,#538,.T.);
#536 = VERTEX_POINT('',#537);
#537 = CARTESIAN_POINT('',(1.000002540005,-2.50000508001,1.586156972314)  );
#538 = CIRCLE('',#539,1.500002540005);
#539 = AXIS2_PLACEMENT_3D('',#540,#541,#542);
#540 = CARTESIAN_POINT('',(2.50000508001,-2.50000508001,1.586156972314)  );
#541 = DIRECTION('',(0.,0.,1.));
#542 = DIRECTION('',(1.,1.110223024625E-16,-0.));
#543 = ORIENTED_EDGE('',*,*,#544,.F.);
#544 = EDGE_CURVE('',#545,#536,#547,.T.);
#545 = VERTEX_POINT('',#546);
#546 = CARTESIAN_POINT('',(1.000002540005,-2.50000508001,0.));
#547 = LINE('',#548,#549);
#548 = CARTESIAN_POINT('',(1.000002540005,-2.50000508001,0.));
#549 = VECTOR('',#550,1.);
#550 = DIRECTION('',(0.,0.,1.));
#551 = ORIENTED_EDGE('',*,*,#552,.F.);
#552 = EDGE_CURVE('',#526,#545,#553,.T.);
#553 = CIRCLE('',#554,1.500002540005);
#554 = AXIS2_PLACEMENT_3D('',#555,#556,#557);
#555 = CARTESIAN_POINT('',(2.50000508001,-2.50000508001,0.));
#556 = DIRECTION('',(0.,0.,1.));
#557 = DIRECTION('',(1.,1.110223024625E-16,-0.));
#558 = CYLINDRICAL_SURFACE('',#559,1.500002540005);
#559 = AXIS2_PLACEMENT_3D('',#560,#561,#562);
#560 = CARTESIAN_POINT('',(2.50000508001,-2.50000508001,0.));
#561 = DIRECTION('',(-0.,-0.,-1.));
#562 = DIRECTION('',(1.,1.110223024625E-16,-0.));
#563 = ADVANCED_FACE('',(#564),#582,.F.);
#564 = FACE_BOUND('',#565,.T.);
#565 = EDGE_LOOP('',(#566,#567,#574,#575));
#566 = ORIENTED_EDGE('',*,*,#544,.T.);
#567 = ORIENTED_EDGE('',*,*,#568,.T.);
#568 = EDGE_CURVE('',#536,#528,#569,.T.);
#569 = CIRCLE('',#570,1.500002540005);
#570 = AXIS2_PLACEMENT_3D('',#571,#572,#573);
#571 = CARTESIAN_POINT('',(2.50000508001,-2.50000508001,1.586156972314)  );
#572 = DIRECTION('',(0.,0.,1.));
#573 = DIRECTION('',(-1.,-1.110223024625E-16,0.));
#574 = ORIENTED_EDGE('',*,*,#525,.F.);
#575 = ORIENTED_EDGE('',*,*,#576,.F.);
#576 = EDGE_CURVE('',#545,#526,#577,.T.);
#577 = CIRCLE('',#578,1.500002540005);
#578 = AXIS2_PLACEMENT_3D('',#579,#580,#581);
#579 = CARTESIAN_POINT('',(2.50000508001,-2.50000508001,0.));
#580 = DIRECTION('',(0.,0.,1.));
#581 = DIRECTION('',(-1.,-1.110223024625E-16,0.));
#582 = CYLINDRICAL_SURFACE('',#583,1.500002540005);
#583 = AXIS2_PLACEMENT_3D('',#584,#585,#586);
#584 = CARTESIAN_POINT('',(2.50000508001,-2.50000508001,0.));
#585 = DIRECTION('',(-0.,-0.,-1.));
#586 = DIRECTION('',(-1.,-1.110223024625E-16,0.));
#587 = ADVANCED_FACE('',(#588),#624,.F.);
#588 = FACE_BOUND('',#589,.T.);
#589 = EDGE_LOOP('',(#590,#600,#609,#617));
#590 = ORIENTED_EDGE('',*,*,#591,.T.);
#591 = EDGE_CURVE('',#592,#594,#596,.T.);
#592 = VERTEX_POINT('',#593);
#593 = CARTESIAN_POINT('',(9.964958089916,-8.769288798578,0.));
#594 = VERTEX_POINT('',#595);
#595 = CARTESIAN_POINT('',(9.964958089916,-8.769288798578,1.586156972314    ));
#596 = LINE('',#597,#598);
#597 = CARTESIAN_POINT('',(9.964958089916,-8.769288798578,0.));
#598 = VECTOR('',#599,1.);
#599 = DIRECTION('',(0.,0.,1.));
#600 = ORIENTED_EDGE('',*,*,#601,.T.);
#601 = EDGE_CURVE('',#594,#602,#604,.T.);
#602 = VERTEX_POINT('',#603);
#603 = CARTESIAN_POINT('',(5.964947929896,-8.769288798578,1.586156972314    ));
#604 = CIRCLE('',#605,2.00000508001);
#605 = AXIS2_PLACEMENT_3D('',#606,#607,#608);
#606 = CARTESIAN_POINT('',(7.964953009906,-8.769288798578,1.586156972314    ));
#607 = DIRECTION('',(0.,0.,1.));
#608 = DIRECTION('',(1.,1.110223024625E-16,-0.));
#609 = ORIENTED_EDGE('',*,*,#610,.F.);
#610 = EDGE_CURVE('',#611,#602,#613,.T.);
#611 = VERTEX_POINT('',#612);
#612 = CARTESIAN_POINT('',(5.964947929896,-8.769288798578,0.));
#613 = LINE('',#614,#615);
#614 = CARTESIAN_POINT('',(5.964947929896,-8.769288798578,0.));
#615 = VECTOR('',#616,1.);
#616 = DIRECTION('',(0.,0.,1.));
#617 = ORIENTED_EDGE('',*,*,#618,.F.);
#618 = EDGE_CURVE('',#592,#611,#619,.T.);
#619 = CIRCLE('',#620,2.00000508001);
#620 = AXIS2_PLACEMENT_3D('',#621,#622,#623);
#621 = CARTESIAN_POINT('',(7.964953009906,-8.769288798578,0.));
#622 = DIRECTION('',(0.,0.,1.));
#623 = DIRECTION('',(1.,1.110223024625E-16,-0.));
#624 = CYLINDRICAL_SURFACE('',#625,2.00000508001);
#625 = AXIS2_PLACEMENT_3D('',#626,#627,#628);
#626 = CARTESIAN_POINT('',(7.964953009906,-8.769288798578,0.));
#627 = DIRECTION('',(-0.,-0.,-1.));
#628 = DIRECTION('',(1.,1.110223024625E-16,-0.));
#629 = ADVANCED_FACE('',(#630),#648,.F.);
#630 = FACE_BOUND('',#631,.T.);
#631 = EDGE_LOOP('',(#632,#633,#640,#641));
#632 = ORIENTED_EDGE('',*,*,#610,.T.);
#633 = ORIENTED_EDGE('',*,*,#634,.T.);
#634 = EDGE_CURVE('',#602,#594,#635,.T.);
#635 = CIRCLE('',#636,2.00000508001);
#636 = AXIS2_PLACEMENT_3D('',#637,#638,#639);
#637 = CARTESIAN_POINT('',(7.964953009906,-8.769288798578,1.586156972314    ));
#638 = DIRECTION('',(0.,0.,1.));
#639 = DIRECTION('',(-1.,-1.110223024625E-16,0.));
#640 = ORIENTED_EDGE('',*,*,#591,.F.);
#641 = ORIENTED_EDGE('',*,*,#642,.F.);
#642 = EDGE_CURVE('',#611,#592,#643,.T.);
#643 = CIRCLE('',#644,2.00000508001);
#644 = AXIS2_PLACEMENT_3D('',#645,#646,#647);
#645 = CARTESIAN_POINT('',(7.964953009906,-8.769288798578,0.));
#646 = DIRECTION('',(0.,0.,1.));
#647 = DIRECTION('',(-1.,-1.110223024625E-16,0.));
#648 = CYLINDRICAL_SURFACE('',#649,2.00000508001);
#649 = AXIS2_PLACEMENT_3D('',#650,#651,#652);
#650 = CARTESIAN_POINT('',(7.964953009906,-8.769288798578,0.));
#651 = DIRECTION('',(-0.,-0.,-1.));
#652 = DIRECTION('',(-1.,-1.110223024625E-16,0.));
#653 = ADVANCED_FACE('',(#654),#690,.F.);
#654 = FACE_BOUND('',#655,.T.);
#655 = EDGE_LOOP('',(#656,#666,#675,#683));
#656 = ORIENTED_EDGE('',*,*,#657,.T.);
#657 = EDGE_CURVE('',#658,#660,#662,.T.);
#658 = VERTEX_POINT('',#659);
#659 = CARTESIAN_POINT('',(9.965986791974,-43.26658369316,0.));
#660 = VERTEX_POINT('',#661);
#661 = CARTESIAN_POINT('',(9.965986791974,-43.26658369316,1.586156972314    ));
#662 = LINE('',#663,#664);
#663 = CARTESIAN_POINT('',(9.965986791974,-43.26658369316,0.));
#664 = VECTOR('',#665,1.);
#665 = DIRECTION('',(0.,0.,1.));
#666 = ORIENTED_EDGE('',*,*,#667,.T.);
#667 = EDGE_CURVE('',#660,#668,#670,.T.);
#668 = VERTEX_POINT('',#669);
#669 = CARTESIAN_POINT('',(5.965976631953,-43.26658369316,1.586156972314    ));
#670 = CIRCLE('',#671,2.00000508001);
#671 = AXIS2_PLACEMENT_3D('',#672,#673,#674);
#672 = CARTESIAN_POINT('',(7.965981711963,-43.26658369316,1.586156972314    ));
#673 = DIRECTION('',(0.,0.,1.));
#674 = DIRECTION('',(1.,1.110223024625E-16,-0.));
#675 = ORIENTED_EDGE('',*,*,#676,.F.);
#676 = EDGE_CURVE('',#677,#668,#679,.T.);
#677 = VERTEX_POINT('',#678);
#678 = CARTESIAN_POINT('',(5.965976631953,-43.26658369316,0.));
#679 = LINE('',#680,#681);
#680 = CARTESIAN_POINT('',(5.965976631953,-43.26658369316,0.));
#681 = VECTOR('',#682,1.);
#682 = DIRECTION('',(0.,0.,1.));
#683 = ORIENTED_EDGE('',*,*,#684,.F.);
#684 = EDGE_CURVE('',#658,#677,#685,.T.);
#685 = CIRCLE('',#686,2.00000508001);
#686 = AXIS2_PLACEMENT_3D('',#687,#688,#689);
#687 = CARTESIAN_POINT('',(7.965981711963,-43.26658369316,0.));
#688 = DIRECTION('',(0.,0.,1.));
#689 = DIRECTION('',(1.,1.110223024625E-16,-0.));
#690 = CYLINDRICAL_SURFACE('',#691,2.00000508001);
#691 = AXIS2_PLACEMENT_3D('',#692,#693,#694);
#692 = CARTESIAN_POINT('',(7.965981711963,-43.26658369316,0.));
#693 = DIRECTION('',(-0.,-0.,-1.));
#694 = DIRECTION('',(1.,1.110223024625E-16,-0.));
#695 = ADVANCED_FACE('',(#696),#714,.F.);
#696 = FACE_BOUND('',#697,.T.);
#697 = EDGE_LOOP('',(#698,#699,#706,#707));
#698 = ORIENTED_EDGE('',*,*,#676,.T.);
#699 = ORIENTED_EDGE('',*,*,#700,.T.);
#700 = EDGE_CURVE('',#668,#660,#701,.T.);
#701 = CIRCLE('',#702,2.00000508001);
#702 = AXIS2_PLACEMENT_3D('',#703,#704,#705);
#703 = CARTESIAN_POINT('',(7.965981711963,-43.26658369316,1.586156972314    ));
#704 = DIRECTION('',(0.,0.,1.));
#705 = DIRECTION('',(-1.,-1.110223024625E-16,0.));
#706 = ORIENTED_EDGE('',*,*,#657,.F.);
#707 = ORIENTED_EDGE('',*,*,#708,.F.);
#708 = EDGE_CURVE('',#677,#658,#709,.T.);
#709 = CIRCLE('',#710,2.00000508001);
#710 = AXIS2_PLACEMENT_3D('',#711,#712,#713);
#711 = CARTESIAN_POINT('',(7.965981711963,-43.26658369316,0.));
#712 = DIRECTION('',(0.,0.,1.));
#713 = DIRECTION('',(-1.,-1.110223024625E-16,0.));
#714 = CYLINDRICAL_SURFACE('',#715,2.00000508001);
#715 = AXIS2_PLACEMENT_3D('',#716,#717,#718);
#716 = CARTESIAN_POINT('',(7.965981711963,-43.26658369316,0.));
#717 = DIRECTION('',(-0.,-0.,-1.));
#718 = DIRECTION('',(-1.,-1.110223024625E-16,0.));
#719 = ADVANCED_FACE('',(#720),#756,.F.);
#720 = FACE_BOUND('',#721,.T.);
#721 = EDGE_LOOP('',(#722,#732,#741,#749));
#722 = ORIENTED_EDGE('',*,*,#723,.T.);
#723 = EDGE_CURVE('',#724,#726,#728,.T.);
#724 = VERTEX_POINT('',#725);
#725 = CARTESIAN_POINT('',(7.315214630429,-19.78104140208,0.));
#726 = VERTEX_POINT('',#727);
#727 = CARTESIAN_POINT('',(7.315214630429,-19.78104140208,1.586156972314    ));
#728 = LINE('',#729,#730);
#729 = CARTESIAN_POINT('',(7.315214630429,-19.78104140208,0.));
#730 = VECTOR('',#731,1.);
#731 = DIRECTION('',(0.,0.,1.));
#732 = ORIENTED_EDGE('',*,*,#733,.T.);
#733 = EDGE_CURVE('',#726,#734,#736,.T.);
#734 = VERTEX_POINT('',#735);
#735 = CARTESIAN_POINT('',(6.400812801626,-19.78104140208,1.586156972314    ));
#736 = CIRCLE('',#737,0.457200914402);
#737 = AXIS2_PLACEMENT_3D('',#738,#739,#740);
#738 = CARTESIAN_POINT('',(6.858013716027,-19.78104140208,1.586156972314    ));
#739 = DIRECTION('',(0.,0.,1.));
#740 = DIRECTION('',(1.,1.110223024625E-16,-0.));
#741 = ORIENTED_EDGE('',*,*,#742,.F.);
#742 = EDGE_CURVE('',#743,#734,#745,.T.);
#743 = VERTEX_POINT('',#744);
#744 = CARTESIAN_POINT('',(6.400812801626,-19.78104140208,0.));
#745 = LINE('',#746,#747);
#746 = CARTESIAN_POINT('',(6.400812801626,-19.78104140208,0.));
#747 = VECTOR('',#748,1.);
#748 = DIRECTION('',(0.,0.,1.));
#749 = ORIENTED_EDGE('',*,*,#750,.F.);
#750 = EDGE_CURVE('',#724,#743,#751,.T.);
#751 = CIRCLE('',#752,0.457200914402);
#752 = AXIS2_PLACEMENT_3D('',#753,#754,#755);
#753 = CARTESIAN_POINT('',(6.858013716027,-19.78104140208,0.));
#754 = DIRECTION('',(0.,0.,1.));
#755 = DIRECTION('',(1.,1.110223024625E-16,-0.));
#756 = CYLINDRICAL_SURFACE('',#757,0.457200914402);
#757 = AXIS2_PLACEMENT_3D('',#758,#759,#760);
#758 = CARTESIAN_POINT('',(6.858013716027,-19.78104140208,0.));
#759 = DIRECTION('',(-0.,-0.,-1.));
#760 = DIRECTION('',(1.,1.110223024625E-16,-0.));
#761 = ADVANCED_FACE('',(#762),#780,.F.);
#762 = FACE_BOUND('',#763,.T.);
#763 = EDGE_LOOP('',(#764,#765,#772,#773));
#764 = ORIENTED_EDGE('',*,*,#742,.T.);
#765 = ORIENTED_EDGE('',*,*,#766,.T.);
#766 = EDGE_CURVE('',#734,#726,#767,.T.);
#767 = CIRCLE('',#768,0.457200914402);
#768 = AXIS2_PLACEMENT_3D('',#769,#770,#771);
#769 = CARTESIAN_POINT('',(6.858013716027,-19.78104140208,1.586156972314    ));
#770 = DIRECTION('',(0.,0.,1.));
#771 = DIRECTION('',(-1.,-1.110223024625E-16,0.));
#772 = ORIENTED_EDGE('',*,*,#723,.F.);
#773 = ORIENTED_EDGE('',*,*,#774,.F.);
#774 = EDGE_CURVE('',#743,#724,#775,.T.);
#775 = CIRCLE('',#776,0.457200914402);
#776 = AXIS2_PLACEMENT_3D('',#777,#778,#779);
#777 = CARTESIAN_POINT('',(6.858013716027,-19.78104140208,0.));
#778 = DIRECTION('',(0.,0.,1.));
#779 = DIRECTION('',(-1.,-1.110223024625E-16,0.));
#780 = CYLINDRICAL_SURFACE('',#781,0.457200914402);
#781 = AXIS2_PLACEMENT_3D('',#782,#783,#784);
#782 = CARTESIAN_POINT('',(6.858013716027,-19.78104140208,0.));
#783 = DIRECTION('',(-0.,-0.,-1.));
#784 = DIRECTION('',(-1.,-1.110223024625E-16,0.));
#785 = ADVANCED_FACE('',(#786),#822,.F.);
#786 = FACE_BOUND('',#787,.T.);
#787 = EDGE_LOOP('',(#788,#798,#807,#815));
#788 = ORIENTED_EDGE('',*,*,#789,.T.);
#789 = EDGE_CURVE('',#790,#792,#794,.T.);
#790 = VERTEX_POINT('',#791);
#791 = CARTESIAN_POINT('',(7.315214630429,-21.78104140208,0.));
#792 = VERTEX_POINT('',#793);
#793 = CARTESIAN_POINT('',(7.315214630429,-21.78104140208,1.586156972314    ));
#794 = LINE('',#795,#796);
#795 = CARTESIAN_POINT('',(7.315214630429,-21.78104140208,0.));
#796 = VECTOR('',#797,1.);
#797 = DIRECTION('',(0.,0.,1.));
#798 = ORIENTED_EDGE('',*,*,#799,.T.);
#799 = EDGE_CURVE('',#792,#800,#802,.T.);
#800 = VERTEX_POINT('',#801);
#801 = CARTESIAN_POINT('',(6.400812801626,-21.78104140208,1.586156972314    ));
#802 = CIRCLE('',#803,0.457200914402);
#803 = AXIS2_PLACEMENT_3D('',#804,#805,#806);
#804 = CARTESIAN_POINT('',(6.858013716027,-21.78104140208,1.586156972314    ));
#805 = DIRECTION('',(0.,0.,1.));
#806 = DIRECTION('',(1.,1.110223024625E-16,-0.));
#807 = ORIENTED_EDGE('',*,*,#808,.F.);
#808 = EDGE_CURVE('',#809,#800,#811,.T.);
#809 = VERTEX_POINT('',#810);
#810 = CARTESIAN_POINT('',(6.400812801626,-21.78104140208,0.));
#811 = LINE('',#812,#813);
#812 = CARTESIAN_POINT('',(6.400812801626,-21.78104140208,0.));
#813 = VECTOR('',#814,1.);
#814 = DIRECTION('',(0.,0.,1.));
#815 = ORIENTED_EDGE('',*,*,#816,.F.);
#816 = EDGE_CURVE('',#790,#809,#817,.T.);
#817 = CIRCLE('',#818,0.457200914402);
#818 = AXIS2_PLACEMENT_3D('',#819,#820,#821);
#819 = CARTESIAN_POINT('',(6.858013716027,-21.78104140208,0.));
#820 = DIRECTION('',(0.,0.,1.));
#821 = DIRECTION('',(1.,1.110223024625E-16,-0.));
#822 = CYLINDRICAL_SURFACE('',#823,0.457200914402);
#823 = AXIS2_PLACEMENT_3D('',#824,#825,#826);
#824 = CARTESIAN_POINT('',(6.858013716027,-21.78104140208,0.));
#825 = DIRECTION('',(-0.,-0.,-1.));
#826 = DIRECTION('',(1.,1.110223024625E-16,-0.));
#827 = ADVANCED_FACE('',(#828),#846,.F.);
#828 = FACE_BOUND('',#829,.T.);
#829 = EDGE_LOOP('',(#830,#831,#838,#839));
#830 = ORIENTED_EDGE('',*,*,#808,.T.);
#831 = ORIENTED_EDGE('',*,*,#832,.T.);
#832 = EDGE_CURVE('',#800,#792,#833,.T.);
#833 = CIRCLE('',#834,0.457200914402);
#834 = AXIS2_PLACEMENT_3D('',#835,#836,#837);
#835 = CARTESIAN_POINT('',(6.858013716027,-21.78104140208,1.586156972314    ));
#836 = DIRECTION('',(0.,0.,1.));
#837 = DIRECTION('',(-1.,-1.110223024625E-16,0.));
#838 = ORIENTED_EDGE('',*,*,#789,.F.);
#839 = ORIENTED_EDGE('',*,*,#840,.F.);
#840 = EDGE_CURVE('',#809,#790,#841,.T.);
#841 = CIRCLE('',#842,0.457200914402);
#842 = AXIS2_PLACEMENT_3D('',#843,#844,#845);
#843 = CARTESIAN_POINT('',(6.858013716027,-21.78104140208,0.));
#844 = DIRECTION('',(0.,0.,1.));
#845 = DIRECTION('',(-1.,-1.110223024625E-16,0.));
#846 = CYLINDRICAL_SURFACE('',#847,0.457200914402);
#847 = AXIS2_PLACEMENT_3D('',#848,#849,#850);
#848 = CARTESIAN_POINT('',(6.858013716027,-21.78104140208,0.));
#849 = DIRECTION('',(-0.,-0.,-1.));
#850 = DIRECTION('',(-1.,-1.110223024625E-16,0.));
#851 = ADVANCED_FACE('',(#852),#888,.F.);
#852 = FACE_BOUND('',#853,.T.);
#853 = EDGE_LOOP('',(#854,#864,#873,#881));
#854 = ORIENTED_EDGE('',*,*,#855,.T.);
#855 = EDGE_CURVE('',#856,#858,#860,.T.);
#856 = VERTEX_POINT('',#857);
#857 = CARTESIAN_POINT('',(38.318516637033,-7.62001524003,0.));
#858 = VERTEX_POINT('',#859);
#859 = CARTESIAN_POINT('',(38.318516637033,-7.62001524003,1.586156972314    ));
#860 = LINE('',#861,#862);
#861 = CARTESIAN_POINT('',(38.318516637033,-7.62001524003,0.));
#862 = VECTOR('',#863,1.);
#863 = DIRECTION('',(0.,0.,1.));
#864 = ORIENTED_EDGE('',*,*,#865,.T.);
#865 = EDGE_CURVE('',#858,#866,#868,.T.);
#866 = VERTEX_POINT('',#867);
#867 = CARTESIAN_POINT('',(37.119634239268,-7.62001524003,1.586156972314    ));
#868 = CIRCLE('',#869,0.599441198882);
#869 = AXIS2_PLACEMENT_3D('',#870,#871,#872);
#870 = CARTESIAN_POINT('',(37.719075438151,-7.62001524003,1.586156972314    ));
#871 = DIRECTION('',(0.,0.,1.));
#872 = DIRECTION('',(1.,1.110223024625E-16,-0.));
#873 = ORIENTED_EDGE('',*,*,#874,.F.);
#874 = EDGE_CURVE('',#875,#866,#877,.T.);
#875 = VERTEX_POINT('',#876);
#876 = CARTESIAN_POINT('',(37.119634239268,-7.62001524003,0.));
#877 = LINE('',#878,#879);
#878 = CARTESIAN_POINT('',(37.119634239268,-7.62001524003,0.));
#879 = VECTOR('',#880,1.);
#880 = DIRECTION('',(0.,0.,1.));
#881 = ORIENTED_EDGE('',*,*,#882,.F.);
#882 = EDGE_CURVE('',#856,#875,#883,.T.);
#883 = CIRCLE('',#884,0.599441198882);
#884 = AXIS2_PLACEMENT_3D('',#885,#886,#887);
#885 = CARTESIAN_POINT('',(37.719075438151,-7.62001524003,0.));
#886 = DIRECTION('',(0.,0.,1.));
#887 = DIRECTION('',(1.,1.110223024625E-16,-0.));
#888 = CYLINDRICAL_SURFACE('',#889,0.599441198882);
#889 = AXIS2_PLACEMENT_3D('',#890,#891,#892);
#890 = CARTESIAN_POINT('',(37.719075438151,-7.62001524003,0.));
#891 = DIRECTION('',(-0.,-0.,-1.));
#892 = DIRECTION('',(1.,1.110223024625E-16,-0.));
#893 = ADVANCED_FACE('',(#894),#912,.F.);
#894 = FACE_BOUND('',#895,.T.);
#895 = EDGE_LOOP('',(#896,#897,#904,#905));
#896 = ORIENTED_EDGE('',*,*,#874,.T.);
#897 = ORIENTED_EDGE('',*,*,#898,.T.);
#898 = EDGE_CURVE('',#866,#858,#899,.T.);
#899 = CIRCLE('',#900,0.599441198882);
#900 = AXIS2_PLACEMENT_3D('',#901,#902,#903);
#901 = CARTESIAN_POINT('',(37.719075438151,-7.62001524003,1.586156972314    ));
#902 = DIRECTION('',(0.,0.,1.));
#903 = DIRECTION('',(-1.,-1.110223024625E-16,0.));
#904 = ORIENTED_EDGE('',*,*,#855,.F.);
#905 = ORIENTED_EDGE('',*,*,#906,.F.);
#906 = EDGE_CURVE('',#875,#856,#907,.T.);
#907 = CIRCLE('',#908,0.599441198882);
#908 = AXIS2_PLACEMENT_3D('',#909,#910,#911);
#909 = CARTESIAN_POINT('',(37.719075438151,-7.62001524003,0.));
#910 = DIRECTION('',(0.,0.,1.));
#911 = DIRECTION('',(-1.,-1.110223024625E-16,0.));
#912 = CYLINDRICAL_SURFACE('',#913,0.599441198882);
#913 = AXIS2_PLACEMENT_3D('',#914,#915,#916);
#914 = CARTESIAN_POINT('',(37.719075438151,-7.62001524003,0.));
#915 = DIRECTION('',(-0.,-0.,-1.));
#916 = DIRECTION('',(-1.,-1.110223024625E-16,0.));
#917 = ADVANCED_FACE('',(#918),#954,.F.);
#918 = FACE_BOUND('',#919,.T.);
#919 = EDGE_LOOP('',(#920,#930,#939,#947));
#920 = ORIENTED_EDGE('',*,*,#921,.T.);
#921 = EDGE_CURVE('',#922,#924,#926,.T.);
#922 = VERTEX_POINT('',#923);
#923 = CARTESIAN_POINT('',(40.490091440183,-40.00007874015,0.));
#924 = VERTEX_POINT('',#925);
#925 = CARTESIAN_POINT('',(40.490091440183,-40.00007874015,    1.586156972314));
#926 = LINE('',#927,#928);
#927 = CARTESIAN_POINT('',(40.490091440183,-40.00007874015,0.));
#928 = VECTOR('',#929,1.);
#929 = DIRECTION('',(0.,0.,1.));
#930 = ORIENTED_EDGE('',*,*,#931,.T.);
#931 = EDGE_CURVE('',#924,#932,#934,.T.);
#932 = VERTEX_POINT('',#933);
#933 = CARTESIAN_POINT('',(39.190066040132,-40.00007874015,    1.586156972314));
#934 = CIRCLE('',#935,0.650012700025);
#935 = AXIS2_PLACEMENT_3D('',#936,#937,#938);
#936 = CARTESIAN_POINT('',(39.840078740157,-40.00007874015,    1.586156972314));
#937 = DIRECTION('',(0.,0.,1.));
#938 = DIRECTION('',(1.,1.110223024625E-16,-0.));
#939 = ORIENTED_EDGE('',*,*,#940,.F.);
#940 = EDGE_CURVE('',#941,#932,#943,.T.);
#941 = VERTEX_POINT('',#942);
#942 = CARTESIAN_POINT('',(39.190066040132,-40.00007874015,0.));
#943 = LINE('',#944,#945);
#944 = CARTESIAN_POINT('',(39.190066040132,-40.00007874015,0.));
#945 = VECTOR('',#946,1.);
#946 = DIRECTION('',(0.,0.,1.));
#947 = ORIENTED_EDGE('',*,*,#948,.F.);
#948 = EDGE_CURVE('',#922,#941,#949,.T.);
#949 = CIRCLE('',#950,0.650012700025);
#950 = AXIS2_PLACEMENT_3D('',#951,#952,#953);
#951 = CARTESIAN_POINT('',(39.840078740157,-40.00007874015,0.));
#952 = DIRECTION('',(0.,0.,1.));
#953 = DIRECTION('',(1.,1.110223024625E-16,-0.));
#954 = CYLINDRICAL_SURFACE('',#955,0.650012700025);
#955 = AXIS2_PLACEMENT_3D('',#956,#957,#958);
#956 = CARTESIAN_POINT('',(39.840078740157,-40.00007874015,0.));
#957 = DIRECTION('',(-0.,-0.,-1.));
#958 = DIRECTION('',(1.,1.110223024625E-16,-0.));
#959 = ADVANCED_FACE('',(#960),#978,.F.);
#960 = FACE_BOUND('',#961,.T.);
#961 = EDGE_LOOP('',(#962,#963,#970,#971));
#962 = ORIENTED_EDGE('',*,*,#940,.T.);
#963 = ORIENTED_EDGE('',*,*,#964,.T.);
#964 = EDGE_CURVE('',#932,#924,#965,.T.);
#965 = CIRCLE('',#966,0.650012700025);
#966 = AXIS2_PLACEMENT_3D('',#967,#968,#969);
#967 = CARTESIAN_POINT('',(39.840078740157,-40.00007874015,    1.586156972314));
#968 = DIRECTION('',(0.,0.,1.));
#969 = DIRECTION('',(-1.,-1.110223024625E-16,0.));
#970 = ORIENTED_EDGE('',*,*,#921,.F.);
#971 = ORIENTED_EDGE('',*,*,#972,.F.);
#972 = EDGE_CURVE('',#941,#922,#973,.T.);
#973 = CIRCLE('',#974,0.650012700025);
#974 = AXIS2_PLACEMENT_3D('',#975,#976,#977);
#975 = CARTESIAN_POINT('',(39.840078740157,-40.00007874015,0.));
#976 = DIRECTION('',(0.,0.,1.));
#977 = DIRECTION('',(-1.,-1.110223024625E-16,0.));
#978 = CYLINDRICAL_SURFACE('',#979,0.650012700025);
#979 = AXIS2_PLACEMENT_3D('',#980,#981,#982);
#980 = CARTESIAN_POINT('',(39.840078740157,-40.00007874015,0.));
#981 = DIRECTION('',(-0.,-0.,-1.));
#982 = DIRECTION('',(-1.,-1.110223024625E-16,0.));
#983 = ADVANCED_FACE('',(#984),#1020,.F.);
#984 = FACE_BOUND('',#985,.T.);
#985 = EDGE_LOOP('',(#986,#996,#1005,#1013));
#986 = ORIENTED_EDGE('',*,*,#987,.T.);
#987 = EDGE_CURVE('',#988,#990,#992,.T.);
#988 = VERTEX_POINT('',#989);
#989 = CARTESIAN_POINT('',(40.859791719583,-7.62001524003,0.));
#990 = VERTEX_POINT('',#991);
#991 = CARTESIAN_POINT('',(40.859791719583,-7.62001524003,1.586156972314    ));
#992 = LINE('',#993,#994);
#993 = CARTESIAN_POINT('',(40.859791719583,-7.62001524003,0.));
#994 = VECTOR('',#995,1.);
#995 = DIRECTION('',(0.,0.,1.));
#996 = ORIENTED_EDGE('',*,*,#997,.T.);
#997 = EDGE_CURVE('',#990,#998,#1000,.T.);
#998 = VERTEX_POINT('',#999);
#999 = CARTESIAN_POINT('',(39.660909321819,-7.62001524003,1.586156972314    ));
#1000 = CIRCLE('',#1001,0.599441198882);
#1001 = AXIS2_PLACEMENT_3D('',#1002,#1003,#1004);
#1002 = CARTESIAN_POINT('',(40.260350520701,-7.62001524003,    1.586156972314));
#1003 = DIRECTION('',(0.,0.,1.));
#1004 = DIRECTION('',(1.,1.110223024625E-16,-0.));
#1005 = ORIENTED_EDGE('',*,*,#1006,.F.);
#1006 = EDGE_CURVE('',#1007,#998,#1009,.T.);
#1007 = VERTEX_POINT('',#1008);
#1008 = CARTESIAN_POINT('',(39.660909321819,-7.62001524003,0.));
#1009 = LINE('',#1010,#1011);
#1010 = CARTESIAN_POINT('',(39.660909321819,-7.62001524003,0.));
#1011 = VECTOR('',#1012,1.);
#1012 = DIRECTION('',(0.,0.,1.));
#1013 = ORIENTED_EDGE('',*,*,#1014,.F.);
#1014 = EDGE_CURVE('',#988,#1007,#1015,.T.);
#1015 = CIRCLE('',#1016,0.599441198882);
#1016 = AXIS2_PLACEMENT_3D('',#1017,#1018,#1019);
#1017 = CARTESIAN_POINT('',(40.260350520701,-7.62001524003,0.));
#1018 = DIRECTION('',(0.,0.,1.));
#1019 = DIRECTION('',(1.,1.110223024625E-16,-0.));
#1020 = CYLINDRICAL_SURFACE('',#1021,0.599441198882);
#1021 = AXIS2_PLACEMENT_3D('',#1022,#1023,#1024);
#1022 = CARTESIAN_POINT('',(40.260350520701,-7.62001524003,0.));
#1023 = DIRECTION('',(-0.,-0.,-1.));
#1024 = DIRECTION('',(1.,1.110223024625E-16,-0.));
#1025 = ADVANCED_FACE('',(#1026),#1044,.F.);
#1026 = FACE_BOUND('',#1027,.T.);
#1027 = EDGE_LOOP('',(#1028,#1029,#1036,#1037));
#1028 = ORIENTED_EDGE('',*,*,#1006,.T.);
#1029 = ORIENTED_EDGE('',*,*,#1030,.T.);
#1030 = EDGE_CURVE('',#998,#990,#1031,.T.);
#1031 = CIRCLE('',#1032,0.599441198882);
#1032 = AXIS2_PLACEMENT_3D('',#1033,#1034,#1035);
#1033 = CARTESIAN_POINT('',(40.260350520701,-7.62001524003,    1.586156972314));
#1034 = DIRECTION('',(0.,0.,1.));
#1035 = DIRECTION('',(-1.,-1.110223024625E-16,0.));
#1036 = ORIENTED_EDGE('',*,*,#987,.F.);
#1037 = ORIENTED_EDGE('',*,*,#1038,.F.);
#1038 = EDGE_CURVE('',#1007,#988,#1039,.T.);
#1039 = CIRCLE('',#1040,0.599441198882);
#1040 = AXIS2_PLACEMENT_3D('',#1041,#1042,#1043);
#1041 = CARTESIAN_POINT('',(40.260350520701,-7.62001524003,0.));
#1042 = DIRECTION('',(0.,0.,1.));
#1043 = DIRECTION('',(-1.,-1.110223024625E-16,0.));
#1044 = CYLINDRICAL_SURFACE('',#1045,0.599441198882);
#1045 = AXIS2_PLACEMENT_3D('',#1046,#1047,#1048);
#1046 = CARTESIAN_POINT('',(40.260350520701,-7.62001524003,0.));
#1047 = DIRECTION('',(-0.,-0.,-1.));
#1048 = DIRECTION('',(-1.,-1.110223024625E-16,0.));
#1049 = ADVANCED_FACE('',(#1050),#1086,.F.);
#1050 = FACE_BOUND('',#1051,.T.);
#1051 = EDGE_LOOP('',(#1052,#1062,#1071,#1079));
#1052 = ORIENTED_EDGE('',*,*,#1053,.T.);
#1053 = EDGE_CURVE('',#1054,#1056,#1058,.T.);
#1054 = VERTEX_POINT('',#1055);
#1055 = CARTESIAN_POINT('',(43.398526797054,-7.62001524003,0.));
#1056 = VERTEX_POINT('',#1057);
#1057 = CARTESIAN_POINT('',(43.398526797054,-7.62001524003,    1.586156972314));
#1058 = LINE('',#1059,#1060);
#1059 = CARTESIAN_POINT('',(43.398526797054,-7.62001524003,0.));
#1060 = VECTOR('',#1061,1.);
#1061 = DIRECTION('',(0.,0.,1.));
#1062 = ORIENTED_EDGE('',*,*,#1063,.T.);
#1063 = EDGE_CURVE('',#1056,#1064,#1066,.T.);
#1064 = VERTEX_POINT('',#1065);
#1065 = CARTESIAN_POINT('',(42.199644399289,-7.62001524003,    1.586156972314));
#1066 = CIRCLE('',#1067,0.599441198882);
#1067 = AXIS2_PLACEMENT_3D('',#1068,#1069,#1070);
#1068 = CARTESIAN_POINT('',(42.799085598171,-7.62001524003,    1.586156972314));
#1069 = DIRECTION('',(0.,0.,1.));
#1070 = DIRECTION('',(1.,1.110223024625E-16,-0.));
#1071 = ORIENTED_EDGE('',*,*,#1072,.F.);
#1072 = EDGE_CURVE('',#1073,#1064,#1075,.T.);
#1073 = VERTEX_POINT('',#1074);
#1074 = CARTESIAN_POINT('',(42.199644399289,-7.62001524003,0.));
#1075 = LINE('',#1076,#1077);
#1076 = CARTESIAN_POINT('',(42.199644399289,-7.62001524003,0.));
#1077 = VECTOR('',#1078,1.);
#1078 = DIRECTION('',(0.,0.,1.));
#1079 = ORIENTED_EDGE('',*,*,#1080,.F.);
#1080 = EDGE_CURVE('',#1054,#1073,#1081,.T.);
#1081 = CIRCLE('',#1082,0.599441198882);
#1082 = AXIS2_PLACEMENT_3D('',#1083,#1084,#1085);
#1083 = CARTESIAN_POINT('',(42.799085598171,-7.62001524003,0.));
#1084 = DIRECTION('',(0.,0.,1.));
#1085 = DIRECTION('',(1.,1.110223024625E-16,-0.));
#1086 = CYLINDRICAL_SURFACE('',#1087,0.599441198882);
#1087 = AXIS2_PLACEMENT_3D('',#1088,#1089,#1090);
#1088 = CARTESIAN_POINT('',(42.799085598171,-7.62001524003,0.));
#1089 = DIRECTION('',(-0.,-0.,-1.));
#1090 = DIRECTION('',(1.,1.110223024625E-16,-0.));
#1091 = ADVANCED_FACE('',(#1092),#1110,.F.);
#1092 = FACE_BOUND('',#1093,.T.);
#1093 = EDGE_LOOP('',(#1094,#1095,#1102,#1103));
#1094 = ORIENTED_EDGE('',*,*,#1072,.T.);
#1095 = ORIENTED_EDGE('',*,*,#1096,.T.);
#1096 = EDGE_CURVE('',#1064,#1056,#1097,.T.);
#1097 = CIRCLE('',#1098,0.599441198882);
#1098 = AXIS2_PLACEMENT_3D('',#1099,#1100,#1101);
#1099 = CARTESIAN_POINT('',(42.799085598171,-7.62001524003,    1.586156972314));
#1100 = DIRECTION('',(0.,0.,1.));
#1101 = DIRECTION('',(-1.,-1.110223024625E-16,0.));
#1102 = ORIENTED_EDGE('',*,*,#1053,.F.);
#1103 = ORIENTED_EDGE('',*,*,#1104,.F.);
#1104 = EDGE_CURVE('',#1073,#1054,#1105,.T.);
#1105 = CIRCLE('',#1106,0.599441198882);
#1106 = AXIS2_PLACEMENT_3D('',#1107,#1108,#1109);
#1107 = CARTESIAN_POINT('',(42.799085598171,-7.62001524003,0.));
#1108 = DIRECTION('',(0.,0.,1.));
#1109 = DIRECTION('',(-1.,-1.110223024625E-16,0.));
#1110 = CYLINDRICAL_SURFACE('',#1111,0.599441198882);
#1111 = AXIS2_PLACEMENT_3D('',#1112,#1113,#1114);
#1112 = CARTESIAN_POINT('',(42.799085598171,-7.62001524003,0.));
#1113 = DIRECTION('',(-0.,-0.,-1.));
#1114 = DIRECTION('',(-1.,-1.110223024625E-16,0.));
#1115 = ADVANCED_FACE('',(#1116),#1152,.F.);
#1116 = FACE_BOUND('',#1117,.T.);
#1117 = EDGE_LOOP('',(#1118,#1128,#1137,#1145));
#1118 = ORIENTED_EDGE('',*,*,#1119,.T.);
#1119 = EDGE_CURVE('',#1120,#1122,#1124,.T.);
#1120 = VERTEX_POINT('',#1121);
#1121 = CARTESIAN_POINT('',(51.905181610363,-7.539725679451,0.));
#1122 = VERTEX_POINT('',#1123);
#1123 = CARTESIAN_POINT('',(51.905181610363,-7.539725679451,    1.586156972314));
#1124 = LINE('',#1125,#1126);
#1125 = CARTESIAN_POINT('',(51.905181610363,-7.539725679451,0.));
#1126 = VECTOR('',#1127,1.);
#1127 = DIRECTION('',(0.,0.,1.));
#1128 = ORIENTED_EDGE('',*,*,#1129,.T.);
#1129 = EDGE_CURVE('',#1122,#1130,#1132,.T.);
#1130 = VERTEX_POINT('',#1131);
#1131 = CARTESIAN_POINT('',(51.005156210312,-7.539725679451,    1.586156972314));
#1132 = CIRCLE('',#1133,0.450012700025);
#1133 = AXIS2_PLACEMENT_3D('',#1134,#1135,#1136);
#1134 = CARTESIAN_POINT('',(51.455168910338,-7.539725679451,    1.586156972314));
#1135 = DIRECTION('',(0.,0.,1.));
#1136 = DIRECTION('',(1.,1.110223024625E-16,-0.));
#1137 = ORIENTED_EDGE('',*,*,#1138,.F.);
#1138 = EDGE_CURVE('',#1139,#1130,#1141,.T.);
#1139 = VERTEX_POINT('',#1140);
#1140 = CARTESIAN_POINT('',(51.005156210312,-7.539725679451,0.));
#1141 = LINE('',#1142,#1143);
#1142 = CARTESIAN_POINT('',(51.005156210312,-7.539725679451,0.));
#1143 = VECTOR('',#1144,1.);
#1144 = DIRECTION('',(0.,0.,1.));
#1145 = ORIENTED_EDGE('',*,*,#1146,.F.);
#1146 = EDGE_CURVE('',#1120,#1139,#1147,.T.);
#1147 = CIRCLE('',#1148,0.450012700025);
#1148 = AXIS2_PLACEMENT_3D('',#1149,#1150,#1151);
#1149 = CARTESIAN_POINT('',(51.455168910338,-7.539725679451,0.));
#1150 = DIRECTION('',(0.,0.,1.));
#1151 = DIRECTION('',(1.,1.110223024625E-16,-0.));
#1152 = CYLINDRICAL_SURFACE('',#1153,0.450012700025);
#1153 = AXIS2_PLACEMENT_3D('',#1154,#1155,#1156);
#1154 = CARTESIAN_POINT('',(51.455168910338,-7.539725679451,0.));
#1155 = DIRECTION('',(-0.,-0.,-1.));
#1156 = DIRECTION('',(1.,1.110223024625E-16,-0.));
#1157 = ADVANCED_FACE('',(#1158),#1176,.F.);
#1158 = FACE_BOUND('',#1159,.T.);
#1159 = EDGE_LOOP('',(#1160,#1161,#1168,#1169));
#1160 = ORIENTED_EDGE('',*,*,#1138,.T.);
#1161 = ORIENTED_EDGE('',*,*,#1162,.T.);
#1162 = EDGE_CURVE('',#1130,#1122,#1163,.T.);
#1163 = CIRCLE('',#1164,0.450012700025);
#1164 = AXIS2_PLACEMENT_3D('',#1165,#1166,#1167);
#1165 = CARTESIAN_POINT('',(51.455168910338,-7.539725679451,    1.586156972314));
#1166 = DIRECTION('',(0.,0.,1.));
#1167 = DIRECTION('',(-1.,-1.110223024625E-16,0.));
#1168 = ORIENTED_EDGE('',*,*,#1119,.F.);
#1169 = ORIENTED_EDGE('',*,*,#1170,.F.);
#1170 = EDGE_CURVE('',#1139,#1120,#1171,.T.);
#1171 = CIRCLE('',#1172,0.450012700025);
#1172 = AXIS2_PLACEMENT_3D('',#1173,#1174,#1175);
#1173 = CARTESIAN_POINT('',(51.455168910338,-7.539725679451,0.));
#1174 = DIRECTION('',(0.,0.,1.));
#1175 = DIRECTION('',(-1.,-1.110223024625E-16,0.));
#1176 = CYLINDRICAL_SURFACE('',#1177,0.450012700025);
#1177 = AXIS2_PLACEMENT_3D('',#1178,#1179,#1180);
#1178 = CARTESIAN_POINT('',(51.455168910338,-7.539725679451,0.));
#1179 = DIRECTION('',(-0.,-0.,-1.));
#1180 = DIRECTION('',(-1.,-1.110223024625E-16,0.));
#1181 = ADVANCED_FACE('',(#1182),#1218,.F.);
#1182 = FACE_BOUND('',#1183,.T.);
#1183 = EDGE_LOOP('',(#1184,#1194,#1203,#1211));
#1184 = ORIENTED_EDGE('',*,*,#1185,.T.);
#1185 = EDGE_CURVE('',#1186,#1188,#1190,.T.);
#1186 = VERTEX_POINT('',#1187);
#1187 = CARTESIAN_POINT('',(54.405181610363,-7.539725679451,0.));
#1188 = VERTEX_POINT('',#1189);
#1189 = CARTESIAN_POINT('',(54.405181610363,-7.539725679451,    1.586156972314));
#1190 = LINE('',#1191,#1192);
#1191 = CARTESIAN_POINT('',(54.405181610363,-7.539725679451,0.));
#1192 = VECTOR('',#1193,1.);
#1193 = DIRECTION('',(0.,0.,1.));
#1194 = ORIENTED_EDGE('',*,*,#1195,.T.);
#1195 = EDGE_CURVE('',#1188,#1196,#1198,.T.);
#1196 = VERTEX_POINT('',#1197);
#1197 = CARTESIAN_POINT('',(53.505156210312,-7.539725679451,    1.586156972314));
#1198 = CIRCLE('',#1199,0.450012700025);
#1199 = AXIS2_PLACEMENT_3D('',#1200,#1201,#1202);
#1200 = CARTESIAN_POINT('',(53.955168910338,-7.539725679451,    1.586156972314));
#1201 = DIRECTION('',(0.,0.,1.));
#1202 = DIRECTION('',(1.,1.110223024625E-16,-0.));
#1203 = ORIENTED_EDGE('',*,*,#1204,.F.);
#1204 = EDGE_CURVE('',#1205,#1196,#1207,.T.);
#1205 = VERTEX_POINT('',#1206);
#1206 = CARTESIAN_POINT('',(53.505156210312,-7.539725679451,0.));
#1207 = LINE('',#1208,#1209);
#1208 = CARTESIAN_POINT('',(53.505156210312,-7.539725679451,0.));
#1209 = VECTOR('',#1210,1.);
#1210 = DIRECTION('',(0.,0.,1.));
#1211 = ORIENTED_EDGE('',*,*,#1212,.F.);
#1212 = EDGE_CURVE('',#1186,#1205,#1213,.T.);
#1213 = CIRCLE('',#1214,0.450012700025);
#1214 = AXIS2_PLACEMENT_3D('',#1215,#1216,#1217);
#1215 = CARTESIAN_POINT('',(53.955168910338,-7.539725679451,0.));
#1216 = DIRECTION('',(0.,0.,1.));
#1217 = DIRECTION('',(1.,1.110223024625E-16,-0.));
#1218 = CYLINDRICAL_SURFACE('',#1219,0.450012700025);
#1219 = AXIS2_PLACEMENT_3D('',#1220,#1221,#1222);
#1220 = CARTESIAN_POINT('',(53.955168910338,-7.539725679451,0.));
#1221 = DIRECTION('',(-0.,-0.,-1.));
#1222 = DIRECTION('',(1.,1.110223024625E-16,-0.));
#1223 = ADVANCED_FACE('',(#1224),#1242,.F.);
#1224 = FACE_BOUND('',#1225,.T.);
#1225 = EDGE_LOOP('',(#1226,#1227,#1234,#1235));
#1226 = ORIENTED_EDGE('',*,*,#1204,.T.);
#1227 = ORIENTED_EDGE('',*,*,#1228,.T.);
#1228 = EDGE_CURVE('',#1196,#1188,#1229,.T.);
#1229 = CIRCLE('',#1230,0.450012700025);
#1230 = AXIS2_PLACEMENT_3D('',#1231,#1232,#1233);
#1231 = CARTESIAN_POINT('',(53.955168910338,-7.539725679451,    1.586156972314));
#1232 = DIRECTION('',(0.,0.,1.));
#1233 = DIRECTION('',(-1.,-1.110223024625E-16,0.));
#1234 = ORIENTED_EDGE('',*,*,#1185,.F.);
#1235 = ORIENTED_EDGE('',*,*,#1236,.F.);
#1236 = EDGE_CURVE('',#1205,#1186,#1237,.T.);
#1237 = CIRCLE('',#1238,0.450012700025);
#1238 = AXIS2_PLACEMENT_3D('',#1239,#1240,#1241);
#1239 = CARTESIAN_POINT('',(53.955168910338,-7.539725679451,0.));
#1240 = DIRECTION('',(0.,0.,1.));
#1241 = DIRECTION('',(-1.,-1.110223024625E-16,0.));
#1242 = CYLINDRICAL_SURFACE('',#1243,0.450012700025);
#1243 = AXIS2_PLACEMENT_3D('',#1244,#1245,#1246);
#1244 = CARTESIAN_POINT('',(53.955168910338,-7.539725679451,0.));
#1245 = DIRECTION('',(-0.,-0.,-1.));
#1246 = DIRECTION('',(-1.,-1.110223024625E-16,0.));
#1247 = ADVANCED_FACE('',(#1248),#1284,.F.);
#1248 = FACE_BOUND('',#1249,.T.);
#1249 = EDGE_LOOP('',(#1250,#1260,#1269,#1277));
#1250 = ORIENTED_EDGE('',*,*,#1251,.T.);
#1251 = EDGE_CURVE('',#1252,#1254,#1256,.T.);
#1252 = VERTEX_POINT('',#1253);
#1253 = CARTESIAN_POINT('',(60.810132080264,-40.00007874015,0.));
#1254 = VERTEX_POINT('',#1255);
#1255 = CARTESIAN_POINT('',(60.810132080264,-40.00007874015,    1.586156972314));
#1256 = LINE('',#1257,#1258);
#1257 = CARTESIAN_POINT('',(60.810132080264,-40.00007874015,0.));
#1258 = VECTOR('',#1259,1.);
#1259 = DIRECTION('',(0.,0.,1.));
#1260 = ORIENTED_EDGE('',*,*,#1261,.T.);
#1261 = EDGE_CURVE('',#1254,#1262,#1264,.T.);
#1262 = VERTEX_POINT('',#1263);
#1263 = CARTESIAN_POINT('',(59.510106680213,-40.00007874015,    1.586156972314));
#1264 = CIRCLE('',#1265,0.650012700025);
#1265 = AXIS2_PLACEMENT_3D('',#1266,#1267,#1268);
#1266 = CARTESIAN_POINT('',(60.160119380239,-40.00007874015,    1.586156972314));
#1267 = DIRECTION('',(0.,0.,1.));
#1268 = DIRECTION('',(1.,1.110223024625E-16,-0.));
#1269 = ORIENTED_EDGE('',*,*,#1270,.F.);
#1270 = EDGE_CURVE('',#1271,#1262,#1273,.T.);
#1271 = VERTEX_POINT('',#1272);
#1272 = CARTESIAN_POINT('',(59.510106680213,-40.00007874015,0.));
#1273 = LINE('',#1274,#1275);
#1274 = CARTESIAN_POINT('',(59.510106680213,-40.00007874015,0.));
#1275 = VECTOR('',#1276,1.);
#1276 = DIRECTION('',(0.,0.,1.));
#1277 = ORIENTED_EDGE('',*,*,#1278,.F.);
#1278 = EDGE_CURVE('',#1252,#1271,#1279,.T.);
#1279 = CIRCLE('',#1280,0.650012700025);
#1280 = AXIS2_PLACEMENT_3D('',#1281,#1282,#1283);
#1281 = CARTESIAN_POINT('',(60.160119380239,-40.00007874015,0.));
#1282 = DIRECTION('',(0.,0.,1.));
#1283 = DIRECTION('',(1.,1.110223024625E-16,-0.));
#1284 = CYLINDRICAL_SURFACE('',#1285,0.650012700025);
#1285 = AXIS2_PLACEMENT_3D('',#1286,#1287,#1288);
#1286 = CARTESIAN_POINT('',(60.160119380239,-40.00007874015,0.));
#1287 = DIRECTION('',(-0.,-0.,-1.));
#1288 = DIRECTION('',(1.,1.110223024625E-16,-0.));
#1289 = ADVANCED_FACE('',(#1290),#1308,.F.);
#1290 = FACE_BOUND('',#1291,.T.);
#1291 = EDGE_LOOP('',(#1292,#1293,#1300,#1301));
#1292 = ORIENTED_EDGE('',*,*,#1270,.T.);
#1293 = ORIENTED_EDGE('',*,*,#1294,.T.);
#1294 = EDGE_CURVE('',#1262,#1254,#1295,.T.);
#1295 = CIRCLE('',#1296,0.650012700025);
#1296 = AXIS2_PLACEMENT_3D('',#1297,#1298,#1299);
#1297 = CARTESIAN_POINT('',(60.160119380239,-40.00007874015,    1.586156972314));
#1298 = DIRECTION('',(0.,0.,1.));
#1299 = DIRECTION('',(-1.,-1.110223024625E-16,0.));
#1300 = ORIENTED_EDGE('',*,*,#1251,.F.);
#1301 = ORIENTED_EDGE('',*,*,#1302,.F.);
#1302 = EDGE_CURVE('',#1271,#1252,#1303,.T.);
#1303 = CIRCLE('',#1304,0.650012700025);
#1304 = AXIS2_PLACEMENT_3D('',#1305,#1306,#1307);
#1305 = CARTESIAN_POINT('',(60.160119380239,-40.00007874015,0.));
#1306 = DIRECTION('',(0.,0.,1.));
#1307 = DIRECTION('',(-1.,-1.110223024625E-16,0.));
#1308 = CYLINDRICAL_SURFACE('',#1309,0.650012700025);
#1309 = AXIS2_PLACEMENT_3D('',#1310,#1311,#1312);
#1310 = CARTESIAN_POINT('',(60.160119380239,-40.00007874015,0.));
#1311 = DIRECTION('',(-0.,-0.,-1.));
#1312 = DIRECTION('',(-1.,-1.110223024625E-16,0.));
#1313 = ADVANCED_FACE('',(#1314),#1350,.F.);
#1314 = FACE_BOUND('',#1315,.T.);
#1315 = EDGE_LOOP('',(#1316,#1326,#1335,#1343));
#1316 = ORIENTED_EDGE('',*,*,#1317,.T.);
#1317 = EDGE_CURVE('',#1318,#1320,#1322,.T.);
#1318 = VERTEX_POINT('',#1319);
#1319 = CARTESIAN_POINT('',(93.966502413005,-8.763764287529,0.));
#1320 = VERTEX_POINT('',#1321);
#1321 = CARTESIAN_POINT('',(93.966502413005,-8.763764287529,    1.586156972314));
#1322 = LINE('',#1323,#1324);
#1323 = CARTESIAN_POINT('',(93.966502413005,-8.763764287529,0.));
#1324 = VECTOR('',#1325,1.);
#1325 = DIRECTION('',(0.,0.,1.));
#1326 = ORIENTED_EDGE('',*,*,#1327,.T.);
#1327 = EDGE_CURVE('',#1320,#1328,#1330,.T.);
#1328 = VERTEX_POINT('',#1329);
#1329 = CARTESIAN_POINT('',(89.966492252984,-8.763764287529,    1.586156972314));
#1330 = CIRCLE('',#1331,2.00000508001);
#1331 = AXIS2_PLACEMENT_3D('',#1332,#1333,#1334);
#1332 = CARTESIAN_POINT('',(91.966497332995,-8.763764287529,    1.586156972314));
#1333 = DIRECTION('',(0.,0.,1.));
#1334 = DIRECTION('',(1.,1.110223024625E-16,-0.));
#1335 = ORIENTED_EDGE('',*,*,#1336,.F.);
#1336 = EDGE_CURVE('',#1337,#1328,#1339,.T.);
#1337 = VERTEX_POINT('',#1338);
#1338 = CARTESIAN_POINT('',(89.966492252984,-8.763764287529,0.));
#1339 = LINE('',#1340,#1341);
#1340 = CARTESIAN_POINT('',(89.966492252984,-8.763764287529,0.));
#1341 = VECTOR('',#1342,1.);
#1342 = DIRECTION('',(0.,0.,1.));
#1343 = ORIENTED_EDGE('',*,*,#1344,.F.);
#1344 = EDGE_CURVE('',#1318,#1337,#1345,.T.);
#1345 = CIRCLE('',#1346,2.00000508001);
#1346 = AXIS2_PLACEMENT_3D('',#1347,#1348,#1349);
#1347 = CARTESIAN_POINT('',(91.966497332995,-8.763764287529,0.));
#1348 = DIRECTION('',(0.,0.,1.));
#1349 = DIRECTION('',(1.,1.110223024625E-16,-0.));
#1350 = CYLINDRICAL_SURFACE('',#1351,2.00000508001);
#1351 = AXIS2_PLACEMENT_3D('',#1352,#1353,#1354);
#1352 = CARTESIAN_POINT('',(91.966497332995,-8.763764287529,0.));
#1353 = DIRECTION('',(-0.,-0.,-1.));
#1354 = DIRECTION('',(1.,1.110223024625E-16,-0.));
#1355 = ADVANCED_FACE('',(#1356),#1374,.F.);
#1356 = FACE_BOUND('',#1357,.T.);
#1357 = EDGE_LOOP('',(#1358,#1359,#1366,#1367));
#1358 = ORIENTED_EDGE('',*,*,#1336,.T.);
#1359 = ORIENTED_EDGE('',*,*,#1360,.T.);
#1360 = EDGE_CURVE('',#1328,#1320,#1361,.T.);
#1361 = CIRCLE('',#1362,2.00000508001);
#1362 = AXIS2_PLACEMENT_3D('',#1363,#1364,#1365);
#1363 = CARTESIAN_POINT('',(91.966497332995,-8.763764287529,    1.586156972314));
#1364 = DIRECTION('',(0.,0.,1.));
#1365 = DIRECTION('',(-1.,-1.110223024625E-16,0.));
#1366 = ORIENTED_EDGE('',*,*,#1317,.F.);
#1367 = ORIENTED_EDGE('',*,*,#1368,.F.);
#1368 = EDGE_CURVE('',#1337,#1318,#1369,.T.);
#1369 = CIRCLE('',#1370,2.00000508001);
#1370 = AXIS2_PLACEMENT_3D('',#1371,#1372,#1373);
#1371 = CARTESIAN_POINT('',(91.966497332995,-8.763764287529,0.));
#1372 = DIRECTION('',(0.,0.,1.));
#1373 = DIRECTION('',(-1.,-1.110223024625E-16,0.));
#1374 = CYLINDRICAL_SURFACE('',#1375,2.00000508001);
#1375 = AXIS2_PLACEMENT_3D('',#1376,#1377,#1378);
#1376 = CARTESIAN_POINT('',(91.966497332995,-8.763764287529,0.));
#1377 = DIRECTION('',(-0.,-0.,-1.));
#1378 = DIRECTION('',(-1.,-1.110223024625E-16,0.));
#1379 = ADVANCED_FACE('',(#1380),#1416,.F.);
#1380 = FACE_BOUND('',#1381,.T.);
#1381 = EDGE_LOOP('',(#1382,#1392,#1401,#1409));
#1382 = ORIENTED_EDGE('',*,*,#1383,.T.);
#1383 = EDGE_CURVE('',#1384,#1386,#1388,.T.);
#1384 = VERTEX_POINT('',#1385);
#1385 = CARTESIAN_POINT('',(92.932727965456,-45.27463804927,0.));
#1386 = VERTEX_POINT('',#1387);
#1387 = CARTESIAN_POINT('',(92.932727965456,-45.27463804927,    1.586156972314));
#1388 = LINE('',#1389,#1390);
#1389 = CARTESIAN_POINT('',(92.932727965456,-45.27463804927,0.));
#1390 = VECTOR('',#1391,1.);
#1391 = DIRECTION('',(0.,0.,1.));
#1392 = ORIENTED_EDGE('',*,*,#1393,.T.);
#1393 = EDGE_CURVE('',#1386,#1394,#1396,.T.);
#1394 = VERTEX_POINT('',#1395);
#1395 = CARTESIAN_POINT('',(90.932722885446,-45.27463804927,    1.586156972314));
#1396 = CIRCLE('',#1397,1.000002540005);
#1397 = AXIS2_PLACEMENT_3D('',#1398,#1399,#1400);
#1398 = CARTESIAN_POINT('',(91.932725425451,-45.27463804927,    1.586156972314));
#1399 = DIRECTION('',(0.,0.,1.));
#1400 = DIRECTION('',(1.,1.110223024625E-16,-0.));
#1401 = ORIENTED_EDGE('',*,*,#1402,.F.);
#1402 = EDGE_CURVE('',#1403,#1394,#1405,.T.);
#1403 = VERTEX_POINT('',#1404);
#1404 = CARTESIAN_POINT('',(90.932722885446,-45.27463804927,0.));
#1405 = LINE('',#1406,#1407);
#1406 = CARTESIAN_POINT('',(90.932722885446,-45.27463804927,0.));
#1407 = VECTOR('',#1408,1.);
#1408 = DIRECTION('',(0.,0.,1.));
#1409 = ORIENTED_EDGE('',*,*,#1410,.F.);
#1410 = EDGE_CURVE('',#1384,#1403,#1411,.T.);
#1411 = CIRCLE('',#1412,1.000002540005);
#1412 = AXIS2_PLACEMENT_3D('',#1413,#1414,#1415);
#1413 = CARTESIAN_POINT('',(91.932725425451,-45.27463804927,0.));
#1414 = DIRECTION('',(0.,0.,1.));
#1415 = DIRECTION('',(1.,1.110223024625E-16,-0.));
#1416 = CYLINDRICAL_SURFACE('',#1417,1.000002540005);
#1417 = AXIS2_PLACEMENT_3D('',#1418,#1419,#1420);
#1418 = CARTESIAN_POINT('',(91.932725425451,-45.27463804927,0.));
#1419 = DIRECTION('',(-0.,-0.,-1.));
#1420 = DIRECTION('',(1.,1.110223024625E-16,-0.));
#1421 = ADVANCED_FACE('',(#1422),#1440,.F.);
#1422 = FACE_BOUND('',#1423,.T.);
#1423 = EDGE_LOOP('',(#1424,#1425,#1432,#1433));
#1424 = ORIENTED_EDGE('',*,*,#1402,.T.);
#1425 = ORIENTED_EDGE('',*,*,#1426,.T.);
#1426 = EDGE_CURVE('',#1394,#1386,#1427,.T.);
#1427 = CIRCLE('',#1428,1.000002540005);
#1428 = AXIS2_PLACEMENT_3D('',#1429,#1430,#1431);
#1429 = CARTESIAN_POINT('',(91.932725425451,-45.27463804927,    1.586156972314));
#1430 = DIRECTION('',(0.,0.,1.));
#1431 = DIRECTION('',(-1.,-1.110223024625E-16,0.));
#1432 = ORIENTED_EDGE('',*,*,#1383,.F.);
#1433 = ORIENTED_EDGE('',*,*,#1434,.F.);
#1434 = EDGE_CURVE('',#1403,#1384,#1435,.T.);
#1435 = CIRCLE('',#1436,1.000002540005);
#1436 = AXIS2_PLACEMENT_3D('',#1437,#1438,#1439);
#1437 = CARTESIAN_POINT('',(91.932725425451,-45.27463804927,0.));
#1438 = DIRECTION('',(0.,0.,1.));
#1439 = DIRECTION('',(-1.,-1.110223024625E-16,0.));
#1440 = CYLINDRICAL_SURFACE('',#1441,1.000002540005);
#1441 = AXIS2_PLACEMENT_3D('',#1442,#1443,#1444);
#1442 = CARTESIAN_POINT('',(91.932725425451,-45.27463804927,0.));
#1443 = DIRECTION('',(-0.,-0.,-1.));
#1444 = DIRECTION('',(-1.,-1.110223024625E-16,0.));
#1445 = ADVANCED_FACE('',(#1446),#1482,.F.);
#1446 = FACE_BOUND('',#1447,.T.);
#1447 = EDGE_LOOP('',(#1448,#1458,#1467,#1475));
#1448 = ORIENTED_EDGE('',*,*,#1449,.T.);
#1449 = EDGE_CURVE('',#1450,#1452,#1454,.T.);
#1450 = VERTEX_POINT('',#1451);
#1451 = CARTESIAN_POINT('',(93.662212344425,-31.78258572517,0.));
#1452 = VERTEX_POINT('',#1453);
#1453 = CARTESIAN_POINT('',(93.662212344425,-31.78258572517,    1.586156972314));
#1454 = LINE('',#1455,#1456);
#1455 = CARTESIAN_POINT('',(93.662212344425,-31.78258572517,0.));
#1456 = VECTOR('',#1457,1.);
#1457 = DIRECTION('',(0.,0.,1.));
#1458 = ORIENTED_EDGE('',*,*,#1459,.T.);
#1459 = EDGE_CURVE('',#1452,#1460,#1462,.T.);
#1460 = VERTEX_POINT('',#1461);
#1461 = CARTESIAN_POINT('',(92.747810515621,-31.78258572517,    1.586156972314));
#1462 = CIRCLE('',#1463,0.457200914402);
#1463 = AXIS2_PLACEMENT_3D('',#1464,#1465,#1466);
#1464 = CARTESIAN_POINT('',(93.205011430023,-31.78258572517,    1.586156972314));
#1465 = DIRECTION('',(0.,0.,1.));
#1466 = DIRECTION('',(1.,1.110223024625E-16,-0.));
#1467 = ORIENTED_EDGE('',*,*,#1468,.F.);
#1468 = EDGE_CURVE('',#1469,#1460,#1471,.T.);
#1469 = VERTEX_POINT('',#1470);
#1470 = CARTESIAN_POINT('',(92.747810515621,-31.78258572517,0.));
#1471 = LINE('',#1472,#1473);
#1472 = CARTESIAN_POINT('',(92.747810515621,-31.78258572517,0.));
#1473 = VECTOR('',#1474,1.);
#1474 = DIRECTION('',(0.,0.,1.));
#1475 = ORIENTED_EDGE('',*,*,#1476,.F.);
#1476 = EDGE_CURVE('',#1450,#1469,#1477,.T.);
#1477 = CIRCLE('',#1478,0.457200914402);
#1478 = AXIS2_PLACEMENT_3D('',#1479,#1480,#1481);
#1479 = CARTESIAN_POINT('',(93.205011430023,-31.78258572517,0.));
#1480 = DIRECTION('',(0.,0.,1.));
#1481 = DIRECTION('',(1.,1.110223024625E-16,-0.));
#1482 = CYLINDRICAL_SURFACE('',#1483,0.457200914402);
#1483 = AXIS2_PLACEMENT_3D('',#1484,#1485,#1486);
#1484 = CARTESIAN_POINT('',(93.205011430023,-31.78258572517,0.));
#1485 = DIRECTION('',(-0.,-0.,-1.));
#1486 = DIRECTION('',(1.,1.110223024625E-16,-0.));
#1487 = ADVANCED_FACE('',(#1488),#1506,.F.);
#1488 = FACE_BOUND('',#1489,.T.);
#1489 = EDGE_LOOP('',(#1490,#1491,#1498,#1499));
#1490 = ORIENTED_EDGE('',*,*,#1468,.T.);
#1491 = ORIENTED_EDGE('',*,*,#1492,.T.);
#1492 = EDGE_CURVE('',#1460,#1452,#1493,.T.);
#1493 = CIRCLE('',#1494,0.457200914402);
#1494 = AXIS2_PLACEMENT_3D('',#1495,#1496,#1497);
#1495 = CARTESIAN_POINT('',(93.205011430023,-31.78258572517,    1.586156972314));
#1496 = DIRECTION('',(0.,0.,1.));
#1497 = DIRECTION('',(-1.,-1.110223024625E-16,0.));
#1498 = ORIENTED_EDGE('',*,*,#1449,.F.);
#1499 = ORIENTED_EDGE('',*,*,#1500,.F.);
#1500 = EDGE_CURVE('',#1469,#1450,#1501,.T.);
#1501 = CIRCLE('',#1502,0.457200914402);
#1502 = AXIS2_PLACEMENT_3D('',#1503,#1504,#1505);
#1503 = CARTESIAN_POINT('',(93.205011430023,-31.78258572517,0.));
#1504 = DIRECTION('',(0.,0.,1.));
#1505 = DIRECTION('',(-1.,-1.110223024625E-16,0.));
#1506 = CYLINDRICAL_SURFACE('',#1507,0.457200914402);
#1507 = AXIS2_PLACEMENT_3D('',#1508,#1509,#1510);
#1508 = CARTESIAN_POINT('',(93.205011430023,-31.78258572517,0.));
#1509 = DIRECTION('',(-0.,-0.,-1.));
#1510 = DIRECTION('',(-1.,-1.110223024625E-16,0.));
#1511 = ADVANCED_FACE('',(#1512),#1548,.F.);
#1512 = FACE_BOUND('',#1513,.T.);
#1513 = EDGE_LOOP('',(#1514,#1524,#1533,#1541));
#1514 = ORIENTED_EDGE('',*,*,#1515,.T.);
#1515 = EDGE_CURVE('',#1516,#1518,#1520,.T.);
#1516 = VERTEX_POINT('',#1517);
#1517 = CARTESIAN_POINT('',(93.662212344425,-29.78258572517,0.));
#1518 = VERTEX_POINT('',#1519);
#1519 = CARTESIAN_POINT('',(93.662212344425,-29.78258572517,    1.586156972314));
#1520 = LINE('',#1521,#1522);
#1521 = CARTESIAN_POINT('',(93.662212344425,-29.78258572517,0.));
#1522 = VECTOR('',#1523,1.);
#1523 = DIRECTION('',(0.,0.,1.));
#1524 = ORIENTED_EDGE('',*,*,#1525,.T.);
#1525 = EDGE_CURVE('',#1518,#1526,#1528,.T.);
#1526 = VERTEX_POINT('',#1527);
#1527 = CARTESIAN_POINT('',(92.747810515621,-29.78258572517,    1.586156972314));
#1528 = CIRCLE('',#1529,0.457200914402);
#1529 = AXIS2_PLACEMENT_3D('',#1530,#1531,#1532);
#1530 = CARTESIAN_POINT('',(93.205011430023,-29.78258572517,    1.586156972314));
#1531 = DIRECTION('',(0.,0.,1.));
#1532 = DIRECTION('',(1.,1.110223024625E-16,-0.));
#1533 = ORIENTED_EDGE('',*,*,#1534,.F.);
#1534 = EDGE_CURVE('',#1535,#1526,#1537,.T.);
#1535 = VERTEX_POINT('',#1536);
#1536 = CARTESIAN_POINT('',(92.747810515621,-29.78258572517,0.));
#1537 = LINE('',#1538,#1539);
#1538 = CARTESIAN_POINT('',(92.747810515621,-29.78258572517,0.));
#1539 = VECTOR('',#1540,1.);
#1540 = DIRECTION('',(0.,0.,1.));
#1541 = ORIENTED_EDGE('',*,*,#1542,.F.);
#1542 = EDGE_CURVE('',#1516,#1535,#1543,.T.);
#1543 = CIRCLE('',#1544,0.457200914402);
#1544 = AXIS2_PLACEMENT_3D('',#1545,#1546,#1547);
#1545 = CARTESIAN_POINT('',(93.205011430023,-29.78258572517,0.));
#1546 = DIRECTION('',(0.,0.,1.));
#1547 = DIRECTION('',(1.,1.110223024625E-16,-0.));
#1548 = CYLINDRICAL_SURFACE('',#1549,0.457200914402);
#1549 = AXIS2_PLACEMENT_3D('',#1550,#1551,#1552);
#1550 = CARTESIAN_POINT('',(93.205011430023,-29.78258572517,0.));
#1551 = DIRECTION('',(-0.,-0.,-1.));
#1552 = DIRECTION('',(1.,1.110223024625E-16,-0.));
#1553 = ADVANCED_FACE('',(#1554),#1572,.F.);
#1554 = FACE_BOUND('',#1555,.T.);
#1555 = EDGE_LOOP('',(#1556,#1557,#1564,#1565));
#1556 = ORIENTED_EDGE('',*,*,#1534,.T.);
#1557 = ORIENTED_EDGE('',*,*,#1558,.T.);
#1558 = EDGE_CURVE('',#1526,#1518,#1559,.T.);
#1559 = CIRCLE('',#1560,0.457200914402);
#1560 = AXIS2_PLACEMENT_3D('',#1561,#1562,#1563);
#1561 = CARTESIAN_POINT('',(93.205011430023,-29.78258572517,    1.586156972314));
#1562 = DIRECTION('',(0.,0.,1.));
#1563 = DIRECTION('',(-1.,-1.110223024625E-16,0.));
#1564 = ORIENTED_EDGE('',*,*,#1515,.F.);
#1565 = ORIENTED_EDGE('',*,*,#1566,.F.);
#1566 = EDGE_CURVE('',#1535,#1516,#1567,.T.);
#1567 = CIRCLE('',#1568,0.457200914402);
#1568 = AXIS2_PLACEMENT_3D('',#1569,#1570,#1571);
#1569 = CARTESIAN_POINT('',(93.205011430023,-29.78258572517,0.));
#1570 = DIRECTION('',(0.,0.,1.));
#1571 = DIRECTION('',(-1.,-1.110223024625E-16,0.));
#1572 = CYLINDRICAL_SURFACE('',#1573,0.457200914402);
#1573 = AXIS2_PLACEMENT_3D('',#1574,#1575,#1576);
#1574 = CARTESIAN_POINT('',(93.205011430023,-29.78258572517,0.));
#1575 = DIRECTION('',(-0.,-0.,-1.));
#1576 = DIRECTION('',(-1.,-1.110223024625E-16,0.));
#1577 = ADVANCED_FACE('',(#1578),#1614,.F.);
#1578 = FACE_BOUND('',#1579,.T.);
#1579 = EDGE_LOOP('',(#1580,#1590,#1599,#1607));
#1580 = ORIENTED_EDGE('',*,*,#1581,.T.);
#1581 = EDGE_CURVE('',#1582,#1584,#1586,.T.);
#1582 = VERTEX_POINT('',#1583);
#1583 = CARTESIAN_POINT('',(99.000198120396,-47.50009398018,0.));
#1584 = VERTEX_POINT('',#1585);
#1585 = CARTESIAN_POINT('',(99.000198120396,-47.50009398018,    1.586156972314));
#1586 = LINE('',#1587,#1588);
#1587 = CARTESIAN_POINT('',(99.000198120396,-47.50009398018,0.));
#1588 = VECTOR('',#1589,1.);
#1589 = DIRECTION('',(0.,0.,1.));
#1590 = ORIENTED_EDGE('',*,*,#1591,.T.);
#1591 = EDGE_CURVE('',#1584,#1592,#1594,.T.);
#1592 = VERTEX_POINT('',#1593);
#1593 = CARTESIAN_POINT('',(96.000193040386,-47.50009398018,    1.586156972314));
#1594 = CIRCLE('',#1595,1.500002540005);
#1595 = AXIS2_PLACEMENT_3D('',#1596,#1597,#1598);
#1596 = CARTESIAN_POINT('',(97.500195580391,-47.50009398018,    1.586156972314));
#1597 = DIRECTION('',(0.,0.,1.));
#1598 = DIRECTION('',(1.,1.110223024625E-16,-0.));
#1599 = ORIENTED_EDGE('',*,*,#1600,.F.);
#1600 = EDGE_CURVE('',#1601,#1592,#1603,.T.);
#1601 = VERTEX_POINT('',#1602);
#1602 = CARTESIAN_POINT('',(96.000193040386,-47.50009398018,0.));
#1603 = LINE('',#1604,#1605);
#1604 = CARTESIAN_POINT('',(96.000193040386,-47.50009398018,0.));
#1605 = VECTOR('',#1606,1.);
#1606 = DIRECTION('',(0.,0.,1.));
#1607 = ORIENTED_EDGE('',*,*,#1608,.F.);
#1608 = EDGE_CURVE('',#1582,#1601,#1609,.T.);
#1609 = CIRCLE('',#1610,1.500002540005);
#1610 = AXIS2_PLACEMENT_3D('',#1611,#1612,#1613);
#1611 = CARTESIAN_POINT('',(97.500195580391,-47.50009398018,0.));
#1612 = DIRECTION('',(0.,0.,1.));
#1613 = DIRECTION('',(1.,1.110223024625E-16,-0.));
#1614 = CYLINDRICAL_SURFACE('',#1615,1.500002540005);
#1615 = AXIS2_PLACEMENT_3D('',#1616,#1617,#1618);
#1616 = CARTESIAN_POINT('',(97.500195580391,-47.50009398018,0.));
#1617 = DIRECTION('',(-0.,-0.,-1.));
#1618 = DIRECTION('',(1.,1.110223024625E-16,-0.));
#1619 = ADVANCED_FACE('',(#1620),#1638,.F.);
#1620 = FACE_BOUND('',#1621,.T.);
#1621 = EDGE_LOOP('',(#1622,#1623,#1630,#1631));
#1622 = ORIENTED_EDGE('',*,*,#1600,.T.);
#1623 = ORIENTED_EDGE('',*,*,#1624,.T.);
#1624 = EDGE_CURVE('',#1592,#1584,#1625,.T.);
#1625 = CIRCLE('',#1626,1.500002540005);
#1626 = AXIS2_PLACEMENT_3D('',#1627,#1628,#1629);
#1627 = CARTESIAN_POINT('',(97.500195580391,-47.50009398018,    1.586156972314));
#1628 = DIRECTION('',(0.,0.,1.));
#1629 = DIRECTION('',(-1.,-1.110223024625E-16,0.));
#1630 = ORIENTED_EDGE('',*,*,#1581,.F.);
#1631 = ORIENTED_EDGE('',*,*,#1632,.F.);
#1632 = EDGE_CURVE('',#1601,#1582,#1633,.T.);
#1633 = CIRCLE('',#1634,1.500002540005);
#1634 = AXIS2_PLACEMENT_3D('',#1635,#1636,#1637);
#1635 = CARTESIAN_POINT('',(97.500195580391,-47.50009398018,0.));
#1636 = DIRECTION('',(0.,0.,1.));
#1637 = DIRECTION('',(-1.,-1.110223024625E-16,0.));
#1638 = CYLINDRICAL_SURFACE('',#1639,1.500002540005);
#1639 = AXIS2_PLACEMENT_3D('',#1640,#1641,#1642);
#1640 = CARTESIAN_POINT('',(97.500195580391,-47.50009398018,0.));
#1641 = DIRECTION('',(-0.,-0.,-1.));
#1642 = DIRECTION('',(-1.,-1.110223024625E-16,0.));
#1643 = ADVANCED_FACE('',(#1644),#1680,.F.);
#1644 = FACE_BOUND('',#1645,.T.);
#1645 = EDGE_LOOP('',(#1646,#1656,#1665,#1673));
#1646 = ORIENTED_EDGE('',*,*,#1647,.T.);
#1647 = EDGE_CURVE('',#1648,#1650,#1652,.T.);
#1648 = VERTEX_POINT('',#1649);
#1649 = CARTESIAN_POINT('',(99.000198120396,-2.50000508001,0.));
#1650 = VERTEX_POINT('',#1651);
#1651 = CARTESIAN_POINT('',(99.000198120396,-2.50000508001,    1.586156972314));
#1652 = LINE('',#1653,#1654);
#1653 = CARTESIAN_POINT('',(99.000198120396,-2.50000508001,0.));
#1654 = VECTOR('',#1655,1.);
#1655 = DIRECTION('',(0.,0.,1.));
#1656 = ORIENTED_EDGE('',*,*,#1657,.T.);
#1657 = EDGE_CURVE('',#1650,#1658,#1660,.T.);
#1658 = VERTEX_POINT('',#1659);
#1659 = CARTESIAN_POINT('',(96.000193040386,-2.50000508001,    1.586156972314));
#1660 = CIRCLE('',#1661,1.500002540005);
#1661 = AXIS2_PLACEMENT_3D('',#1662,#1663,#1664);
#1662 = CARTESIAN_POINT('',(97.500195580391,-2.50000508001,    1.586156972314));
#1663 = DIRECTION('',(0.,0.,1.));
#1664 = DIRECTION('',(1.,1.110223024625E-16,-0.));
#1665 = ORIENTED_EDGE('',*,*,#1666,.F.);
#1666 = EDGE_CURVE('',#1667,#1658,#1669,.T.);
#1667 = VERTEX_POINT('',#1668);
#1668 = CARTESIAN_POINT('',(96.000193040386,-2.50000508001,0.));
#1669 = LINE('',#1670,#1671);
#1670 = CARTESIAN_POINT('',(96.000193040386,-2.50000508001,0.));
#1671 = VECTOR('',#1672,1.);
#1672 = DIRECTION('',(0.,0.,1.));
#1673 = ORIENTED_EDGE('',*,*,#1674,.F.);
#1674 = EDGE_CURVE('',#1648,#1667,#1675,.T.);
#1675 = CIRCLE('',#1676,1.500002540005);
#1676 = AXIS2_PLACEMENT_3D('',#1677,#1678,#1679);
#1677 = CARTESIAN_POINT('',(97.500195580391,-2.50000508001,0.));
#1678 = DIRECTION('',(0.,0.,1.));
#1679 = DIRECTION('',(1.,1.110223024625E-16,-0.));
#1680 = CYLINDRICAL_SURFACE('',#1681,1.500002540005);
#1681 = AXIS2_PLACEMENT_3D('',#1682,#1683,#1684);
#1682 = CARTESIAN_POINT('',(97.500195580391,-2.50000508001,0.));
#1683 = DIRECTION('',(-0.,-0.,-1.));
#1684 = DIRECTION('',(1.,1.110223024625E-16,-0.));
#1685 = ADVANCED_FACE('',(#1686),#1704,.F.);
#1686 = FACE_BOUND('',#1687,.T.);
#1687 = EDGE_LOOP('',(#1688,#1689,#1696,#1697));
#1688 = ORIENTED_EDGE('',*,*,#1666,.T.);
#1689 = ORIENTED_EDGE('',*,*,#1690,.T.);
#1690 = EDGE_CURVE('',#1658,#1650,#1691,.T.);
#1691 = CIRCLE('',#1692,1.500002540005);
#1692 = AXIS2_PLACEMENT_3D('',#1693,#1694,#1695);
#1693 = CARTESIAN_POINT('',(97.500195580391,-2.50000508001,    1.586156972314));
#1694 = DIRECTION('',(0.,0.,1.));
#1695 = DIRECTION('',(-1.,-1.110223024625E-16,0.));
#1696 = ORIENTED_EDGE('',*,*,#1647,.F.);
#1697 = ORIENTED_EDGE('',*,*,#1698,.F.);
#1698 = EDGE_CURVE('',#1667,#1648,#1699,.T.);
#1699 = CIRCLE('',#1700,1.500002540005);
#1700 = AXIS2_PLACEMENT_3D('',#1701,#1702,#1703);
#1701 = CARTESIAN_POINT('',(97.500195580391,-2.50000508001,0.));
#1702 = DIRECTION('',(0.,0.,1.));
#1703 = DIRECTION('',(-1.,-1.110223024625E-16,0.));
#1704 = CYLINDRICAL_SURFACE('',#1705,1.500002540005);
#1705 = AXIS2_PLACEMENT_3D('',#1706,#1707,#1708);
#1706 = CARTESIAN_POINT('',(97.500195580391,-2.50000508001,0.));
#1707 = DIRECTION('',(-0.,-0.,-1.));
#1708 = DIRECTION('',(-1.,-1.110223024625E-16,0.));
#1709 = ADVANCED_FACE('',(#1710,#1720,#1724,#1728,#1732,#1736,#1740,    #1744,#1748,#1752,#1756,#1760,#1764,#1768,#1772,#1776,#1780,#1784,    #1788,#1792),#1796,.T.);
#1710 = FACE_BOUND('',#1711,.T.);
#1711 = EDGE_LOOP('',(#1712,#1713,#1714,#1715,#1716,#1717,#1718,#1719));
#1712 = ORIENTED_EDGE('',*,*,#229,.T.);
#1713 = ORIENTED_EDGE('',*,*,#261,.T.);
#1714 = ORIENTED_EDGE('',*,*,#293,.T.);
#1715 = ORIENTED_EDGE('',*,*,#325,.T.);
#1716 = ORIENTED_EDGE('',*,*,#357,.T.);
#1717 = ORIENTED_EDGE('',*,*,#389,.T.);
#1718 = ORIENTED_EDGE('',*,*,#421,.T.);
#1719 = ORIENTED_EDGE('',*,*,#444,.T.);
#1720 = FACE_BOUND('',#1721,.T.);
#1721 = EDGE_LOOP('',(#1722,#1723));
#1722 = ORIENTED_EDGE('',*,*,#486,.T.);
#1723 = ORIENTED_EDGE('',*,*,#510,.T.);
#1724 = FACE_BOUND('',#1725,.T.);
#1725 = EDGE_LOOP('',(#1726,#1727));
#1726 = ORIENTED_EDGE('',*,*,#552,.T.);
#1727 = ORIENTED_EDGE('',*,*,#576,.T.);
#1728 = FACE_BOUND('',#1729,.T.);
#1729 = EDGE_LOOP('',(#1730,#1731));
#1730 = ORIENTED_EDGE('',*,*,#618,.T.);
#1731 = ORIENTED_EDGE('',*,*,#642,.T.);
#1732 = FACE_BOUND('',#1733,.T.);
#1733 = EDGE_LOOP('',(#1734,#1735));
#1734 = ORIENTED_EDGE('',*,*,#684,.T.);
#1735 = ORIENTED_EDGE('',*,*,#708,.T.);
#1736 = FACE_BOUND('',#1737,.T.);
#1737 = EDGE_LOOP('',(#1738,#1739));
#1738 = ORIENTED_EDGE('',*,*,#750,.T.);
#1739 = ORIENTED_EDGE('',*,*,#774,.T.);
#1740 = FACE_BOUND('',#1741,.T.);
#1741 = EDGE_LOOP('',(#1742,#1743));
#1742 = ORIENTED_EDGE('',*,*,#816,.T.);
#1743 = ORIENTED_EDGE('',*,*,#840,.T.);
#1744 = FACE_BOUND('',#1745,.T.);
#1745 = EDGE_LOOP('',(#1746,#1747));
#1746 = ORIENTED_EDGE('',*,*,#882,.T.);
#1747 = ORIENTED_EDGE('',*,*,#906,.T.);
#1748 = FACE_BOUND('',#1749,.T.);
#1749 = EDGE_LOOP('',(#1750,#1751));
#1750 = ORIENTED_EDGE('',*,*,#948,.T.);
#1751 = ORIENTED_EDGE('',*,*,#972,.T.);
#1752 = FACE_BOUND('',#1753,.T.);
#1753 = EDGE_LOOP('',(#1754,#1755));
#1754 = ORIENTED_EDGE('',*,*,#1014,.T.);
#1755 = ORIENTED_EDGE('',*,*,#1038,.T.);
#1756 = FACE_BOUND('',#1757,.T.);
#1757 = EDGE_LOOP('',(#1758,#1759));
#1758 = ORIENTED_EDGE('',*,*,#1080,.T.);
#1759 = ORIENTED_EDGE('',*,*,#1104,.T.);
#1760 = FACE_BOUND('',#1761,.T.);
#1761 = EDGE_LOOP('',(#1762,#1763));
#1762 = ORIENTED_EDGE('',*,*,#1146,.T.);
#1763 = ORIENTED_EDGE('',*,*,#1170,.T.);
#1764 = FACE_BOUND('',#1765,.T.);
#1765 = EDGE_LOOP('',(#1766,#1767));
#1766 = ORIENTED_EDGE('',*,*,#1212,.T.);
#1767 = ORIENTED_EDGE('',*,*,#1236,.T.);
#1768 = FACE_BOUND('',#1769,.T.);
#1769 = EDGE_LOOP('',(#1770,#1771));
#1770 = ORIENTED_EDGE('',*,*,#1278,.T.);
#1771 = ORIENTED_EDGE('',*,*,#1302,.T.);
#1772 = FACE_BOUND('',#1773,.T.);
#1773 = EDGE_LOOP('',(#1774,#1775));
#1774 = ORIENTED_EDGE('',*,*,#1344,.T.);
#1775 = ORIENTED_EDGE('',*,*,#1368,.T.);
#1776 = FACE_BOUND('',#1777,.T.);
#1777 = EDGE_LOOP('',(#1778,#1779));
#1778 = ORIENTED_EDGE('',*,*,#1410,.T.);
#1779 = ORIENTED_EDGE('',*,*,#1434,.T.);
#1780 = FACE_BOUND('',#1781,.T.);
#1781 = EDGE_LOOP('',(#1782,#1783));
#1782 = ORIENTED_EDGE('',*,*,#1476,.T.);
#1783 = ORIENTED_EDGE('',*,*,#1500,.T.);
#1784 = FACE_BOUND('',#1785,.T.);
#1785 = EDGE_LOOP('',(#1786,#1787));
#1786 = ORIENTED_EDGE('',*,*,#1542,.T.);
#1787 = ORIENTED_EDGE('',*,*,#1566,.T.);
#1788 = FACE_BOUND('',#1789,.T.);
#1789 = EDGE_LOOP('',(#1790,#1791));
#1790 = ORIENTED_EDGE('',*,*,#1608,.T.);
#1791 = ORIENTED_EDGE('',*,*,#1632,.T.);
#1792 = FACE_BOUND('',#1793,.T.);
#1793 = EDGE_LOOP('',(#1794,#1795));
#1794 = ORIENTED_EDGE('',*,*,#1674,.T.);
#1795 = ORIENTED_EDGE('',*,*,#1698,.T.);
#1796 = PLANE('',#1797);
#1797 = AXIS2_PLACEMENT_3D('',#1798,#1799,#1800);
#1798 = CARTESIAN_POINT('',(50.000100330201,-25.00004953009,0.));
#1799 = DIRECTION('',(-0.,-0.,-1.));
#1800 = DIRECTION('',(-1.,0.,0.));
#1801 = ADVANCED_FACE('',(#1802,#1812,#1816,#1820,#1824,#1828,#1832,    #1836,#1840,#1844,#1848,#1852,#1856,#1860,#1864,#1868,#1872,#1876,    #1880,#1884),#1888,.F.);
#1802 = FACE_BOUND('',#1803,.F.);
#1803 = EDGE_LOOP('',(#1804,#1805,#1806,#1807,#1808,#1809,#1810,#1811));
#1804 = ORIENTED_EDGE('',*,*,#213,.T.);
#1805 = ORIENTED_EDGE('',*,*,#244,.T.);
#1806 = ORIENTED_EDGE('',*,*,#277,.T.);
#1807 = ORIENTED_EDGE('',*,*,#308,.T.);
#1808 = ORIENTED_EDGE('',*,*,#341,.T.);
#1809 = ORIENTED_EDGE('',*,*,#372,.T.);
#1810 = ORIENTED_EDGE('',*,*,#405,.T.);
#1811 = ORIENTED_EDGE('',*,*,#436,.T.);
#1812 = FACE_BOUND('',#1813,.F.);
#1813 = EDGE_LOOP('',(#1814,#1815));
#1814 = ORIENTED_EDGE('',*,*,#469,.T.);
#1815 = ORIENTED_EDGE('',*,*,#502,.T.);
#1816 = FACE_BOUND('',#1817,.F.);
#1817 = EDGE_LOOP('',(#1818,#1819));
#1818 = ORIENTED_EDGE('',*,*,#535,.T.);
#1819 = ORIENTED_EDGE('',*,*,#568,.T.);
#1820 = FACE_BOUND('',#1821,.F.);
#1821 = EDGE_LOOP('',(#1822,#1823));
#1822 = ORIENTED_EDGE('',*,*,#601,.T.);
#1823 = ORIENTED_EDGE('',*,*,#634,.T.);
#1824 = FACE_BOUND('',#1825,.F.);
#1825 = EDGE_LOOP('',(#1826,#1827));
#1826 = ORIENTED_EDGE('',*,*,#667,.T.);
#1827 = ORIENTED_EDGE('',*,*,#700,.T.);
#1828 = FACE_BOUND('',#1829,.F.);
#1829 = EDGE_LOOP('',(#1830,#1831));
#1830 = ORIENTED_EDGE('',*,*,#733,.T.);
#1831 = ORIENTED_EDGE('',*,*,#766,.T.);
#1832 = FACE_BOUND('',#1833,.F.);
#1833 = EDGE_LOOP('',(#1834,#1835));
#1834 = ORIENTED_EDGE('',*,*,#799,.T.);
#1835 = ORIENTED_EDGE('',*,*,#832,.T.);
#1836 = FACE_BOUND('',#1837,.F.);
#1837 = EDGE_LOOP('',(#1838,#1839));
#1838 = ORIENTED_EDGE('',*,*,#865,.T.);
#1839 = ORIENTED_EDGE('',*,*,#898,.T.);
#1840 = FACE_BOUND('',#1841,.F.);
#1841 = EDGE_LOOP('',(#1842,#1843));
#1842 = ORIENTED_EDGE('',*,*,#931,.T.);
#1843 = ORIENTED_EDGE('',*,*,#964,.T.);
#1844 = FACE_BOUND('',#1845,.F.);
#1845 = EDGE_LOOP('',(#1846,#1847));
#1846 = ORIENTED_EDGE('',*,*,#997,.T.);
#1847 = ORIENTED_EDGE('',*,*,#1030,.T.);
#1848 = FACE_BOUND('',#1849,.F.);
#1849 = EDGE_LOOP('',(#1850,#1851));
#1850 = ORIENTED_EDGE('',*,*,#1063,.T.);
#1851 = ORIENTED_EDGE('',*,*,#1096,.T.);
#1852 = FACE_BOUND('',#1853,.F.);
#1853 = EDGE_LOOP('',(#1854,#1855));
#1854 = ORIENTED_EDGE('',*,*,#1129,.T.);
#1855 = ORIENTED_EDGE('',*,*,#1162,.T.);
#1856 = FACE_BOUND('',#1857,.F.);
#1857 = EDGE_LOOP('',(#1858,#1859));
#1858 = ORIENTED_EDGE('',*,*,#1195,.T.);
#1859 = ORIENTED_EDGE('',*,*,#1228,.T.);
#1860 = FACE_BOUND('',#1861,.F.);
#1861 = EDGE_LOOP('',(#1862,#1863));
#1862 = ORIENTED_EDGE('',*,*,#1261,.T.);
#1863 = ORIENTED_EDGE('',*,*,#1294,.T.);
#1864 = FACE_BOUND('',#1865,.F.);
#1865 = EDGE_LOOP('',(#1866,#1867));
#1866 = ORIENTED_EDGE('',*,*,#1327,.T.);
#1867 = ORIENTED_EDGE('',*,*,#1360,.T.);
#1868 = FACE_BOUND('',#1869,.F.);
#1869 = EDGE_LOOP('',(#1870,#1871));
#1870 = ORIENTED_EDGE('',*,*,#1393,.T.);
#1871 = ORIENTED_EDGE('',*,*,#1426,.T.);
#1872 = FACE_BOUND('',#1873,.F.);
#1873 = EDGE_LOOP('',(#1874,#1875));
#1874 = ORIENTED_EDGE('',*,*,#1459,.T.);
#1875 = ORIENTED_EDGE('',*,*,#1492,.T.);
#1876 = FACE_BOUND('',#1877,.F.);
#1877 = EDGE_LOOP('',(#1878,#1879));
#1878 = ORIENTED_EDGE('',*,*,#1525,.T.);
#1879 = ORIENTED_EDGE('',*,*,#1558,.T.);
#1880 = FACE_BOUND('',#1881,.F.);
#1881 = EDGE_LOOP('',(#1882,#1883));
#1882 = ORIENTED_EDGE('',*,*,#1591,.T.);
#1883 = ORIENTED_EDGE('',*,*,#1624,.T.);
#1884 = FACE_BOUND('',#1885,.F.);
#1885 = EDGE_LOOP('',(#1886,#1887));
#1886 = ORIENTED_EDGE('',*,*,#1657,.T.);
#1887 = ORIENTED_EDGE('',*,*,#1690,.T.);
#1888 = PLANE('',#1889);
#1889 = AXIS2_PLACEMENT_3D('',#1890,#1891,#1892);
#1890 = CARTESIAN_POINT('',(50.000100330201,-25.00004953009,    1.586156972314));
#1891 = DIRECTION('',(-0.,-0.,-1.));
#1892 = DIRECTION('',(-1.,0.,0.));
#1893 = ( GEOMETRIC_REPRESENTATION_CONTEXT(3) GLOBAL_UNCERTAINTY_ASSIGNED_CONTEXT((#1897)) GLOBAL_UNIT_ASSIGNED_CONTEXT((#1894,#1895,#1896)) REPRESENTATION_CONTEXT('Context #1','3D Context with UNIT and UNCERTAINTY') );
#1894 = ( LENGTH_UNIT() NAMED_UNIT(*) SI_UNIT(.MILLI.,.METRE.) );
#1895 = ( NAMED_UNIT(*) PLANE_ANGLE_UNIT() SI_UNIT($,.RADIAN.) );
#1896 = ( NAMED_UNIT(*) SI_UNIT($,.STERADIAN.) SOLID_ANGLE_UNIT() );
#1897 = UNCERTAINTY_MEASURE_WITH_UNIT(LENGTH_MEASURE(1.E-07),#1894,  'distance_accuracy_value','confusion accuracy');
#1898 = CONTEXT_DEPENDENT_SHAPE_REPRESENTATION(#1899,#1901);
#1899 = ( REPRESENTATION_RELATIONSHIP('','',#196,#10) REPRESENTATION_RELATIONSHIP_WITH_TRANSFORMATION(#1900) SHAPE_REPRESENTATION_RELATIONSHIP() );
#1900 = ITEM_DEFINED_TRANSFORMATION('','',#11,#15);
#1901 = PRODUCT_DEFINITION_SHAPE('Placement','Placement of an item',  #1902);
#1902 = NEXT_ASSEMBLY_USAGE_OCCURRENCE('1','=>[0:1:1:2]','',#5,#191,$);
#1903 = PRODUCT_RELATED_PRODUCT_CATEGORY('part',$,(#193));
#1904 = SHAPE_DEFINITION_REPRESENTATION(#1905,#1911);
#1905 = PRODUCT_DEFINITION_SHAPE('','',#1906);
#1906 = PRODUCT_DEFINITION('design','',#1907,#1910);
#1907 = PRODUCT_DEFINITION_FORMATION('','',#1908);
#1908 = PRODUCT('TopCopper~zL8V','TopCopper~zL8V','',(#1909));
#1909 = PRODUCT_CONTEXT('',#2,'mechanical');
#1910 = PRODUCT_DEFINITION_CONTEXT('part definition',#2,'design');
#1911 = SHAPE_REPRESENTATION('',(#11),#1912);
#1912 = ( GEOMETRIC_REPRESENTATION_CONTEXT(3) GLOBAL_UNCERTAINTY_ASSIGNED_CONTEXT((#1916)) GLOBAL_UNIT_ASSIGNED_CONTEXT((#1913,#1914,#1915)) REPRESENTATION_CONTEXT('Context #1','3D Context with UNIT and UNCERTAINTY') );
#1913 = ( LENGTH_UNIT() NAMED_UNIT(*) SI_UNIT(.MILLI.,.METRE.) );
#1914 = ( NAMED_UNIT(*) PLANE_ANGLE_UNIT() SI_UNIT($,.RADIAN.) );
#1915 = ( NAMED_UNIT(*) SI_UNIT($,.STERADIAN.) SOLID_ANGLE_UNIT() );
#1916 = UNCERTAINTY_MEASURE_WITH_UNIT(LENGTH_MEASURE(1.E-07),#1913,  'distance_accuracy_value','confusion accuracy');
#1917 = CONTEXT_DEPENDENT_SHAPE_REPRESENTATION(#1918,#1920);
#1918 = ( REPRESENTATION_RELATIONSHIP('','',#1911,#10) REPRESENTATION_RELATIONSHIP_WITH_TRANSFORMATION(#1919) SHAPE_REPRESENTATION_RELATIONSHIP() );
#1919 = ITEM_DEFINED_TRANSFORMATION('','',#11,#19);
#1920 = PRODUCT_DEFINITION_SHAPE('Placement','Placement of an item',  #1921);
#1921 = NEXT_ASSEMBLY_USAGE_OCCURRENCE('2','=>[0:1:1:3]','',#5,#1906,$);
#1922 = PRODUCT_RELATED_PRODUCT_CATEGORY('part',$,(#1908));
#1923 = SHAPE_DEFINITION_REPRESENTATION(#1924,#1930);
#1924 = PRODUCT_DEFINITION_SHAPE('','',#1925);
#1925 = PRODUCT_DEFINITION('design','',#1926,#1929);
#1926 = PRODUCT_DEFINITION_FORMATION('','',#1927);
#1927 = PRODUCT('BottomCopper~zL8V','BottomCopper~zL8V','',(#1928));
#1928 = PRODUCT_CONTEXT('',#2,'mechanical');
#1929 = PRODUCT_DEFINITION_CONTEXT('part definition',#2,'design');
#1930 = SHAPE_REPRESENTATION('',(#11),#1931);
#1931 = ( GEOMETRIC_REPRESENTATION_CONTEXT(3) GLOBAL_UNCERTAINTY_ASSIGNED_CONTEXT((#1935)) GLOBAL_UNIT_ASSIGNED_CONTEXT((#1932,#1933,#1934)) REPRESENTATION_CONTEXT('Context #1','3D Context with UNIT and UNCERTAINTY') );
#1932 = ( LENGTH_UNIT() NAMED_UNIT(*) SI_UNIT(.MILLI.,.METRE.) );
#1933 = ( NAMED_UNIT(*) PLANE_ANGLE_UNIT() SI_UNIT($,.RADIAN.) );
#1934 = ( NAMED_UNIT(*) SI_UNIT($,.STERADIAN.) SOLID_ANGLE_UNIT() );
#1935 = UNCERTAINTY_MEASURE_WITH_UNIT(LENGTH_MEASURE(1.E-07),#1932,  'distance_accuracy_value','confusion accuracy');
#1936 = CONTEXT_DEPENDENT_SHAPE_REPRESENTATION(#1937,#1939);
#1937 = ( REPRESENTATION_RELATIONSHIP('','',#1930,#10) REPRESENTATION_RELATIONSHIP_WITH_TRANSFORMATION(#1938) SHAPE_REPRESENTATION_RELATIONSHIP() );
#1938 = ITEM_DEFINED_TRANSFORMATION('','',#11,#23);
#1939 = PRODUCT_DEFINITION_SHAPE('Placement','Placement of an item',  #1940);
#1940 = NEXT_ASSEMBLY_USAGE_OCCURRENCE('3','=>[0:1:1:4]','',#5,#1925,$);
#1941 = PRODUCT_RELATED_PRODUCT_CATEGORY('part',$,(#1927));
#1942 = SHAPE_DEFINITION_REPRESENTATION(#1943,#1949);
#1943 = PRODUCT_DEFINITION_SHAPE('','',#1944);
#1944 = PRODUCT_DEFINITION('design','',#1945,#1948);
#1945 = PRODUCT_DEFINITION_FORMATION('','',#1946);
#1946 = PRODUCT('TopFpcStiffener~zL8V','TopFpcStiffener~zL8V','',(#1947)  );
#1947 = PRODUCT_CONTEXT('',#2,'mechanical');
#1948 = PRODUCT_DEFINITION_CONTEXT('part definition',#2,'design');
#1949 = SHAPE_REPRESENTATION('',(#11),#1950);
#1950 = ( GEOMETRIC_REPRESENTATION_CONTEXT(3) GLOBAL_UNCERTAINTY_ASSIGNED_CONTEXT((#1954)) GLOBAL_UNIT_ASSIGNED_CONTEXT((#1951,#1952,#1953)) REPRESENTATION_CONTEXT('Context #1','3D Context with UNIT and UNCERTAINTY') );
#1951 = ( LENGTH_UNIT() NAMED_UNIT(*) SI_UNIT(.MILLI.,.METRE.) );
#1952 = ( NAMED_UNIT(*) PLANE_ANGLE_UNIT() SI_UNIT($,.RADIAN.) );
#1953 = ( NAMED_UNIT(*) SI_UNIT($,.STERADIAN.) SOLID_ANGLE_UNIT() );
#1954 = UNCERTAINTY_MEASURE_WITH_UNIT(LENGTH_MEASURE(1.E-07),#1951,  'distance_accuracy_value','confusion accuracy');
#1955 = CONTEXT_DEPENDENT_SHAPE_REPRESENTATION(#1956,#1958);
#1956 = ( REPRESENTATION_RELATIONSHIP('','',#1949,#10) REPRESENTATION_RELATIONSHIP_WITH_TRANSFORMATION(#1957) SHAPE_REPRESENTATION_RELATIONSHIP() );
#1957 = ITEM_DEFINED_TRANSFORMATION('','',#11,#27);
#1958 = PRODUCT_DEFINITION_SHAPE('Placement','Placement of an item',  #1959);
#1959 = NEXT_ASSEMBLY_USAGE_OCCURRENCE('4','=>[0:1:1:5]','',#5,#1944,$);
#1960 = PRODUCT_RELATED_PRODUCT_CATEGORY('part',$,(#1946));
#1961 = SHAPE_DEFINITION_REPRESENTATION(#1962,#1968);
#1962 = PRODUCT_DEFINITION_SHAPE('','',#1963);
#1963 = PRODUCT_DEFINITION('design','',#1964,#1967);
#1964 = PRODUCT_DEFINITION_FORMATION('','',#1965);
#1965 = PRODUCT('BottomFpcStiffener~zL8V','BottomFpcStiffener~zL8V','',(    #1966));
#1966 = PRODUCT_CONTEXT('',#2,'mechanical');
#1967 = PRODUCT_DEFINITION_CONTEXT('part definition',#2,'design');
#1968 = SHAPE_REPRESENTATION('',(#11),#1969);
#1969 = ( GEOMETRIC_REPRESENTATION_CONTEXT(3) GLOBAL_UNCERTAINTY_ASSIGNED_CONTEXT((#1973)) GLOBAL_UNIT_ASSIGNED_CONTEXT((#1970,#1971,#1972)) REPRESENTATION_CONTEXT('Context #1','3D Context with UNIT and UNCERTAINTY') );
#1970 = ( LENGTH_UNIT() NAMED_UNIT(*) SI_UNIT(.MILLI.,.METRE.) );
#1971 = ( NAMED_UNIT(*) PLANE_ANGLE_UNIT() SI_UNIT($,.RADIAN.) );
#1972 = ( NAMED_UNIT(*) SI_UNIT($,.STERADIAN.) SOLID_ANGLE_UNIT() );
#1973 = UNCERTAINTY_MEASURE_WITH_UNIT(LENGTH_MEASURE(1.E-07),#1970,  'distance_accuracy_value','confusion accuracy');
#1974 = CONTEXT_DEPENDENT_SHAPE_REPRESENTATION(#1975,#1977);
#1975 = ( REPRESENTATION_RELATIONSHIP('','',#1968,#10) REPRESENTATION_RELATIONSHIP_WITH_TRANSFORMATION(#1976) SHAPE_REPRESENTATION_RELATIONSHIP() );
#1976 = ITEM_DEFINED_TRANSFORMATION('','',#11,#31);
#1977 = PRODUCT_DEFINITION_SHAPE('Placement','Placement of an item',  #1978);
#1978 = NEXT_ASSEMBLY_USAGE_OCCURRENCE('5','=>[0:1:1:6]','',#5,#1963,$);
#1979 = PRODUCT_RELATED_PRODUCT_CATEGORY('part',$,(#1965));
#1980 = SHAPE_DEFINITION_REPRESENTATION(#1981,#1987);
#1981 = PRODUCT_DEFINITION_SHAPE('','',#1982);
#1982 = PRODUCT_DEFINITION('design','',#1983,#1986);
#1983 = PRODUCT_DEFINITION_FORMATION('','',#1984);
#1984 = PRODUCT('C3~C0805~C0805_L2.0-W1.3-H1.3~zL8V',  'C3~C0805~C0805_L2.0-W1.3-H1.3~zL8V','',(#1985));
#1985 = PRODUCT_CONTEXT('',#2,'mechanical');
#1986 = PRODUCT_DEFINITION_CONTEXT('part definition',#2,'design');
#1987 = SHAPE_REPRESENTATION('',(#11,#1988),#1992);
#1988 = AXIS2_PLACEMENT_3D('',#1989,#1990,#1991);
#1989 = CARTESIAN_POINT('',(0.,0.,0.));
#1990 = DIRECTION('',(0.,0.,1.));
#1991 = DIRECTION('',(1.,0.,-0.));
#1992 = ( GEOMETRIC_REPRESENTATION_CONTEXT(3) GLOBAL_UNCERTAINTY_ASSIGNED_CONTEXT((#1996)) GLOBAL_UNIT_ASSIGNED_CONTEXT((#1993,#1994,#1995)) REPRESENTATION_CONTEXT('Context #1','3D Context with UNIT and UNCERTAINTY') );
#1993 = ( LENGTH_UNIT() NAMED_UNIT(*) SI_UNIT(.MILLI.,.METRE.) );
#1994 = ( NAMED_UNIT(*) PLANE_ANGLE_UNIT() SI_UNIT($,.RADIAN.) );
#1995 = ( NAMED_UNIT(*) SI_UNIT($,.STERADIAN.) SOLID_ANGLE_UNIT() );
#1996 = UNCERTAINTY_MEASURE_WITH_UNIT(LENGTH_MEASURE(2.E-07),#1993,  'distance_accuracy_value','confusion accuracy');
#1997 = CONTEXT_DEPENDENT_SHAPE_REPRESENTATION(#1998,#2000);
#1998 = ( REPRESENTATION_RELATIONSHIP('','',#1987,#10) REPRESENTATION_RELATIONSHIP_WITH_TRANSFORMATION(#1999) SHAPE_REPRESENTATION_RELATIONSHIP() );
#1999 = ITEM_DEFINED_TRANSFORMATION('','',#11,#35);
#2000 = PRODUCT_DEFINITION_SHAPE('Placement','Placement of an item',  #2001);
#2001 = NEXT_ASSEMBLY_USAGE_OCCURRENCE('7','=>[0:1:1:8]','',#5,#1982,$);
#2002 = PRODUCT_RELATED_PRODUCT_CATEGORY('part',$,(#1984));
#2003 = SHAPE_DEFINITION_REPRESENTATION(#2004,#2010);
#2004 = PRODUCT_DEFINITION_SHAPE('','',#2005);
#2005 = PRODUCT_DEFINITION('design','',#2006,#2009);
#2006 = PRODUCT_DEFINITION_FORMATION('','',#2007);
#2007 = PRODUCT('C0805~C0805_L2.0-W1.3-H1.3~zL8V',  'C0805~C0805_L2.0-W1.3-H1.3~zL8V','',(#2008));
#2008 = PRODUCT_CONTEXT('',#2,'mechanical');
#2009 = PRODUCT_DEFINITION_CONTEXT('part definition',#2,'design');
#2010 = ADVANCED_BREP_SHAPE_REPRESENTATION('',(#11,#2011),#2149);
#2011 = MANIFOLD_SOLID_BREP('',#2012);
#2012 = CLOSED_SHELL('',(#2013,#2049,#2085,#2105,#2125,#2137));
#2013 = ADVANCED_FACE('',(#2014),#2044,.F.);
#2014 = FACE_BOUND('',#2015,.F.);
#2015 = EDGE_LOOP('',(#2016,#2025,#2032,#2039));
#2016 = ORIENTED_EDGE('',*,*,#2017,.F.);
#2017 = EDGE_CURVE('',#2018,#2020,#2022,.T.);
#2018 = VERTEX_POINT('',#2019);
#2019 = CARTESIAN_POINT('',(-1.,-0.649987299975,0.));
#2020 = VERTEX_POINT('',#2021);
#2021 = CARTESIAN_POINT('',(-1.,-0.649987299975,0.762001524003));
#2022 = B_SPLINE_CURVE_WITH_KNOTS('',1,(#2023,#2024),.UNSPECIFIED.,.F.,  .F.,(2,2),(0.,0.762001524003),.PIECEWISE_BEZIER_KNOTS.);
#2023 = CARTESIAN_POINT('',(-1.,-0.649987299975,0.));
#2024 = CARTESIAN_POINT('',(-1.,-0.649987299975,0.762001524003));
#2025 = ORIENTED_EDGE('',*,*,#2026,.T.);
#2026 = EDGE_CURVE('',#2018,#2027,#2029,.T.);
#2027 = VERTEX_POINT('',#2028);
#2028 = CARTESIAN_POINT('',(-1.,0.650012700025,0.));
#2029 = B_SPLINE_CURVE_WITH_KNOTS('',1,(#2030,#2031),.UNSPECIFIED.,.F.,  .F.,(2,2),(0.,0.762001524003),.PIECEWISE_BEZIER_KNOTS.);
#2030 = CARTESIAN_POINT('',(-1.,-0.649987299975,0.));
#2031 = CARTESIAN_POINT('',(-1.,0.650012700025,0.));
#2032 = ORIENTED_EDGE('',*,*,#2033,.T.);
#2033 = EDGE_CURVE('',#2027,#2034,#2036,.T.);
#2034 = VERTEX_POINT('',#2035);
#2035 = CARTESIAN_POINT('',(-1.,0.650012700025,0.762001524003));
#2036 = B_SPLINE_CURVE_WITH_KNOTS('',1,(#2037,#2038),.UNSPECIFIED.,.F.,  .F.,(2,2),(0.,0.762001524003),.PIECEWISE_BEZIER_KNOTS.);
#2037 = CARTESIAN_POINT('',(-1.,0.650012700025,0.));
#2038 = CARTESIAN_POINT('',(-1.,0.650012700025,0.762001524003));
#2039 = ORIENTED_EDGE('',*,*,#2040,.F.);
#2040 = EDGE_CURVE('',#2020,#2034,#2041,.T.);
#2041 = B_SPLINE_CURVE_WITH_KNOTS('',1,(#2042,#2043),.UNSPECIFIED.,.F.,  .F.,(2,2),(0.,0.762001524003),.PIECEWISE_BEZIER_KNOTS.);
#2042 = CARTESIAN_POINT('',(-1.,-0.649987299975,0.762001524003));
#2043 = CARTESIAN_POINT('',(-1.,0.650012700025,0.762001524003));
#2044 = B_SPLINE_SURFACE_WITH_KNOTS('',1,1,(    (#2045,#2046)    ,(#2047,#2048    )),.UNSPECIFIED.,.F.,.F.,.F.,(2,2),(2,2),(0.,0.762001524003),(    -0.762001524003,0.),.PIECEWISE_BEZIER_KNOTS.);
#2045 = CARTESIAN_POINT('',(-1.,0.650012700025,0.));
#2046 = CARTESIAN_POINT('',(-1.,-0.649987299975,0.));
#2047 = CARTESIAN_POINT('',(-1.,0.650012700025,0.762001524003));
#2048 = CARTESIAN_POINT('',(-1.,-0.649987299975,0.762001524003));
#2049 = ADVANCED_FACE('',(#2050),#2080,.T.);
#2050 = FACE_BOUND('',#2051,.T.);
#2051 = EDGE_LOOP('',(#2052,#2061,#2068,#2075));
#2052 = ORIENTED_EDGE('',*,*,#2053,.F.);
#2053 = EDGE_CURVE('',#2054,#2056,#2058,.T.);
#2054 = VERTEX_POINT('',#2055);
#2055 = CARTESIAN_POINT('',(1.,-0.649987299975,0.));
#2056 = VERTEX_POINT('',#2057);
#2057 = CARTESIAN_POINT('',(1.,-0.649987299975,0.762001524003));
#2058 = B_SPLINE_CURVE_WITH_KNOTS('',1,(#2059,#2060),.UNSPECIFIED.,.F.,  .F.,(2,2),(0.,0.762001524003),.PIECEWISE_BEZIER_KNOTS.);
#2059 = CARTESIAN_POINT('',(1.,-0.649987299975,0.));
#2060 = CARTESIAN_POINT('',(1.,-0.649987299975,0.762001524003));
#2061 = ORIENTED_EDGE('',*,*,#2062,.T.);
#2062 = EDGE_CURVE('',#2054,#2063,#2065,.T.);
#2063 = VERTEX_POINT('',#2064);
#2064 = CARTESIAN_POINT('',(1.,0.650012700025,0.));
#2065 = B_SPLINE_CURVE_WITH_KNOTS('',1,(#2066,#2067),.UNSPECIFIED.,.F.,  .F.,(2,2),(0.,0.762001524003),.PIECEWISE_BEZIER_KNOTS.);
#2066 = CARTESIAN_POINT('',(1.,-0.649987299975,0.));
#2067 = CARTESIAN_POINT('',(1.,0.650012700025,0.));
#2068 = ORIENTED_EDGE('',*,*,#2069,.T.);
#2069 = EDGE_CURVE('',#2063,#2070,#2072,.T.);
#2070 = VERTEX_POINT('',#2071);
#2071 = CARTESIAN_POINT('',(1.,0.650012700025,0.762001524003));
#2072 = B_SPLINE_CURVE_WITH_KNOTS('',1,(#2073,#2074),.UNSPECIFIED.,.F.,  .F.,(2,2),(0.,0.762001524003),.PIECEWISE_BEZIER_KNOTS.);
#2073 = CARTESIAN_POINT('',(1.,0.650012700025,0.));
#2074 = CARTESIAN_POINT('',(1.,0.650012700025,0.762001524003));
#2075 = ORIENTED_EDGE('',*,*,#2076,.F.);
#2076 = EDGE_CURVE('',#2056,#2070,#2077,.T.);
#2077 = B_SPLINE_CURVE_WITH_KNOTS('',1,(#2078,#2079),.UNSPECIFIED.,.F.,  .F.,(2,2),(0.,0.762001524003),.PIECEWISE_BEZIER_KNOTS.);
#2078 = CARTESIAN_POINT('',(1.,-0.649987299975,0.762001524003));
#2079 = CARTESIAN_POINT('',(1.,0.650012700025,0.762001524003));
#2080 = B_SPLINE_SURFACE_WITH_KNOTS('',1,1,(    (#2081,#2082)    ,(#2083,#2084    )),.UNSPECIFIED.,.F.,.F.,.F.,(2,2),(2,2),(0.,0.762001524003),(    -0.762001524003,0.),.PIECEWISE_BEZIER_KNOTS.);
#2081 = CARTESIAN_POINT('',(1.,0.650012700025,0.));
#2082 = CARTESIAN_POINT('',(1.,-0.649987299975,0.));
#2083 = CARTESIAN_POINT('',(1.,0.650012700025,0.762001524003));
#2084 = CARTESIAN_POINT('',(1.,-0.649987299975,0.762001524003));
#2085 = ADVANCED_FACE('',(#2086),#2100,.F.);
#2086 = FACE_BOUND('',#2087,.F.);
#2087 = EDGE_LOOP('',(#2088,#2093,#2094,#2099));
#2088 = ORIENTED_EDGE('',*,*,#2089,.F.);
#2089 = EDGE_CURVE('',#2018,#2054,#2090,.T.);
#2090 = B_SPLINE_CURVE_WITH_KNOTS('',1,(#2091,#2092),.UNSPECIFIED.,.F.,  .F.,(2,2),(0.,0.762001524003),.PIECEWISE_BEZIER_KNOTS.);
#2091 = CARTESIAN_POINT('',(-1.,-0.649987299975,0.));
#2092 = CARTESIAN_POINT('',(1.,-0.649987299975,0.));
#2093 = ORIENTED_EDGE('',*,*,#2017,.T.);
#2094 = ORIENTED_EDGE('',*,*,#2095,.T.);
#2095 = EDGE_CURVE('',#2020,#2056,#2096,.T.);
#2096 = B_SPLINE_CURVE_WITH_KNOTS('',1,(#2097,#2098),.UNSPECIFIED.,.F.,  .F.,(2,2),(0.,0.762001524003),.PIECEWISE_BEZIER_KNOTS.);
#2097 = CARTESIAN_POINT('',(-1.,-0.649987299975,0.762001524003));
#2098 = CARTESIAN_POINT('',(1.,-0.649987299975,0.762001524003));
#2099 = ORIENTED_EDGE('',*,*,#2053,.F.);
#2100 = B_SPLINE_SURFACE_WITH_KNOTS('',1,1,(    (#2101,#2102)    ,(#2103,#2104    )),.UNSPECIFIED.,.F.,.F.,.F.,(2,2),(2,2),(0.,0.762001524003),(0.,    0.762001524003),.PIECEWISE_BEZIER_KNOTS.);
#2101 = CARTESIAN_POINT('',(-1.,-0.649987299975,0.));
#2102 = CARTESIAN_POINT('',(1.,-0.649987299975,0.));
#2103 = CARTESIAN_POINT('',(-1.,-0.649987299975,0.762001524003));
#2104 = CARTESIAN_POINT('',(1.,-0.649987299975,0.762001524003));
#2105 = ADVANCED_FACE('',(#2106),#2120,.T.);
#2106 = FACE_BOUND('',#2107,.T.);
#2107 = EDGE_LOOP('',(#2108,#2113,#2114,#2119));
#2108 = ORIENTED_EDGE('',*,*,#2109,.F.);
#2109 = EDGE_CURVE('',#2027,#2063,#2110,.T.);
#2110 = B_SPLINE_CURVE_WITH_KNOTS('',1,(#2111,#2112),.UNSPECIFIED.,.F.,  .F.,(2,2),(0.,0.762001524003),.PIECEWISE_BEZIER_KNOTS.);
#2111 = CARTESIAN_POINT('',(-1.,0.650012700025,0.));
#2112 = CARTESIAN_POINT('',(1.,0.650012700025,0.));
#2113 = ORIENTED_EDGE('',*,*,#2033,.T.);
#2114 = ORIENTED_EDGE('',*,*,#2115,.T.);
#2115 = EDGE_CURVE('',#2034,#2070,#2116,.T.);
#2116 = B_SPLINE_CURVE_WITH_KNOTS('',1,(#2117,#2118),.UNSPECIFIED.,.F.,  .F.,(2,2),(0.,0.762001524003),.PIECEWISE_BEZIER_KNOTS.);
#2117 = CARTESIAN_POINT('',(-1.,0.650012700025,0.762001524003));
#2118 = CARTESIAN_POINT('',(1.,0.650012700025,0.762001524003));
#2119 = ORIENTED_EDGE('',*,*,#2069,.F.);
#2120 = B_SPLINE_SURFACE_WITH_KNOTS('',1,1,(    (#2121,#2122)    ,(#2123,#2124    )),.UNSPECIFIED.,.F.,.F.,.F.,(2,2),(2,2),(0.,0.762001524003),(0.,    0.762001524003),.PIECEWISE_BEZIER_KNOTS.);
#2121 = CARTESIAN_POINT('',(-1.,0.650012700025,0.));
#2122 = CARTESIAN_POINT('',(1.,0.650012700025,0.));
#2123 = CARTESIAN_POINT('',(-1.,0.650012700025,0.762001524003));
#2124 = CARTESIAN_POINT('',(1.,0.650012700025,0.762001524003));
#2125 = ADVANCED_FACE('',(#2126),#2132,.F.);
#2126 = FACE_BOUND('',#2127,.F.);
#2127 = EDGE_LOOP('',(#2128,#2129,#2130,#2131));
#2128 = ORIENTED_EDGE('',*,*,#2026,.F.);
#2129 = ORIENTED_EDGE('',*,*,#2089,.T.);
#2130 = ORIENTED_EDGE('',*,*,#2062,.T.);
#2131 = ORIENTED_EDGE('',*,*,#2109,.F.);
#2132 = B_SPLINE_SURFACE_WITH_KNOTS('',1,1,(    (#2133,#2134)    ,(#2135,#2136    )),.UNSPECIFIED.,.F.,.F.,.F.,(2,2),(2,2),(0.,0.762001524003),(0.,    0.762001524003),.PIECEWISE_BEZIER_KNOTS.);
#2133 = CARTESIAN_POINT('',(-1.,-0.649987299975,0.));
#2134 = CARTESIAN_POINT('',(-1.,0.650012700025,0.));
#2135 = CARTESIAN_POINT('',(1.,-0.649987299975,0.));
#2136 = CARTESIAN_POINT('',(1.,0.650012700025,0.));
#2137 = ADVANCED_FACE('',(#2138),#2144,.T.);
#2138 = FACE_BOUND('',#2139,.T.);
#2139 = EDGE_LOOP('',(#2140,#2141,#2142,#2143));
#2140 = ORIENTED_EDGE('',*,*,#2040,.F.);
#2141 = ORIENTED_EDGE('',*,*,#2095,.T.);
#2142 = ORIENTED_EDGE('',*,*,#2076,.T.);
#2143 = ORIENTED_EDGE('',*,*,#2115,.F.);
#2144 = B_SPLINE_SURFACE_WITH_KNOTS('',1,1,(    (#2145,#2146)    ,(#2147,#2148    )),.UNSPECIFIED.,.F.,.F.,.F.,(2,2),(2,2),(0.,0.762001524003),(0.,    0.762001524003),.PIECEWISE_BEZIER_KNOTS.);
#2145 = CARTESIAN_POINT('',(-1.,-0.649987299975,0.762001524003));
#2146 = CARTESIAN_POINT('',(-1.,0.650012700025,0.762001524003));
#2147 = CARTESIAN_POINT('',(1.,-0.649987299975,0.762001524003));
#2148 = CARTESIAN_POINT('',(1.,0.650012700025,0.762001524003));
#2149 = ( GEOMETRIC_REPRESENTATION_CONTEXT(3) GLOBAL_UNCERTAINTY_ASSIGNED_CONTEXT((#2153)) GLOBAL_UNIT_ASSIGNED_CONTEXT((#2150,#2151,#2152)) REPRESENTATION_CONTEXT('Context #1','3D Context with UNIT and UNCERTAINTY') );
#2150 = ( LENGTH_UNIT() NAMED_UNIT(*) SI_UNIT(.MILLI.,.METRE.) );
#2151 = ( NAMED_UNIT(*) PLANE_ANGLE_UNIT() SI_UNIT($,.RADIAN.) );
#2152 = ( NAMED_UNIT(*) SI_UNIT($,.STERADIAN.) SOLID_ANGLE_UNIT() );
#2153 = UNCERTAINTY_MEASURE_WITH_UNIT(LENGTH_MEASURE(2.E-07),#2150,  'distance_accuracy_value','confusion accuracy');
#2154 = CONTEXT_DEPENDENT_SHAPE_REPRESENTATION(#2155,#2157);
#2155 = ( REPRESENTATION_RELATIONSHIP('','',#2010,#1987) REPRESENTATION_RELATIONSHIP_WITH_TRANSFORMATION(#2156) SHAPE_REPRESENTATION_RELATIONSHIP() );
#2156 = ITEM_DEFINED_TRANSFORMATION('','',#11,#1988);
#2157 = PRODUCT_DEFINITION_SHAPE('Placement','Placement of an item',  #2158);
#2158 = NEXT_ASSEMBLY_USAGE_OCCURRENCE('6','=>[0:1:1:7]','',#1982,#2005,  $);
#2159 = PRODUCT_RELATED_PRODUCT_CATEGORY('part',$,(#2007));
#2160 = SHAPE_DEFINITION_REPRESENTATION(#2161,#2167);
#2161 = PRODUCT_DEFINITION_SHAPE('','',#2162);
#2162 = PRODUCT_DEFINITION('design','',#2163,#2166);
#2163 = PRODUCT_DEFINITION_FORMATION('','',#2164);
#2164 = PRODUCT('C4~C0805~C0805_L2.0-W1.3-H1.3~zL8V',  'C4~C0805~C0805_L2.0-W1.3-H1.3~zL8V','',(#2165));
#2165 = PRODUCT_CONTEXT('',#2,'mechanical');
#2166 = PRODUCT_DEFINITION_CONTEXT('part definition',#2,'design');
#2167 = SHAPE_REPRESENTATION('',(#11,#2168),#2172);
#2168 = AXIS2_PLACEMENT_3D('',#2169,#2170,#2171);
#2169 = CARTESIAN_POINT('',(0.,0.,0.));
#2170 = DIRECTION('',(0.,0.,1.));
#2171 = DIRECTION('',(1.,0.,-0.));
#2172 = ( GEOMETRIC_REPRESENTATION_CONTEXT(3) GLOBAL_UNCERTAINTY_ASSIGNED_CONTEXT((#2176)) GLOBAL_UNIT_ASSIGNED_CONTEXT((#2173,#2174,#2175)) REPRESENTATION_CONTEXT('Context #1','3D Context with UNIT and UNCERTAINTY') );
#2173 = ( LENGTH_UNIT() NAMED_UNIT(*) SI_UNIT(.MILLI.,.METRE.) );
#2174 = ( NAMED_UNIT(*) PLANE_ANGLE_UNIT() SI_UNIT($,.RADIAN.) );
#2175 = ( NAMED_UNIT(*) SI_UNIT($,.STERADIAN.) SOLID_ANGLE_UNIT() );
#2176 = UNCERTAINTY_MEASURE_WITH_UNIT(LENGTH_MEASURE(2.E-07),#2173,  'distance_accuracy_value','confusion accuracy');
#2177 = CONTEXT_DEPENDENT_SHAPE_REPRESENTATION(#2178,#2180);
#2178 = ( REPRESENTATION_RELATIONSHIP('','',#2167,#10) REPRESENTATION_RELATIONSHIP_WITH_TRANSFORMATION(#2179) SHAPE_REPRESENTATION_RELATIONSHIP() );
#2179 = ITEM_DEFINED_TRANSFORMATION('','',#11,#39);
#2180 = PRODUCT_DEFINITION_SHAPE('Placement','Placement of an item',  #2181);
#2181 = NEXT_ASSEMBLY_USAGE_OCCURRENCE('9','=>[0:1:1:9]','',#5,#2162,$);
#2182 = PRODUCT_RELATED_PRODUCT_CATEGORY('part',$,(#2164));
#2183 = CONTEXT_DEPENDENT_SHAPE_REPRESENTATION(#2184,#2186);
#2184 = ( REPRESENTATION_RELATIONSHIP('','',#2010,#2167) REPRESENTATION_RELATIONSHIP_WITH_TRANSFORMATION(#2185) SHAPE_REPRESENTATION_RELATIONSHIP() );
#2185 = ITEM_DEFINED_TRANSFORMATION('','',#11,#2168);
#2186 = PRODUCT_DEFINITION_SHAPE('Placement','Placement of an item',  #2187);
#2187 = NEXT_ASSEMBLY_USAGE_OCCURRENCE('8','','',#2162,#2005,$);
#2188 = SHAPE_DEFINITION_REPRESENTATION(#2189,#2195);
#2189 = PRODUCT_DEFINITION_SHAPE('','',#2190);
#2190 = PRODUCT_DEFINITION('design','',#2191,#2194);
#2191 = PRODUCT_DEFINITION_FORMATION('','',#2192);
#2192 = PRODUCT('C6~C0805~C0805_L2.0-W1.3-H1.3~zL8V',  'C6~C0805~C0805_L2.0-W1.3-H1.3~zL8V','',(#2193));
#2193 = PRODUCT_CONTEXT('',#2,'mechanical');
#2194 = PRODUCT_DEFINITION_CONTEXT('part definition',#2,'design');
#2195 = SHAPE_REPRESENTATION('',(#11,#2196),#2200);
#2196 = AXIS2_PLACEMENT_3D('',#2197,#2198,#2199);
#2197 = CARTESIAN_POINT('',(0.,0.,0.));
#2198 = DIRECTION('',(0.,0.,1.));
#2199 = DIRECTION('',(1.,0.,-0.));
#2200 = ( GEOMETRIC_REPRESENTATION_CONTEXT(3) GLOBAL_UNCERTAINTY_ASSIGNED_CONTEXT((#2204)) GLOBAL_UNIT_ASSIGNED_CONTEXT((#2201,#2202,#2203)) REPRESENTATION_CONTEXT('Context #1','3D Context with UNIT and UNCERTAINTY') );
#2201 = ( LENGTH_UNIT() NAMED_UNIT(*) SI_UNIT(.MILLI.,.METRE.) );
#2202 = ( NAMED_UNIT(*) PLANE_ANGLE_UNIT() SI_UNIT($,.RADIAN.) );
#2203 = ( NAMED_UNIT(*) SI_UNIT($,.STERADIAN.) SOLID_ANGLE_UNIT() );
#2204 = UNCERTAINTY_MEASURE_WITH_UNIT(LENGTH_MEASURE(2.E-07),#2201,  'distance_accuracy_value','confusion accuracy');
#2205 = CONTEXT_DEPENDENT_SHAPE_REPRESENTATION(#2206,#2208);
#2206 = ( REPRESENTATION_RELATIONSHIP('','',#2195,#10) REPRESENTATION_RELATIONSHIP_WITH_TRANSFORMATION(#2207) SHAPE_REPRESENTATION_RELATIONSHIP() );
#2207 = ITEM_DEFINED_TRANSFORMATION('','',#11,#43);
#2208 = PRODUCT_DEFINITION_SHAPE('Placement','Placement of an item',  #2209);
#2209 = NEXT_ASSEMBLY_USAGE_OCCURRENCE('11','=>[0:1:1:10]','',#5,#2190,$  );
#2210 = PRODUCT_RELATED_PRODUCT_CATEGORY('part',$,(#2192));
#2211 = CONTEXT_DEPENDENT_SHAPE_REPRESENTATION(#2212,#2214);
#2212 = ( REPRESENTATION_RELATIONSHIP('','',#2010,#2195) REPRESENTATION_RELATIONSHIP_WITH_TRANSFORMATION(#2213) SHAPE_REPRESENTATION_RELATIONSHIP() );
#2213 = ITEM_DEFINED_TRANSFORMATION('','',#11,#2196);
#2214 = PRODUCT_DEFINITION_SHAPE('Placement','Placement of an item',  #2215);
#2215 = NEXT_ASSEMBLY_USAGE_OCCURRENCE('10','','',#2190,#2005,$);
#2216 = SHAPE_DEFINITION_REPRESENTATION(#2217,#2223);
#2217 = PRODUCT_DEFINITION_SHAPE('','',#2218);
#2218 = PRODUCT_DEFINITION('design','',#2219,#2222);
#2219 = PRODUCT_DEFINITION_FORMATION('','',#2220);
#2220 = PRODUCT('C7~C0805~C0805_L2.0-W1.3-H1.3~zL8V',  'C7~C0805~C0805_L2.0-W1.3-H1.3~zL8V','',(#2221));
#2221 = PRODUCT_CONTEXT('',#2,'mechanical');
#2222 = PRODUCT_DEFINITION_CONTEXT('part definition',#2,'design');
#2223 = SHAPE_REPRESENTATION('',(#11,#2224),#2228);
#2224 = AXIS2_PLACEMENT_3D('',#2225,#2226,#2227);
#2225 = CARTESIAN_POINT('',(0.,0.,0.));
#2226 = DIRECTION('',(0.,0.,1.));
#2227 = DIRECTION('',(1.,0.,-0.));
#2228 = ( GEOMETRIC_REPRESENTATION_CONTEXT(3) GLOBAL_UNCERTAINTY_ASSIGNED_CONTEXT((#2232)) GLOBAL_UNIT_ASSIGNED_CONTEXT((#2229,#2230,#2231)) REPRESENTATION_CONTEXT('Context #1','3D Context with UNIT and UNCERTAINTY') );
#2229 = ( LENGTH_UNIT() NAMED_UNIT(*) SI_UNIT(.MILLI.,.METRE.) );
#2230 = ( NAMED_UNIT(*) PLANE_ANGLE_UNIT() SI_UNIT($,.RADIAN.) );
#2231 = ( NAMED_UNIT(*) SI_UNIT($,.STERADIAN.) SOLID_ANGLE_UNIT() );
#2232 = UNCERTAINTY_MEASURE_WITH_UNIT(LENGTH_MEASURE(2.E-07),#2229,  'distance_accuracy_value','confusion accuracy');
#2233 = CONTEXT_DEPENDENT_SHAPE_REPRESENTATION(#2234,#2236);
#2234 = ( REPRESENTATION_RELATIONSHIP('','',#2223,#10) REPRESENTATION_RELATIONSHIP_WITH_TRANSFORMATION(#2235) SHAPE_REPRESENTATION_RELATIONSHIP() );
#2235 = ITEM_DEFINED_TRANSFORMATION('','',#11,#47);
#2236 = PRODUCT_DEFINITION_SHAPE('Placement','Placement of an item',  #2237);
#2237 = NEXT_ASSEMBLY_USAGE_OCCURRENCE('13','=>[0:1:1:11]','',#5,#2218,$  );
#2238 = PRODUCT_RELATED_PRODUCT_CATEGORY('part',$,(#2220));
#2239 = CONTEXT_DEPENDENT_SHAPE_REPRESENTATION(#2240,#2242);
#2240 = ( REPRESENTATION_RELATIONSHIP('','',#2010,#2223) REPRESENTATION_RELATIONSHIP_WITH_TRANSFORMATION(#2241) SHAPE_REPRESENTATION_RELATIONSHIP() );
#2241 = ITEM_DEFINED_TRANSFORMATION('','',#11,#2224);
#2242 = PRODUCT_DEFINITION_SHAPE('Placement','Placement of an item',  #2243);
#2243 = NEXT_ASSEMBLY_USAGE_OCCURRENCE('12','','',#2218,#2005,$);
#2244 = SHAPE_DEFINITION_REPRESENTATION(#2245,#2251);
#2245 = PRODUCT_DEFINITION_SHAPE('','',#2246);
#2246 = PRODUCT_DEFINITION('design','',#2247,#2250);
#2247 = PRODUCT_DEFINITION_FORMATION('','',#2248);
#2248 = PRODUCT('C8~C0805~C0805_L2.0-W1.3-H1.3~zL8V',  'C8~C0805~C0805_L2.0-W1.3-H1.3~zL8V','',(#2249));
#2249 = PRODUCT_CONTEXT('',#2,'mechanical');
#2250 = PRODUCT_DEFINITION_CONTEXT('part definition',#2,'design');
#2251 = SHAPE_REPRESENTATION('',(#11,#2252),#2256);
#2252 = AXIS2_PLACEMENT_3D('',#2253,#2254,#2255);
#2253 = CARTESIAN_POINT('',(0.,0.,0.));
#2254 = DIRECTION('',(0.,0.,1.));
#2255 = DIRECTION('',(1.,0.,-0.));
#2256 = ( GEOMETRIC_REPRESENTATION_CONTEXT(3) GLOBAL_UNCERTAINTY_ASSIGNED_CONTEXT((#2260)) GLOBAL_UNIT_ASSIGNED_CONTEXT((#2257,#2258,#2259)) REPRESENTATION_CONTEXT('Context #1','3D Context with UNIT and UNCERTAINTY') );
#2257 = ( LENGTH_UNIT() NAMED_UNIT(*) SI_UNIT(.MILLI.,.METRE.) );
#2258 = ( NAMED_UNIT(*) PLANE_ANGLE_UNIT() SI_UNIT($,.RADIAN.) );
#2259 = ( NAMED_UNIT(*) SI_UNIT($,.STERADIAN.) SOLID_ANGLE_UNIT() );
#2260 = UNCERTAINTY_MEASURE_WITH_UNIT(LENGTH_MEASURE(2.E-07),#2257,  'distance_accuracy_value','confusion accuracy');
#2261 = CONTEXT_DEPENDENT_SHAPE_REPRESENTATION(#2262,#2264);
#2262 = ( REPRESENTATION_RELATIONSHIP('','',#2251,#10) REPRESENTATION_RELATIONSHIP_WITH_TRANSFORMATION(#2263) SHAPE_REPRESENTATION_RELATIONSHIP() );
#2263 = ITEM_DEFINED_TRANSFORMATION('','',#11,#51);
#2264 = PRODUCT_DEFINITION_SHAPE('Placement','Placement of an item',  #2265);
#2265 = NEXT_ASSEMBLY_USAGE_OCCURRENCE('15','=>[0:1:1:12]','',#5,#2246,$  );
#2266 = PRODUCT_RELATED_PRODUCT_CATEGORY('part',$,(#2248));
#2267 = CONTEXT_DEPENDENT_SHAPE_REPRESENTATION(#2268,#2270);
#2268 = ( REPRESENTATION_RELATIONSHIP('','',#2010,#2251) REPRESENTATION_RELATIONSHIP_WITH_TRANSFORMATION(#2269) SHAPE_REPRESENTATION_RELATIONSHIP() );
#2269 = ITEM_DEFINED_TRANSFORMATION('','',#11,#2252);
#2270 = PRODUCT_DEFINITION_SHAPE('Placement','Placement of an item',  #2271);
#2271 = NEXT_ASSEMBLY_USAGE_OCCURRENCE('14','','',#2246,#2005,$);
#2272 = SHAPE_DEFINITION_REPRESENTATION(#2273,#2279);
#2273 = PRODUCT_DEFINITION_SHAPE('','',#2274);
#2274 = PRODUCT_DEFINITION('design','',#2275,#2278);
#2275 = PRODUCT_DEFINITION_FORMATION('','',#2276);
#2276 = PRODUCT('C9~C0805~C0805_L2.0-W1.3-H1.3~zL8V',  'C9~C0805~C0805_L2.0-W1.3-H1.3~zL8V','',(#2277));
#2277 = PRODUCT_CONTEXT('',#2,'mechanical');
#2278 = PRODUCT_DEFINITION_CONTEXT('part definition',#2,'design');
#2279 = SHAPE_REPRESENTATION('',(#11,#2280),#2284);
#2280 = AXIS2_PLACEMENT_3D('',#2281,#2282,#2283);
#2281 = CARTESIAN_POINT('',(0.,0.,0.));
#2282 = DIRECTION('',(0.,0.,1.));
#2283 = DIRECTION('',(1.,0.,-0.));
#2284 = ( GEOMETRIC_REPRESENTATION_CONTEXT(3) GLOBAL_UNCERTAINTY_ASSIGNED_CONTEXT((#2288)) GLOBAL_UNIT_ASSIGNED_CONTEXT((#2285,#2286,#2287)) REPRESENTATION_CONTEXT('Context #1','3D Context with UNIT and UNCERTAINTY') );
#2285 = ( LENGTH_UNIT() NAMED_UNIT(*) SI_UNIT(.MILLI.,.METRE.) );
#2286 = ( NAMED_UNIT(*) PLANE_ANGLE_UNIT() SI_UNIT($,.RADIAN.) );
#2287 = ( NAMED_UNIT(*) SI_UNIT($,.STERADIAN.) SOLID_ANGLE_UNIT() );
#2288 = UNCERTAINTY_MEASURE_WITH_UNIT(LENGTH_MEASURE(2.E-07),#2285,  'distance_accuracy_value','confusion accuracy');
#2289 = CONTEXT_DEPENDENT_SHAPE_REPRESENTATION(#2290,#2292);
#2290 = ( REPRESENTATION_RELATIONSHIP('','',#2279,#10) REPRESENTATION_RELATIONSHIP_WITH_TRANSFORMATION(#2291) SHAPE_REPRESENTATION_RELATIONSHIP() );
#2291 = ITEM_DEFINED_TRANSFORMATION('','',#11,#55);
#2292 = PRODUCT_DEFINITION_SHAPE('Placement','Placement of an item',  #2293);
#2293 = NEXT_ASSEMBLY_USAGE_OCCURRENCE('17','=>[0:1:1:13]','',#5,#2274,$  );
#2294 = PRODUCT_RELATED_PRODUCT_CATEGORY('part',$,(#2276));
#2295 = CONTEXT_DEPENDENT_SHAPE_REPRESENTATION(#2296,#2298);
#2296 = ( REPRESENTATION_RELATIONSHIP('','',#2010,#2279) REPRESENTATION_RELATIONSHIP_WITH_TRANSFORMATION(#2297) SHAPE_REPRESENTATION_RELATIONSHIP() );
#2297 = ITEM_DEFINED_TRANSFORMATION('','',#11,#2280);
#2298 = PRODUCT_DEFINITION_SHAPE('Placement','Placement of an item',  #2299);
#2299 = NEXT_ASSEMBLY_USAGE_OCCURRENCE('16','','',#2274,#2005,$);
#2300 = SHAPE_DEFINITION_REPRESENTATION(#2301,#2307);
#2301 = PRODUCT_DEFINITION_SHAPE('','',#2302);
#2302 = PRODUCT_DEFINITION('design','',#2303,#2306);
#2303 = PRODUCT_DEFINITION_FORMATION('','',#2304);
#2304 = PRODUCT('C11~C0805~C0805_L2.0-W1.3-H1.3~zL8V',  'C11~C0805~C0805_L2.0-W1.3-H1.3~zL8V','',(#2305));
#2305 = PRODUCT_CONTEXT('',#2,'mechanical');
#2306 = PRODUCT_DEFINITION_CONTEXT('part definition',#2,'design');
#2307 = SHAPE_REPRESENTATION('',(#11,#2308),#2312);
#2308 = AXIS2_PLACEMENT_3D('',#2309,#2310,#2311);
#2309 = CARTESIAN_POINT('',(0.,0.,0.));
#2310 = DIRECTION('',(0.,0.,1.));
#2311 = DIRECTION('',(1.,0.,-0.));
#2312 = ( GEOMETRIC_REPRESENTATION_CONTEXT(3) GLOBAL_UNCERTAINTY_ASSIGNED_CONTEXT((#2316)) GLOBAL_UNIT_ASSIGNED_CONTEXT((#2313,#2314,#2315)) REPRESENTATION_CONTEXT('Context #1','3D Context with UNIT and UNCERTAINTY') );
#2313 = ( LENGTH_UNIT() NAMED_UNIT(*) SI_UNIT(.MILLI.,.METRE.) );
#2314 = ( NAMED_UNIT(*) PLANE_ANGLE_UNIT() SI_UNIT($,.RADIAN.) );
#2315 = ( NAMED_UNIT(*) SI_UNIT($,.STERADIAN.) SOLID_ANGLE_UNIT() );
#2316 = UNCERTAINTY_MEASURE_WITH_UNIT(LENGTH_MEASURE(2.E-07),#2313,  'distance_accuracy_value','confusion accuracy');
#2317 = CONTEXT_DEPENDENT_SHAPE_REPRESENTATION(#2318,#2320);
#2318 = ( REPRESENTATION_RELATIONSHIP('','',#2307,#10) REPRESENTATION_RELATIONSHIP_WITH_TRANSFORMATION(#2319) SHAPE_REPRESENTATION_RELATIONSHIP() );
#2319 = ITEM_DEFINED_TRANSFORMATION('','',#11,#59);
#2320 = PRODUCT_DEFINITION_SHAPE('Placement','Placement of an item',  #2321);
#2321 = NEXT_ASSEMBLY_USAGE_OCCURRENCE('19','=>[0:1:1:14]','',#5,#2302,$  );
#2322 = PRODUCT_RELATED_PRODUCT_CATEGORY('part',$,(#2304));
#2323 = CONTEXT_DEPENDENT_SHAPE_REPRESENTATION(#2324,#2326);
#2324 = ( REPRESENTATION_RELATIONSHIP('','',#2010,#2307) REPRESENTATION_RELATIONSHIP_WITH_TRANSFORMATION(#2325) SHAPE_REPRESENTATION_RELATIONSHIP() );
#2325 = ITEM_DEFINED_TRANSFORMATION('','',#11,#2308);
#2326 = PRODUCT_DEFINITION_SHAPE('Placement','Placement of an item',  #2327);
#2327 = NEXT_ASSEMBLY_USAGE_OCCURRENCE('18','','',#2302,#2005,$);
#2328 = SHAPE_DEFINITION_REPRESENTATION(#2329,#2335);
#2329 = PRODUCT_DEFINITION_SHAPE('','',#2330);
#2330 = PRODUCT_DEFINITION('design','',#2331,#2334);
#2331 = PRODUCT_DEFINITION_FORMATION('','',#2332);
#2332 = PRODUCT('C12~C0805~C0805_L2.0-W1.3-H1.3~zL8V',  'C12~C0805~C0805_L2.0-W1.3-H1.3~zL8V','',(#2333));
#2333 = PRODUCT_CONTEXT('',#2,'mechanical');
#2334 = PRODUCT_DEFINITION_CONTEXT('part definition',#2,'design');
#2335 = SHAPE_REPRESENTATION('',(#11,#2336),#2340);
#2336 = AXIS2_PLACEMENT_3D('',#2337,#2338,#2339);
#2337 = CARTESIAN_POINT('',(0.,0.,0.));
#2338 = DIRECTION('',(0.,0.,1.));
#2339 = DIRECTION('',(1.,0.,-0.));
#2340 = ( GEOMETRIC_REPRESENTATION_CONTEXT(3) GLOBAL_UNCERTAINTY_ASSIGNED_CONTEXT((#2344)) GLOBAL_UNIT_ASSIGNED_CONTEXT((#2341,#2342,#2343)) REPRESENTATION_CONTEXT('Context #1','3D Context with UNIT and UNCERTAINTY') );
#2341 = ( LENGTH_UNIT() NAMED_UNIT(*) SI_UNIT(.MILLI.,.METRE.) );
#2342 = ( NAMED_UNIT(*) PLANE_ANGLE_UNIT() SI_UNIT($,.RADIAN.) );
#2343 = ( NAMED_UNIT(*) SI_UNIT($,.STERADIAN.) SOLID_ANGLE_UNIT() );
#2344 = UNCERTAINTY_MEASURE_WITH_UNIT(LENGTH_MEASURE(2.E-07),#2341,  'distance_accuracy_value','confusion accuracy');
#2345 = CONTEXT_DEPENDENT_SHAPE_REPRESENTATION(#2346,#2348);
#2346 = ( REPRESENTATION_RELATIONSHIP('','',#2335,#10) REPRESENTATION_RELATIONSHIP_WITH_TRANSFORMATION(#2347) SHAPE_REPRESENTATION_RELATIONSHIP() );
#2347 = ITEM_DEFINED_TRANSFORMATION('','',#11,#63);
#2348 = PRODUCT_DEFINITION_SHAPE('Placement','Placement of an item',  #2349);
#2349 = NEXT_ASSEMBLY_USAGE_OCCURRENCE('21','=>[0:1:1:15]','',#5,#2330,$  );
#2350 = PRODUCT_RELATED_PRODUCT_CATEGORY('part',$,(#2332));
#2351 = CONTEXT_DEPENDENT_SHAPE_REPRESENTATION(#2352,#2354);
#2352 = ( REPRESENTATION_RELATIONSHIP('','',#2010,#2335) REPRESENTATION_RELATIONSHIP_WITH_TRANSFORMATION(#2353) SHAPE_REPRESENTATION_RELATIONSHIP() );
#2353 = ITEM_DEFINED_TRANSFORMATION('','',#11,#2336);
#2354 = PRODUCT_DEFINITION_SHAPE('Placement','Placement of an item',  #2355);
#2355 = NEXT_ASSEMBLY_USAGE_OCCURRENCE('20','','',#2330,#2005,$);
#2356 = SHAPE_DEFINITION_REPRESENTATION(#2357,#2363);
#2357 = PRODUCT_DEFINITION_SHAPE('','',#2358);
#2358 = PRODUCT_DEFINITION('design','',#2359,#2362);
#2359 = PRODUCT_DEFINITION_FORMATION('','',#2360);
#2360 = PRODUCT('C13~C0805~C0805_L2.0-W1.3-H1.3~zL8V',  'C13~C0805~C0805_L2.0-W1.3-H1.3~zL8V','',(#2361));
#2361 = PRODUCT_CONTEXT('',#2,'mechanical');
#2362 = PRODUCT_DEFINITION_CONTEXT('part definition',#2,'design');
#2363 = SHAPE_REPRESENTATION('',(#11,#2364),#2368);
#2364 = AXIS2_PLACEMENT_3D('',#2365,#2366,#2367);
#2365 = CARTESIAN_POINT('',(0.,0.,0.));
#2366 = DIRECTION('',(0.,0.,1.));
#2367 = DIRECTION('',(1.,0.,-0.));
#2368 = ( GEOMETRIC_REPRESENTATION_CONTEXT(3) GLOBAL_UNCERTAINTY_ASSIGNED_CONTEXT((#2372)) GLOBAL_UNIT_ASSIGNED_CONTEXT((#2369,#2370,#2371)) REPRESENTATION_CONTEXT('Context #1','3D Context with UNIT and UNCERTAINTY') );
#2369 = ( LENGTH_UNIT() NAMED_UNIT(*) SI_UNIT(.MILLI.,.METRE.) );
#2370 = ( NAMED_UNIT(*) PLANE_ANGLE_UNIT() SI_UNIT($,.RADIAN.) );
#2371 = ( NAMED_UNIT(*) SI_UNIT($,.STERADIAN.) SOLID_ANGLE_UNIT() );
#2372 = UNCERTAINTY_MEASURE_WITH_UNIT(LENGTH_MEASURE(2.E-07),#2369,  'distance_accuracy_value','confusion accuracy');
#2373 = CONTEXT_DEPENDENT_SHAPE_REPRESENTATION(#2374,#2376);
#2374 = ( REPRESENTATION_RELATIONSHIP('','',#2363,#10) REPRESENTATION_RELATIONSHIP_WITH_TRANSFORMATION(#2375) SHAPE_REPRESENTATION_RELATIONSHIP() );
#2375 = ITEM_DEFINED_TRANSFORMATION('','',#11,#67);
#2376 = PRODUCT_DEFINITION_SHAPE('Placement','Placement of an item',  #2377);
#2377 = NEXT_ASSEMBLY_USAGE_OCCURRENCE('23','=>[0:1:1:16]','',#5,#2358,$  );
#2378 = PRODUCT_RELATED_PRODUCT_CATEGORY('part',$,(#2360));
#2379 = CONTEXT_DEPENDENT_SHAPE_REPRESENTATION(#2380,#2382);
#2380 = ( REPRESENTATION_RELATIONSHIP('','',#2010,#2363) REPRESENTATION_RELATIONSHIP_WITH_TRANSFORMATION(#2381) SHAPE_REPRESENTATION_RELATIONSHIP() );
#2381 = ITEM_DEFINED_TRANSFORMATION('','',#11,#2364);
#2382 = PRODUCT_DEFINITION_SHAPE('Placement','Placement of an item',  #2383);
#2383 = NEXT_ASSEMBLY_USAGE_OCCURRENCE('22','','',#2358,#2005,$);
#2384 = SHAPE_DEFINITION_REPRESENTATION(#2385,#2391);
#2385 = PRODUCT_DEFINITION_SHAPE('','',#2386);
#2386 = PRODUCT_DEFINITION('design','',#2387,#2390);
#2387 = PRODUCT_DEFINITION_FORMATION('','',#2388);
#2388 = PRODUCT('C14~C0805~C0805_L2.0-W1.3-H1.3~zL8V',  'C14~C0805~C0805_L2.0-W1.3-H1.3~zL8V','',(#2389));
#2389 = PRODUCT_CONTEXT('',#2,'mechanical');
#2390 = PRODUCT_DEFINITION_CONTEXT('part definition',#2,'design');
#2391 = SHAPE_REPRESENTATION('',(#11,#2392),#2396);
#2392 = AXIS2_PLACEMENT_3D('',#2393,#2394,#2395);
#2393 = CARTESIAN_POINT('',(0.,0.,0.));
#2394 = DIRECTION('',(0.,0.,1.));
#2395 = DIRECTION('',(1.,0.,-0.));
#2396 = ( GEOMETRIC_REPRESENTATION_CONTEXT(3) GLOBAL_UNCERTAINTY_ASSIGNED_CONTEXT((#2400)) GLOBAL_UNIT_ASSIGNED_CONTEXT((#2397,#2398,#2399)) REPRESENTATION_CONTEXT('Context #1','3D Context with UNIT and UNCERTAINTY') );
#2397 = ( LENGTH_UNIT() NAMED_UNIT(*) SI_UNIT(.MILLI.,.METRE.) );
#2398 = ( NAMED_UNIT(*) PLANE_ANGLE_UNIT() SI_UNIT($,.RADIAN.) );
#2399 = ( NAMED_UNIT(*) SI_UNIT($,.STERADIAN.) SOLID_ANGLE_UNIT() );
#2400 = UNCERTAINTY_MEASURE_WITH_UNIT(LENGTH_MEASURE(2.E-07),#2397,  'distance_accuracy_value','confusion accuracy');
#2401 = CONTEXT_DEPENDENT_SHAPE_REPRESENTATION(#2402,#2404);
#2402 = ( REPRESENTATION_RELATIONSHIP('','',#2391,#10) REPRESENTATION_RELATIONSHIP_WITH_TRANSFORMATION(#2403) SHAPE_REPRESENTATION_RELATIONSHIP() );
#2403 = ITEM_DEFINED_TRANSFORMATION('','',#11,#71);
#2404 = PRODUCT_DEFINITION_SHAPE('Placement','Placement of an item',  #2405);
#2405 = NEXT_ASSEMBLY_USAGE_OCCURRENCE('25','=>[0:1:1:17]','',#5,#2386,$  );
#2406 = PRODUCT_RELATED_PRODUCT_CATEGORY('part',$,(#2388));
#2407 = CONTEXT_DEPENDENT_SHAPE_REPRESENTATION(#2408,#2410);
#2408 = ( REPRESENTATION_RELATIONSHIP('','',#2010,#2391) REPRESENTATION_RELATIONSHIP_WITH_TRANSFORMATION(#2409) SHAPE_REPRESENTATION_RELATIONSHIP() );
#2409 = ITEM_DEFINED_TRANSFORMATION('','',#11,#2392);
#2410 = PRODUCT_DEFINITION_SHAPE('Placement','Placement of an item',  #2411);
#2411 = NEXT_ASSEMBLY_USAGE_OCCURRENCE('24','','',#2386,#2005,$);
#2412 = SHAPE_DEFINITION_REPRESENTATION(#2413,#2419);
#2413 = PRODUCT_DEFINITION_SHAPE('','',#2414);
#2414 = PRODUCT_DEFINITION('design','',#2415,#2418);
#2415 = PRODUCT_DEFINITION_FORMATION('','',#2416);
#2416 = PRODUCT('C15~C0805~C0805_L2.0-W1.3-H1.3~zL8V',  'C15~C0805~C0805_L2.0-W1.3-H1.3~zL8V','',(#2417));
#2417 = PRODUCT_CONTEXT('',#2,'mechanical');
#2418 = PRODUCT_DEFINITION_CONTEXT('part definition',#2,'design');
#2419 = SHAPE_REPRESENTATION('',(#11,#2420),#2424);
#2420 = AXIS2_PLACEMENT_3D('',#2421,#2422,#2423);
#2421 = CARTESIAN_POINT('',(0.,0.,0.));
#2422 = DIRECTION('',(0.,0.,1.));
#2423 = DIRECTION('',(1.,0.,-0.));
#2424 = ( GEOMETRIC_REPRESENTATION_CONTEXT(3) GLOBAL_UNCERTAINTY_ASSIGNED_CONTEXT((#2428)) GLOBAL_UNIT_ASSIGNED_CONTEXT((#2425,#2426,#2427)) REPRESENTATION_CONTEXT('Context #1','3D Context with UNIT and UNCERTAINTY') );
#2425 = ( LENGTH_UNIT() NAMED_UNIT(*) SI_UNIT(.MILLI.,.METRE.) );
#2426 = ( NAMED_UNIT(*) PLANE_ANGLE_UNIT() SI_UNIT($,.RADIAN.) );
#2427 = ( NAMED_UNIT(*) SI_UNIT($,.STERADIAN.) SOLID_ANGLE_UNIT() );
#2428 = UNCERTAINTY_MEASURE_WITH_UNIT(LENGTH_MEASURE(2.E-07),#2425,  'distance_accuracy_value','confusion accuracy');
#2429 = CONTEXT_DEPENDENT_SHAPE_REPRESENTATION(#2430,#2432);
#2430 = ( REPRESENTATION_RELATIONSHIP('','',#2419,#10) REPRESENTATION_RELATIONSHIP_WITH_TRANSFORMATION(#2431) SHAPE_REPRESENTATION_RELATIONSHIP() );
#2431 = ITEM_DEFINED_TRANSFORMATION('','',#11,#75);
#2432 = PRODUCT_DEFINITION_SHAPE('Placement','Placement of an item',  #2433);
#2433 = NEXT_ASSEMBLY_USAGE_OCCURRENCE('27','=>[0:1:1:18]','',#5,#2414,$  );
#2434 = PRODUCT_RELATED_PRODUCT_CATEGORY('part',$,(#2416));
#2435 = CONTEXT_DEPENDENT_SHAPE_REPRESENTATION(#2436,#2438);
#2436 = ( REPRESENTATION_RELATIONSHIP('','',#2010,#2419) REPRESENTATION_RELATIONSHIP_WITH_TRANSFORMATION(#2437) SHAPE_REPRESENTATION_RELATIONSHIP() );
#2437 = ITEM_DEFINED_TRANSFORMATION('','',#11,#2420);
#2438 = PRODUCT_DEFINITION_SHAPE('Placement','Placement of an item',  #2439);
#2439 = NEXT_ASSEMBLY_USAGE_OCCURRENCE('26','','',#2414,#2005,$);
#2440 = SHAPE_DEFINITION_REPRESENTATION(#2441,#2447);
#2441 = PRODUCT_DEFINITION_SHAPE('','',#2442);
#2442 = PRODUCT_DEFINITION('design','',#2443,#2446);
#2443 = PRODUCT_DEFINITION_FORMATION('','',#2444);
#2444 = PRODUCT('C16~C0805~C0805_L2.0-W1.3-H1.3~zL8V',  'C16~C0805~C0805_L2.0-W1.3-H1.3~zL8V','',(#2445));
#2445 = PRODUCT_CONTEXT('',#2,'mechanical');
#2446 = PRODUCT_DEFINITION_CONTEXT('part definition',#2,'design');
#2447 = SHAPE_REPRESENTATION('',(#11,#2448),#2452);
#2448 = AXIS2_PLACEMENT_3D('',#2449,#2450,#2451);
#2449 = CARTESIAN_POINT('',(0.,0.,0.));
#2450 = DIRECTION('',(0.,0.,1.));
#2451 = DIRECTION('',(1.,0.,-0.));
#2452 = ( GEOMETRIC_REPRESENTATION_CONTEXT(3) GLOBAL_UNCERTAINTY_ASSIGNED_CONTEXT((#2456)) GLOBAL_UNIT_ASSIGNED_CONTEXT((#2453,#2454,#2455)) REPRESENTATION_CONTEXT('Context #1','3D Context with UNIT and UNCERTAINTY') );
#2453 = ( LENGTH_UNIT() NAMED_UNIT(*) SI_UNIT(.MILLI.,.METRE.) );
#2454 = ( NAMED_UNIT(*) PLANE_ANGLE_UNIT() SI_UNIT($,.RADIAN.) );
#2455 = ( NAMED_UNIT(*) SI_UNIT($,.STERADIAN.) SOLID_ANGLE_UNIT() );
#2456 = UNCERTAINTY_MEASURE_WITH_UNIT(LENGTH_MEASURE(2.E-07),#2453,  'distance_accuracy_value','confusion accuracy');
#2457 = CONTEXT_DEPENDENT_SHAPE_REPRESENTATION(#2458,#2460);
#2458 = ( REPRESENTATION_RELATIONSHIP('','',#2447,#10) REPRESENTATION_RELATIONSHIP_WITH_TRANSFORMATION(#2459) SHAPE_REPRESENTATION_RELATIONSHIP() );
#2459 = ITEM_DEFINED_TRANSFORMATION('','',#11,#79);
#2460 = PRODUCT_DEFINITION_SHAPE('Placement','Placement of an item',  #2461);
#2461 = NEXT_ASSEMBLY_USAGE_OCCURRENCE('29','=>[0:1:1:19]','',#5,#2442,$  );
#2462 = PRODUCT_RELATED_PRODUCT_CATEGORY('part',$,(#2444));
#2463 = CONTEXT_DEPENDENT_SHAPE_REPRESENTATION(#2464,#2466);
#2464 = ( REPRESENTATION_RELATIONSHIP('','',#2010,#2447) REPRESENTATION_RELATIONSHIP_WITH_TRANSFORMATION(#2465) SHAPE_REPRESENTATION_RELATIONSHIP() );
#2465 = ITEM_DEFINED_TRANSFORMATION('','',#11,#2448);
#2466 = PRODUCT_DEFINITION_SHAPE('Placement','Placement of an item',  #2467);
#2467 = NEXT_ASSEMBLY_USAGE_OCCURRENCE('28','','',#2442,#2005,$);
#2468 = SHAPE_DEFINITION_REPRESENTATION(#2469,#2475);
#2469 = PRODUCT_DEFINITION_SHAPE('','',#2470);
#2470 = PRODUCT_DEFINITION('design','',#2471,#2474);
#2471 = PRODUCT_DEFINITION_FORMATION('','',#2472);
#2472 = PRODUCT('C17~C0805~C0805_L2.0-W1.3-H1.3~zL8V',  'C17~C0805~C0805_L2.0-W1.3-H1.3~zL8V','',(#2473));
#2473 = PRODUCT_CONTEXT('',#2,'mechanical');
#2474 = PRODUCT_DEFINITION_CONTEXT('part definition',#2,'design');
#2475 = SHAPE_REPRESENTATION('',(#11,#2476),#2480);
#2476 = AXIS2_PLACEMENT_3D('',#2477,#2478,#2479);
#2477 = CARTESIAN_POINT('',(0.,0.,0.));
#2478 = DIRECTION('',(0.,0.,1.));
#2479 = DIRECTION('',(1.,0.,-0.));
#2480 = ( GEOMETRIC_REPRESENTATION_CONTEXT(3) GLOBAL_UNCERTAINTY_ASSIGNED_CONTEXT((#2484)) GLOBAL_UNIT_ASSIGNED_CONTEXT((#2481,#2482,#2483)) REPRESENTATION_CONTEXT('Context #1','3D Context with UNIT and UNCERTAINTY') );
#2481 = ( LENGTH_UNIT() NAMED_UNIT(*) SI_UNIT(.MILLI.,.METRE.) );
#2482 = ( NAMED_UNIT(*) PLANE_ANGLE_UNIT() SI_UNIT($,.RADIAN.) );
#2483 = ( NAMED_UNIT(*) SI_UNIT($,.STERADIAN.) SOLID_ANGLE_UNIT() );
#2484 = UNCERTAINTY_MEASURE_WITH_UNIT(LENGTH_MEASURE(2.E-07),#2481,  'distance_accuracy_value','confusion accuracy');
#2485 = CONTEXT_DEPENDENT_SHAPE_REPRESENTATION(#2486,#2488);
#2486 = ( REPRESENTATION_RELATIONSHIP('','',#2475,#10) REPRESENTATION_RELATIONSHIP_WITH_TRANSFORMATION(#2487) SHAPE_REPRESENTATION_RELATIONSHIP() );
#2487 = ITEM_DEFINED_TRANSFORMATION('','',#11,#83);
#2488 = PRODUCT_DEFINITION_SHAPE('Placement','Placement of an item',  #2489);
#2489 = NEXT_ASSEMBLY_USAGE_OCCURRENCE('31','=>[0:1:1:20]','',#5,#2470,$  );
#2490 = PRODUCT_RELATED_PRODUCT_CATEGORY('part',$,(#2472));
#2491 = CONTEXT_DEPENDENT_SHAPE_REPRESENTATION(#2492,#2494);
#2492 = ( REPRESENTATION_RELATIONSHIP('','',#2010,#2475) REPRESENTATION_RELATIONSHIP_WITH_TRANSFORMATION(#2493) SHAPE_REPRESENTATION_RELATIONSHIP() );
#2493 = ITEM_DEFINED_TRANSFORMATION('','',#11,#2476);
#2494 = PRODUCT_DEFINITION_SHAPE('Placement','Placement of an item',  #2495);
#2495 = NEXT_ASSEMBLY_USAGE_OCCURRENCE('30','','',#2470,#2005,$);
#2496 = SHAPE_DEFINITION_REPRESENTATION(#2497,#2503);
#2497 = PRODUCT_DEFINITION_SHAPE('','',#2498);
#2498 = PRODUCT_DEFINITION('design','',#2499,#2502);
#2499 = PRODUCT_DEFINITION_FORMATION('','',#2500);
#2500 = PRODUCT('C18~C0805~C0805_L2.0-W1.3-H1.3~zL8V',  'C18~C0805~C0805_L2.0-W1.3-H1.3~zL8V','',(#2501));
#2501 = PRODUCT_CONTEXT('',#2,'mechanical');
#2502 = PRODUCT_DEFINITION_CONTEXT('part definition',#2,'design');
#2503 = SHAPE_REPRESENTATION('',(#11,#2504),#2508);
#2504 = AXIS2_PLACEMENT_3D('',#2505,#2506,#2507);
#2505 = CARTESIAN_POINT('',(0.,0.,0.));
#2506 = DIRECTION('',(0.,0.,1.));
#2507 = DIRECTION('',(1.,0.,-0.));
#2508 = ( GEOMETRIC_REPRESENTATION_CONTEXT(3) GLOBAL_UNCERTAINTY_ASSIGNED_CONTEXT((#2512)) GLOBAL_UNIT_ASSIGNED_CONTEXT((#2509,#2510,#2511)) REPRESENTATION_CONTEXT('Context #1','3D Context with UNIT and UNCERTAINTY') );
#2509 = ( LENGTH_UNIT() NAMED_UNIT(*) SI_UNIT(.MILLI.,.METRE.) );
#2510 = ( NAMED_UNIT(*) PLANE_ANGLE_UNIT() SI_UNIT($,.RADIAN.) );
#2511 = ( NAMED_UNIT(*) SI_UNIT($,.STERADIAN.) SOLID_ANGLE_UNIT() );
#2512 = UNCERTAINTY_MEASURE_WITH_UNIT(LENGTH_MEASURE(2.E-07),#2509,  'distance_accuracy_value','confusion accuracy');
#2513 = CONTEXT_DEPENDENT_SHAPE_REPRESENTATION(#2514,#2516);
#2514 = ( REPRESENTATION_RELATIONSHIP('','',#2503,#10) REPRESENTATION_RELATIONSHIP_WITH_TRANSFORMATION(#2515) SHAPE_REPRESENTATION_RELATIONSHIP() );
#2515 = ITEM_DEFINED_TRANSFORMATION('','',#11,#87);
#2516 = PRODUCT_DEFINITION_SHAPE('Placement','Placement of an item',  #2517);
#2517 = NEXT_ASSEMBLY_USAGE_OCCURRENCE('33','=>[0:1:1:21]','',#5,#2498,$  );
#2518 = PRODUCT_RELATED_PRODUCT_CATEGORY('part',$,(#2500));
#2519 = CONTEXT_DEPENDENT_SHAPE_REPRESENTATION(#2520,#2522);
#2520 = ( REPRESENTATION_RELATIONSHIP('','',#2010,#2503) REPRESENTATION_RELATIONSHIP_WITH_TRANSFORMATION(#2521) SHAPE_REPRESENTATION_RELATIONSHIP() );
#2521 = ITEM_DEFINED_TRANSFORMATION('','',#11,#2504);
#2522 = PRODUCT_DEFINITION_SHAPE('Placement','Placement of an item',  #2523);
#2523 = NEXT_ASSEMBLY_USAGE_OCCURRENCE('32','','',#2498,#2005,$);
#2524 = SHAPE_DEFINITION_REPRESENTATION(#2525,#2531);
#2525 = PRODUCT_DEFINITION_SHAPE('','',#2526);
#2526 = PRODUCT_DEFINITION('design','',#2527,#2530);
#2527 = PRODUCT_DEFINITION_FORMATION('','',#2528);
#2528 = PRODUCT('D1~SMB_L4.6-W3.6-LS5.3-RD~SMB_L4.6-W3.6-LS5.3-RD~zL8V',  'D1~SMB_L4.6-W3.6-LS5.3-RD~SMB_L4.6-W3.6-LS5.3-RD~zL8V','',(#2529));
#2529 = PRODUCT_CONTEXT('',#2,'mechanical');
#2530 = PRODUCT_DEFINITION_CONTEXT('part definition',#2,'design');
#2531 = SHAPE_REPRESENTATION('',(#11,#2532),#2536);
#2532 = AXIS2_PLACEMENT_3D('',#2533,#2534,#2535);
#2533 = CARTESIAN_POINT('',(0.,0.,0.));
#2534 = DIRECTION('',(0.,0.,1.));
#2535 = DIRECTION('',(1.,0.,-0.));
#2536 = ( GEOMETRIC_REPRESENTATION_CONTEXT(3) GLOBAL_UNCERTAINTY_ASSIGNED_CONTEXT((#2540)) GLOBAL_UNIT_ASSIGNED_CONTEXT((#2537,#2538,#2539)) REPRESENTATION_CONTEXT('Context #1','3D Context with UNIT and UNCERTAINTY') );
#2537 = ( LENGTH_UNIT() NAMED_UNIT(*) SI_UNIT(.MILLI.,.METRE.) );
#2538 = ( NAMED_UNIT(*) PLANE_ANGLE_UNIT() SI_UNIT($,.RADIAN.) );
#2539 = ( NAMED_UNIT(*) SI_UNIT($,.STERADIAN.) SOLID_ANGLE_UNIT() );
#2540 = UNCERTAINTY_MEASURE_WITH_UNIT(LENGTH_MEASURE(1.E-06),#2537,  'distance_accuracy_value','confusion accuracy');
#2541 = CONTEXT_DEPENDENT_SHAPE_REPRESENTATION(#2542,#2544);
#2542 = ( REPRESENTATION_RELATIONSHIP('','',#2531,#10) REPRESENTATION_RELATIONSHIP_WITH_TRANSFORMATION(#2543) SHAPE_REPRESENTATION_RELATIONSHIP() );
#2543 = ITEM_DEFINED_TRANSFORMATION('','',#11,#91);
#2544 = PRODUCT_DEFINITION_SHAPE('Placement','Placement of an item',  #2545);
#2545 = NEXT_ASSEMBLY_USAGE_OCCURRENCE('35','=>[0:1:1:23]','',#5,#2526,$  );
#2546 = PRODUCT_RELATED_PRODUCT_CATEGORY('part',$,(#2528));
#2547 = SHAPE_DEFINITION_REPRESENTATION(#2548,#2554);
#2548 = PRODUCT_DEFINITION_SHAPE('','',#2549);
#2549 = PRODUCT_DEFINITION('design','',#2550,#2553);
#2550 = PRODUCT_DEFINITION_FORMATION('','',#2551);
#2551 = PRODUCT('SMB_L4.6-W3.6-LS5.3-RD~SMB_L4.6-W3.6-LS5.3-RD~zL8V',  'SMB_L4.6-W3.6-LS5.3-RD~SMB_L4.6-W3.6-LS5.3-RD~zL8V','',(#2552));
#2552 = PRODUCT_CONTEXT('',#2,'mechanical');
#2553 = PRODUCT_DEFINITION_CONTEXT('part definition',#2,'design');
#2554 = ADVANCED_BREP_SHAPE_REPRESENTATION('',(#11,#2555),#2693);
#2555 = MANIFOLD_SOLID_BREP('',#2556);
#2556 = CLOSED_SHELL('',(#2557,#2593,#2629,#2649,#2669,#2681));
#2557 = ADVANCED_FACE('',(#2558),#2588,.F.);
#2558 = FACE_BOUND('',#2559,.F.);
#2559 = EDGE_LOOP('',(#2560,#2569,#2576,#2583));
#2560 = ORIENTED_EDGE('',*,*,#2561,.F.);
#2561 = EDGE_CURVE('',#2562,#2564,#2566,.T.);
#2562 = VERTEX_POINT('',#2563);
#2563 = CARTESIAN_POINT('',(-2.7,-1.8,0.));
#2564 = VERTEX_POINT('',#2565);
#2565 = CARTESIAN_POINT('',(-2.7,-1.8,0.762001524003));
#2566 = B_SPLINE_CURVE_WITH_KNOTS('',1,(#2567,#2568),.UNSPECIFIED.,.F.,  .F.,(2,2),(0.,0.762001524003),.PIECEWISE_BEZIER_KNOTS.);
#2567 = CARTESIAN_POINT('',(-2.7,-1.8,0.));
#2568 = CARTESIAN_POINT('',(-2.7,-1.8,0.762001524003));
#2569 = ORIENTED_EDGE('',*,*,#2570,.T.);
#2570 = EDGE_CURVE('',#2562,#2571,#2573,.T.);
#2571 = VERTEX_POINT('',#2572);
#2572 = CARTESIAN_POINT('',(-2.7,1.8,0.));
#2573 = B_SPLINE_CURVE_WITH_KNOTS('',1,(#2574,#2575),.UNSPECIFIED.,.F.,  .F.,(2,2),(0.,0.762001524003),.PIECEWISE_BEZIER_KNOTS.);
#2574 = CARTESIAN_POINT('',(-2.7,-1.8,0.));
#2575 = CARTESIAN_POINT('',(-2.7,1.8,0.));
#2576 = ORIENTED_EDGE('',*,*,#2577,.T.);
#2577 = EDGE_CURVE('',#2571,#2578,#2580,.T.);
#2578 = VERTEX_POINT('',#2579);
#2579 = CARTESIAN_POINT('',(-2.7,1.8,0.762001524003));
#2580 = B_SPLINE_CURVE_WITH_KNOTS('',1,(#2581,#2582),.UNSPECIFIED.,.F.,  .F.,(2,2),(0.,0.762001524003),.PIECEWISE_BEZIER_KNOTS.);
#2581 = CARTESIAN_POINT('',(-2.7,1.8,0.));
#2582 = CARTESIAN_POINT('',(-2.7,1.8,0.762001524003));
#2583 = ORIENTED_EDGE('',*,*,#2584,.F.);
#2584 = EDGE_CURVE('',#2564,#2578,#2585,.T.);
#2585 = B_SPLINE_CURVE_WITH_KNOTS('',1,(#2586,#2587),.UNSPECIFIED.,.F.,  .F.,(2,2),(0.,0.762001524003),.PIECEWISE_BEZIER_KNOTS.);
#2586 = CARTESIAN_POINT('',(-2.7,-1.8,0.762001524003));
#2587 = CARTESIAN_POINT('',(-2.7,1.8,0.762001524003));
#2588 = B_SPLINE_SURFACE_WITH_KNOTS('',1,1,(    (#2589,#2590)    ,(#2591,#2592    )),.UNSPECIFIED.,.F.,.F.,.F.,(2,2),(2,2),(0.,0.762001524003),(    -0.762001524003,0.),.PIECEWISE_BEZIER_KNOTS.);
#2589 = CARTESIAN_POINT('',(-2.7,1.8,0.));
#2590 = CARTESIAN_POINT('',(-2.7,-1.8,0.));
#2591 = CARTESIAN_POINT('',(-2.7,1.8,0.762001524003));
#2592 = CARTESIAN_POINT('',(-2.7,-1.8,0.762001524003));
#2593 = ADVANCED_FACE('',(#2594),#2624,.T.);
#2594 = FACE_BOUND('',#2595,.T.);
#2595 = EDGE_LOOP('',(#2596,#2605,#2612,#2619));
#2596 = ORIENTED_EDGE('',*,*,#2597,.F.);
#2597 = EDGE_CURVE('',#2598,#2600,#2602,.T.);
#2598 = VERTEX_POINT('',#2599);
#2599 = CARTESIAN_POINT('',(2.7,-1.8,0.));
#2600 = VERTEX_POINT('',#2601);
#2601 = CARTESIAN_POINT('',(2.7,-1.8,0.762001524003));
#2602 = B_SPLINE_CURVE_WITH_KNOTS('',1,(#2603,#2604),.UNSPECIFIED.,.F.,  .F.,(2,2),(0.,0.762001524003),.PIECEWISE_BEZIER_KNOTS.);
#2603 = CARTESIAN_POINT('',(2.7,-1.8,0.));
#2604 = CARTESIAN_POINT('',(2.7,-1.8,0.762001524003));
#2605 = ORIENTED_EDGE('',*,*,#2606,.T.);
#2606 = EDGE_CURVE('',#2598,#2607,#2609,.T.);
#2607 = VERTEX_POINT('',#2608);
#2608 = CARTESIAN_POINT('',(2.7,1.8,0.));
#2609 = B_SPLINE_CURVE_WITH_KNOTS('',1,(#2610,#2611),.UNSPECIFIED.,.F.,  .F.,(2,2),(0.,0.762001524003),.PIECEWISE_BEZIER_KNOTS.);
#2610 = CARTESIAN_POINT('',(2.7,-1.8,0.));
#2611 = CARTESIAN_POINT('',(2.7,1.8,0.));
#2612 = ORIENTED_EDGE('',*,*,#2613,.T.);
#2613 = EDGE_CURVE('',#2607,#2614,#2616,.T.);
#2614 = VERTEX_POINT('',#2615);
#2615 = CARTESIAN_POINT('',(2.7,1.8,0.762001524003));
#2616 = B_SPLINE_CURVE_WITH_KNOTS('',1,(#2617,#2618),.UNSPECIFIED.,.F.,  .F.,(2,2),(0.,0.762001524003),.PIECEWISE_BEZIER_KNOTS.);
#2617 = CARTESIAN_POINT('',(2.7,1.8,0.));
#2618 = CARTESIAN_POINT('',(2.7,1.8,0.762001524003));
#2619 = ORIENTED_EDGE('',*,*,#2620,.F.);
#2620 = EDGE_CURVE('',#2600,#2614,#2621,.T.);
#2621 = B_SPLINE_CURVE_WITH_KNOTS('',1,(#2622,#2623),.UNSPECIFIED.,.F.,  .F.,(2,2),(0.,0.762001524003),.PIECEWISE_BEZIER_KNOTS.);
#2622 = CARTESIAN_POINT('',(2.7,-1.8,0.762001524003));
#2623 = CARTESIAN_POINT('',(2.7,1.8,0.762001524003));
#2624 = B_SPLINE_SURFACE_WITH_KNOTS('',1,1,(    (#2625,#2626)    ,(#2627,#2628    )),.UNSPECIFIED.,.F.,.F.,.F.,(2,2),(2,2),(0.,0.762001524003),(    -0.762001524003,0.),.PIECEWISE_BEZIER_KNOTS.);
#2625 = CARTESIAN_POINT('',(2.7,1.8,0.));
#2626 = CARTESIAN_POINT('',(2.7,-1.8,0.));
#2627 = CARTESIAN_POINT('',(2.7,1.8,0.762001524003));
#2628 = CARTESIAN_POINT('',(2.7,-1.8,0.762001524003));
#2629 = ADVANCED_FACE('',(#2630),#2644,.F.);
#2630 = FACE_BOUND('',#2631,.F.);
#2631 = EDGE_LOOP('',(#2632,#2637,#2638,#2643));
#2632 = ORIENTED_EDGE('',*,*,#2633,.F.);
#2633 = EDGE_CURVE('',#2562,#2598,#2634,.T.);
#2634 = B_SPLINE_CURVE_WITH_KNOTS('',1,(#2635,#2636),.UNSPECIFIED.,.F.,  .F.,(2,2),(0.,0.762001524003),.PIECEWISE_BEZIER_KNOTS.);
#2635 = CARTESIAN_POINT('',(-2.7,-1.8,0.));
#2636 = CARTESIAN_POINT('',(2.7,-1.8,0.));
#2637 = ORIENTED_EDGE('',*,*,#2561,.T.);
#2638 = ORIENTED_EDGE('',*,*,#2639,.T.);
#2639 = EDGE_CURVE('',#2564,#2600,#2640,.T.);
#2640 = B_SPLINE_CURVE_WITH_KNOTS('',1,(#2641,#2642),.UNSPECIFIED.,.F.,  .F.,(2,2),(0.,0.762001524003),.PIECEWISE_BEZIER_KNOTS.);
#2641 = CARTESIAN_POINT('',(-2.7,-1.8,0.762001524003));
#2642 = CARTESIAN_POINT('',(2.7,-1.8,0.762001524003));
#2643 = ORIENTED_EDGE('',*,*,#2597,.F.);
#2644 = B_SPLINE_SURFACE_WITH_KNOTS('',1,1,(    (#2645,#2646)    ,(#2647,#2648    )),.UNSPECIFIED.,.F.,.F.,.F.,(2,2),(2,2),(0.,0.762001524003),(0.,    0.762001524003),.PIECEWISE_BEZIER_KNOTS.);
#2645 = CARTESIAN_POINT('',(-2.7,-1.8,0.));
#2646 = CARTESIAN_POINT('',(2.7,-1.8,0.));
#2647 = CARTESIAN_POINT('',(-2.7,-1.8,0.762001524003));
#2648 = CARTESIAN_POINT('',(2.7,-1.8,0.762001524003));
#2649 = ADVANCED_FACE('',(#2650),#2664,.T.);
#2650 = FACE_BOUND('',#2651,.T.);
#2651 = EDGE_LOOP('',(#2652,#2657,#2658,#2663));
#2652 = ORIENTED_EDGE('',*,*,#2653,.F.);
#2653 = EDGE_CURVE('',#2571,#2607,#2654,.T.);
#2654 = B_SPLINE_CURVE_WITH_KNOTS('',1,(#2655,#2656),.UNSPECIFIED.,.F.,  .F.,(2,2),(0.,0.762001524003),.PIECEWISE_BEZIER_KNOTS.);
#2655 = CARTESIAN_POINT('',(-2.7,1.8,0.));
#2656 = CARTESIAN_POINT('',(2.7,1.8,0.));
#2657 = ORIENTED_EDGE('',*,*,#2577,.T.);
#2658 = ORIENTED_EDGE('',*,*,#2659,.T.);
#2659 = EDGE_CURVE('',#2578,#2614,#2660,.T.);
#2660 = B_SPLINE_CURVE_WITH_KNOTS('',1,(#2661,#2662),.UNSPECIFIED.,.F.,  .F.,(2,2),(0.,0.762001524003),.PIECEWISE_BEZIER_KNOTS.);
#2661 = CARTESIAN_POINT('',(-2.7,1.8,0.762001524003));
#2662 = CARTESIAN_POINT('',(2.7,1.8,0.762001524003));
#2663 = ORIENTED_EDGE('',*,*,#2613,.F.);
#2664 = B_SPLINE_SURFACE_WITH_KNOTS('',1,1,(    (#2665,#2666)    ,(#2667,#2668    )),.UNSPECIFIED.,.F.,.F.,.F.,(2,2),(2,2),(0.,0.762001524003),(0.,    0.762001524003),.PIECEWISE_BEZIER_KNOTS.);
#2665 = CARTESIAN_POINT('',(-2.7,1.8,0.));
#2666 = CARTESIAN_POINT('',(2.7,1.8,0.));
#2667 = CARTESIAN_POINT('',(-2.7,1.8,0.762001524003));
#2668 = CARTESIAN_POINT('',(2.7,1.8,0.762001524003));
#2669 = ADVANCED_FACE('',(#2670),#2676,.F.);
#2670 = FACE_BOUND('',#2671,.F.);
#2671 = EDGE_LOOP('',(#2672,#2673,#2674,#2675));
#2672 = ORIENTED_EDGE('',*,*,#2570,.F.);
#2673 = ORIENTED_EDGE('',*,*,#2633,.T.);
#2674 = ORIENTED_EDGE('',*,*,#2606,.T.);
#2675 = ORIENTED_EDGE('',*,*,#2653,.F.);
#2676 = B_SPLINE_SURFACE_WITH_KNOTS('',1,1,(    (#2677,#2678)    ,(#2679,#2680    )),.UNSPECIFIED.,.F.,.F.,.F.,(2,2),(2,2),(0.,0.762001524003),(0.,    0.762001524003),.PIECEWISE_BEZIER_KNOTS.);
#2677 = CARTESIAN_POINT('',(-2.7,-1.8,0.));
#2678 = CARTESIAN_POINT('',(-2.7,1.8,0.));
#2679 = CARTESIAN_POINT('',(2.7,-1.8,0.));
#2680 = CARTESIAN_POINT('',(2.7,1.8,0.));
#2681 = ADVANCED_FACE('',(#2682),#2688,.T.);
#2682 = FACE_BOUND('',#2683,.T.);
#2683 = EDGE_LOOP('',(#2684,#2685,#2686,#2687));
#2684 = ORIENTED_EDGE('',*,*,#2584,.F.);
#2685 = ORIENTED_EDGE('',*,*,#2639,.T.);
#2686 = ORIENTED_EDGE('',*,*,#2620,.T.);
#2687 = ORIENTED_EDGE('',*,*,#2659,.F.);
#2688 = B_SPLINE_SURFACE_WITH_KNOTS('',1,1,(    (#2689,#2690)    ,(#2691,#2692    )),.UNSPECIFIED.,.F.,.F.,.F.,(2,2),(2,2),(0.,0.762001524003),(0.,    0.762001524003),.PIECEWISE_BEZIER_KNOTS.);
#2689 = CARTESIAN_POINT('',(-2.7,-1.8,0.762001524003));
#2690 = CARTESIAN_POINT('',(-2.7,1.8,0.762001524003));
#2691 = CARTESIAN_POINT('',(2.7,-1.8,0.762001524003));
#2692 = CARTESIAN_POINT('',(2.7,1.8,0.762001524003));
#2693 = ( GEOMETRIC_REPRESENTATION_CONTEXT(3) GLOBAL_UNCERTAINTY_ASSIGNED_CONTEXT((#2697)) GLOBAL_UNIT_ASSIGNED_CONTEXT((#2694,#2695,#2696)) REPRESENTATION_CONTEXT('Context #1','3D Context with UNIT and UNCERTAINTY') );
#2694 = ( LENGTH_UNIT() NAMED_UNIT(*) SI_UNIT(.MILLI.,.METRE.) );
#2695 = ( NAMED_UNIT(*) PLANE_ANGLE_UNIT() SI_UNIT($,.RADIAN.) );
#2696 = ( NAMED_UNIT(*) SI_UNIT($,.STERADIAN.) SOLID_ANGLE_UNIT() );
#2697 = UNCERTAINTY_MEASURE_WITH_UNIT(LENGTH_MEASURE(1.E-06),#2694,  'distance_accuracy_value','confusion accuracy');
#2698 = CONTEXT_DEPENDENT_SHAPE_REPRESENTATION(#2699,#2701);
#2699 = ( REPRESENTATION_RELATIONSHIP('','',#2554,#2531) REPRESENTATION_RELATIONSHIP_WITH_TRANSFORMATION(#2700) SHAPE_REPRESENTATION_RELATIONSHIP() );
#2700 = ITEM_DEFINED_TRANSFORMATION('','',#11,#2532);
#2701 = PRODUCT_DEFINITION_SHAPE('Placement','Placement of an item',  #2702);
#2702 = NEXT_ASSEMBLY_USAGE_OCCURRENCE('34','=>[0:1:1:22]','',#2526,  #2549,$);
#2703 = PRODUCT_RELATED_PRODUCT_CATEGORY('part',$,(#2551));
#2704 = SHAPE_DEFINITION_REPRESENTATION(#2705,#2711);
#2705 = PRODUCT_DEFINITION_SHAPE('','',#2706);
#2706 = PRODUCT_DEFINITION('design','',#2707,#2710);
#2707 = PRODUCT_DEFINITION_FORMATION('','',#2708);
#2708 = PRODUCT('D2~SMB_L4.6-W3.6-LS5.3-RD~SMB_L4.6-W3.6-LS5.3-RD~zL8V',  'D2~SMB_L4.6-W3.6-LS5.3-RD~SMB_L4.6-W3.6-LS5.3-RD~zL8V','',(#2709));
#2709 = PRODUCT_CONTEXT('',#2,'mechanical');
#2710 = PRODUCT_DEFINITION_CONTEXT('part definition',#2,'design');
#2711 = SHAPE_REPRESENTATION('',(#11,#2712),#2716);
#2712 = AXIS2_PLACEMENT_3D('',#2713,#2714,#2715);
#2713 = CARTESIAN_POINT('',(0.,0.,0.));
#2714 = DIRECTION('',(0.,0.,1.));
#2715 = DIRECTION('',(1.,0.,-0.));
#2716 = ( GEOMETRIC_REPRESENTATION_CONTEXT(3) GLOBAL_UNCERTAINTY_ASSIGNED_CONTEXT((#2720)) GLOBAL_UNIT_ASSIGNED_CONTEXT((#2717,#2718,#2719)) REPRESENTATION_CONTEXT('Context #1','3D Context with UNIT and UNCERTAINTY') );
#2717 = ( LENGTH_UNIT() NAMED_UNIT(*) SI_UNIT(.MILLI.,.METRE.) );
#2718 = ( NAMED_UNIT(*) PLANE_ANGLE_UNIT() SI_UNIT($,.RADIAN.) );
#2719 = ( NAMED_UNIT(*) SI_UNIT($,.STERADIAN.) SOLID_ANGLE_UNIT() );
#2720 = UNCERTAINTY_MEASURE_WITH_UNIT(LENGTH_MEASURE(1.E-06),#2717,  'distance_accuracy_value','confusion accuracy');
#2721 = CONTEXT_DEPENDENT_SHAPE_REPRESENTATION(#2722,#2724);
#2722 = ( REPRESENTATION_RELATIONSHIP('','',#2711,#10) REPRESENTATION_RELATIONSHIP_WITH_TRANSFORMATION(#2723) SHAPE_REPRESENTATION_RELATIONSHIP() );
#2723 = ITEM_DEFINED_TRANSFORMATION('','',#11,#95);
#2724 = PRODUCT_DEFINITION_SHAPE('Placement','Placement of an item',  #2725);
#2725 = NEXT_ASSEMBLY_USAGE_OCCURRENCE('37','=>[0:1:1:24]','',#5,#2706,$  );
#2726 = PRODUCT_RELATED_PRODUCT_CATEGORY('part',$,(#2708));
#2727 = CONTEXT_DEPENDENT_SHAPE_REPRESENTATION(#2728,#2730);
#2728 = ( REPRESENTATION_RELATIONSHIP('','',#2554,#2711) REPRESENTATION_RELATIONSHIP_WITH_TRANSFORMATION(#2729) SHAPE_REPRESENTATION_RELATIONSHIP() );
#2729 = ITEM_DEFINED_TRANSFORMATION('','',#11,#2712);
#2730 = PRODUCT_DEFINITION_SHAPE('Placement','Placement of an item',  #2731);
#2731 = NEXT_ASSEMBLY_USAGE_OCCURRENCE('36','','',#2706,#2549,$);
#2732 = SHAPE_DEFINITION_REPRESENTATION(#2733,#2739);
#2733 = PRODUCT_DEFINITION_SHAPE('','',#2734);
#2734 = PRODUCT_DEFINITION('design','',#2735,#2738);
#2735 = PRODUCT_DEFINITION_FORMATION('','',#2736);
#2736 = PRODUCT('C1~CAP-SMD_BD6.3-L6.6-W6.6-LS7.3-FD-H7.7~CAP-SMD_BD6.3-L6.6-W6.6-LS7.3-FD-H7.7~zL8V','C1~CAP-SMD_BD6.3-L6.6-W6.6-LS7.3-FD-H7.7~CAP-SMD_BD6.3-L6.6-W6.6-LS7.3-FD-H7.7~zL8V','',(#2737));
#2737 = PRODUCT_CONTEXT('',#2,'mechanical');
#2738 = PRODUCT_DEFINITION_CONTEXT('part definition',#2,'design');
#2739 = SHAPE_REPRESENTATION('',(#11,#2740),#2744);
#2740 = AXIS2_PLACEMENT_3D('',#2741,#2742,#2743);
#2741 = CARTESIAN_POINT('',(0.,0.,0.));
#2742 = DIRECTION('',(0.,0.,1.));
#2743 = DIRECTION('',(1.,0.,-0.));
#2744 = ( GEOMETRIC_REPRESENTATION_CONTEXT(3) GLOBAL_UNCERTAINTY_ASSIGNED_CONTEXT((#2748)) GLOBAL_UNIT_ASSIGNED_CONTEXT((#2745,#2746,#2747)) REPRESENTATION_CONTEXT('Context #1','3D Context with UNIT and UNCERTAINTY') );
#2745 = ( LENGTH_UNIT() NAMED_UNIT(*) SI_UNIT(.MILLI.,.METRE.) );
#2746 = ( NAMED_UNIT(*) PLANE_ANGLE_UNIT() SI_UNIT($,.RADIAN.) );
#2747 = ( NAMED_UNIT(*) SI_UNIT($,.STERADIAN.) SOLID_ANGLE_UNIT() );
#2748 = UNCERTAINTY_MEASURE_WITH_UNIT(LENGTH_MEASURE(1.E-06),#2745,  'distance_accuracy_value','confusion accuracy');
#2749 = CONTEXT_DEPENDENT_SHAPE_REPRESENTATION(#2750,#2752);
#2750 = ( REPRESENTATION_RELATIONSHIP('','',#2739,#10) REPRESENTATION_RELATIONSHIP_WITH_TRANSFORMATION(#2751) SHAPE_REPRESENTATION_RELATIONSHIP() );
#2751 = ITEM_DEFINED_TRANSFORMATION('','',#11,#99);
#2752 = PRODUCT_DEFINITION_SHAPE('Placement','Placement of an item',  #2753);
#2753 = NEXT_ASSEMBLY_USAGE_OCCURRENCE('39','=>[0:1:1:26]','',#5,#2734,$  );
#2754 = PRODUCT_RELATED_PRODUCT_CATEGORY('part',$,(#2736));
#2755 = SHAPE_DEFINITION_REPRESENTATION(#2756,#2762);
#2756 = PRODUCT_DEFINITION_SHAPE('','',#2757);
#2757 = PRODUCT_DEFINITION('design','',#2758,#2761);
#2758 = PRODUCT_DEFINITION_FORMATION('','',#2759);
#2759 = PRODUCT('CAP-SMD_BD6.3-L6.6-W6.6-LS7.3-FD-H7.7~CAP-SMD_BD6.3-L6.6-W6.6-LS7.3-FD-H7.7~zL8V','CAP-SMD_BD6.3-L6.6-W6.6-LS7.3-FD-H7.7~CAP-SMD_BD6.3-L6.6-W6.6-LS7.3-FD-H7.7~zL8V','',(#2760));
#2760 = PRODUCT_CONTEXT('',#2,'mechanical');
#2761 = PRODUCT_DEFINITION_CONTEXT('part definition',#2,'design');
#2762 = ADVANCED_BREP_SHAPE_REPRESENTATION('',(#11,#2763),#2901);
#2763 = MANIFOLD_SOLID_BREP('',#2764);
#2764 = CLOSED_SHELL('',(#2765,#2801,#2837,#2857,#2877,#2889));
#2765 = ADVANCED_FACE('',(#2766),#2796,.F.);
#2766 = FACE_BOUND('',#2767,.F.);
#2767 = EDGE_LOOP('',(#2768,#2777,#2784,#2791));
#2768 = ORIENTED_EDGE('',*,*,#2769,.F.);
#2769 = EDGE_CURVE('',#2770,#2772,#2774,.T.);
#2770 = VERTEX_POINT('',#2771);
#2771 = CARTESIAN_POINT('',(-3.65,-3.3,0.));
#2772 = VERTEX_POINT('',#2773);
#2773 = CARTESIAN_POINT('',(-3.65,-3.3,0.762001524003));
#2774 = B_SPLINE_CURVE_WITH_KNOTS('',1,(#2775,#2776),.UNSPECIFIED.,.F.,  .F.,(2,2),(0.,0.762001524003),.PIECEWISE_BEZIER_KNOTS.);
#2775 = CARTESIAN_POINT('',(-3.65,-3.3,0.));
#2776 = CARTESIAN_POINT('',(-3.65,-3.3,0.762001524003));
#2777 = ORIENTED_EDGE('',*,*,#2778,.T.);
#2778 = EDGE_CURVE('',#2770,#2779,#2781,.T.);
#2779 = VERTEX_POINT('',#2780);
#2780 = CARTESIAN_POINT('',(-3.65,3.3,0.));
#2781 = B_SPLINE_CURVE_WITH_KNOTS('',1,(#2782,#2783),.UNSPECIFIED.,.F.,  .F.,(2,2),(0.,0.762001524003),.PIECEWISE_BEZIER_KNOTS.);
#2782 = CARTESIAN_POINT('',(-3.65,-3.3,0.));
#2783 = CARTESIAN_POINT('',(-3.65,3.3,0.));
#2784 = ORIENTED_EDGE('',*,*,#2785,.T.);
#2785 = EDGE_CURVE('',#2779,#2786,#2788,.T.);
#2786 = VERTEX_POINT('',#2787);
#2787 = CARTESIAN_POINT('',(-3.65,3.3,0.762001524003));
#2788 = B_SPLINE_CURVE_WITH_KNOTS('',1,(#2789,#2790),.UNSPECIFIED.,.F.,  .F.,(2,2),(0.,0.762001524003),.PIECEWISE_BEZIER_KNOTS.);
#2789 = CARTESIAN_POINT('',(-3.65,3.3,0.));
#2790 = CARTESIAN_POINT('',(-3.65,3.3,0.762001524003));
#2791 = ORIENTED_EDGE('',*,*,#2792,.F.);
#2792 = EDGE_CURVE('',#2772,#2786,#2793,.T.);
#2793 = B_SPLINE_CURVE_WITH_KNOTS('',1,(#2794,#2795),.UNSPECIFIED.,.F.,  .F.,(2,2),(0.,0.762001524003),.PIECEWISE_BEZIER_KNOTS.);
#2794 = CARTESIAN_POINT('',(-3.65,-3.3,0.762001524003));
#2795 = CARTESIAN_POINT('',(-3.65,3.3,0.762001524003));
#2796 = B_SPLINE_SURFACE_WITH_KNOTS('',1,1,(    (#2797,#2798)    ,(#2799,#2800    )),.UNSPECIFIED.,.F.,.F.,.F.,(2,2),(2,2),(0.,0.762001524003),(    -0.762001524003,0.),.PIECEWISE_BEZIER_KNOTS.);
#2797 = CARTESIAN_POINT('',(-3.65,3.3,0.));
#2798 = CARTESIAN_POINT('',(-3.65,-3.3,0.));
#2799 = CARTESIAN_POINT('',(-3.65,3.3,0.762001524003));
#2800 = CARTESIAN_POINT('',(-3.65,-3.3,0.762001524003));
#2801 = ADVANCED_FACE('',(#2802),#2832,.T.);
#2802 = FACE_BOUND('',#2803,.T.);
#2803 = EDGE_LOOP('',(#2804,#2813,#2820,#2827));
#2804 = ORIENTED_EDGE('',*,*,#2805,.F.);
#2805 = EDGE_CURVE('',#2806,#2808,#2810,.T.);
#2806 = VERTEX_POINT('',#2807);
#2807 = CARTESIAN_POINT('',(3.65,-3.3,0.));
#2808 = VERTEX_POINT('',#2809);
#2809 = CARTESIAN_POINT('',(3.65,-3.3,0.762001524003));
#2810 = B_SPLINE_CURVE_WITH_KNOTS('',1,(#2811,#2812),.UNSPECIFIED.,.F.,  .F.,(2,2),(0.,0.762001524003),.PIECEWISE_BEZIER_KNOTS.);
#2811 = CARTESIAN_POINT('',(3.65,-3.3,0.));
#2812 = CARTESIAN_POINT('',(3.65,-3.3,0.762001524003));
#2813 = ORIENTED_EDGE('',*,*,#2814,.T.);
#2814 = EDGE_CURVE('',#2806,#2815,#2817,.T.);
#2815 = VERTEX_POINT('',#2816);
#2816 = CARTESIAN_POINT('',(3.65,3.3,0.));
#2817 = B_SPLINE_CURVE_WITH_KNOTS('',1,(#2818,#2819),.UNSPECIFIED.,.F.,  .F.,(2,2),(0.,0.762001524003),.PIECEWISE_BEZIER_KNOTS.);
#2818 = CARTESIAN_POINT('',(3.65,-3.3,0.));
#2819 = CARTESIAN_POINT('',(3.65,3.3,0.));
#2820 = ORIENTED_EDGE('',*,*,#2821,.T.);
#2821 = EDGE_CURVE('',#2815,#2822,#2824,.T.);
#2822 = VERTEX_POINT('',#2823);
#2823 = CARTESIAN_POINT('',(3.65,3.3,0.762001524003));
#2824 = B_SPLINE_CURVE_WITH_KNOTS('',1,(#2825,#2826),.UNSPECIFIED.,.F.,  .F.,(2,2),(0.,0.762001524003),.PIECEWISE_BEZIER_KNOTS.);
#2825 = CARTESIAN_POINT('',(3.65,3.3,0.));
#2826 = CARTESIAN_POINT('',(3.65,3.3,0.762001524003));
#2827 = ORIENTED_EDGE('',*,*,#2828,.F.);
#2828 = EDGE_CURVE('',#2808,#2822,#2829,.T.);
#2829 = B_SPLINE_CURVE_WITH_KNOTS('',1,(#2830,#2831),.UNSPECIFIED.,.F.,  .F.,(2,2),(0.,0.762001524003),.PIECEWISE_BEZIER_KNOTS.);
#2830 = CARTESIAN_POINT('',(3.65,-3.3,0.762001524003));
#2831 = CARTESIAN_POINT('',(3.65,3.3,0.762001524003));
#2832 = B_SPLINE_SURFACE_WITH_KNOTS('',1,1,(    (#2833,#2834)    ,(#2835,#2836    )),.UNSPECIFIED.,.F.,.F.,.F.,(2,2),(2,2),(0.,0.762001524003),(    -0.762001524003,0.),.PIECEWISE_BEZIER_KNOTS.);
#2833 = CARTESIAN_POINT('',(3.65,3.3,0.));
#2834 = CARTESIAN_POINT('',(3.65,-3.3,0.));
#2835 = CARTESIAN_POINT('',(3.65,3.3,0.762001524003));
#2836 = CARTESIAN_POINT('',(3.65,-3.3,0.762001524003));
#2837 = ADVANCED_FACE('',(#2838),#2852,.F.);
#2838 = FACE_BOUND('',#2839,.F.);
#2839 = EDGE_LOOP('',(#2840,#2845,#2846,#2851));
#2840 = ORIENTED_EDGE('',*,*,#2841,.F.);
#2841 = EDGE_CURVE('',#2770,#2806,#2842,.T.);
#2842 = B_SPLINE_CURVE_WITH_KNOTS('',1,(#2843,#2844),.UNSPECIFIED.,.F.,  .F.,(2,2),(0.,0.762001524003),.PIECEWISE_BEZIER_KNOTS.);
#2843 = CARTESIAN_POINT('',(-3.65,-3.3,0.));
#2844 = CARTESIAN_POINT('',(3.65,-3.3,0.));
#2845 = ORIENTED_EDGE('',*,*,#2769,.T.);
#2846 = ORIENTED_EDGE('',*,*,#2847,.T.);
#2847 = EDGE_CURVE('',#2772,#2808,#2848,.T.);
#2848 = B_SPLINE_CURVE_WITH_KNOTS('',1,(#2849,#2850),.UNSPECIFIED.,.F.,  .F.,(2,2),(0.,0.762001524003),.PIECEWISE_BEZIER_KNOTS.);
#2849 = CARTESIAN_POINT('',(-3.65,-3.3,0.762001524003));
#2850 = CARTESIAN_POINT('',(3.65,-3.3,0.762001524003));
#2851 = ORIENTED_EDGE('',*,*,#2805,.F.);
#2852 = B_SPLINE_SURFACE_WITH_KNOTS('',1,1,(    (#2853,#2854)    ,(#2855,#2856    )),.UNSPECIFIED.,.F.,.F.,.F.,(2,2),(2,2),(0.,0.762001524003),(0.,    0.762001524003),.PIECEWISE_BEZIER_KNOTS.);
#2853 = CARTESIAN_POINT('',(-3.65,-3.3,0.));
#2854 = CARTESIAN_POINT('',(3.65,-3.3,0.));
#2855 = CARTESIAN_POINT('',(-3.65,-3.3,0.762001524003));
#2856 = CARTESIAN_POINT('',(3.65,-3.3,0.762001524003));
#2857 = ADVANCED_FACE('',(#2858),#2872,.T.);
#2858 = FACE_BOUND('',#2859,.T.);
#2859 = EDGE_LOOP('',(#2860,#2865,#2866,#2871));
#2860 = ORIENTED_EDGE('',*,*,#2861,.F.);
#2861 = EDGE_CURVE('',#2779,#2815,#2862,.T.);
#2862 = B_SPLINE_CURVE_WITH_KNOTS('',1,(#2863,#2864),.UNSPECIFIED.,.F.,  .F.,(2,2),(0.,0.762001524003),.PIECEWISE_BEZIER_KNOTS.);
#2863 = CARTESIAN_POINT('',(-3.65,3.3,0.));
#2864 = CARTESIAN_POINT('',(3.65,3.3,0.));
#2865 = ORIENTED_EDGE('',*,*,#2785,.T.);
#2866 = ORIENTED_EDGE('',*,*,#2867,.T.);
#2867 = EDGE_CURVE('',#2786,#2822,#2868,.T.);
#2868 = B_SPLINE_CURVE_WITH_KNOTS('',1,(#2869,#2870),.UNSPECIFIED.,.F.,  .F.,(2,2),(0.,0.762001524003),.PIECEWISE_BEZIER_KNOTS.);
#2869 = CARTESIAN_POINT('',(-3.65,3.3,0.762001524003));
#2870 = CARTESIAN_POINT('',(3.65,3.3,0.762001524003));
#2871 = ORIENTED_EDGE('',*,*,#2821,.F.);
#2872 = B_SPLINE_SURFACE_WITH_KNOTS('',1,1,(    (#2873,#2874)    ,(#2875,#2876    )),.UNSPECIFIED.,.F.,.F.,.F.,(2,2),(2,2),(0.,0.762001524003),(0.,    0.762001524003),.PIECEWISE_BEZIER_KNOTS.);
#2873 = CARTESIAN_POINT('',(-3.65,3.3,0.));
#2874 = CARTESIAN_POINT('',(3.65,3.3,0.));
#2875 = CARTESIAN_POINT('',(-3.65,3.3,0.762001524003));
#2876 = CARTESIAN_POINT('',(3.65,3.3,0.762001524003));
#2877 = ADVANCED_FACE('',(#2878),#2884,.F.);
#2878 = FACE_BOUND('',#2879,.F.);
#2879 = EDGE_LOOP('',(#2880,#2881,#2882,#2883));
#2880 = ORIENTED_EDGE('',*,*,#2778,.F.);
#2881 = ORIENTED_EDGE('',*,*,#2841,.T.);
#2882 = ORIENTED_EDGE('',*,*,#2814,.T.);
#2883 = ORIENTED_EDGE('',*,*,#2861,.F.);
#2884 = B_SPLINE_SURFACE_WITH_KNOTS('',1,1,(    (#2885,#2886)    ,(#2887,#2888    )),.UNSPECIFIED.,.F.,.F.,.F.,(2,2),(2,2),(0.,0.762001524003),(0.,    0.762001524003),.PIECEWISE_BEZIER_KNOTS.);
#2885 = CARTESIAN_POINT('',(-3.65,-3.3,0.));
#2886 = CARTESIAN_POINT('',(-3.65,3.3,0.));
#2887 = CARTESIAN_POINT('',(3.65,-3.3,0.));
#2888 = CARTESIAN_POINT('',(3.65,3.3,0.));
#2889 = ADVANCED_FACE('',(#2890),#2896,.T.);
#2890 = FACE_BOUND('',#2891,.T.);
#2891 = EDGE_LOOP('',(#2892,#2893,#2894,#2895));
#2892 = ORIENTED_EDGE('',*,*,#2792,.F.);
#2893 = ORIENTED_EDGE('',*,*,#2847,.T.);
#2894 = ORIENTED_EDGE('',*,*,#2828,.T.);
#2895 = ORIENTED_EDGE('',*,*,#2867,.F.);
#2896 = B_SPLINE_SURFACE_WITH_KNOTS('',1,1,(    (#2897,#2898)    ,(#2899,#2900    )),.UNSPECIFIED.,.F.,.F.,.F.,(2,2),(2,2),(0.,0.762001524003),(0.,    0.762001524003),.PIECEWISE_BEZIER_KNOTS.);
#2897 = CARTESIAN_POINT('',(-3.65,-3.3,0.762001524003));
#2898 = CARTESIAN_POINT('',(-3.65,3.3,0.762001524003));
#2899 = CARTESIAN_POINT('',(3.65,-3.3,0.762001524003));
#2900 = CARTESIAN_POINT('',(3.65,3.3,0.762001524003));
#2901 = ( GEOMETRIC_REPRESENTATION_CONTEXT(3) GLOBAL_UNCERTAINTY_ASSIGNED_CONTEXT((#2905)) GLOBAL_UNIT_ASSIGNED_CONTEXT((#2902,#2903,#2904)) REPRESENTATION_CONTEXT('Context #1','3D Context with UNIT and UNCERTAINTY') );
#2902 = ( LENGTH_UNIT() NAMED_UNIT(*) SI_UNIT(.MILLI.,.METRE.) );
#2903 = ( NAMED_UNIT(*) PLANE_ANGLE_UNIT() SI_UNIT($,.RADIAN.) );
#2904 = ( NAMED_UNIT(*) SI_UNIT($,.STERADIAN.) SOLID_ANGLE_UNIT() );
#2905 = UNCERTAINTY_MEASURE_WITH_UNIT(LENGTH_MEASURE(1.E-06),#2902,  'distance_accuracy_value','confusion accuracy');
#2906 = CONTEXT_DEPENDENT_SHAPE_REPRESENTATION(#2907,#2909);
#2907 = ( REPRESENTATION_RELATIONSHIP('','',#2762,#2739) REPRESENTATION_RELATIONSHIP_WITH_TRANSFORMATION(#2908) SHAPE_REPRESENTATION_RELATIONSHIP() );
#2908 = ITEM_DEFINED_TRANSFORMATION('','',#11,#2740);
#2909 = PRODUCT_DEFINITION_SHAPE('Placement','Placement of an item',  #2910);
#2910 = NEXT_ASSEMBLY_USAGE_OCCURRENCE('38','=>[0:1:1:25]','',#2734,  #2757,$);
#2911 = PRODUCT_RELATED_PRODUCT_CATEGORY('part',$,(#2759));
#2912 = SHAPE_DEFINITION_REPRESENTATION(#2913,#2919);
#2913 = PRODUCT_DEFINITION_SHAPE('','',#2914);
#2914 = PRODUCT_DEFINITION('design','',#2915,#2918);
#2915 = PRODUCT_DEFINITION_FORMATION('','',#2916);
#2916 = PRODUCT('C2~CAP-SMD_BD6.3-L6.6-W6.6-LS7.3-FD-H7.7~CAP-SMD_BD6.3-L6.6-W6.6-LS7.3-FD-H7.7~zL8V','C2~CAP-SMD_BD6.3-L6.6-W6.6-LS7.3-FD-H7.7~CAP-SMD_BD6.3-L6.6-W6.6-LS7.3-FD-H7.7~zL8V','',(#2917));
#2917 = PRODUCT_CONTEXT('',#2,'mechanical');
#2918 = PRODUCT_DEFINITION_CONTEXT('part definition',#2,'design');
#2919 = SHAPE_REPRESENTATION('',(#11,#2920),#2924);
#2920 = AXIS2_PLACEMENT_3D('',#2921,#2922,#2923);
#2921 = CARTESIAN_POINT('',(0.,0.,0.));
#2922 = DIRECTION('',(0.,0.,1.));
#2923 = DIRECTION('',(1.,0.,-0.));
#2924 = ( GEOMETRIC_REPRESENTATION_CONTEXT(3) GLOBAL_UNCERTAINTY_ASSIGNED_CONTEXT((#2928)) GLOBAL_UNIT_ASSIGNED_CONTEXT((#2925,#2926,#2927)) REPRESENTATION_CONTEXT('Context #1','3D Context with UNIT and UNCERTAINTY') );
#2925 = ( LENGTH_UNIT() NAMED_UNIT(*) SI_UNIT(.MILLI.,.METRE.) );
#2926 = ( NAMED_UNIT(*) PLANE_ANGLE_UNIT() SI_UNIT($,.RADIAN.) );
#2927 = ( NAMED_UNIT(*) SI_UNIT($,.STERADIAN.) SOLID_ANGLE_UNIT() );
#2928 = UNCERTAINTY_MEASURE_WITH_UNIT(LENGTH_MEASURE(1.E-06),#2925,  'distance_accuracy_value','confusion accuracy');
#2929 = CONTEXT_DEPENDENT_SHAPE_REPRESENTATION(#2930,#2932);
#2930 = ( REPRESENTATION_RELATIONSHIP('','',#2919,#10) REPRESENTATION_RELATIONSHIP_WITH_TRANSFORMATION(#2931) SHAPE_REPRESENTATION_RELATIONSHIP() );
#2931 = ITEM_DEFINED_TRANSFORMATION('','',#11,#103);
#2932 = PRODUCT_DEFINITION_SHAPE('Placement','Placement of an item',  #2933);
#2933 = NEXT_ASSEMBLY_USAGE_OCCURRENCE('41','=>[0:1:1:27]','',#5,#2914,$  );
#2934 = PRODUCT_RELATED_PRODUCT_CATEGORY('part',$,(#2916));
#2935 = CONTEXT_DEPENDENT_SHAPE_REPRESENTATION(#2936,#2938);
#2936 = ( REPRESENTATION_RELATIONSHIP('','',#2762,#2919) REPRESENTATION_RELATIONSHIP_WITH_TRANSFORMATION(#2937) SHAPE_REPRESENTATION_RELATIONSHIP() );
#2937 = ITEM_DEFINED_TRANSFORMATION('','',#11,#2920);
#2938 = PRODUCT_DEFINITION_SHAPE('Placement','Placement of an item',  #2939);
#2939 = NEXT_ASSEMBLY_USAGE_OCCURRENCE('40','','',#2914,#2757,$);
#2940 = SHAPE_DEFINITION_REPRESENTATION(#2941,#2947);
#2941 = PRODUCT_DEFINITION_SHAPE('','',#2942);
#2942 = PRODUCT_DEFINITION('design','',#2943,#2946);
#2943 = PRODUCT_DEFINITION_FORMATION('','',#2944);
#2944 = PRODUCT('C5~CAP-SMD_BD6.3-L6.6-W6.6-LS7.3-FD-H7.7~CAP-SMD_BD6.3-L6.6-W6.6-LS7.3-FD-H7.7~zL8V','C5~CAP-SMD_BD6.3-L6.6-W6.6-LS7.3-FD-H7.7~CAP-SMD_BD6.3-L6.6-W6.6-LS7.3-FD-H7.7~zL8V','',(#2945));
#2945 = PRODUCT_CONTEXT('',#2,'mechanical');
#2946 = PRODUCT_DEFINITION_CONTEXT('part definition',#2,'design');
#2947 = SHAPE_REPRESENTATION('',(#11,#2948),#2952);
#2948 = AXIS2_PLACEMENT_3D('',#2949,#2950,#2951);
#2949 = CARTESIAN_POINT('',(0.,0.,0.));
#2950 = DIRECTION('',(0.,0.,1.));
#2951 = DIRECTION('',(1.,0.,-0.));
#2952 = ( GEOMETRIC_REPRESENTATION_CONTEXT(3) GLOBAL_UNCERTAINTY_ASSIGNED_CONTEXT((#2956)) GLOBAL_UNIT_ASSIGNED_CONTEXT((#2953,#2954,#2955)) REPRESENTATION_CONTEXT('Context #1','3D Context with UNIT and UNCERTAINTY') );
#2953 = ( LENGTH_UNIT() NAMED_UNIT(*) SI_UNIT(.MILLI.,.METRE.) );
#2954 = ( NAMED_UNIT(*) PLANE_ANGLE_UNIT() SI_UNIT($,.RADIAN.) );
#2955 = ( NAMED_UNIT(*) SI_UNIT($,.STERADIAN.) SOLID_ANGLE_UNIT() );
#2956 = UNCERTAINTY_MEASURE_WITH_UNIT(LENGTH_MEASURE(1.E-06),#2953,  'distance_accuracy_value','confusion accuracy');
#2957 = CONTEXT_DEPENDENT_SHAPE_REPRESENTATION(#2958,#2960);
#2958 = ( REPRESENTATION_RELATIONSHIP('','',#2947,#10) REPRESENTATION_RELATIONSHIP_WITH_TRANSFORMATION(#2959) SHAPE_REPRESENTATION_RELATIONSHIP() );
#2959 = ITEM_DEFINED_TRANSFORMATION('','',#11,#107);
#2960 = PRODUCT_DEFINITION_SHAPE('Placement','Placement of an item',  #2961);
#2961 = NEXT_ASSEMBLY_USAGE_OCCURRENCE('43','=>[0:1:1:28]','',#5,#2942,$  );
#2962 = PRODUCT_RELATED_PRODUCT_CATEGORY('part',$,(#2944));
#2963 = CONTEXT_DEPENDENT_SHAPE_REPRESENTATION(#2964,#2966);
#2964 = ( REPRESENTATION_RELATIONSHIP('','',#2762,#2947) REPRESENTATION_RELATIONSHIP_WITH_TRANSFORMATION(#2965) SHAPE_REPRESENTATION_RELATIONSHIP() );
#2965 = ITEM_DEFINED_TRANSFORMATION('','',#11,#2948);
#2966 = PRODUCT_DEFINITION_SHAPE('Placement','Placement of an item',  #2967);
#2967 = NEXT_ASSEMBLY_USAGE_OCCURRENCE('42','','',#2942,#2757,$);
#2968 = SHAPE_DEFINITION_REPRESENTATION(#2969,#2975);
#2969 = PRODUCT_DEFINITION_SHAPE('','',#2970);
#2970 = PRODUCT_DEFINITION('design','',#2971,#2974);
#2971 = PRODUCT_DEFINITION_FORMATION('','',#2972);
#2972 = PRODUCT('C10~CAP-SMD_BD6.3-L6.6-W6.6-LS7.3-FD-H7.7~CAP-SMD_BD6.3-L6.6-W6.6-LS7.3-FD-H7.7~zL8V','C10~CAP-SMD_BD6.3-L6.6-W6.6-LS7.3-FD-H7.7~CAP-SMD_BD6.3-L6.6-W6.6-LS7.3-FD-H7.7~zL8V','',(#2973));
#2973 = PRODUCT_CONTEXT('',#2,'mechanical');
#2974 = PRODUCT_DEFINITION_CONTEXT('part definition',#2,'design');
#2975 = SHAPE_REPRESENTATION('',(#11,#2976),#2980);
#2976 = AXIS2_PLACEMENT_3D('',#2977,#2978,#2979);
#2977 = CARTESIAN_POINT('',(0.,0.,0.));
#2978 = DIRECTION('',(0.,0.,1.));
#2979 = DIRECTION('',(1.,0.,-0.));
#2980 = ( GEOMETRIC_REPRESENTATION_CONTEXT(3) GLOBAL_UNCERTAINTY_ASSIGNED_CONTEXT((#2984)) GLOBAL_UNIT_ASSIGNED_CONTEXT((#2981,#2982,#2983)) REPRESENTATION_CONTEXT('Context #1','3D Context with UNIT and UNCERTAINTY') );
#2981 = ( LENGTH_UNIT() NAMED_UNIT(*) SI_UNIT(.MILLI.,.METRE.) );
#2982 = ( NAMED_UNIT(*) PLANE_ANGLE_UNIT() SI_UNIT($,.RADIAN.) );
#2983 = ( NAMED_UNIT(*) SI_UNIT($,.STERADIAN.) SOLID_ANGLE_UNIT() );
#2984 = UNCERTAINTY_MEASURE_WITH_UNIT(LENGTH_MEASURE(1.E-06),#2981,  'distance_accuracy_value','confusion accuracy');
#2985 = CONTEXT_DEPENDENT_SHAPE_REPRESENTATION(#2986,#2988);
#2986 = ( REPRESENTATION_RELATIONSHIP('','',#2975,#10) REPRESENTATION_RELATIONSHIP_WITH_TRANSFORMATION(#2987) SHAPE_REPRESENTATION_RELATIONSHIP() );
#2987 = ITEM_DEFINED_TRANSFORMATION('','',#11,#111);
#2988 = PRODUCT_DEFINITION_SHAPE('Placement','Placement of an item',  #2989);
#2989 = NEXT_ASSEMBLY_USAGE_OCCURRENCE('45','=>[0:1:1:29]','',#5,#2970,$  );
#2990 = PRODUCT_RELATED_PRODUCT_CATEGORY('part',$,(#2972));
#2991 = CONTEXT_DEPENDENT_SHAPE_REPRESENTATION(#2992,#2994);
#2992 = ( REPRESENTATION_RELATIONSHIP('','',#2762,#2975) REPRESENTATION_RELATIONSHIP_WITH_TRANSFORMATION(#2993) SHAPE_REPRESENTATION_RELATIONSHIP() );
#2993 = ITEM_DEFINED_TRANSFORMATION('','',#11,#2976);
#2994 = PRODUCT_DEFINITION_SHAPE('Placement','Placement of an item',  #2995);
#2995 = NEXT_ASSEMBLY_USAGE_OCCURRENCE('44','','',#2970,#2757,$);
#2996 = SHAPE_DEFINITION_REPRESENTATION(#2997,#3003);
#2997 = PRODUCT_DEFINITION_SHAPE('','',#2998);
#2998 = PRODUCT_DEFINITION('design','',#2999,#3002);
#2999 = PRODUCT_DEFINITION_FORMATION('','',#3000);
#3000 = PRODUCT('VMin~CONN-TH_2P-P2.50_ZX-XH2.54-2PWZ~CONN-TH_2P-P2.50_ZX-XH2.54-2PWZ~zL8V','VMin~CONN-TH_2P-P2.50_ZX-XH2.54-2PWZ~CONN-TH_2P-P2.50_ZX-XH2.54-2PWZ~zL8V','',(#3001));
#3001 = PRODUCT_CONTEXT('',#2,'mechanical');
#3002 = PRODUCT_DEFINITION_CONTEXT('part definition',#2,'design');
#3003 = SHAPE_REPRESENTATION('',(#11,#3004),#3008);
#3004 = AXIS2_PLACEMENT_3D('',#3005,#3006,#3007);
#3005 = CARTESIAN_POINT('',(0.,0.,0.));
#3006 = DIRECTION('',(0.,0.,1.));
#3007 = DIRECTION('',(1.,0.,-0.));
#3008 = ( GEOMETRIC_REPRESENTATION_CONTEXT(3) GLOBAL_UNCERTAINTY_ASSIGNED_CONTEXT((#3012)) GLOBAL_UNIT_ASSIGNED_CONTEXT((#3009,#3010,#3011)) REPRESENTATION_CONTEXT('Context #1','3D Context with UNIT and UNCERTAINTY') );
#3009 = ( LENGTH_UNIT() NAMED_UNIT(*) SI_UNIT(.MILLI.,.METRE.) );
#3010 = ( NAMED_UNIT(*) PLANE_ANGLE_UNIT() SI_UNIT($,.RADIAN.) );
#3011 = ( NAMED_UNIT(*) SI_UNIT($,.STERADIAN.) SOLID_ANGLE_UNIT() );
#3012 = UNCERTAINTY_MEASURE_WITH_UNIT(LENGTH_MEASURE(1.E-06),#3009,  'distance_accuracy_value','confusion accuracy');
#3013 = CONTEXT_DEPENDENT_SHAPE_REPRESENTATION(#3014,#3016);
#3014 = ( REPRESENTATION_RELATIONSHIP('','',#3003,#10) REPRESENTATION_RELATIONSHIP_WITH_TRANSFORMATION(#3015) SHAPE_REPRESENTATION_RELATIONSHIP() );
#3015 = ITEM_DEFINED_TRANSFORMATION('','',#11,#115);
#3016 = PRODUCT_DEFINITION_SHAPE('Placement','Placement of an item',  #3017);
#3017 = NEXT_ASSEMBLY_USAGE_OCCURRENCE('47','=>[0:1:1:31]','',#5,#2998,$  );
#3018 = PRODUCT_RELATED_PRODUCT_CATEGORY('part',$,(#3000));
#3019 = SHAPE_DEFINITION_REPRESENTATION(#3020,#3026);
#3020 = PRODUCT_DEFINITION_SHAPE('','',#3021);
#3021 = PRODUCT_DEFINITION('design','',#3022,#3025);
#3022 = PRODUCT_DEFINITION_FORMATION('','',#3023);
#3023 = PRODUCT(  'CONN-TH_2P-P2.50_ZX-XH2.54-2PWZ~CONN-TH_2P-P2.50_ZX-XH2.54-2PWZ~zL8V'  ,  'CONN-TH_2P-P2.50_ZX-XH2.54-2PWZ~CONN-TH_2P-P2.50_ZX-XH2.54-2PWZ~zL8V'  ,'',(#3024));
#3024 = PRODUCT_CONTEXT('',#2,'mechanical');
#3025 = PRODUCT_DEFINITION_CONTEXT('part definition',#2,'design');
#3026 = ADVANCED_BREP_SHAPE_REPRESENTATION('',(#11,#3027),#3165);
#3027 = MANIFOLD_SOLID_BREP('',#3028);
#3028 = CLOSED_SHELL('',(#3029,#3065,#3101,#3121,#3141,#3153));
#3029 = ADVANCED_FACE('',(#3030),#3060,.F.);
#3030 = FACE_BOUND('',#3031,.F.);
#3031 = EDGE_LOOP('',(#3032,#3041,#3048,#3055));
#3032 = ORIENTED_EDGE('',*,*,#3033,.F.);
#3033 = EDGE_CURVE('',#3034,#3036,#3038,.T.);
#3034 = VERTEX_POINT('',#3035);
#3035 = CARTESIAN_POINT('',(-3.755003810008,-7.32,0.));
#3036 = VERTEX_POINT('',#3037);
#3037 = CARTESIAN_POINT('',(-3.755003810008,-7.32,0.762001524003));
#3038 = B_SPLINE_CURVE_WITH_KNOTS('',1,(#3039,#3040),.UNSPECIFIED.,.F.,  .F.,(2,2),(0.,0.762001524003),.PIECEWISE_BEZIER_KNOTS.);
#3039 = CARTESIAN_POINT('',(-3.755003810008,-7.32,0.));
#3040 = CARTESIAN_POINT('',(-3.755003810008,-7.32,0.762001524003));
#3041 = ORIENTED_EDGE('',*,*,#3042,.T.);
#3042 = EDGE_CURVE('',#3034,#3043,#3045,.T.);
#3043 = VERTEX_POINT('',#3044);
#3044 = CARTESIAN_POINT('',(-3.755003810008,0.32,0.));
#3045 = B_SPLINE_CURVE_WITH_KNOTS('',1,(#3046,#3047),.UNSPECIFIED.,.F.,  .F.,(2,2),(0.,0.762001524003),.PIECEWISE_BEZIER_KNOTS.);
#3046 = CARTESIAN_POINT('',(-3.755003810008,-7.32,0.));
#3047 = CARTESIAN_POINT('',(-3.755003810008,0.32,0.));
#3048 = ORIENTED_EDGE('',*,*,#3049,.T.);
#3049 = EDGE_CURVE('',#3043,#3050,#3052,.T.);
#3050 = VERTEX_POINT('',#3051);
#3051 = CARTESIAN_POINT('',(-3.755003810008,0.32,0.762001524003));
#3052 = B_SPLINE_CURVE_WITH_KNOTS('',1,(#3053,#3054),.UNSPECIFIED.,.F.,  .F.,(2,2),(0.,0.762001524003),.PIECEWISE_BEZIER_KNOTS.);
#3053 = CARTESIAN_POINT('',(-3.755003810008,0.32,0.));
#3054 = CARTESIAN_POINT('',(-3.755003810008,0.32,0.762001524003));
#3055 = ORIENTED_EDGE('',*,*,#3056,.F.);
#3056 = EDGE_CURVE('',#3036,#3050,#3057,.T.);
#3057 = B_SPLINE_CURVE_WITH_KNOTS('',1,(#3058,#3059),.UNSPECIFIED.,.F.,  .F.,(2,2),(0.,0.762001524003),.PIECEWISE_BEZIER_KNOTS.);
#3058 = CARTESIAN_POINT('',(-3.755003810008,-7.32,0.762001524003));
#3059 = CARTESIAN_POINT('',(-3.755003810008,0.32,0.762001524003));
#3060 = B_SPLINE_SURFACE_WITH_KNOTS('',1,1,(    (#3061,#3062)    ,(#3063,#3064    )),.UNSPECIFIED.,.F.,.F.,.F.,(2,2),(2,2),(0.,0.762001524003),(    -0.762001524003,0.),.PIECEWISE_BEZIER_KNOTS.);
#3061 = CARTESIAN_POINT('',(-3.755003810008,0.32,0.));
#3062 = CARTESIAN_POINT('',(-3.755003810008,-7.32,0.));
#3063 = CARTESIAN_POINT('',(-3.755003810008,0.32,0.762001524003));
#3064 = CARTESIAN_POINT('',(-3.755003810008,-7.32,0.762001524003));
#3065 = ADVANCED_FACE('',(#3066),#3096,.T.);
#3066 = FACE_BOUND('',#3067,.T.);
#3067 = EDGE_LOOP('',(#3068,#3077,#3084,#3091));
#3068 = ORIENTED_EDGE('',*,*,#3069,.F.);
#3069 = EDGE_CURVE('',#3070,#3072,#3074,.T.);
#3070 = VERTEX_POINT('',#3071);
#3071 = CARTESIAN_POINT('',(3.755003810008,-7.32,0.));
#3072 = VERTEX_POINT('',#3073);
#3073 = CARTESIAN_POINT('',(3.755003810008,-7.32,0.762001524003));
#3074 = B_SPLINE_CURVE_WITH_KNOTS('',1,(#3075,#3076),.UNSPECIFIED.,.F.,  .F.,(2,2),(0.,0.762001524003),.PIECEWISE_BEZIER_KNOTS.);
#3075 = CARTESIAN_POINT('',(3.755003810008,-7.32,0.));
#3076 = CARTESIAN_POINT('',(3.755003810008,-7.32,0.762001524003));
#3077 = ORIENTED_EDGE('',*,*,#3078,.T.);
#3078 = EDGE_CURVE('',#3070,#3079,#3081,.T.);
#3079 = VERTEX_POINT('',#3080);
#3080 = CARTESIAN_POINT('',(3.755003810008,0.32,0.));
#3081 = B_SPLINE_CURVE_WITH_KNOTS('',1,(#3082,#3083),.UNSPECIFIED.,.F.,  .F.,(2,2),(0.,0.762001524003),.PIECEWISE_BEZIER_KNOTS.);
#3082 = CARTESIAN_POINT('',(3.755003810008,-7.32,0.));
#3083 = CARTESIAN_POINT('',(3.755003810008,0.32,0.));
#3084 = ORIENTED_EDGE('',*,*,#3085,.T.);
#3085 = EDGE_CURVE('',#3079,#3086,#3088,.T.);
#3086 = VERTEX_POINT('',#3087);
#3087 = CARTESIAN_POINT('',(3.755003810008,0.32,0.762001524003));
#3088 = B_SPLINE_CURVE_WITH_KNOTS('',1,(#3089,#3090),.UNSPECIFIED.,.F.,  .F.,(2,2),(0.,0.762001524003),.PIECEWISE_BEZIER_KNOTS.);
#3089 = CARTESIAN_POINT('',(3.755003810008,0.32,0.));
#3090 = CARTESIAN_POINT('',(3.755003810008,0.32,0.762001524003));
#3091 = ORIENTED_EDGE('',*,*,#3092,.F.);
#3092 = EDGE_CURVE('',#3072,#3086,#3093,.T.);
#3093 = B_SPLINE_CURVE_WITH_KNOTS('',1,(#3094,#3095),.UNSPECIFIED.,.F.,  .F.,(2,2),(0.,0.762001524003),.PIECEWISE_BEZIER_KNOTS.);
#3094 = CARTESIAN_POINT('',(3.755003810008,-7.32,0.762001524003));
#3095 = CARTESIAN_POINT('',(3.755003810008,0.32,0.762001524003));
#3096 = B_SPLINE_SURFACE_WITH_KNOTS('',1,1,(    (#3097,#3098)    ,(#3099,#3100    )),.UNSPECIFIED.,.F.,.F.,.F.,(2,2),(2,2),(0.,0.762001524003),(    -0.762001524003,0.),.PIECEWISE_BEZIER_KNOTS.);
#3097 = CARTESIAN_POINT('',(3.755003810008,0.32,0.));
#3098 = CARTESIAN_POINT('',(3.755003810008,-7.32,0.));
#3099 = CARTESIAN_POINT('',(3.755003810008,0.32,0.762001524003));
#3100 = CARTESIAN_POINT('',(3.755003810008,-7.32,0.762001524003));
#3101 = ADVANCED_FACE('',(#3102),#3116,.F.);
#3102 = FACE_BOUND('',#3103,.F.);
#3103 = EDGE_LOOP('',(#3104,#3109,#3110,#3115));
#3104 = ORIENTED_EDGE('',*,*,#3105,.F.);
#3105 = EDGE_CURVE('',#3034,#3070,#3106,.T.);
#3106 = B_SPLINE_CURVE_WITH_KNOTS('',1,(#3107,#3108),.UNSPECIFIED.,.F.,  .F.,(2,2),(0.,0.762001524003),.PIECEWISE_BEZIER_KNOTS.);
#3107 = CARTESIAN_POINT('',(-3.755003810008,-7.32,0.));
#3108 = CARTESIAN_POINT('',(3.755003810008,-7.32,0.));
#3109 = ORIENTED_EDGE('',*,*,#3033,.T.);
#3110 = ORIENTED_EDGE('',*,*,#3111,.T.);
#3111 = EDGE_CURVE('',#3036,#3072,#3112,.T.);
#3112 = B_SPLINE_CURVE_WITH_KNOTS('',1,(#3113,#3114),.UNSPECIFIED.,.F.,  .F.,(2,2),(0.,0.762001524003),.PIECEWISE_BEZIER_KNOTS.);
#3113 = CARTESIAN_POINT('',(-3.755003810008,-7.32,0.762001524003));
#3114 = CARTESIAN_POINT('',(3.755003810008,-7.32,0.762001524003));
#3115 = ORIENTED_EDGE('',*,*,#3069,.F.);
#3116 = B_SPLINE_SURFACE_WITH_KNOTS('',1,1,(    (#3117,#3118)    ,(#3119,#3120    )),.UNSPECIFIED.,.F.,.F.,.F.,(2,2),(2,2),(0.,0.762001524003),(0.,    0.762001524003),.PIECEWISE_BEZIER_KNOTS.);
#3117 = CARTESIAN_POINT('',(-3.755003810008,-7.32,0.));
#3118 = CARTESIAN_POINT('',(3.755003810008,-7.32,0.));
#3119 = CARTESIAN_POINT('',(-3.755003810008,-7.32,0.762001524003));
#3120 = CARTESIAN_POINT('',(3.755003810008,-7.32,0.762001524003));
#3121 = ADVANCED_FACE('',(#3122),#3136,.T.);
#3122 = FACE_BOUND('',#3123,.T.);
#3123 = EDGE_LOOP('',(#3124,#3129,#3130,#3135));
#3124 = ORIENTED_EDGE('',*,*,#3125,.F.);
#3125 = EDGE_CURVE('',#3043,#3079,#3126,.T.);
#3126 = B_SPLINE_CURVE_WITH_KNOTS('',1,(#3127,#3128),.UNSPECIFIED.,.F.,  .F.,(2,2),(0.,0.762001524003),.PIECEWISE_BEZIER_KNOTS.);
#3127 = CARTESIAN_POINT('',(-3.755003810008,0.32,0.));
#3128 = CARTESIAN_POINT('',(3.755003810008,0.32,0.));
#3129 = ORIENTED_EDGE('',*,*,#3049,.T.);
#3130 = ORIENTED_EDGE('',*,*,#3131,.T.);
#3131 = EDGE_CURVE('',#3050,#3086,#3132,.T.);
#3132 = B_SPLINE_CURVE_WITH_KNOTS('',1,(#3133,#3134),.UNSPECIFIED.,.F.,  .F.,(2,2),(0.,0.762001524003),.PIECEWISE_BEZIER_KNOTS.);
#3133 = CARTESIAN_POINT('',(-3.755003810008,0.32,0.762001524003));
#3134 = CARTESIAN_POINT('',(3.755003810008,0.32,0.762001524003));
#3135 = ORIENTED_EDGE('',*,*,#3085,.F.);
#3136 = B_SPLINE_SURFACE_WITH_KNOTS('',1,1,(    (#3137,#3138)    ,(#3139,#3140    )),.UNSPECIFIED.,.F.,.F.,.F.,(2,2),(2,2),(0.,0.762001524003),(0.,    0.762001524003),.PIECEWISE_BEZIER_KNOTS.);
#3137 = CARTESIAN_POINT('',(-3.755003810008,0.32,0.));
#3138 = CARTESIAN_POINT('',(3.755003810008,0.32,0.));
#3139 = CARTESIAN_POINT('',(-3.755003810008,0.32,0.762001524003));
#3140 = CARTESIAN_POINT('',(3.755003810008,0.32,0.762001524003));
#3141 = ADVANCED_FACE('',(#3142),#3148,.F.);
#3142 = FACE_BOUND('',#3143,.F.);
#3143 = EDGE_LOOP('',(#3144,#3145,#3146,#3147));
#3144 = ORIENTED_EDGE('',*,*,#3042,.F.);
#3145 = ORIENTED_EDGE('',*,*,#3105,.T.);
#3146 = ORIENTED_EDGE('',*,*,#3078,.T.);
#3147 = ORIENTED_EDGE('',*,*,#3125,.F.);
#3148 = B_SPLINE_SURFACE_WITH_KNOTS('',1,1,(    (#3149,#3150)    ,(#3151,#3152    )),.UNSPECIFIED.,.F.,.F.,.F.,(2,2),(2,2),(0.,0.762001524003),(0.,    0.762001524003),.PIECEWISE_BEZIER_KNOTS.);
#3149 = CARTESIAN_POINT('',(-3.755003810008,-7.32,0.));
#3150 = CARTESIAN_POINT('',(-3.755003810008,0.32,0.));
#3151 = CARTESIAN_POINT('',(3.755003810008,-7.32,0.));
#3152 = CARTESIAN_POINT('',(3.755003810008,0.32,0.));
#3153 = ADVANCED_FACE('',(#3154),#3160,.T.);
#3154 = FACE_BOUND('',#3155,.T.);
#3155 = EDGE_LOOP('',(#3156,#3157,#3158,#3159));
#3156 = ORIENTED_EDGE('',*,*,#3056,.F.);
#3157 = ORIENTED_EDGE('',*,*,#3111,.T.);
#3158 = ORIENTED_EDGE('',*,*,#3092,.T.);
#3159 = ORIENTED_EDGE('',*,*,#3131,.F.);
#3160 = B_SPLINE_SURFACE_WITH_KNOTS('',1,1,(    (#3161,#3162)    ,(#3163,#3164    )),.UNSPECIFIED.,.F.,.F.,.F.,(2,2),(2,2),(0.,0.762001524003),(0.,    0.762001524003),.PIECEWISE_BEZIER_KNOTS.);
#3161 = CARTESIAN_POINT('',(-3.755003810008,-7.32,0.762001524003));
#3162 = CARTESIAN_POINT('',(-3.755003810008,0.32,0.762001524003));
#3163 = CARTESIAN_POINT('',(3.755003810008,-7.32,0.762001524003));
#3164 = CARTESIAN_POINT('',(3.755003810008,0.32,0.762001524003));
#3165 = ( GEOMETRIC_REPRESENTATION_CONTEXT(3) GLOBAL_UNCERTAINTY_ASSIGNED_CONTEXT((#3169)) GLOBAL_UNIT_ASSIGNED_CONTEXT((#3166,#3167,#3168)) REPRESENTATION_CONTEXT('Context #1','3D Context with UNIT and UNCERTAINTY') );
#3166 = ( LENGTH_UNIT() NAMED_UNIT(*) SI_UNIT(.MILLI.,.METRE.) );
#3167 = ( NAMED_UNIT(*) PLANE_ANGLE_UNIT() SI_UNIT($,.RADIAN.) );
#3168 = ( NAMED_UNIT(*) SI_UNIT($,.STERADIAN.) SOLID_ANGLE_UNIT() );
#3169 = UNCERTAINTY_MEASURE_WITH_UNIT(LENGTH_MEASURE(1.E-06),#3166,  'distance_accuracy_value','confusion accuracy');
#3170 = CONTEXT_DEPENDENT_SHAPE_REPRESENTATION(#3171,#3173);
#3171 = ( REPRESENTATION_RELATIONSHIP('','',#3026,#3003) REPRESENTATION_RELATIONSHIP_WITH_TRANSFORMATION(#3172) SHAPE_REPRESENTATION_RELATIONSHIP() );
#3172 = ITEM_DEFINED_TRANSFORMATION('','',#11,#3004);
#3173 = PRODUCT_DEFINITION_SHAPE('Placement','Placement of an item',  #3174);
#3174 = NEXT_ASSEMBLY_USAGE_OCCURRENCE('46','=>[0:1:1:30]','',#2998,  #3021,$);
#3175 = PRODUCT_RELATED_PRODUCT_CATEGORY('part',$,(#3023));
#3176 = SHAPE_DEFINITION_REPRESENTATION(#3177,#3183);
#3177 = PRODUCT_DEFINITION_SHAPE('','',#3178);
#3178 = PRODUCT_DEFINITION('design','',#3179,#3182);
#3179 = PRODUCT_DEFINITION_FORMATION('','',#3180);
#3180 = PRODUCT('LEFT~ESOP-8_L4.9-W3.9-P1.27-LS6.0-BL-EP-1~ESOP-8_L4.9-W3.9-P1.27-LS6.0-BL-EP-1~zL8V','LEFT~ESOP-8_L4.9-W3.9-P1.27-LS6.0-BL-EP-1~ESOP-8_L4.9-W3.9-P1.27-LS6.0-BL-EP-1~zL8V','',(#3181));
#3181 = PRODUCT_CONTEXT('',#2,'mechanical');
#3182 = PRODUCT_DEFINITION_CONTEXT('part definition',#2,'design');
#3183 = SHAPE_REPRESENTATION('',(#11,#3184),#3188);
#3184 = AXIS2_PLACEMENT_3D('',#3185,#3186,#3187);
#3185 = CARTESIAN_POINT('',(0.,0.,0.));
#3186 = DIRECTION('',(0.,0.,1.));
#3187 = DIRECTION('',(1.,0.,-0.));
#3188 = ( GEOMETRIC_REPRESENTATION_CONTEXT(3) GLOBAL_UNCERTAINTY_ASSIGNED_CONTEXT((#3192)) GLOBAL_UNIT_ASSIGNED_CONTEXT((#3189,#3190,#3191)) REPRESENTATION_CONTEXT('Context #1','3D Context with UNIT and UNCERTAINTY') );
#3189 = ( LENGTH_UNIT() NAMED_UNIT(*) SI_UNIT(.MILLI.,.METRE.) );
#3190 = ( NAMED_UNIT(*) PLANE_ANGLE_UNIT() SI_UNIT($,.RADIAN.) );
#3191 = ( NAMED_UNIT(*) SI_UNIT($,.STERADIAN.) SOLID_ANGLE_UNIT() );
#3192 = UNCERTAINTY_MEASURE_WITH_UNIT(LENGTH_MEASURE(1.E-06),#3189,  'distance_accuracy_value','confusion accuracy');
#3193 = CONTEXT_DEPENDENT_SHAPE_REPRESENTATION(#3194,#3196);
#3194 = ( REPRESENTATION_RELATIONSHIP('','',#3183,#10) REPRESENTATION_RELATIONSHIP_WITH_TRANSFORMATION(#3195) SHAPE_REPRESENTATION_RELATIONSHIP() );
#3195 = ITEM_DEFINED_TRANSFORMATION('','',#11,#119);
#3196 = PRODUCT_DEFINITION_SHAPE('Placement','Placement of an item',  #3197);
#3197 = NEXT_ASSEMBLY_USAGE_OCCURRENCE('49','=>[0:1:1:33]','',#5,#3178,$  );
#3198 = PRODUCT_RELATED_PRODUCT_CATEGORY('part',$,(#3180));
#3199 = SHAPE_DEFINITION_REPRESENTATION(#3200,#3206);
#3200 = PRODUCT_DEFINITION_SHAPE('','',#3201);
#3201 = PRODUCT_DEFINITION('design','',#3202,#3205);
#3202 = PRODUCT_DEFINITION_FORMATION('','',#3203);
#3203 = PRODUCT('ESOP-8_L4.9-W3.9-P1.27-LS6.0-BL-EP-1~ESOP-8_L4.9-W3.9-P1.27-LS6.0-BL-EP-1~zL8V','ESOP-8_L4.9-W3.9-P1.27-LS6.0-BL-EP-1~ESOP-8_L4.9-W3.9-P1.27-LS6.0-BL-EP-1~zL8V','',(#3204));
#3204 = PRODUCT_CONTEXT('',#2,'mechanical');
#3205 = PRODUCT_DEFINITION_CONTEXT('part definition',#2,'design');
#3206 = ADVANCED_BREP_SHAPE_REPRESENTATION('',(#11,#3207),#3345);
#3207 = MANIFOLD_SOLID_BREP('',#3208);
#3208 = CLOSED_SHELL('',(#3209,#3245,#3281,#3301,#3321,#3333));
#3209 = ADVANCED_FACE('',(#3210),#3240,.F.);
#3210 = FACE_BOUND('',#3211,.F.);
#3211 = EDGE_LOOP('',(#3212,#3221,#3228,#3235));
#3212 = ORIENTED_EDGE('',*,*,#3213,.F.);
#3213 = EDGE_CURVE('',#3214,#3216,#3218,.T.);
#3214 = VERTEX_POINT('',#3215);
#3215 = CARTESIAN_POINT('',(-2.45,-3.,0.));
#3216 = VERTEX_POINT('',#3217);
#3217 = CARTESIAN_POINT('',(-2.45,-3.,0.762001524003));
#3218 = B_SPLINE_CURVE_WITH_KNOTS('',1,(#3219,#3220),.UNSPECIFIED.,.F.,  .F.,(2,2),(0.,0.762001524003),.PIECEWISE_BEZIER_KNOTS.);
#3219 = CARTESIAN_POINT('',(-2.45,-3.,0.));
#3220 = CARTESIAN_POINT('',(-2.45,-3.,0.762001524003));
#3221 = ORIENTED_EDGE('',*,*,#3222,.T.);
#3222 = EDGE_CURVE('',#3214,#3223,#3225,.T.);
#3223 = VERTEX_POINT('',#3224);
#3224 = CARTESIAN_POINT('',(-2.45,3.,0.));
#3225 = B_SPLINE_CURVE_WITH_KNOTS('',1,(#3226,#3227),.UNSPECIFIED.,.F.,  .F.,(2,2),(0.,0.762001524003),.PIECEWISE_BEZIER_KNOTS.);
#3226 = CARTESIAN_POINT('',(-2.45,-3.,0.));
#3227 = CARTESIAN_POINT('',(-2.45,3.,0.));
#3228 = ORIENTED_EDGE('',*,*,#3229,.T.);
#3229 = EDGE_CURVE('',#3223,#3230,#3232,.T.);
#3230 = VERTEX_POINT('',#3231);
#3231 = CARTESIAN_POINT('',(-2.45,3.,0.762001524003));
#3232 = B_SPLINE_CURVE_WITH_KNOTS('',1,(#3233,#3234),.UNSPECIFIED.,.F.,  .F.,(2,2),(0.,0.762001524003),.PIECEWISE_BEZIER_KNOTS.);
#3233 = CARTESIAN_POINT('',(-2.45,3.,0.));
#3234 = CARTESIAN_POINT('',(-2.45,3.,0.762001524003));
#3235 = ORIENTED_EDGE('',*,*,#3236,.F.);
#3236 = EDGE_CURVE('',#3216,#3230,#3237,.T.);
#3237 = B_SPLINE_CURVE_WITH_KNOTS('',1,(#3238,#3239),.UNSPECIFIED.,.F.,  .F.,(2,2),(0.,0.762001524003),.PIECEWISE_BEZIER_KNOTS.);
#3238 = CARTESIAN_POINT('',(-2.45,-3.,0.762001524003));
#3239 = CARTESIAN_POINT('',(-2.45,3.,0.762001524003));
#3240 = B_SPLINE_SURFACE_WITH_KNOTS('',1,1,(    (#3241,#3242)    ,(#3243,#3244    )),.UNSPECIFIED.,.F.,.F.,.F.,(2,2),(2,2),(0.,0.762001524003),(    -0.762001524003,0.),.PIECEWISE_BEZIER_KNOTS.);
#3241 = CARTESIAN_POINT('',(-2.45,3.,0.));
#3242 = CARTESIAN_POINT('',(-2.45,-3.,0.));
#3243 = CARTESIAN_POINT('',(-2.45,3.,0.762001524003));
#3244 = CARTESIAN_POINT('',(-2.45,-3.,0.762001524003));
#3245 = ADVANCED_FACE('',(#3246),#3276,.T.);
#3246 = FACE_BOUND('',#3247,.T.);
#3247 = EDGE_LOOP('',(#3248,#3257,#3264,#3271));
#3248 = ORIENTED_EDGE('',*,*,#3249,.F.);
#3249 = EDGE_CURVE('',#3250,#3252,#3254,.T.);
#3250 = VERTEX_POINT('',#3251);
#3251 = CARTESIAN_POINT('',(2.45,-3.,0.));
#3252 = VERTEX_POINT('',#3253);
#3253 = CARTESIAN_POINT('',(2.45,-3.,0.762001524003));
#3254 = B_SPLINE_CURVE_WITH_KNOTS('',1,(#3255,#3256),.UNSPECIFIED.,.F.,  .F.,(2,2),(0.,0.762001524003),.PIECEWISE_BEZIER_KNOTS.);
#3255 = CARTESIAN_POINT('',(2.45,-3.,0.));
#3256 = CARTESIAN_POINT('',(2.45,-3.,0.762001524003));
#3257 = ORIENTED_EDGE('',*,*,#3258,.T.);
#3258 = EDGE_CURVE('',#3250,#3259,#3261,.T.);
#3259 = VERTEX_POINT('',#3260);
#3260 = CARTESIAN_POINT('',(2.45,3.,0.));
#3261 = B_SPLINE_CURVE_WITH_KNOTS('',1,(#3262,#3263),.UNSPECIFIED.,.F.,  .F.,(2,2),(0.,0.762001524003),.PIECEWISE_BEZIER_KNOTS.);
#3262 = CARTESIAN_POINT('',(2.45,-3.,0.));
#3263 = CARTESIAN_POINT('',(2.45,3.,0.));
#3264 = ORIENTED_EDGE('',*,*,#3265,.T.);
#3265 = EDGE_CURVE('',#3259,#3266,#3268,.T.);
#3266 = VERTEX_POINT('',#3267);
#3267 = CARTESIAN_POINT('',(2.45,3.,0.762001524003));
#3268 = B_SPLINE_CURVE_WITH_KNOTS('',1,(#3269,#3270),.UNSPECIFIED.,.F.,  .F.,(2,2),(0.,0.762001524003),.PIECEWISE_BEZIER_KNOTS.);
#3269 = CARTESIAN_POINT('',(2.45,3.,0.));
#3270 = CARTESIAN_POINT('',(2.45,3.,0.762001524003));
#3271 = ORIENTED_EDGE('',*,*,#3272,.F.);
#3272 = EDGE_CURVE('',#3252,#3266,#3273,.T.);
#3273 = B_SPLINE_CURVE_WITH_KNOTS('',1,(#3274,#3275),.UNSPECIFIED.,.F.,  .F.,(2,2),(0.,0.762001524003),.PIECEWISE_BEZIER_KNOTS.);
#3274 = CARTESIAN_POINT('',(2.45,-3.,0.762001524003));
#3275 = CARTESIAN_POINT('',(2.45,3.,0.762001524003));
#3276 = B_SPLINE_SURFACE_WITH_KNOTS('',1,1,(    (#3277,#3278)    ,(#3279,#3280    )),.UNSPECIFIED.,.F.,.F.,.F.,(2,2),(2,2),(0.,0.762001524003),(    -0.762001524003,0.),.PIECEWISE_BEZIER_KNOTS.);
#3277 = CARTESIAN_POINT('',(2.45,3.,0.));
#3278 = CARTESIAN_POINT('',(2.45,-3.,0.));
#3279 = CARTESIAN_POINT('',(2.45,3.,0.762001524003));
#3280 = CARTESIAN_POINT('',(2.45,-3.,0.762001524003));
#3281 = ADVANCED_FACE('',(#3282),#3296,.F.);
#3282 = FACE_BOUND('',#3283,.F.);
#3283 = EDGE_LOOP('',(#3284,#3289,#3290,#3295));
#3284 = ORIENTED_EDGE('',*,*,#3285,.F.);
#3285 = EDGE_CURVE('',#3214,#3250,#3286,.T.);
#3286 = B_SPLINE_CURVE_WITH_KNOTS('',1,(#3287,#3288),.UNSPECIFIED.,.F.,  .F.,(2,2),(0.,0.762001524003),.PIECEWISE_BEZIER_KNOTS.);
#3287 = CARTESIAN_POINT('',(-2.45,-3.,0.));
#3288 = CARTESIAN_POINT('',(2.45,-3.,0.));
#3289 = ORIENTED_EDGE('',*,*,#3213,.T.);
#3290 = ORIENTED_EDGE('',*,*,#3291,.T.);
#3291 = EDGE_CURVE('',#3216,#3252,#3292,.T.);
#3292 = B_SPLINE_CURVE_WITH_KNOTS('',1,(#3293,#3294),.UNSPECIFIED.,.F.,  .F.,(2,2),(0.,0.762001524003),.PIECEWISE_BEZIER_KNOTS.);
#3293 = CARTESIAN_POINT('',(-2.45,-3.,0.762001524003));
#3294 = CARTESIAN_POINT('',(2.45,-3.,0.762001524003));
#3295 = ORIENTED_EDGE('',*,*,#3249,.F.);
#3296 = B_SPLINE_SURFACE_WITH_KNOTS('',1,1,(    (#3297,#3298)    ,(#3299,#3300    )),.UNSPECIFIED.,.F.,.F.,.F.,(2,2),(2,2),(0.,0.762001524003),(0.,    0.762001524003),.PIECEWISE_BEZIER_KNOTS.);
#3297 = CARTESIAN_POINT('',(-2.45,-3.,0.));
#3298 = CARTESIAN_POINT('',(2.45,-3.,0.));
#3299 = CARTESIAN_POINT('',(-2.45,-3.,0.762001524003));
#3300 = CARTESIAN_POINT('',(2.45,-3.,0.762001524003));
#3301 = ADVANCED_FACE('',(#3302),#3316,.T.);
#3302 = FACE_BOUND('',#3303,.T.);
#3303 = EDGE_LOOP('',(#3304,#3309,#3310,#3315));
#3304 = ORIENTED_EDGE('',*,*,#3305,.F.);
#3305 = EDGE_CURVE('',#3223,#3259,#3306,.T.);
#3306 = B_SPLINE_CURVE_WITH_KNOTS('',1,(#3307,#3308),.UNSPECIFIED.,.F.,  .F.,(2,2),(0.,0.762001524003),.PIECEWISE_BEZIER_KNOTS.);
#3307 = CARTESIAN_POINT('',(-2.45,3.,0.));
#3308 = CARTESIAN_POINT('',(2.45,3.,0.));
#3309 = ORIENTED_EDGE('',*,*,#3229,.T.);
#3310 = ORIENTED_EDGE('',*,*,#3311,.T.);
#3311 = EDGE_CURVE('',#3230,#3266,#3312,.T.);
#3312 = B_SPLINE_CURVE_WITH_KNOTS('',1,(#3313,#3314),.UNSPECIFIED.,.F.,  .F.,(2,2),(0.,0.762001524003),.PIECEWISE_BEZIER_KNOTS.);
#3313 = CARTESIAN_POINT('',(-2.45,3.,0.762001524003));
#3314 = CARTESIAN_POINT('',(2.45,3.,0.762001524003));
#3315 = ORIENTED_EDGE('',*,*,#3265,.F.);
#3316 = B_SPLINE_SURFACE_WITH_KNOTS('',1,1,(    (#3317,#3318)    ,(#3319,#3320    )),.UNSPECIFIED.,.F.,.F.,.F.,(2,2),(2,2),(0.,0.762001524003),(0.,    0.762001524003),.PIECEWISE_BEZIER_KNOTS.);
#3317 = CARTESIAN_POINT('',(-2.45,3.,0.));
#3318 = CARTESIAN_POINT('',(2.45,3.,0.));
#3319 = CARTESIAN_POINT('',(-2.45,3.,0.762001524003));
#3320 = CARTESIAN_POINT('',(2.45,3.,0.762001524003));
#3321 = ADVANCED_FACE('',(#3322),#3328,.F.);
#3322 = FACE_BOUND('',#3323,.F.);
#3323 = EDGE_LOOP('',(#3324,#3325,#3326,#3327));
#3324 = ORIENTED_EDGE('',*,*,#3222,.F.);
#3325 = ORIENTED_EDGE('',*,*,#3285,.T.);
#3326 = ORIENTED_EDGE('',*,*,#3258,.T.);
#3327 = ORIENTED_EDGE('',*,*,#3305,.F.);
#3328 = B_SPLINE_SURFACE_WITH_KNOTS('',1,1,(    (#3329,#3330)    ,(#3331,#3332    )),.UNSPECIFIED.,.F.,.F.,.F.,(2,2),(2,2),(0.,0.762001524003),(0.,    0.762001524003),.PIECEWISE_BEZIER_KNOTS.);
#3329 = CARTESIAN_POINT('',(-2.45,-3.,0.));
#3330 = CARTESIAN_POINT('',(-2.45,3.,0.));
#3331 = CARTESIAN_POINT('',(2.45,-3.,0.));
#3332 = CARTESIAN_POINT('',(2.45,3.,0.));
#3333 = ADVANCED_FACE('',(#3334),#3340,.T.);
#3334 = FACE_BOUND('',#3335,.T.);
#3335 = EDGE_LOOP('',(#3336,#3337,#3338,#3339));
#3336 = ORIENTED_EDGE('',*,*,#3236,.F.);
#3337 = ORIENTED_EDGE('',*,*,#3291,.T.);
#3338 = ORIENTED_EDGE('',*,*,#3272,.T.);
#3339 = ORIENTED_EDGE('',*,*,#3311,.F.);
#3340 = B_SPLINE_SURFACE_WITH_KNOTS('',1,1,(    (#3341,#3342)    ,(#3343,#3344    )),.UNSPECIFIED.,.F.,.F.,.F.,(2,2),(2,2),(0.,0.762001524003),(0.,    0.762001524003),.PIECEWISE_BEZIER_KNOTS.);
#3341 = CARTESIAN_POINT('',(-2.45,-3.,0.762001524003));
#3342 = CARTESIAN_POINT('',(-2.45,3.,0.762001524003));
#3343 = CARTESIAN_POINT('',(2.45,-3.,0.762001524003));
#3344 = CARTESIAN_POINT('',(2.45,3.,0.762001524003));
#3345 = ( GEOMETRIC_REPRESENTATION_CONTEXT(3) GLOBAL_UNCERTAINTY_ASSIGNED_CONTEXT((#3349)) GLOBAL_UNIT_ASSIGNED_CONTEXT((#3346,#3347,#3348)) REPRESENTATION_CONTEXT('Context #1','3D Context with UNIT and UNCERTAINTY') );
#3346 = ( LENGTH_UNIT() NAMED_UNIT(*) SI_UNIT(.MILLI.,.METRE.) );
#3347 = ( NAMED_UNIT(*) PLANE_ANGLE_UNIT() SI_UNIT($,.RADIAN.) );
#3348 = ( NAMED_UNIT(*) SI_UNIT($,.STERADIAN.) SOLID_ANGLE_UNIT() );
#3349 = UNCERTAINTY_MEASURE_WITH_UNIT(LENGTH_MEASURE(1.E-06),#3346,  'distance_accuracy_value','confusion accuracy');
#3350 = CONTEXT_DEPENDENT_SHAPE_REPRESENTATION(#3351,#3353);
#3351 = ( REPRESENTATION_RELATIONSHIP('','',#3206,#3183) REPRESENTATION_RELATIONSHIP_WITH_TRANSFORMATION(#3352) SHAPE_REPRESENTATION_RELATIONSHIP() );
#3352 = ITEM_DEFINED_TRANSFORMATION('','',#11,#3184);
#3353 = PRODUCT_DEFINITION_SHAPE('Placement','Placement of an item',  #3354);
#3354 = NEXT_ASSEMBLY_USAGE_OCCURRENCE('48','=>[0:1:1:32]','',#3178,  #3201,$);
#3355 = PRODUCT_RELATED_PRODUCT_CATEGORY('part',$,(#3203));
#3356 = SHAPE_DEFINITION_REPRESENTATION(#3357,#3363);
#3357 = PRODUCT_DEFINITION_SHAPE('','',#3358);
#3358 = PRODUCT_DEFINITION('design','',#3359,#3362);
#3359 = PRODUCT_DEFINITION_FORMATION('','',#3360);
#3360 = PRODUCT('RIGHT~ESOP-8_L4.9-W3.9-P1.27-LS6.0-BL-EP-1~ESOP-8_L4.9-W3.9-P1.27-LS6.0-BL-EP-1~zL8V','RIGHT~ESOP-8_L4.9-W3.9-P1.27-LS6.0-BL-EP-1~ESOP-8_L4.9-W3.9-P1.27-LS6.0-BL-EP-1~zL8V','',(#3361));
#3361 = PRODUCT_CONTEXT('',#2,'mechanical');
#3362 = PRODUCT_DEFINITION_CONTEXT('part definition',#2,'design');
#3363 = SHAPE_REPRESENTATION('',(#11,#3364),#3368);
#3364 = AXIS2_PLACEMENT_3D('',#3365,#3366,#3367);
#3365 = CARTESIAN_POINT('',(0.,0.,0.));
#3366 = DIRECTION('',(0.,0.,1.));
#3367 = DIRECTION('',(1.,0.,-0.));
#3368 = ( GEOMETRIC_REPRESENTATION_CONTEXT(3) GLOBAL_UNCERTAINTY_ASSIGNED_CONTEXT((#3372)) GLOBAL_UNIT_ASSIGNED_CONTEXT((#3369,#3370,#3371)) REPRESENTATION_CONTEXT('Context #1','3D Context with UNIT and UNCERTAINTY') );
#3369 = ( LENGTH_UNIT() NAMED_UNIT(*) SI_UNIT(.MILLI.,.METRE.) );
#3370 = ( NAMED_UNIT(*) PLANE_ANGLE_UNIT() SI_UNIT($,.RADIAN.) );
#3371 = ( NAMED_UNIT(*) SI_UNIT($,.STERADIAN.) SOLID_ANGLE_UNIT() );
#3372 = UNCERTAINTY_MEASURE_WITH_UNIT(LENGTH_MEASURE(1.E-06),#3369,  'distance_accuracy_value','confusion accuracy');
#3373 = CONTEXT_DEPENDENT_SHAPE_REPRESENTATION(#3374,#3376);
#3374 = ( REPRESENTATION_RELATIONSHIP('','',#3363,#10) REPRESENTATION_RELATIONSHIP_WITH_TRANSFORMATION(#3375) SHAPE_REPRESENTATION_RELATIONSHIP() );
#3375 = ITEM_DEFINED_TRANSFORMATION('','',#11,#123);
#3376 = PRODUCT_DEFINITION_SHAPE('Placement','Placement of an item',  #3377);
#3377 = NEXT_ASSEMBLY_USAGE_OCCURRENCE('51','=>[0:1:1:34]','',#5,#3358,$  );
#3378 = PRODUCT_RELATED_PRODUCT_CATEGORY('part',$,(#3360));
#3379 = CONTEXT_DEPENDENT_SHAPE_REPRESENTATION(#3380,#3382);
#3380 = ( REPRESENTATION_RELATIONSHIP('','',#3206,#3363) REPRESENTATION_RELATIONSHIP_WITH_TRANSFORMATION(#3381) SHAPE_REPRESENTATION_RELATIONSHIP() );
#3381 = ITEM_DEFINED_TRANSFORMATION('','',#11,#3364);
#3382 = PRODUCT_DEFINITION_SHAPE('Placement','Placement of an item',  #3383);
#3383 = NEXT_ASSEMBLY_USAGE_OCCURRENCE('50','','',#3358,#3201,$);
#3384 = SHAPE_DEFINITION_REPRESENTATION(#3385,#3391);
#3385 = PRODUCT_DEFINITION_SHAPE('','',#3386);
#3386 = PRODUCT_DEFINITION('design','',#3387,#3390);
#3387 = PRODUCT_DEFINITION_FORMATION('','',#3388);
#3388 = PRODUCT(  'FANs~CONN-TH_3P-P2.54_HCTL_XH-3AW~CONN-TH_3P-P2.54_HCTL_XH-3AW~zL8V',  'FANs~CONN-TH_3P-P2.54_HCTL_XH-3AW~CONN-TH_3P-P2.54_HCTL_XH-3AW~zL8V',  '',(#3389));
#3389 = PRODUCT_CONTEXT('',#2,'mechanical');
#3390 = PRODUCT_DEFINITION_CONTEXT('part definition',#2,'design');
#3391 = SHAPE_REPRESENTATION('',(#11,#3392),#3396);
#3392 = AXIS2_PLACEMENT_3D('',#3393,#3394,#3395);
#3393 = CARTESIAN_POINT('',(0.,0.,0.));
#3394 = DIRECTION('',(0.,0.,1.));
#3395 = DIRECTION('',(1.,0.,-0.));
#3396 = ( GEOMETRIC_REPRESENTATION_CONTEXT(3) GLOBAL_UNCERTAINTY_ASSIGNED_CONTEXT((#3400)) GLOBAL_UNIT_ASSIGNED_CONTEXT((#3397,#3398,#3399)) REPRESENTATION_CONTEXT('Context #1','3D Context with UNIT and UNCERTAINTY') );
#3397 = ( LENGTH_UNIT() NAMED_UNIT(*) SI_UNIT(.MILLI.,.METRE.) );
#3398 = ( NAMED_UNIT(*) PLANE_ANGLE_UNIT() SI_UNIT($,.RADIAN.) );
#3399 = ( NAMED_UNIT(*) SI_UNIT($,.STERADIAN.) SOLID_ANGLE_UNIT() );
#3400 = UNCERTAINTY_MEASURE_WITH_UNIT(LENGTH_MEASURE(1.E-06),#3397,  'distance_accuracy_value','confusion accuracy');
#3401 = CONTEXT_DEPENDENT_SHAPE_REPRESENTATION(#3402,#3404);
#3402 = ( REPRESENTATION_RELATIONSHIP('','',#3391,#10) REPRESENTATION_RELATIONSHIP_WITH_TRANSFORMATION(#3403) SHAPE_REPRESENTATION_RELATIONSHIP() );
#3403 = ITEM_DEFINED_TRANSFORMATION('','',#11,#127);
#3404 = PRODUCT_DEFINITION_SHAPE('Placement','Placement of an item',  #3405);
#3405 = NEXT_ASSEMBLY_USAGE_OCCURRENCE('53','=>[0:1:1:36]','',#5,#3386,$  );
#3406 = PRODUCT_RELATED_PRODUCT_CATEGORY('part',$,(#3388));
#3407 = SHAPE_DEFINITION_REPRESENTATION(#3408,#3414);
#3408 = PRODUCT_DEFINITION_SHAPE('','',#3409);
#3409 = PRODUCT_DEFINITION('design','',#3410,#3413);
#3410 = PRODUCT_DEFINITION_FORMATION('','',#3411);
#3411 = PRODUCT(  'CONN-TH_3P-P2.54_HCTL_XH-3AW~CONN-TH_3P-P2.54_HCTL_XH-3AW~zL8V',  'CONN-TH_3P-P2.54_HCTL_XH-3AW~CONN-TH_3P-P2.54_HCTL_XH-3AW~zL8V','',(    #3412));
#3412 = PRODUCT_CONTEXT('',#2,'mechanical');
#3413 = PRODUCT_DEFINITION_CONTEXT('part definition',#2,'design');
#3414 = ADVANCED_BREP_SHAPE_REPRESENTATION('',(#11,#3415),#3553);
#3415 = MANIFOLD_SOLID_BREP('',#3416);
#3416 = CLOSED_SHELL('',(#3417,#3453,#3489,#3509,#3529,#3541));
#3417 = ADVANCED_FACE('',(#3418),#3448,.F.);
#3418 = FACE_BOUND('',#3419,.F.);
#3419 = EDGE_LOOP('',(#3420,#3429,#3436,#3443));
#3420 = ORIENTED_EDGE('',*,*,#3421,.F.);
#3421 = EDGE_CURVE('',#3422,#3424,#3426,.T.);
#3422 = VERTEX_POINT('',#3423);
#3423 = CARTESIAN_POINT('',(-5.,-0.309987299975,0.));
#3424 = VERTEX_POINT('',#3425);
#3425 = CARTESIAN_POINT('',(-5.,-0.309987299975,0.762001524003));
#3426 = B_SPLINE_CURVE_WITH_KNOTS('',1,(#3427,#3428),.UNSPECIFIED.,.F.,  .F.,(2,2),(0.,0.762001524003),.PIECEWISE_BEZIER_KNOTS.);
#3427 = CARTESIAN_POINT('',(-5.,-0.309987299975,0.));
#3428 = CARTESIAN_POINT('',(-5.,-0.309987299975,0.762001524003));
#3429 = ORIENTED_EDGE('',*,*,#3430,.T.);
#3430 = EDGE_CURVE('',#3422,#3431,#3433,.T.);
#3431 = VERTEX_POINT('',#3432);
#3432 = CARTESIAN_POINT('',(-5.,7.410012700025,0.));
#3433 = B_SPLINE_CURVE_WITH_KNOTS('',1,(#3434,#3435),.UNSPECIFIED.,.F.,  .F.,(2,2),(0.,0.762001524003),.PIECEWISE_BEZIER_KNOTS.);
#3434 = CARTESIAN_POINT('',(-5.,-0.309987299975,0.));
#3435 = CARTESIAN_POINT('',(-5.,7.410012700025,0.));
#3436 = ORIENTED_EDGE('',*,*,#3437,.T.);
#3437 = EDGE_CURVE('',#3431,#3438,#3440,.T.);
#3438 = VERTEX_POINT('',#3439);
#3439 = CARTESIAN_POINT('',(-5.,7.410012700025,0.762001524003));
#3440 = B_SPLINE_CURVE_WITH_KNOTS('',1,(#3441,#3442),.UNSPECIFIED.,.F.,  .F.,(2,2),(0.,0.762001524003),.PIECEWISE_BEZIER_KNOTS.);
#3441 = CARTESIAN_POINT('',(-5.,7.410012700025,0.));
#3442 = CARTESIAN_POINT('',(-5.,7.410012700025,0.762001524003));
#3443 = ORIENTED_EDGE('',*,*,#3444,.F.);
#3444 = EDGE_CURVE('',#3424,#3438,#3445,.T.);
#3445 = B_SPLINE_CURVE_WITH_KNOTS('',1,(#3446,#3447),.UNSPECIFIED.,.F.,  .F.,(2,2),(0.,0.762001524003),.PIECEWISE_BEZIER_KNOTS.);
#3446 = CARTESIAN_POINT('',(-5.,-0.309987299975,0.762001524003));
#3447 = CARTESIAN_POINT('',(-5.,7.410012700025,0.762001524003));
#3448 = B_SPLINE_SURFACE_WITH_KNOTS('',1,1,(    (#3449,#3450)    ,(#3451,#3452    )),.UNSPECIFIED.,.F.,.F.,.F.,(2,2),(2,2),(0.,0.762001524003),(    -0.762001524003,0.),.PIECEWISE_BEZIER_KNOTS.);
#3449 = CARTESIAN_POINT('',(-5.,7.410012700025,0.));
#3450 = CARTESIAN_POINT('',(-5.,-0.309987299975,0.));
#3451 = CARTESIAN_POINT('',(-5.,7.410012700025,0.762001524003));
#3452 = CARTESIAN_POINT('',(-5.,-0.309987299975,0.762001524003));
#3453 = ADVANCED_FACE('',(#3454),#3484,.T.);
#3454 = FACE_BOUND('',#3455,.T.);
#3455 = EDGE_LOOP('',(#3456,#3465,#3472,#3479));
#3456 = ORIENTED_EDGE('',*,*,#3457,.F.);
#3457 = EDGE_CURVE('',#3458,#3460,#3462,.T.);
#3458 = VERTEX_POINT('',#3459);
#3459 = CARTESIAN_POINT('',(5.,-0.309987299975,0.));
#3460 = VERTEX_POINT('',#3461);
#3461 = CARTESIAN_POINT('',(5.,-0.309987299975,0.762001524003));
#3462 = B_SPLINE_CURVE_WITH_KNOTS('',1,(#3463,#3464),.UNSPECIFIED.,.F.,  .F.,(2,2),(0.,0.762001524003),.PIECEWISE_BEZIER_KNOTS.);
#3463 = CARTESIAN_POINT('',(5.,-0.309987299975,0.));
#3464 = CARTESIAN_POINT('',(5.,-0.309987299975,0.762001524003));
#3465 = ORIENTED_EDGE('',*,*,#3466,.T.);
#3466 = EDGE_CURVE('',#3458,#3467,#3469,.T.);
#3467 = VERTEX_POINT('',#3468);
#3468 = CARTESIAN_POINT('',(5.,7.410012700025,0.));
#3469 = B_SPLINE_CURVE_WITH_KNOTS('',1,(#3470,#3471),.UNSPECIFIED.,.F.,  .F.,(2,2),(0.,0.762001524003),.PIECEWISE_BEZIER_KNOTS.);
#3470 = CARTESIAN_POINT('',(5.,-0.309987299975,0.));
#3471 = CARTESIAN_POINT('',(5.,7.410012700025,0.));
#3472 = ORIENTED_EDGE('',*,*,#3473,.T.);
#3473 = EDGE_CURVE('',#3467,#3474,#3476,.T.);
#3474 = VERTEX_POINT('',#3475);
#3475 = CARTESIAN_POINT('',(5.,7.410012700025,0.762001524003));
#3476 = B_SPLINE_CURVE_WITH_KNOTS('',1,(#3477,#3478),.UNSPECIFIED.,.F.,  .F.,(2,2),(0.,0.762001524003),.PIECEWISE_BEZIER_KNOTS.);
#3477 = CARTESIAN_POINT('',(5.,7.410012700025,0.));
#3478 = CARTESIAN_POINT('',(5.,7.410012700025,0.762001524003));
#3479 = ORIENTED_EDGE('',*,*,#3480,.F.);
#3480 = EDGE_CURVE('',#3460,#3474,#3481,.T.);
#3481 = B_SPLINE_CURVE_WITH_KNOTS('',1,(#3482,#3483),.UNSPECIFIED.,.F.,  .F.,(2,2),(0.,0.762001524003),.PIECEWISE_BEZIER_KNOTS.);
#3482 = CARTESIAN_POINT('',(5.,-0.309987299975,0.762001524003));
#3483 = CARTESIAN_POINT('',(5.,7.410012700025,0.762001524003));
#3484 = B_SPLINE_SURFACE_WITH_KNOTS('',1,1,(    (#3485,#3486)    ,(#3487,#3488    )),.UNSPECIFIED.,.F.,.F.,.F.,(2,2),(2,2),(0.,0.762001524003),(    -0.762001524003,0.),.PIECEWISE_BEZIER_KNOTS.);
#3485 = CARTESIAN_POINT('',(5.,7.410012700025,0.));
#3486 = CARTESIAN_POINT('',(5.,-0.309987299975,0.));
#3487 = CARTESIAN_POINT('',(5.,7.410012700025,0.762001524003));
#3488 = CARTESIAN_POINT('',(5.,-0.309987299975,0.762001524003));
#3489 = ADVANCED_FACE('',(#3490),#3504,.F.);
#3490 = FACE_BOUND('',#3491,.F.);
#3491 = EDGE_LOOP('',(#3492,#3497,#3498,#3503));
#3492 = ORIENTED_EDGE('',*,*,#3493,.F.);
#3493 = EDGE_CURVE('',#3422,#3458,#3494,.T.);
#3494 = B_SPLINE_CURVE_WITH_KNOTS('',1,(#3495,#3496),.UNSPECIFIED.,.F.,  .F.,(2,2),(0.,0.762001524003),.PIECEWISE_BEZIER_KNOTS.);
#3495 = CARTESIAN_POINT('',(-5.,-0.309987299975,0.));
#3496 = CARTESIAN_POINT('',(5.,-0.309987299975,0.));
#3497 = ORIENTED_EDGE('',*,*,#3421,.T.);
#3498 = ORIENTED_EDGE('',*,*,#3499,.T.);
#3499 = EDGE_CURVE('',#3424,#3460,#3500,.T.);
#3500 = B_SPLINE_CURVE_WITH_KNOTS('',1,(#3501,#3502),.UNSPECIFIED.,.F.,  .F.,(2,2),(0.,0.762001524003),.PIECEWISE_BEZIER_KNOTS.);
#3501 = CARTESIAN_POINT('',(-5.,-0.309987299975,0.762001524003));
#3502 = CARTESIAN_POINT('',(5.,-0.309987299975,0.762001524003));
#3503 = ORIENTED_EDGE('',*,*,#3457,.F.);
#3504 = B_SPLINE_SURFACE_WITH_KNOTS('',1,1,(    (#3505,#3506)    ,(#3507,#3508    )),.UNSPECIFIED.,.F.,.F.,.F.,(2,2),(2,2),(0.,0.762001524003),(0.,    0.762001524003),.PIECEWISE_BEZIER_KNOTS.);
#3505 = CARTESIAN_POINT('',(-5.,-0.309987299975,0.));
#3506 = CARTESIAN_POINT('',(5.,-0.309987299975,0.));
#3507 = CARTESIAN_POINT('',(-5.,-0.309987299975,0.762001524003));
#3508 = CARTESIAN_POINT('',(5.,-0.309987299975,0.762001524003));
#3509 = ADVANCED_FACE('',(#3510),#3524,.T.);
#3510 = FACE_BOUND('',#3511,.T.);
#3511 = EDGE_LOOP('',(#3512,#3517,#3518,#3523));
#3512 = ORIENTED_EDGE('',*,*,#3513,.F.);
#3513 = EDGE_CURVE('',#3431,#3467,#3514,.T.);
#3514 = B_SPLINE_CURVE_WITH_KNOTS('',1,(#3515,#3516),.UNSPECIFIED.,.F.,  .F.,(2,2),(0.,0.762001524003),.PIECEWISE_BEZIER_KNOTS.);
#3515 = CARTESIAN_POINT('',(-5.,7.410012700025,0.));
#3516 = CARTESIAN_POINT('',(5.,7.410012700025,0.));
#3517 = ORIENTED_EDGE('',*,*,#3437,.T.);
#3518 = ORIENTED_EDGE('',*,*,#3519,.T.);
#3519 = EDGE_CURVE('',#3438,#3474,#3520,.T.);
#3520 = B_SPLINE_CURVE_WITH_KNOTS('',1,(#3521,#3522),.UNSPECIFIED.,.F.,  .F.,(2,2),(0.,0.762001524003),.PIECEWISE_BEZIER_KNOTS.);
#3521 = CARTESIAN_POINT('',(-5.,7.410012700025,0.762001524003));
#3522 = CARTESIAN_POINT('',(5.,7.410012700025,0.762001524003));
#3523 = ORIENTED_EDGE('',*,*,#3473,.F.);
#3524 = B_SPLINE_SURFACE_WITH_KNOTS('',1,1,(    (#3525,#3526)    ,(#3527,#3528    )),.UNSPECIFIED.,.F.,.F.,.F.,(2,2),(2,2),(0.,0.762001524003),(0.,    0.762001524003),.PIECEWISE_BEZIER_KNOTS.);
#3525 = CARTESIAN_POINT('',(-5.,7.410012700025,0.));
#3526 = CARTESIAN_POINT('',(5.,7.410012700025,0.));
#3527 = CARTESIAN_POINT('',(-5.,7.410012700025,0.762001524003));
#3528 = CARTESIAN_POINT('',(5.,7.410012700025,0.762001524003));
#3529 = ADVANCED_FACE('',(#3530),#3536,.F.);
#3530 = FACE_BOUND('',#3531,.F.);
#3531 = EDGE_LOOP('',(#3532,#3533,#3534,#3535));
#3532 = ORIENTED_EDGE('',*,*,#3430,.F.);
#3533 = ORIENTED_EDGE('',*,*,#3493,.T.);
#3534 = ORIENTED_EDGE('',*,*,#3466,.T.);
#3535 = ORIENTED_EDGE('',*,*,#3513,.F.);
#3536 = B_SPLINE_SURFACE_WITH_KNOTS('',1,1,(    (#3537,#3538)    ,(#3539,#3540    )),.UNSPECIFIED.,.F.,.F.,.F.,(2,2),(2,2),(0.,0.762001524003),(0.,    0.762001524003),.PIECEWISE_BEZIER_KNOTS.);
#3537 = CARTESIAN_POINT('',(-5.,-0.309987299975,0.));
#3538 = CARTESIAN_POINT('',(-5.,7.410012700025,0.));
#3539 = CARTESIAN_POINT('',(5.,-0.309987299975,0.));
#3540 = CARTESIAN_POINT('',(5.,7.410012700025,0.));
#3541 = ADVANCED_FACE('',(#3542),#3548,.T.);
#3542 = FACE_BOUND('',#3543,.T.);
#3543 = EDGE_LOOP('',(#3544,#3545,#3546,#3547));
#3544 = ORIENTED_EDGE('',*,*,#3444,.F.);
#3545 = ORIENTED_EDGE('',*,*,#3499,.T.);
#3546 = ORIENTED_EDGE('',*,*,#3480,.T.);
#3547 = ORIENTED_EDGE('',*,*,#3519,.F.);
#3548 = B_SPLINE_SURFACE_WITH_KNOTS('',1,1,(    (#3549,#3550)    ,(#3551,#3552    )),.UNSPECIFIED.,.F.,.F.,.F.,(2,2),(2,2),(0.,0.762001524003),(0.,    0.762001524003),.PIECEWISE_BEZIER_KNOTS.);
#3549 = CARTESIAN_POINT('',(-5.,-0.309987299975,0.762001524003));
#3550 = CARTESIAN_POINT('',(-5.,7.410012700025,0.762001524003));
#3551 = CARTESIAN_POINT('',(5.,-0.309987299975,0.762001524003));
#3552 = CARTESIAN_POINT('',(5.,7.410012700025,0.762001524003));
#3553 = ( GEOMETRIC_REPRESENTATION_CONTEXT(3) GLOBAL_UNCERTAINTY_ASSIGNED_CONTEXT((#3557)) GLOBAL_UNIT_ASSIGNED_CONTEXT((#3554,#3555,#3556)) REPRESENTATION_CONTEXT('Context #1','3D Context with UNIT and UNCERTAINTY') );
#3554 = ( LENGTH_UNIT() NAMED_UNIT(*) SI_UNIT(.MILLI.,.METRE.) );
#3555 = ( NAMED_UNIT(*) PLANE_ANGLE_UNIT() SI_UNIT($,.RADIAN.) );
#3556 = ( NAMED_UNIT(*) SI_UNIT($,.STERADIAN.) SOLID_ANGLE_UNIT() );
#3557 = UNCERTAINTY_MEASURE_WITH_UNIT(LENGTH_MEASURE(1.E-06),#3554,  'distance_accuracy_value','confusion accuracy');
#3558 = CONTEXT_DEPENDENT_SHAPE_REPRESENTATION(#3559,#3561);
#3559 = ( REPRESENTATION_RELATIONSHIP('','',#3414,#3391) REPRESENTATION_RELATIONSHIP_WITH_TRANSFORMATION(#3560) SHAPE_REPRESENTATION_RELATIONSHIP() );
#3560 = ITEM_DEFINED_TRANSFORMATION('','',#11,#3392);
#3561 = PRODUCT_DEFINITION_SHAPE('Placement','Placement of an item',  #3562);
#3562 = NEXT_ASSEMBLY_USAGE_OCCURRENCE('52','=>[0:1:1:35]','',#3386,  #3409,$);
#3563 = PRODUCT_RELATED_PRODUCT_CATEGORY('part',$,(#3411));
#3564 = SHAPE_DEFINITION_REPRESENTATION(#3565,#3571);
#3565 = PRODUCT_DEFINITION_SHAPE('','',#3566);
#3566 = PRODUCT_DEFINITION('design','',#3567,#3570);
#3567 = PRODUCT_DEFINITION_FORMATION('','',#3568);
#3568 = PRODUCT('U1~CONN-TH_2P-P2.00_GP01-2001WR-2P~CONN-TH_2P-P2.00_GP01-2001WR-2P~zL8V','U1~CONN-TH_2P-P2.00_GP01-2001WR-2P~CONN-TH_2P-P2.00_GP01-2001WR-2P~zL8V','',(#3569));
#3569 = PRODUCT_CONTEXT('',#2,'mechanical');
#3570 = PRODUCT_DEFINITION_CONTEXT('part definition',#2,'design');
#3571 = SHAPE_REPRESENTATION('',(#11,#3572),#3576);
#3572 = AXIS2_PLACEMENT_3D('',#3573,#3574,#3575);
#3573 = CARTESIAN_POINT('',(0.,0.,0.));
#3574 = DIRECTION('',(0.,0.,1.));
#3575 = DIRECTION('',(1.,0.,-0.));
#3576 = ( GEOMETRIC_REPRESENTATION_CONTEXT(3) GLOBAL_UNCERTAINTY_ASSIGNED_CONTEXT((#3580)) GLOBAL_UNIT_ASSIGNED_CONTEXT((#3577,#3578,#3579)) REPRESENTATION_CONTEXT('Context #1','3D Context with UNIT and UNCERTAINTY') );
#3577 = ( LENGTH_UNIT() NAMED_UNIT(*) SI_UNIT(.MILLI.,.METRE.) );
#3578 = ( NAMED_UNIT(*) PLANE_ANGLE_UNIT() SI_UNIT($,.RADIAN.) );
#3579 = ( NAMED_UNIT(*) SI_UNIT($,.STERADIAN.) SOLID_ANGLE_UNIT() );
#3580 = UNCERTAINTY_MEASURE_WITH_UNIT(LENGTH_MEASURE(1.E-06),#3577,  'distance_accuracy_value','confusion accuracy');
#3581 = CONTEXT_DEPENDENT_SHAPE_REPRESENTATION(#3582,#3584);
#3582 = ( REPRESENTATION_RELATIONSHIP('','',#3571,#10) REPRESENTATION_RELATIONSHIP_WITH_TRANSFORMATION(#3583) SHAPE_REPRESENTATION_RELATIONSHIP() );
#3583 = ITEM_DEFINED_TRANSFORMATION('','',#11,#131);
#3584 = PRODUCT_DEFINITION_SHAPE('Placement','Placement of an item',  #3585);
#3585 = NEXT_ASSEMBLY_USAGE_OCCURRENCE('55','=>[0:1:1:38]','',#5,#3566,$  );
#3586 = PRODUCT_RELATED_PRODUCT_CATEGORY('part',$,(#3568));
#3587 = SHAPE_DEFINITION_REPRESENTATION(#3588,#3594);
#3588 = PRODUCT_DEFINITION_SHAPE('','',#3589);
#3589 = PRODUCT_DEFINITION('design','',#3590,#3593);
#3590 = PRODUCT_DEFINITION_FORMATION('','',#3591);
#3591 = PRODUCT(  'CONN-TH_2P-P2.00_GP01-2001WR-2P~CONN-TH_2P-P2.00_GP01-2001WR-2P~zL8V'  ,  'CONN-TH_2P-P2.00_GP01-2001WR-2P~CONN-TH_2P-P2.00_GP01-2001WR-2P~zL8V'  ,'',(#3592));
#3592 = PRODUCT_CONTEXT('',#2,'mechanical');
#3593 = PRODUCT_DEFINITION_CONTEXT('part definition',#2,'design');
#3594 = ADVANCED_BREP_SHAPE_REPRESENTATION('',(#11,#3595),#3733);
#3595 = MANIFOLD_SOLID_BREP('',#3596);
#3596 = CLOSED_SHELL('',(#3597,#3633,#3669,#3689,#3709,#3721));
#3597 = ADVANCED_FACE('',(#3598),#3628,.F.);
#3598 = FACE_BOUND('',#3599,.F.);
#3599 = EDGE_LOOP('',(#3600,#3609,#3616,#3623));
#3600 = ORIENTED_EDGE('',*,*,#3601,.F.);
#3601 = EDGE_CURVE('',#3602,#3604,#3606,.T.);
#3602 = VERTEX_POINT('',#3603);
#3603 = CARTESIAN_POINT('',(-3.05,-0.248006096012,0.));
#3604 = VERTEX_POINT('',#3605);
#3605 = CARTESIAN_POINT('',(-3.05,-0.248006096012,0.762001524003));
#3606 = B_SPLINE_CURVE_WITH_KNOTS('',1,(#3607,#3608),.UNSPECIFIED.,.F.,  .F.,(2,2),(0.,0.762001524003),.PIECEWISE_BEZIER_KNOTS.);
#3607 = CARTESIAN_POINT('',(-3.05,-0.248006096012,0.));
#3608 = CARTESIAN_POINT('',(-3.05,-0.248006096012,0.762001524003));
#3609 = ORIENTED_EDGE('',*,*,#3610,.T.);
#3610 = EDGE_CURVE('',#3602,#3611,#3613,.T.);
#3611 = VERTEX_POINT('',#3612);
#3612 = CARTESIAN_POINT('',(-3.05,6.302006604013,0.));
#3613 = B_SPLINE_CURVE_WITH_KNOTS('',1,(#3614,#3615),.UNSPECIFIED.,.F.,  .F.,(2,2),(0.,0.762001524003),.PIECEWISE_BEZIER_KNOTS.);
#3614 = CARTESIAN_POINT('',(-3.05,-0.248006096012,0.));
#3615 = CARTESIAN_POINT('',(-3.05,6.302006604013,0.));
#3616 = ORIENTED_EDGE('',*,*,#3617,.T.);
#3617 = EDGE_CURVE('',#3611,#3618,#3620,.T.);
#3618 = VERTEX_POINT('',#3619);
#3619 = CARTESIAN_POINT('',(-3.05,6.302006604013,0.762001524003));
#3620 = B_SPLINE_CURVE_WITH_KNOTS('',1,(#3621,#3622),.UNSPECIFIED.,.F.,  .F.,(2,2),(0.,0.762001524003),.PIECEWISE_BEZIER_KNOTS.);
#3621 = CARTESIAN_POINT('',(-3.05,6.302006604013,0.));
#3622 = CARTESIAN_POINT('',(-3.05,6.302006604013,0.762001524003));
#3623 = ORIENTED_EDGE('',*,*,#3624,.F.);
#3624 = EDGE_CURVE('',#3604,#3618,#3625,.T.);
#3625 = B_SPLINE_CURVE_WITH_KNOTS('',1,(#3626,#3627),.UNSPECIFIED.,.F.,  .F.,(2,2),(0.,0.762001524003),.PIECEWISE_BEZIER_KNOTS.);
#3626 = CARTESIAN_POINT('',(-3.05,-0.248006096012,0.762001524003));
#3627 = CARTESIAN_POINT('',(-3.05,6.302006604013,0.762001524003));
#3628 = B_SPLINE_SURFACE_WITH_KNOTS('',1,1,(    (#3629,#3630)    ,(#3631,#3632    )),.UNSPECIFIED.,.F.,.F.,.F.,(2,2),(2,2),(0.,0.762001524003),(    -0.762001524003,0.),.PIECEWISE_BEZIER_KNOTS.);
#3629 = CARTESIAN_POINT('',(-3.05,6.302006604013,0.));
#3630 = CARTESIAN_POINT('',(-3.05,-0.248006096012,0.));
#3631 = CARTESIAN_POINT('',(-3.05,6.302006604013,0.762001524003));
#3632 = CARTESIAN_POINT('',(-3.05,-0.248006096012,0.762001524003));
#3633 = ADVANCED_FACE('',(#3634),#3664,.T.);
#3634 = FACE_BOUND('',#3635,.T.);
#3635 = EDGE_LOOP('',(#3636,#3645,#3652,#3659));
#3636 = ORIENTED_EDGE('',*,*,#3637,.F.);
#3637 = EDGE_CURVE('',#3638,#3640,#3642,.T.);
#3638 = VERTEX_POINT('',#3639);
#3639 = CARTESIAN_POINT('',(3.05,-0.248006096012,0.));
#3640 = VERTEX_POINT('',#3641);
#3641 = CARTESIAN_POINT('',(3.05,-0.248006096012,0.762001524003));
#3642 = B_SPLINE_CURVE_WITH_KNOTS('',1,(#3643,#3644),.UNSPECIFIED.,.F.,  .F.,(2,2),(0.,0.762001524003),.PIECEWISE_BEZIER_KNOTS.);
#3643 = CARTESIAN_POINT('',(3.05,-0.248006096012,0.));
#3644 = CARTESIAN_POINT('',(3.05,-0.248006096012,0.762001524003));
#3645 = ORIENTED_EDGE('',*,*,#3646,.T.);
#3646 = EDGE_CURVE('',#3638,#3647,#3649,.T.);
#3647 = VERTEX_POINT('',#3648);
#3648 = CARTESIAN_POINT('',(3.05,6.302006604013,0.));
#3649 = B_SPLINE_CURVE_WITH_KNOTS('',1,(#3650,#3651),.UNSPECIFIED.,.F.,  .F.,(2,2),(0.,0.762001524003),.PIECEWISE_BEZIER_KNOTS.);
#3650 = CARTESIAN_POINT('',(3.05,-0.248006096012,0.));
#3651 = CARTESIAN_POINT('',(3.05,6.302006604013,0.));
#3652 = ORIENTED_EDGE('',*,*,#3653,.T.);
#3653 = EDGE_CURVE('',#3647,#3654,#3656,.T.);
#3654 = VERTEX_POINT('',#3655);
#3655 = CARTESIAN_POINT('',(3.05,6.302006604013,0.762001524003));
#3656 = B_SPLINE_CURVE_WITH_KNOTS('',1,(#3657,#3658),.UNSPECIFIED.,.F.,  .F.,(2,2),(0.,0.762001524003),.PIECEWISE_BEZIER_KNOTS.);
#3657 = CARTESIAN_POINT('',(3.05,6.302006604013,0.));
#3658 = CARTESIAN_POINT('',(3.05,6.302006604013,0.762001524003));
#3659 = ORIENTED_EDGE('',*,*,#3660,.F.);
#3660 = EDGE_CURVE('',#3640,#3654,#3661,.T.);
#3661 = B_SPLINE_CURVE_WITH_KNOTS('',1,(#3662,#3663),.UNSPECIFIED.,.F.,  .F.,(2,2),(0.,0.762001524003),.PIECEWISE_BEZIER_KNOTS.);
#3662 = CARTESIAN_POINT('',(3.05,-0.248006096012,0.762001524003));
#3663 = CARTESIAN_POINT('',(3.05,6.302006604013,0.762001524003));
#3664 = B_SPLINE_SURFACE_WITH_KNOTS('',1,1,(    (#3665,#3666)    ,(#3667,#3668    )),.UNSPECIFIED.,.F.,.F.,.F.,(2,2),(2,2),(0.,0.762001524003),(    -0.762001524003,0.),.PIECEWISE_BEZIER_KNOTS.);
#3665 = CARTESIAN_POINT('',(3.05,6.302006604013,0.));
#3666 = CARTESIAN_POINT('',(3.05,-0.248006096012,0.));
#3667 = CARTESIAN_POINT('',(3.05,6.302006604013,0.762001524003));
#3668 = CARTESIAN_POINT('',(3.05,-0.248006096012,0.762001524003));
#3669 = ADVANCED_FACE('',(#3670),#3684,.F.);
#3670 = FACE_BOUND('',#3671,.F.);
#3671 = EDGE_LOOP('',(#3672,#3677,#3678,#3683));
#3672 = ORIENTED_EDGE('',*,*,#3673,.F.);
#3673 = EDGE_CURVE('',#3602,#3638,#3674,.T.);
#3674 = B_SPLINE_CURVE_WITH_KNOTS('',1,(#3675,#3676),.UNSPECIFIED.,.F.,  .F.,(2,2),(0.,0.762001524003),.PIECEWISE_BEZIER_KNOTS.);
#3675 = CARTESIAN_POINT('',(-3.05,-0.248006096012,0.));
#3676 = CARTESIAN_POINT('',(3.05,-0.248006096012,0.));
#3677 = ORIENTED_EDGE('',*,*,#3601,.T.);
#3678 = ORIENTED_EDGE('',*,*,#3679,.T.);
#3679 = EDGE_CURVE('',#3604,#3640,#3680,.T.);
#3680 = B_SPLINE_CURVE_WITH_KNOTS('',1,(#3681,#3682),.UNSPECIFIED.,.F.,  .F.,(2,2),(0.,0.762001524003),.PIECEWISE_BEZIER_KNOTS.);
#3681 = CARTESIAN_POINT('',(-3.05,-0.248006096012,0.762001524003));
#3682 = CARTESIAN_POINT('',(3.05,-0.248006096012,0.762001524003));
#3683 = ORIENTED_EDGE('',*,*,#3637,.F.);
#3684 = B_SPLINE_SURFACE_WITH_KNOTS('',1,1,(    (#3685,#3686)    ,(#3687,#3688    )),.UNSPECIFIED.,.F.,.F.,.F.,(2,2),(2,2),(0.,0.762001524003),(0.,    0.762001524003),.PIECEWISE_BEZIER_KNOTS.);
#3685 = CARTESIAN_POINT('',(-3.05,-0.248006096012,0.));
#3686 = CARTESIAN_POINT('',(3.05,-0.248006096012,0.));
#3687 = CARTESIAN_POINT('',(-3.05,-0.248006096012,0.762001524003));
#3688 = CARTESIAN_POINT('',(3.05,-0.248006096012,0.762001524003));
#3689 = ADVANCED_FACE('',(#3690),#3704,.T.);
#3690 = FACE_BOUND('',#3691,.T.);
#3691 = EDGE_LOOP('',(#3692,#3697,#3698,#3703));
#3692 = ORIENTED_EDGE('',*,*,#3693,.F.);
#3693 = EDGE_CURVE('',#3611,#3647,#3694,.T.);
#3694 = B_SPLINE_CURVE_WITH_KNOTS('',1,(#3695,#3696),.UNSPECIFIED.,.F.,  .F.,(2,2),(0.,0.762001524003),.PIECEWISE_BEZIER_KNOTS.);
#3695 = CARTESIAN_POINT('',(-3.05,6.302006604013,0.));
#3696 = CARTESIAN_POINT('',(3.05,6.302006604013,0.));
#3697 = ORIENTED_EDGE('',*,*,#3617,.T.);
#3698 = ORIENTED_EDGE('',*,*,#3699,.T.);
#3699 = EDGE_CURVE('',#3618,#3654,#3700,.T.);
#3700 = B_SPLINE_CURVE_WITH_KNOTS('',1,(#3701,#3702),.UNSPECIFIED.,.F.,  .F.,(2,2),(0.,0.762001524003),.PIECEWISE_BEZIER_KNOTS.);
#3701 = CARTESIAN_POINT('',(-3.05,6.302006604013,0.762001524003));
#3702 = CARTESIAN_POINT('',(3.05,6.302006604013,0.762001524003));
#3703 = ORIENTED_EDGE('',*,*,#3653,.F.);
#3704 = B_SPLINE_SURFACE_WITH_KNOTS('',1,1,(    (#3705,#3706)    ,(#3707,#3708    )),.UNSPECIFIED.,.F.,.F.,.F.,(2,2),(2,2),(0.,0.762001524003),(0.,    0.762001524003),.PIECEWISE_BEZIER_KNOTS.);
#3705 = CARTESIAN_POINT('',(-3.05,6.302006604013,0.));
#3706 = CARTESIAN_POINT('',(3.05,6.302006604013,0.));
#3707 = CARTESIAN_POINT('',(-3.05,6.302006604013,0.762001524003));
#3708 = CARTESIAN_POINT('',(3.05,6.302006604013,0.762001524003));
#3709 = ADVANCED_FACE('',(#3710),#3716,.F.);
#3710 = FACE_BOUND('',#3711,.F.);
#3711 = EDGE_LOOP('',(#3712,#3713,#3714,#3715));
#3712 = ORIENTED_EDGE('',*,*,#3610,.F.);
#3713 = ORIENTED_EDGE('',*,*,#3673,.T.);
#3714 = ORIENTED_EDGE('',*,*,#3646,.T.);
#3715 = ORIENTED_EDGE('',*,*,#3693,.F.);
#3716 = B_SPLINE_SURFACE_WITH_KNOTS('',1,1,(    (#3717,#3718)    ,(#3719,#3720    )),.UNSPECIFIED.,.F.,.F.,.F.,(2,2),(2,2),(0.,0.762001524003),(0.,    0.762001524003),.PIECEWISE_BEZIER_KNOTS.);
#3717 = CARTESIAN_POINT('',(-3.05,-0.248006096012,0.));
#3718 = CARTESIAN_POINT('',(-3.05,6.302006604013,0.));
#3719 = CARTESIAN_POINT('',(3.05,-0.248006096012,0.));
#3720 = CARTESIAN_POINT('',(3.05,6.302006604013,0.));
#3721 = ADVANCED_FACE('',(#3722),#3728,.T.);
#3722 = FACE_BOUND('',#3723,.T.);
#3723 = EDGE_LOOP('',(#3724,#3725,#3726,#3727));
#3724 = ORIENTED_EDGE('',*,*,#3624,.F.);
#3725 = ORIENTED_EDGE('',*,*,#3679,.T.);
#3726 = ORIENTED_EDGE('',*,*,#3660,.T.);
#3727 = ORIENTED_EDGE('',*,*,#3699,.F.);
#3728 = B_SPLINE_SURFACE_WITH_KNOTS('',1,1,(    (#3729,#3730)    ,(#3731,#3732    )),.UNSPECIFIED.,.F.,.F.,.F.,(2,2),(2,2),(0.,0.762001524003),(0.,    0.762001524003),.PIECEWISE_BEZIER_KNOTS.);
#3729 = CARTESIAN_POINT('',(-3.05,-0.248006096012,0.762001524003));
#3730 = CARTESIAN_POINT('',(-3.05,6.302006604013,0.762001524003));
#3731 = CARTESIAN_POINT('',(3.05,-0.248006096012,0.762001524003));
#3732 = CARTESIAN_POINT('',(3.05,6.302006604013,0.762001524003));
#3733 = ( GEOMETRIC_REPRESENTATION_CONTEXT(3) GLOBAL_UNCERTAINTY_ASSIGNED_CONTEXT((#3737)) GLOBAL_UNIT_ASSIGNED_CONTEXT((#3734,#3735,#3736)) REPRESENTATION_CONTEXT('Context #1','3D Context with UNIT and UNCERTAINTY') );
#3734 = ( LENGTH_UNIT() NAMED_UNIT(*) SI_UNIT(.MILLI.,.METRE.) );
#3735 = ( NAMED_UNIT(*) PLANE_ANGLE_UNIT() SI_UNIT($,.RADIAN.) );
#3736 = ( NAMED_UNIT(*) SI_UNIT($,.STERADIAN.) SOLID_ANGLE_UNIT() );
#3737 = UNCERTAINTY_MEASURE_WITH_UNIT(LENGTH_MEASURE(1.E-06),#3734,  'distance_accuracy_value','confusion accuracy');
#3738 = CONTEXT_DEPENDENT_SHAPE_REPRESENTATION(#3739,#3741);
#3739 = ( REPRESENTATION_RELATIONSHIP('','',#3594,#3571) REPRESENTATION_RELATIONSHIP_WITH_TRANSFORMATION(#3740) SHAPE_REPRESENTATION_RELATIONSHIP() );
#3740 = ITEM_DEFINED_TRANSFORMATION('','',#11,#3572);
#3741 = PRODUCT_DEFINITION_SHAPE('Placement','Placement of an item',  #3742);
#3742 = NEXT_ASSEMBLY_USAGE_OCCURRENCE('54','=>[0:1:1:37]','',#3566,  #3589,$);
#3743 = PRODUCT_RELATED_PRODUCT_CATEGORY('part',$,(#3591));
#3744 = SHAPE_DEFINITION_REPRESENTATION(#3745,#3751);
#3745 = PRODUCT_DEFINITION_SHAPE('','',#3746);
#3746 = PRODUCT_DEFINITION('design','',#3747,#3750);
#3747 = PRODUCT_DEFINITION_FORMATION('','',#3748);
#3748 = PRODUCT('U2~CONN-TH_2P-P2.00_GP01-2001WR-2P~CONN-TH_2P-P2.00_GP01-2001WR-2P~zL8V','U2~CONN-TH_2P-P2.00_GP01-2001WR-2P~CONN-TH_2P-P2.00_GP01-2001WR-2P~zL8V','',(#3749));
#3749 = PRODUCT_CONTEXT('',#2,'mechanical');
#3750 = PRODUCT_DEFINITION_CONTEXT('part definition',#2,'design');
#3751 = SHAPE_REPRESENTATION('',(#11,#3752),#3756);
#3752 = AXIS2_PLACEMENT_3D('',#3753,#3754,#3755);
#3753 = CARTESIAN_POINT('',(0.,0.,0.));
#3754 = DIRECTION('',(0.,0.,1.));
#3755 = DIRECTION('',(1.,0.,-0.));
#3756 = ( GEOMETRIC_REPRESENTATION_CONTEXT(3) GLOBAL_UNCERTAINTY_ASSIGNED_CONTEXT((#3760)) GLOBAL_UNIT_ASSIGNED_CONTEXT((#3757,#3758,#3759)) REPRESENTATION_CONTEXT('Context #1','3D Context with UNIT and UNCERTAINTY') );
#3757 = ( LENGTH_UNIT() NAMED_UNIT(*) SI_UNIT(.MILLI.,.METRE.) );
#3758 = ( NAMED_UNIT(*) PLANE_ANGLE_UNIT() SI_UNIT($,.RADIAN.) );
#3759 = ( NAMED_UNIT(*) SI_UNIT($,.STERADIAN.) SOLID_ANGLE_UNIT() );
#3760 = UNCERTAINTY_MEASURE_WITH_UNIT(LENGTH_MEASURE(1.E-06),#3757,  'distance_accuracy_value','confusion accuracy');
#3761 = CONTEXT_DEPENDENT_SHAPE_REPRESENTATION(#3762,#3764);
#3762 = ( REPRESENTATION_RELATIONSHIP('','',#3751,#10) REPRESENTATION_RELATIONSHIP_WITH_TRANSFORMATION(#3763) SHAPE_REPRESENTATION_RELATIONSHIP() );
#3763 = ITEM_DEFINED_TRANSFORMATION('','',#11,#135);
#3764 = PRODUCT_DEFINITION_SHAPE('Placement','Placement of an item',  #3765);
#3765 = NEXT_ASSEMBLY_USAGE_OCCURRENCE('57','=>[0:1:1:39]','',#5,#3746,$  );
#3766 = PRODUCT_RELATED_PRODUCT_CATEGORY('part',$,(#3748));
#3767 = CONTEXT_DEPENDENT_SHAPE_REPRESENTATION(#3768,#3770);
#3768 = ( REPRESENTATION_RELATIONSHIP('','',#3594,#3751) REPRESENTATION_RELATIONSHIP_WITH_TRANSFORMATION(#3769) SHAPE_REPRESENTATION_RELATIONSHIP() );
#3769 = ITEM_DEFINED_TRANSFORMATION('','',#11,#3752);
#3770 = PRODUCT_DEFINITION_SHAPE('Placement','Placement of an item',  #3771);
#3771 = NEXT_ASSEMBLY_USAGE_OCCURRENCE('56','','',#3746,#3589,$);
#3772 = SHAPE_DEFINITION_REPRESENTATION(#3773,#3779);
#3773 = PRODUCT_DEFINITION_SHAPE('','',#3774);
#3774 = PRODUCT_DEFINITION('design','',#3775,#3778);
#3775 = PRODUCT_DEFINITION_FORMATION('','',#3776);
#3776 = PRODUCT('U3~ESOP-8_L4.9-W3.9-P1.27-LS6.2-BL-EP~ESOP-8_L4.9-W3.9-P1.27-LS6.2-BL-EP~zL8V','U3~ESOP-8_L4.9-W3.9-P1.27-LS6.2-BL-EP~ESOP-8_L4.9-W3.9-P1.27-LS6.2-BL-EP~zL8V','',(#3777));
#3777 = PRODUCT_CONTEXT('',#2,'mechanical');
#3778 = PRODUCT_DEFINITION_CONTEXT('part definition',#2,'design');
#3779 = SHAPE_REPRESENTATION('',(#11,#3780),#3784);
#3780 = AXIS2_PLACEMENT_3D('',#3781,#3782,#3783);
#3781 = CARTESIAN_POINT('',(0.,0.,0.));
#3782 = DIRECTION('',(0.,0.,1.));
#3783 = DIRECTION('',(1.,0.,-0.));
#3784 = ( GEOMETRIC_REPRESENTATION_CONTEXT(3) GLOBAL_UNCERTAINTY_ASSIGNED_CONTEXT((#3788)) GLOBAL_UNIT_ASSIGNED_CONTEXT((#3785,#3786,#3787)) REPRESENTATION_CONTEXT('Context #1','3D Context with UNIT and UNCERTAINTY') );
#3785 = ( LENGTH_UNIT() NAMED_UNIT(*) SI_UNIT(.MILLI.,.METRE.) );
#3786 = ( NAMED_UNIT(*) PLANE_ANGLE_UNIT() SI_UNIT($,.RADIAN.) );
#3787 = ( NAMED_UNIT(*) SI_UNIT($,.STERADIAN.) SOLID_ANGLE_UNIT() );
#3788 = UNCERTAINTY_MEASURE_WITH_UNIT(LENGTH_MEASURE(1.E-06),#3785,  'distance_accuracy_value','confusion accuracy');
#3789 = CONTEXT_DEPENDENT_SHAPE_REPRESENTATION(#3790,#3792);
#3790 = ( REPRESENTATION_RELATIONSHIP('','',#3779,#10) REPRESENTATION_RELATIONSHIP_WITH_TRANSFORMATION(#3791) SHAPE_REPRESENTATION_RELATIONSHIP() );
#3791 = ITEM_DEFINED_TRANSFORMATION('','',#11,#139);
#3792 = PRODUCT_DEFINITION_SHAPE('Placement','Placement of an item',  #3793);
#3793 = NEXT_ASSEMBLY_USAGE_OCCURRENCE('59','=>[0:1:1:41]','',#5,#3774,$  );
#3794 = PRODUCT_RELATED_PRODUCT_CATEGORY('part',$,(#3776));
#3795 = SHAPE_DEFINITION_REPRESENTATION(#3796,#3802);
#3796 = PRODUCT_DEFINITION_SHAPE('','',#3797);
#3797 = PRODUCT_DEFINITION('design','',#3798,#3801);
#3798 = PRODUCT_DEFINITION_FORMATION('','',#3799);
#3799 = PRODUCT('ESOP-8_L4.9-W3.9-P1.27-LS6.2-BL-EP~ESOP-8_L4.9-W3.9-P1.27-LS6.2-BL-EP~zL8V','ESOP-8_L4.9-W3.9-P1.27-LS6.2-BL-EP~ESOP-8_L4.9-W3.9-P1.27-LS6.2-BL-EP~zL8V','',(#3800));
#3800 = PRODUCT_CONTEXT('',#2,'mechanical');
#3801 = PRODUCT_DEFINITION_CONTEXT('part definition',#2,'design');
#3802 = ADVANCED_BREP_SHAPE_REPRESENTATION('',(#11,#3803),#3941);
#3803 = MANIFOLD_SOLID_BREP('',#3804);
#3804 = CLOSED_SHELL('',(#3805,#3841,#3877,#3897,#3917,#3929));
#3805 = ADVANCED_FACE('',(#3806),#3836,.F.);
#3806 = FACE_BOUND('',#3807,.F.);
#3807 = EDGE_LOOP('',(#3808,#3817,#3824,#3831));
#3808 = ORIENTED_EDGE('',*,*,#3809,.F.);
#3809 = EDGE_CURVE('',#3810,#3812,#3814,.T.);
#3810 = VERTEX_POINT('',#3811);
#3811 = CARTESIAN_POINT('',(-2.45,-3.1,0.));
#3812 = VERTEX_POINT('',#3813);
#3813 = CARTESIAN_POINT('',(-2.45,-3.1,0.762001524003));
#3814 = B_SPLINE_CURVE_WITH_KNOTS('',1,(#3815,#3816),.UNSPECIFIED.,.F.,  .F.,(2,2),(0.,0.762001524003),.PIECEWISE_BEZIER_KNOTS.);
#3815 = CARTESIAN_POINT('',(-2.45,-3.1,0.));
#3816 = CARTESIAN_POINT('',(-2.45,-3.1,0.762001524003));
#3817 = ORIENTED_EDGE('',*,*,#3818,.T.);
#3818 = EDGE_CURVE('',#3810,#3819,#3821,.T.);
#3819 = VERTEX_POINT('',#3820);
#3820 = CARTESIAN_POINT('',(-2.45,3.1,0.));
#3821 = B_SPLINE_CURVE_WITH_KNOTS('',1,(#3822,#3823),.UNSPECIFIED.,.F.,  .F.,(2,2),(0.,0.762001524003),.PIECEWISE_BEZIER_KNOTS.);
#3822 = CARTESIAN_POINT('',(-2.45,-3.1,0.));
#3823 = CARTESIAN_POINT('',(-2.45,3.1,0.));
#3824 = ORIENTED_EDGE('',*,*,#3825,.T.);
#3825 = EDGE_CURVE('',#3819,#3826,#3828,.T.);
#3826 = VERTEX_POINT('',#3827);
#3827 = CARTESIAN_POINT('',(-2.45,3.1,0.762001524003));
#3828 = B_SPLINE_CURVE_WITH_KNOTS('',1,(#3829,#3830),.UNSPECIFIED.,.F.,  .F.,(2,2),(0.,0.762001524003),.PIECEWISE_BEZIER_KNOTS.);
#3829 = CARTESIAN_POINT('',(-2.45,3.1,0.));
#3830 = CARTESIAN_POINT('',(-2.45,3.1,0.762001524003));
#3831 = ORIENTED_EDGE('',*,*,#3832,.F.);
#3832 = EDGE_CURVE('',#3812,#3826,#3833,.T.);
#3833 = B_SPLINE_CURVE_WITH_KNOTS('',1,(#3834,#3835),.UNSPECIFIED.,.F.,  .F.,(2,2),(0.,0.762001524003),.PIECEWISE_BEZIER_KNOTS.);
#3834 = CARTESIAN_POINT('',(-2.45,-3.1,0.762001524003));
#3835 = CARTESIAN_POINT('',(-2.45,3.1,0.762001524003));
#3836 = B_SPLINE_SURFACE_WITH_KNOTS('',1,1,(    (#3837,#3838)    ,(#3839,#3840    )),.UNSPECIFIED.,.F.,.F.,.F.,(2,2),(2,2),(0.,0.762001524003),(    -0.762001524003,0.),.PIECEWISE_BEZIER_KNOTS.);
#3837 = CARTESIAN_POINT('',(-2.45,3.1,0.));
#3838 = CARTESIAN_POINT('',(-2.45,-3.1,0.));
#3839 = CARTESIAN_POINT('',(-2.45,3.1,0.762001524003));
#3840 = CARTESIAN_POINT('',(-2.45,-3.1,0.762001524003));
#3841 = ADVANCED_FACE('',(#3842),#3872,.T.);
#3842 = FACE_BOUND('',#3843,.T.);
#3843 = EDGE_LOOP('',(#3844,#3853,#3860,#3867));
#3844 = ORIENTED_EDGE('',*,*,#3845,.F.);
#3845 = EDGE_CURVE('',#3846,#3848,#3850,.T.);
#3846 = VERTEX_POINT('',#3847);
#3847 = CARTESIAN_POINT('',(2.45,-3.1,0.));
#3848 = VERTEX_POINT('',#3849);
#3849 = CARTESIAN_POINT('',(2.45,-3.1,0.762001524003));
#3850 = B_SPLINE_CURVE_WITH_KNOTS('',1,(#3851,#3852),.UNSPECIFIED.,.F.,  .F.,(2,2),(0.,0.762001524003),.PIECEWISE_BEZIER_KNOTS.);
#3851 = CARTESIAN_POINT('',(2.45,-3.1,0.));
#3852 = CARTESIAN_POINT('',(2.45,-3.1,0.762001524003));
#3853 = ORIENTED_EDGE('',*,*,#3854,.T.);
#3854 = EDGE_CURVE('',#3846,#3855,#3857,.T.);
#3855 = VERTEX_POINT('',#3856);
#3856 = CARTESIAN_POINT('',(2.45,3.1,0.));
#3857 = B_SPLINE_CURVE_WITH_KNOTS('',1,(#3858,#3859),.UNSPECIFIED.,.F.,  .F.,(2,2),(0.,0.762001524003),.PIECEWISE_BEZIER_KNOTS.);
#3858 = CARTESIAN_POINT('',(2.45,-3.1,0.));
#3859 = CARTESIAN_POINT('',(2.45,3.1,0.));
#3860 = ORIENTED_EDGE('',*,*,#3861,.T.);
#3861 = EDGE_CURVE('',#3855,#3862,#3864,.T.);
#3862 = VERTEX_POINT('',#3863);
#3863 = CARTESIAN_POINT('',(2.45,3.1,0.762001524003));
#3864 = B_SPLINE_CURVE_WITH_KNOTS('',1,(#3865,#3866),.UNSPECIFIED.,.F.,  .F.,(2,2),(0.,0.762001524003),.PIECEWISE_BEZIER_KNOTS.);
#3865 = CARTESIAN_POINT('',(2.45,3.1,0.));
#3866 = CARTESIAN_POINT('',(2.45,3.1,0.762001524003));
#3867 = ORIENTED_EDGE('',*,*,#3868,.F.);
#3868 = EDGE_CURVE('',#3848,#3862,#3869,.T.);
#3869 = B_SPLINE_CURVE_WITH_KNOTS('',1,(#3870,#3871),.UNSPECIFIED.,.F.,  .F.,(2,2),(0.,0.762001524003),.PIECEWISE_BEZIER_KNOTS.);
#3870 = CARTESIAN_POINT('',(2.45,-3.1,0.762001524003));
#3871 = CARTESIAN_POINT('',(2.45,3.1,0.762001524003));
#3872 = B_SPLINE_SURFACE_WITH_KNOTS('',1,1,(    (#3873,#3874)    ,(#3875,#3876    )),.UNSPECIFIED.,.F.,.F.,.F.,(2,2),(2,2),(0.,0.762001524003),(    -0.762001524003,0.),.PIECEWISE_BEZIER_KNOTS.);
#3873 = CARTESIAN_POINT('',(2.45,3.1,0.));
#3874 = CARTESIAN_POINT('',(2.45,-3.1,0.));
#3875 = CARTESIAN_POINT('',(2.45,3.1,0.762001524003));
#3876 = CARTESIAN_POINT('',(2.45,-3.1,0.762001524003));
#3877 = ADVANCED_FACE('',(#3878),#3892,.F.);
#3878 = FACE_BOUND('',#3879,.F.);
#3879 = EDGE_LOOP('',(#3880,#3885,#3886,#3891));
#3880 = ORIENTED_EDGE('',*,*,#3881,.F.);
#3881 = EDGE_CURVE('',#3810,#3846,#3882,.T.);
#3882 = B_SPLINE_CURVE_WITH_KNOTS('',1,(#3883,#3884),.UNSPECIFIED.,.F.,  .F.,(2,2),(0.,0.762001524003),.PIECEWISE_BEZIER_KNOTS.);
#3883 = CARTESIAN_POINT('',(-2.45,-3.1,0.));
#3884 = CARTESIAN_POINT('',(2.45,-3.1,0.));
#3885 = ORIENTED_EDGE('',*,*,#3809,.T.);
#3886 = ORIENTED_EDGE('',*,*,#3887,.T.);
#3887 = EDGE_CURVE('',#3812,#3848,#3888,.T.);
#3888 = B_SPLINE_CURVE_WITH_KNOTS('',1,(#3889,#3890),.UNSPECIFIED.,.F.,  .F.,(2,2),(0.,0.762001524003),.PIECEWISE_BEZIER_KNOTS.);
#3889 = CARTESIAN_POINT('',(-2.45,-3.1,0.762001524003));
#3890 = CARTESIAN_POINT('',(2.45,-3.1,0.762001524003));
#3891 = ORIENTED_EDGE('',*,*,#3845,.F.);
#3892 = B_SPLINE_SURFACE_WITH_KNOTS('',1,1,(    (#3893,#3894)    ,(#3895,#3896    )),.UNSPECIFIED.,.F.,.F.,.F.,(2,2),(2,2),(0.,0.762001524003),(0.,    0.762001524003),.PIECEWISE_BEZIER_KNOTS.);
#3893 = CARTESIAN_POINT('',(-2.45,-3.1,0.));
#3894 = CARTESIAN_POINT('',(2.45,-3.1,0.));
#3895 = CARTESIAN_POINT('',(-2.45,-3.1,0.762001524003));
#3896 = CARTESIAN_POINT('',(2.45,-3.1,0.762001524003));
#3897 = ADVANCED_FACE('',(#3898),#3912,.T.);
#3898 = FACE_BOUND('',#3899,.T.);
#3899 = EDGE_LOOP('',(#3900,#3905,#3906,#3911));
#3900 = ORIENTED_EDGE('',*,*,#3901,.F.);
#3901 = EDGE_CURVE('',#3819,#3855,#3902,.T.);
#3902 = B_SPLINE_CURVE_WITH_KNOTS('',1,(#3903,#3904),.UNSPECIFIED.,.F.,  .F.,(2,2),(0.,0.762001524003),.PIECEWISE_BEZIER_KNOTS.);
#3903 = CARTESIAN_POINT('',(-2.45,3.1,0.));
#3904 = CARTESIAN_POINT('',(2.45,3.1,0.));
#3905 = ORIENTED_EDGE('',*,*,#3825,.T.);
#3906 = ORIENTED_EDGE('',*,*,#3907,.T.);
#3907 = EDGE_CURVE('',#3826,#3862,#3908,.T.);
#3908 = B_SPLINE_CURVE_WITH_KNOTS('',1,(#3909,#3910),.UNSPECIFIED.,.F.,  .F.,(2,2),(0.,0.762001524003),.PIECEWISE_BEZIER_KNOTS.);
#3909 = CARTESIAN_POINT('',(-2.45,3.1,0.762001524003));
#3910 = CARTESIAN_POINT('',(2.45,3.1,0.762001524003));
#3911 = ORIENTED_EDGE('',*,*,#3861,.F.);
#3912 = B_SPLINE_SURFACE_WITH_KNOTS('',1,1,(    (#3913,#3914)    ,(#3915,#3916    )),.UNSPECIFIED.,.F.,.F.,.F.,(2,2),(2,2),(0.,0.762001524003),(0.,    0.762001524003),.PIECEWISE_BEZIER_KNOTS.);
#3913 = CARTESIAN_POINT('',(-2.45,3.1,0.));
#3914 = CARTESIAN_POINT('',(2.45,3.1,0.));
#3915 = CARTESIAN_POINT('',(-2.45,3.1,0.762001524003));
#3916 = CARTESIAN_POINT('',(2.45,3.1,0.762001524003));
#3917 = ADVANCED_FACE('',(#3918),#3924,.F.);
#3918 = FACE_BOUND('',#3919,.F.);
#3919 = EDGE_LOOP('',(#3920,#3921,#3922,#3923));
#3920 = ORIENTED_EDGE('',*,*,#3818,.F.);
#3921 = ORIENTED_EDGE('',*,*,#3881,.T.);
#3922 = ORIENTED_EDGE('',*,*,#3854,.T.);
#3923 = ORIENTED_EDGE('',*,*,#3901,.F.);
#3924 = B_SPLINE_SURFACE_WITH_KNOTS('',1,1,(    (#3925,#3926)    ,(#3927,#3928    )),.UNSPECIFIED.,.F.,.F.,.F.,(2,2),(2,2),(0.,0.762001524003),(0.,    0.762001524003),.PIECEWISE_BEZIER_KNOTS.);
#3925 = CARTESIAN_POINT('',(-2.45,-3.1,0.));
#3926 = CARTESIAN_POINT('',(-2.45,3.1,0.));
#3927 = CARTESIAN_POINT('',(2.45,-3.1,0.));
#3928 = CARTESIAN_POINT('',(2.45,3.1,0.));
#3929 = ADVANCED_FACE('',(#3930),#3936,.T.);
#3930 = FACE_BOUND('',#3931,.T.);
#3931 = EDGE_LOOP('',(#3932,#3933,#3934,#3935));
#3932 = ORIENTED_EDGE('',*,*,#3832,.F.);
#3933 = ORIENTED_EDGE('',*,*,#3887,.T.);
#3934 = ORIENTED_EDGE('',*,*,#3868,.T.);
#3935 = ORIENTED_EDGE('',*,*,#3907,.F.);
#3936 = B_SPLINE_SURFACE_WITH_KNOTS('',1,1,(    (#3937,#3938)    ,(#3939,#3940    )),.UNSPECIFIED.,.F.,.F.,.F.,(2,2),(2,2),(0.,0.762001524003),(0.,    0.762001524003),.PIECEWISE_BEZIER_KNOTS.);
#3937 = CARTESIAN_POINT('',(-2.45,-3.1,0.762001524003));
#3938 = CARTESIAN_POINT('',(-2.45,3.1,0.762001524003));
#3939 = CARTESIAN_POINT('',(2.45,-3.1,0.762001524003));
#3940 = CARTESIAN_POINT('',(2.45,3.1,0.762001524003));
#3941 = ( GEOMETRIC_REPRESENTATION_CONTEXT(3) GLOBAL_UNCERTAINTY_ASSIGNED_CONTEXT((#3945)) GLOBAL_UNIT_ASSIGNED_CONTEXT((#3942,#3943,#3944)) REPRESENTATION_CONTEXT('Context #1','3D Context with UNIT and UNCERTAINTY') );
#3942 = ( LENGTH_UNIT() NAMED_UNIT(*) SI_UNIT(.MILLI.,.METRE.) );
#3943 = ( NAMED_UNIT(*) PLANE_ANGLE_UNIT() SI_UNIT($,.RADIAN.) );
#3944 = ( NAMED_UNIT(*) SI_UNIT($,.STERADIAN.) SOLID_ANGLE_UNIT() );
#3945 = UNCERTAINTY_MEASURE_WITH_UNIT(LENGTH_MEASURE(1.E-06),#3942,  'distance_accuracy_value','confusion accuracy');
#3946 = CONTEXT_DEPENDENT_SHAPE_REPRESENTATION(#3947,#3949);
#3947 = ( REPRESENTATION_RELATIONSHIP('','',#3802,#3779) REPRESENTATION_RELATIONSHIP_WITH_TRANSFORMATION(#3948) SHAPE_REPRESENTATION_RELATIONSHIP() );
#3948 = ITEM_DEFINED_TRANSFORMATION('','',#11,#3780);
#3949 = PRODUCT_DEFINITION_SHAPE('Placement','Placement of an item',  #3950);
#3950 = NEXT_ASSEMBLY_USAGE_OCCURRENCE('58','=>[0:1:1:40]','',#3774,  #3797,$);
#3951 = PRODUCT_RELATED_PRODUCT_CATEGORY('part',$,(#3799));
#3952 = SHAPE_DEFINITION_REPRESENTATION(#3953,#3959);
#3953 = PRODUCT_DEFINITION_SHAPE('','',#3954);
#3954 = PRODUCT_DEFINITION('design','',#3955,#3958);
#3955 = PRODUCT_DEFINITION_FORMATION('','',#3956);
#3956 = PRODUCT('NC~R0805~R0805_L2.0-W1.3-H0.6~zL8V',  'NC~R0805~R0805_L2.0-W1.3-H0.6~zL8V','',(#3957));
#3957 = PRODUCT_CONTEXT('',#2,'mechanical');
#3958 = PRODUCT_DEFINITION_CONTEXT('part definition',#2,'design');
#3959 = SHAPE_REPRESENTATION('',(#11,#3960),#3964);
#3960 = AXIS2_PLACEMENT_3D('',#3961,#3962,#3963);
#3961 = CARTESIAN_POINT('',(0.,0.,0.));
#3962 = DIRECTION('',(0.,0.,1.));
#3963 = DIRECTION('',(1.,0.,-0.));
#3964 = ( GEOMETRIC_REPRESENTATION_CONTEXT(3) GLOBAL_UNCERTAINTY_ASSIGNED_CONTEXT((#3968)) GLOBAL_UNIT_ASSIGNED_CONTEXT((#3965,#3966,#3967)) REPRESENTATION_CONTEXT('Context #1','3D Context with UNIT and UNCERTAINTY') );
#3965 = ( LENGTH_UNIT() NAMED_UNIT(*) SI_UNIT(.MILLI.,.METRE.) );
#3966 = ( NAMED_UNIT(*) PLANE_ANGLE_UNIT() SI_UNIT($,.RADIAN.) );
#3967 = ( NAMED_UNIT(*) SI_UNIT($,.STERADIAN.) SOLID_ANGLE_UNIT() );
#3968 = UNCERTAINTY_MEASURE_WITH_UNIT(LENGTH_MEASURE(2.E-07),#3965,  'distance_accuracy_value','confusion accuracy');
#3969 = CONTEXT_DEPENDENT_SHAPE_REPRESENTATION(#3970,#3972);
#3970 = ( REPRESENTATION_RELATIONSHIP('','',#3959,#10) REPRESENTATION_RELATIONSHIP_WITH_TRANSFORMATION(#3971) SHAPE_REPRESENTATION_RELATIONSHIP() );
#3971 = ITEM_DEFINED_TRANSFORMATION('','',#11,#143);
#3972 = PRODUCT_DEFINITION_SHAPE('Placement','Placement of an item',  #3973);
#3973 = NEXT_ASSEMBLY_USAGE_OCCURRENCE('61','=>[0:1:1:43]','',#5,#3954,$  );
#3974 = PRODUCT_RELATED_PRODUCT_CATEGORY('part',$,(#3956));
#3975 = SHAPE_DEFINITION_REPRESENTATION(#3976,#3982);
#3976 = PRODUCT_DEFINITION_SHAPE('','',#3977);
#3977 = PRODUCT_DEFINITION('design','',#3978,#3981);
#3978 = PRODUCT_DEFINITION_FORMATION('','',#3979);
#3979 = PRODUCT('R0805~R0805_L2.0-W1.3-H0.6~zL8V',  'R0805~R0805_L2.0-W1.3-H0.6~zL8V','',(#3980));
#3980 = PRODUCT_CONTEXT('',#2,'mechanical');
#3981 = PRODUCT_DEFINITION_CONTEXT('part definition',#2,'design');
#3982 = ADVANCED_BREP_SHAPE_REPRESENTATION('',(#11,#3983),#4121);
#3983 = MANIFOLD_SOLID_BREP('',#3984);
#3984 = CLOSED_SHELL('',(#3985,#4021,#4057,#4077,#4097,#4109));
#3985 = ADVANCED_FACE('',(#3986),#4016,.F.);
#3986 = FACE_BOUND('',#3987,.F.);
#3987 = EDGE_LOOP('',(#3988,#3997,#4004,#4011));
#3988 = ORIENTED_EDGE('',*,*,#3989,.F.);
#3989 = EDGE_CURVE('',#3990,#3992,#3994,.T.);
#3990 = VERTEX_POINT('',#3991);
#3991 = CARTESIAN_POINT('',(-1.,-0.650012700025,0.));
#3992 = VERTEX_POINT('',#3993);
#3993 = CARTESIAN_POINT('',(-1.,-0.650012700025,0.762001524003));
#3994 = B_SPLINE_CURVE_WITH_KNOTS('',1,(#3995,#3996),.UNSPECIFIED.,.F.,  .F.,(2,2),(0.,0.762001524003),.PIECEWISE_BEZIER_KNOTS.);
#3995 = CARTESIAN_POINT('',(-1.,-0.650012700025,0.));
#3996 = CARTESIAN_POINT('',(-1.,-0.650012700025,0.762001524003));
#3997 = ORIENTED_EDGE('',*,*,#3998,.T.);
#3998 = EDGE_CURVE('',#3990,#3999,#4001,.T.);
#3999 = VERTEX_POINT('',#4000);
#4000 = CARTESIAN_POINT('',(-1.,0.649987299975,0.));
#4001 = B_SPLINE_CURVE_WITH_KNOTS('',1,(#4002,#4003),.UNSPECIFIED.,.F.,  .F.,(2,2),(0.,0.762001524003),.PIECEWISE_BEZIER_KNOTS.);
#4002 = CARTESIAN_POINT('',(-1.,-0.650012700025,0.));
#4003 = CARTESIAN_POINT('',(-1.,0.649987299975,0.));
#4004 = ORIENTED_EDGE('',*,*,#4005,.T.);
#4005 = EDGE_CURVE('',#3999,#4006,#4008,.T.);
#4006 = VERTEX_POINT('',#4007);
#4007 = CARTESIAN_POINT('',(-1.,0.649987299975,0.762001524003));
#4008 = B_SPLINE_CURVE_WITH_KNOTS('',1,(#4009,#4010),.UNSPECIFIED.,.F.,  .F.,(2,2),(0.,0.762001524003),.PIECEWISE_BEZIER_KNOTS.);
#4009 = CARTESIAN_POINT('',(-1.,0.649987299975,0.));
#4010 = CARTESIAN_POINT('',(-1.,0.649987299975,0.762001524003));
#4011 = ORIENTED_EDGE('',*,*,#4012,.F.);
#4012 = EDGE_CURVE('',#3992,#4006,#4013,.T.);
#4013 = B_SPLINE_CURVE_WITH_KNOTS('',1,(#4014,#4015),.UNSPECIFIED.,.F.,  .F.,(2,2),(0.,0.762001524003),.PIECEWISE_BEZIER_KNOTS.);
#4014 = CARTESIAN_POINT('',(-1.,-0.650012700025,0.762001524003));
#4015 = CARTESIAN_POINT('',(-1.,0.649987299975,0.762001524003));
#4016 = B_SPLINE_SURFACE_WITH_KNOTS('',1,1,(    (#4017,#4018)    ,(#4019,#4020    )),.UNSPECIFIED.,.F.,.F.,.F.,(2,2),(2,2),(0.,0.762001524003),(    -0.762001524003,0.),.PIECEWISE_BEZIER_KNOTS.);
#4017 = CARTESIAN_POINT('',(-1.,0.649987299975,0.));
#4018 = CARTESIAN_POINT('',(-1.,-0.650012700025,0.));
#4019 = CARTESIAN_POINT('',(-1.,0.649987299975,0.762001524003));
#4020 = CARTESIAN_POINT('',(-1.,-0.650012700025,0.762001524003));
#4021 = ADVANCED_FACE('',(#4022),#4052,.T.);
#4022 = FACE_BOUND('',#4023,.T.);
#4023 = EDGE_LOOP('',(#4024,#4033,#4040,#4047));
#4024 = ORIENTED_EDGE('',*,*,#4025,.F.);
#4025 = EDGE_CURVE('',#4026,#4028,#4030,.T.);
#4026 = VERTEX_POINT('',#4027);
#4027 = CARTESIAN_POINT('',(1.,-0.650012700025,0.));
#4028 = VERTEX_POINT('',#4029);
#4029 = CARTESIAN_POINT('',(1.,-0.650012700025,0.762001524003));
#4030 = B_SPLINE_CURVE_WITH_KNOTS('',1,(#4031,#4032),.UNSPECIFIED.,.F.,  .F.,(2,2),(0.,0.762001524003),.PIECEWISE_BEZIER_KNOTS.);
#4031 = CARTESIAN_POINT('',(1.,-0.650012700025,0.));
#4032 = CARTESIAN_POINT('',(1.,-0.650012700025,0.762001524003));
#4033 = ORIENTED_EDGE('',*,*,#4034,.T.);
#4034 = EDGE_CURVE('',#4026,#4035,#4037,.T.);
#4035 = VERTEX_POINT('',#4036);
#4036 = CARTESIAN_POINT('',(1.,0.649987299975,0.));
#4037 = B_SPLINE_CURVE_WITH_KNOTS('',1,(#4038,#4039),.UNSPECIFIED.,.F.,  .F.,(2,2),(0.,0.762001524003),.PIECEWISE_BEZIER_KNOTS.);
#4038 = CARTESIAN_POINT('',(1.,-0.650012700025,0.));
#4039 = CARTESIAN_POINT('',(1.,0.649987299975,0.));
#4040 = ORIENTED_EDGE('',*,*,#4041,.T.);
#4041 = EDGE_CURVE('',#4035,#4042,#4044,.T.);
#4042 = VERTEX_POINT('',#4043);
#4043 = CARTESIAN_POINT('',(1.,0.649987299975,0.762001524003));
#4044 = B_SPLINE_CURVE_WITH_KNOTS('',1,(#4045,#4046),.UNSPECIFIED.,.F.,  .F.,(2,2),(0.,0.762001524003),.PIECEWISE_BEZIER_KNOTS.);
#4045 = CARTESIAN_POINT('',(1.,0.649987299975,0.));
#4046 = CARTESIAN_POINT('',(1.,0.649987299975,0.762001524003));
#4047 = ORIENTED_EDGE('',*,*,#4048,.F.);
#4048 = EDGE_CURVE('',#4028,#4042,#4049,.T.);
#4049 = B_SPLINE_CURVE_WITH_KNOTS('',1,(#4050,#4051),.UNSPECIFIED.,.F.,  .F.,(2,2),(0.,0.762001524003),.PIECEWISE_BEZIER_KNOTS.);
#4050 = CARTESIAN_POINT('',(1.,-0.650012700025,0.762001524003));
#4051 = CARTESIAN_POINT('',(1.,0.649987299975,0.762001524003));
#4052 = B_SPLINE_SURFACE_WITH_KNOTS('',1,1,(    (#4053,#4054)    ,(#4055,#4056    )),.UNSPECIFIED.,.F.,.F.,.F.,(2,2),(2,2),(0.,0.762001524003),(    -0.762001524003,0.),.PIECEWISE_BEZIER_KNOTS.);
#4053 = CARTESIAN_POINT('',(1.,0.649987299975,0.));
#4054 = CARTESIAN_POINT('',(1.,-0.650012700025,0.));
#4055 = CARTESIAN_POINT('',(1.,0.649987299975,0.762001524003));
#4056 = CARTESIAN_POINT('',(1.,-0.650012700025,0.762001524003));
#4057 = ADVANCED_FACE('',(#4058),#4072,.F.);
#4058 = FACE_BOUND('',#4059,.F.);
#4059 = EDGE_LOOP('',(#4060,#4065,#4066,#4071));
#4060 = ORIENTED_EDGE('',*,*,#4061,.F.);
#4061 = EDGE_CURVE('',#3990,#4026,#4062,.T.);
#4062 = B_SPLINE_CURVE_WITH_KNOTS('',1,(#4063,#4064),.UNSPECIFIED.,.F.,  .F.,(2,2),(0.,0.762001524003),.PIECEWISE_BEZIER_KNOTS.);
#4063 = CARTESIAN_POINT('',(-1.,-0.650012700025,0.));
#4064 = CARTESIAN_POINT('',(1.,-0.650012700025,0.));
#4065 = ORIENTED_EDGE('',*,*,#3989,.T.);
#4066 = ORIENTED_EDGE('',*,*,#4067,.T.);
#4067 = EDGE_CURVE('',#3992,#4028,#4068,.T.);
#4068 = B_SPLINE_CURVE_WITH_KNOTS('',1,(#4069,#4070),.UNSPECIFIED.,.F.,  .F.,(2,2),(0.,0.762001524003),.PIECEWISE_BEZIER_KNOTS.);
#4069 = CARTESIAN_POINT('',(-1.,-0.650012700025,0.762001524003));
#4070 = CARTESIAN_POINT('',(1.,-0.650012700025,0.762001524003));
#4071 = ORIENTED_EDGE('',*,*,#4025,.F.);
#4072 = B_SPLINE_SURFACE_WITH_KNOTS('',1,1,(    (#4073,#4074)    ,(#4075,#4076    )),.UNSPECIFIED.,.F.,.F.,.F.,(2,2),(2,2),(0.,0.762001524003),(0.,    0.762001524003),.PIECEWISE_BEZIER_KNOTS.);
#4073 = CARTESIAN_POINT('',(-1.,-0.650012700025,0.));
#4074 = CARTESIAN_POINT('',(1.,-0.650012700025,0.));
#4075 = CARTESIAN_POINT('',(-1.,-0.650012700025,0.762001524003));
#4076 = CARTESIAN_POINT('',(1.,-0.650012700025,0.762001524003));
#4077 = ADVANCED_FACE('',(#4078),#4092,.T.);
#4078 = FACE_BOUND('',#4079,.T.);
#4079 = EDGE_LOOP('',(#4080,#4085,#4086,#4091));
#4080 = ORIENTED_EDGE('',*,*,#4081,.F.);
#4081 = EDGE_CURVE('',#3999,#4035,#4082,.T.);
#4082 = B_SPLINE_CURVE_WITH_KNOTS('',1,(#4083,#4084),.UNSPECIFIED.,.F.,  .F.,(2,2),(0.,0.762001524003),.PIECEWISE_BEZIER_KNOTS.);
#4083 = CARTESIAN_POINT('',(-1.,0.649987299975,0.));
#4084 = CARTESIAN_POINT('',(1.,0.649987299975,0.));
#4085 = ORIENTED_EDGE('',*,*,#4005,.T.);
#4086 = ORIENTED_EDGE('',*,*,#4087,.T.);
#4087 = EDGE_CURVE('',#4006,#4042,#4088,.T.);
#4088 = B_SPLINE_CURVE_WITH_KNOTS('',1,(#4089,#4090),.UNSPECIFIED.,.F.,  .F.,(2,2),(0.,0.762001524003),.PIECEWISE_BEZIER_KNOTS.);
#4089 = CARTESIAN_POINT('',(-1.,0.649987299975,0.762001524003));
#4090 = CARTESIAN_POINT('',(1.,0.649987299975,0.762001524003));
#4091 = ORIENTED_EDGE('',*,*,#4041,.F.);
#4092 = B_SPLINE_SURFACE_WITH_KNOTS('',1,1,(    (#4093,#4094)    ,(#4095,#4096    )),.UNSPECIFIED.,.F.,.F.,.F.,(2,2),(2,2),(0.,0.762001524003),(0.,    0.762001524003),.PIECEWISE_BEZIER_KNOTS.);
#4093 = CARTESIAN_POINT('',(-1.,0.649987299975,0.));
#4094 = CARTESIAN_POINT('',(1.,0.649987299975,0.));
#4095 = CARTESIAN_POINT('',(-1.,0.649987299975,0.762001524003));
#4096 = CARTESIAN_POINT('',(1.,0.649987299975,0.762001524003));
#4097 = ADVANCED_FACE('',(#4098),#4104,.F.);
#4098 = FACE_BOUND('',#4099,.F.);
#4099 = EDGE_LOOP('',(#4100,#4101,#4102,#4103));
#4100 = ORIENTED_EDGE('',*,*,#3998,.F.);
#4101 = ORIENTED_EDGE('',*,*,#4061,.T.);
#4102 = ORIENTED_EDGE('',*,*,#4034,.T.);
#4103 = ORIENTED_EDGE('',*,*,#4081,.F.);
#4104 = B_SPLINE_SURFACE_WITH_KNOTS('',1,1,(    (#4105,#4106)    ,(#4107,#4108    )),.UNSPECIFIED.,.F.,.F.,.F.,(2,2),(2,2),(0.,0.762001524003),(0.,    0.762001524003),.PIECEWISE_BEZIER_KNOTS.);
#4105 = CARTESIAN_POINT('',(-1.,-0.650012700025,0.));
#4106 = CARTESIAN_POINT('',(-1.,0.649987299975,0.));
#4107 = CARTESIAN_POINT('',(1.,-0.650012700025,0.));
#4108 = CARTESIAN_POINT('',(1.,0.649987299975,0.));
#4109 = ADVANCED_FACE('',(#4110),#4116,.T.);
#4110 = FACE_BOUND('',#4111,.T.);
#4111 = EDGE_LOOP('',(#4112,#4113,#4114,#4115));
#4112 = ORIENTED_EDGE('',*,*,#4012,.F.);
#4113 = ORIENTED_EDGE('',*,*,#4067,.T.);
#4114 = ORIENTED_EDGE('',*,*,#4048,.T.);
#4115 = ORIENTED_EDGE('',*,*,#4087,.F.);
#4116 = B_SPLINE_SURFACE_WITH_KNOTS('',1,1,(    (#4117,#4118)    ,(#4119,#4120    )),.UNSPECIFIED.,.F.,.F.,.F.,(2,2),(2,2),(0.,0.762001524003),(0.,    0.762001524003),.PIECEWISE_BEZIER_KNOTS.);
#4117 = CARTESIAN_POINT('',(-1.,-0.650012700025,0.762001524003));
#4118 = CARTESIAN_POINT('',(-1.,0.649987299975,0.762001524003));
#4119 = CARTESIAN_POINT('',(1.,-0.650012700025,0.762001524003));
#4120 = CARTESIAN_POINT('',(1.,0.649987299975,0.762001524003));
#4121 = ( GEOMETRIC_REPRESENTATION_CONTEXT(3) GLOBAL_UNCERTAINTY_ASSIGNED_CONTEXT((#4125)) GLOBAL_UNIT_ASSIGNED_CONTEXT((#4122,#4123,#4124)) REPRESENTATION_CONTEXT('Context #1','3D Context with UNIT and UNCERTAINTY') );
#4122 = ( LENGTH_UNIT() NAMED_UNIT(*) SI_UNIT(.MILLI.,.METRE.) );
#4123 = ( NAMED_UNIT(*) PLANE_ANGLE_UNIT() SI_UNIT($,.RADIAN.) );
#4124 = ( NAMED_UNIT(*) SI_UNIT($,.STERADIAN.) SOLID_ANGLE_UNIT() );
#4125 = UNCERTAINTY_MEASURE_WITH_UNIT(LENGTH_MEASURE(2.E-07),#4122,  'distance_accuracy_value','confusion accuracy');
#4126 = CONTEXT_DEPENDENT_SHAPE_REPRESENTATION(#4127,#4129);
#4127 = ( REPRESENTATION_RELATIONSHIP('','',#3982,#3959) REPRESENTATION_RELATIONSHIP_WITH_TRANSFORMATION(#4128) SHAPE_REPRESENTATION_RELATIONSHIP() );
#4128 = ITEM_DEFINED_TRANSFORMATION('','',#11,#3960);
#4129 = PRODUCT_DEFINITION_SHAPE('Placement','Placement of an item',  #4130);
#4130 = NEXT_ASSEMBLY_USAGE_OCCURRENCE('60','=>[0:1:1:42]','',#3954,  #3977,$);
#4131 = PRODUCT_RELATED_PRODUCT_CATEGORY('part',$,(#3979));
#4132 = SHAPE_DEFINITION_REPRESENTATION(#4133,#4139);
#4133 = PRODUCT_DEFINITION_SHAPE('','',#4134);
#4134 = PRODUCT_DEFINITION('design','',#4135,#4138);
#4135 = PRODUCT_DEFINITION_FORMATION('','',#4136);
#4136 = PRODUCT('NC1~R0805~R0805_L2.0-W1.3-H0.6~zL8V',  'NC1~R0805~R0805_L2.0-W1.3-H0.6~zL8V','',(#4137));
#4137 = PRODUCT_CONTEXT('',#2,'mechanical');
#4138 = PRODUCT_DEFINITION_CONTEXT('part definition',#2,'design');
#4139 = SHAPE_REPRESENTATION('',(#11,#4140),#4144);
#4140 = AXIS2_PLACEMENT_3D('',#4141,#4142,#4143);
#4141 = CARTESIAN_POINT('',(0.,0.,0.));
#4142 = DIRECTION('',(0.,0.,1.));
#4143 = DIRECTION('',(1.,0.,-0.));
#4144 = ( GEOMETRIC_REPRESENTATION_CONTEXT(3) GLOBAL_UNCERTAINTY_ASSIGNED_CONTEXT((#4148)) GLOBAL_UNIT_ASSIGNED_CONTEXT((#4145,#4146,#4147)) REPRESENTATION_CONTEXT('Context #1','3D Context with UNIT and UNCERTAINTY') );
#4145 = ( LENGTH_UNIT() NAMED_UNIT(*) SI_UNIT(.MILLI.,.METRE.) );
#4146 = ( NAMED_UNIT(*) PLANE_ANGLE_UNIT() SI_UNIT($,.RADIAN.) );
#4147 = ( NAMED_UNIT(*) SI_UNIT($,.STERADIAN.) SOLID_ANGLE_UNIT() );
#4148 = UNCERTAINTY_MEASURE_WITH_UNIT(LENGTH_MEASURE(2.E-07),#4145,  'distance_accuracy_value','confusion accuracy');
#4149 = CONTEXT_DEPENDENT_SHAPE_REPRESENTATION(#4150,#4152);
#4150 = ( REPRESENTATION_RELATIONSHIP('','',#4139,#10) REPRESENTATION_RELATIONSHIP_WITH_TRANSFORMATION(#4151) SHAPE_REPRESENTATION_RELATIONSHIP() );
#4151 = ITEM_DEFINED_TRANSFORMATION('','',#11,#147);
#4152 = PRODUCT_DEFINITION_SHAPE('Placement','Placement of an item',  #4153);
#4153 = NEXT_ASSEMBLY_USAGE_OCCURRENCE('63','=>[0:1:1:44]','',#5,#4134,$  );
#4154 = PRODUCT_RELATED_PRODUCT_CATEGORY('part',$,(#4136));
#4155 = CONTEXT_DEPENDENT_SHAPE_REPRESENTATION(#4156,#4158);
#4156 = ( REPRESENTATION_RELATIONSHIP('','',#3982,#4139) REPRESENTATION_RELATIONSHIP_WITH_TRANSFORMATION(#4157) SHAPE_REPRESENTATION_RELATIONSHIP() );
#4157 = ITEM_DEFINED_TRANSFORMATION('','',#11,#4140);
#4158 = PRODUCT_DEFINITION_SHAPE('Placement','Placement of an item',  #4159);
#4159 = NEXT_ASSEMBLY_USAGE_OCCURRENCE('62','','',#4134,#3977,$);
#4160 = SHAPE_DEFINITION_REPRESENTATION(#4161,#4167);
#4161 = PRODUCT_DEFINITION_SHAPE('','',#4162);
#4162 = PRODUCT_DEFINITION('design','',#4163,#4166);
#4163 = PRODUCT_DEFINITION_FORMATION('','',#4164);
#4164 = PRODUCT('R1~R0805~R0805_L2.0-W1.3-H0.6~zL8V',  'R1~R0805~R0805_L2.0-W1.3-H0.6~zL8V','',(#4165));
#4165 = PRODUCT_CONTEXT('',#2,'mechanical');
#4166 = PRODUCT_DEFINITION_CONTEXT('part definition',#2,'design');
#4167 = SHAPE_REPRESENTATION('',(#11,#4168),#4172);
#4168 = AXIS2_PLACEMENT_3D('',#4169,#4170,#4171);
#4169 = CARTESIAN_POINT('',(0.,0.,0.));
#4170 = DIRECTION('',(0.,0.,1.));
#4171 = DIRECTION('',(1.,0.,-0.));
#4172 = ( GEOMETRIC_REPRESENTATION_CONTEXT(3) GLOBAL_UNCERTAINTY_ASSIGNED_CONTEXT((#4176)) GLOBAL_UNIT_ASSIGNED_CONTEXT((#4173,#4174,#4175)) REPRESENTATION_CONTEXT('Context #1','3D Context with UNIT and UNCERTAINTY') );
#4173 = ( LENGTH_UNIT() NAMED_UNIT(*) SI_UNIT(.MILLI.,.METRE.) );
#4174 = ( NAMED_UNIT(*) PLANE_ANGLE_UNIT() SI_UNIT($,.RADIAN.) );
#4175 = ( NAMED_UNIT(*) SI_UNIT($,.STERADIAN.) SOLID_ANGLE_UNIT() );
#4176 = UNCERTAINTY_MEASURE_WITH_UNIT(LENGTH_MEASURE(2.E-07),#4173,  'distance_accuracy_value','confusion accuracy');
#4177 = CONTEXT_DEPENDENT_SHAPE_REPRESENTATION(#4178,#4180);
#4178 = ( REPRESENTATION_RELATIONSHIP('','',#4167,#10) REPRESENTATION_RELATIONSHIP_WITH_TRANSFORMATION(#4179) SHAPE_REPRESENTATION_RELATIONSHIP() );
#4179 = ITEM_DEFINED_TRANSFORMATION('','',#11,#151);
#4180 = PRODUCT_DEFINITION_SHAPE('Placement','Placement of an item',  #4181);
#4181 = NEXT_ASSEMBLY_USAGE_OCCURRENCE('65','=>[0:1:1:45]','',#5,#4162,$  );
#4182 = PRODUCT_RELATED_PRODUCT_CATEGORY('part',$,(#4164));
#4183 = CONTEXT_DEPENDENT_SHAPE_REPRESENTATION(#4184,#4186);
#4184 = ( REPRESENTATION_RELATIONSHIP('','',#3982,#4167) REPRESENTATION_RELATIONSHIP_WITH_TRANSFORMATION(#4185) SHAPE_REPRESENTATION_RELATIONSHIP() );
#4185 = ITEM_DEFINED_TRANSFORMATION('','',#11,#4168);
#4186 = PRODUCT_DEFINITION_SHAPE('Placement','Placement of an item',  #4187);
#4187 = NEXT_ASSEMBLY_USAGE_OCCURRENCE('64','','',#4162,#3977,$);
#4188 = SHAPE_DEFINITION_REPRESENTATION(#4189,#4195);
#4189 = PRODUCT_DEFINITION_SHAPE('','',#4190);
#4190 = PRODUCT_DEFINITION('design','',#4191,#4194);
#4191 = PRODUCT_DEFINITION_FORMATION('','',#4192);
#4192 = PRODUCT('R2~R0805~R0805_L2.0-W1.3-H0.6~zL8V',  'R2~R0805~R0805_L2.0-W1.3-H0.6~zL8V','',(#4193));
#4193 = PRODUCT_CONTEXT('',#2,'mechanical');
#4194 = PRODUCT_DEFINITION_CONTEXT('part definition',#2,'design');
#4195 = SHAPE_REPRESENTATION('',(#11,#4196),#4200);
#4196 = AXIS2_PLACEMENT_3D('',#4197,#4198,#4199);
#4197 = CARTESIAN_POINT('',(0.,0.,0.));
#4198 = DIRECTION('',(0.,0.,1.));
#4199 = DIRECTION('',(1.,0.,-0.));
#4200 = ( GEOMETRIC_REPRESENTATION_CONTEXT(3) GLOBAL_UNCERTAINTY_ASSIGNED_CONTEXT((#4204)) GLOBAL_UNIT_ASSIGNED_CONTEXT((#4201,#4202,#4203)) REPRESENTATION_CONTEXT('Context #1','3D Context with UNIT and UNCERTAINTY') );
#4201 = ( LENGTH_UNIT() NAMED_UNIT(*) SI_UNIT(.MILLI.,.METRE.) );
#4202 = ( NAMED_UNIT(*) PLANE_ANGLE_UNIT() SI_UNIT($,.RADIAN.) );
#4203 = ( NAMED_UNIT(*) SI_UNIT($,.STERADIAN.) SOLID_ANGLE_UNIT() );
#4204 = UNCERTAINTY_MEASURE_WITH_UNIT(LENGTH_MEASURE(2.E-07),#4201,  'distance_accuracy_value','confusion accuracy');
#4205 = CONTEXT_DEPENDENT_SHAPE_REPRESENTATION(#4206,#4208);
#4206 = ( REPRESENTATION_RELATIONSHIP('','',#4195,#10) REPRESENTATION_RELATIONSHIP_WITH_TRANSFORMATION(#4207) SHAPE_REPRESENTATION_RELATIONSHIP() );
#4207 = ITEM_DEFINED_TRANSFORMATION('','',#11,#155);
#4208 = PRODUCT_DEFINITION_SHAPE('Placement','Placement of an item',  #4209);
#4209 = NEXT_ASSEMBLY_USAGE_OCCURRENCE('67','=>[0:1:1:46]','',#5,#4190,$  );
#4210 = PRODUCT_RELATED_PRODUCT_CATEGORY('part',$,(#4192));
#4211 = CONTEXT_DEPENDENT_SHAPE_REPRESENTATION(#4212,#4214);
#4212 = ( REPRESENTATION_RELATIONSHIP('','',#3982,#4195) REPRESENTATION_RELATIONSHIP_WITH_TRANSFORMATION(#4213) SHAPE_REPRESENTATION_RELATIONSHIP() );
#4213 = ITEM_DEFINED_TRANSFORMATION('','',#11,#4196);
#4214 = PRODUCT_DEFINITION_SHAPE('Placement','Placement of an item',  #4215);
#4215 = NEXT_ASSEMBLY_USAGE_OCCURRENCE('66','','',#4190,#3977,$);
#4216 = SHAPE_DEFINITION_REPRESENTATION(#4217,#4223);
#4217 = PRODUCT_DEFINITION_SHAPE('','',#4218);
#4218 = PRODUCT_DEFINITION('design','',#4219,#4222);
#4219 = PRODUCT_DEFINITION_FORMATION('','',#4220);
#4220 = PRODUCT('R3~R0805~R0805_L2.0-W1.3-H0.6~zL8V',  'R3~R0805~R0805_L2.0-W1.3-H0.6~zL8V','',(#4221));
#4221 = PRODUCT_CONTEXT('',#2,'mechanical');
#4222 = PRODUCT_DEFINITION_CONTEXT('part definition',#2,'design');
#4223 = SHAPE_REPRESENTATION('',(#11,#4224),#4228);
#4224 = AXIS2_PLACEMENT_3D('',#4225,#4226,#4227);
#4225 = CARTESIAN_POINT('',(0.,0.,0.));
#4226 = DIRECTION('',(0.,0.,1.));
#4227 = DIRECTION('',(1.,0.,-0.));
#4228 = ( GEOMETRIC_REPRESENTATION_CONTEXT(3) GLOBAL_UNCERTAINTY_ASSIGNED_CONTEXT((#4232)) GLOBAL_UNIT_ASSIGNED_CONTEXT((#4229,#4230,#4231)) REPRESENTATION_CONTEXT('Context #1','3D Context with UNIT and UNCERTAINTY') );
#4229 = ( LENGTH_UNIT() NAMED_UNIT(*) SI_UNIT(.MILLI.,.METRE.) );
#4230 = ( NAMED_UNIT(*) PLANE_ANGLE_UNIT() SI_UNIT($,.RADIAN.) );
#4231 = ( NAMED_UNIT(*) SI_UNIT($,.STERADIAN.) SOLID_ANGLE_UNIT() );
#4232 = UNCERTAINTY_MEASURE_WITH_UNIT(LENGTH_MEASURE(2.E-07),#4229,  'distance_accuracy_value','confusion accuracy');
#4233 = CONTEXT_DEPENDENT_SHAPE_REPRESENTATION(#4234,#4236);
#4234 = ( REPRESENTATION_RELATIONSHIP('','',#4223,#10) REPRESENTATION_RELATIONSHIP_WITH_TRANSFORMATION(#4235) SHAPE_REPRESENTATION_RELATIONSHIP() );
#4235 = ITEM_DEFINED_TRANSFORMATION('','',#11,#159);
#4236 = PRODUCT_DEFINITION_SHAPE('Placement','Placement of an item',  #4237);
#4237 = NEXT_ASSEMBLY_USAGE_OCCURRENCE('69','=>[0:1:1:47]','',#5,#4218,$  );
#4238 = PRODUCT_RELATED_PRODUCT_CATEGORY('part',$,(#4220));
#4239 = CONTEXT_DEPENDENT_SHAPE_REPRESENTATION(#4240,#4242);
#4240 = ( REPRESENTATION_RELATIONSHIP('','',#3982,#4223) REPRESENTATION_RELATIONSHIP_WITH_TRANSFORMATION(#4241) SHAPE_REPRESENTATION_RELATIONSHIP() );
#4241 = ITEM_DEFINED_TRANSFORMATION('','',#11,#4224);
#4242 = PRODUCT_DEFINITION_SHAPE('Placement','Placement of an item',  #4243);
#4243 = NEXT_ASSEMBLY_USAGE_OCCURRENCE('68','','',#4218,#3977,$);
#4244 = SHAPE_DEFINITION_REPRESENTATION(#4245,#4251);
#4245 = PRODUCT_DEFINITION_SHAPE('','',#4246);
#4246 = PRODUCT_DEFINITION('design','',#4247,#4250);
#4247 = PRODUCT_DEFINITION_FORMATION('','',#4248);
#4248 = PRODUCT('R4~R0805~R0805_L2.0-W1.3-H0.6~zL8V',  'R4~R0805~R0805_L2.0-W1.3-H0.6~zL8V','',(#4249));
#4249 = PRODUCT_CONTEXT('',#2,'mechanical');
#4250 = PRODUCT_DEFINITION_CONTEXT('part definition',#2,'design');
#4251 = SHAPE_REPRESENTATION('',(#11,#4252),#4256);
#4252 = AXIS2_PLACEMENT_3D('',#4253,#4254,#4255);
#4253 = CARTESIAN_POINT('',(0.,0.,0.));
#4254 = DIRECTION('',(0.,0.,1.));
#4255 = DIRECTION('',(1.,0.,-0.));
#4256 = ( GEOMETRIC_REPRESENTATION_CONTEXT(3) GLOBAL_UNCERTAINTY_ASSIGNED_CONTEXT((#4260)) GLOBAL_UNIT_ASSIGNED_CONTEXT((#4257,#4258,#4259)) REPRESENTATION_CONTEXT('Context #1','3D Context with UNIT and UNCERTAINTY') );
#4257 = ( LENGTH_UNIT() NAMED_UNIT(*) SI_UNIT(.MILLI.,.METRE.) );
#4258 = ( NAMED_UNIT(*) PLANE_ANGLE_UNIT() SI_UNIT($,.RADIAN.) );
#4259 = ( NAMED_UNIT(*) SI_UNIT($,.STERADIAN.) SOLID_ANGLE_UNIT() );
#4260 = UNCERTAINTY_MEASURE_WITH_UNIT(LENGTH_MEASURE(2.E-07),#4257,  'distance_accuracy_value','confusion accuracy');
#4261 = CONTEXT_DEPENDENT_SHAPE_REPRESENTATION(#4262,#4264);
#4262 = ( REPRESENTATION_RELATIONSHIP('','',#4251,#10) REPRESENTATION_RELATIONSHIP_WITH_TRANSFORMATION(#4263) SHAPE_REPRESENTATION_RELATIONSHIP() );
#4263 = ITEM_DEFINED_TRANSFORMATION('','',#11,#163);
#4264 = PRODUCT_DEFINITION_SHAPE('Placement','Placement of an item',  #4265);
#4265 = NEXT_ASSEMBLY_USAGE_OCCURRENCE('71','=>[0:1:1:48]','',#5,#4246,$  );
#4266 = PRODUCT_RELATED_PRODUCT_CATEGORY('part',$,(#4248));
#4267 = CONTEXT_DEPENDENT_SHAPE_REPRESENTATION(#4268,#4270);
#4268 = ( REPRESENTATION_RELATIONSHIP('','',#3982,#4251) REPRESENTATION_RELATIONSHIP_WITH_TRANSFORMATION(#4269) SHAPE_REPRESENTATION_RELATIONSHIP() );
#4269 = ITEM_DEFINED_TRANSFORMATION('','',#11,#4252);
#4270 = PRODUCT_DEFINITION_SHAPE('Placement','Placement of an item',  #4271);
#4271 = NEXT_ASSEMBLY_USAGE_OCCURRENCE('70','','',#4246,#3977,$);
#4272 = SHAPE_DEFINITION_REPRESENTATION(#4273,#4279);
#4273 = PRODUCT_DEFINITION_SHAPE('','',#4274);
#4274 = PRODUCT_DEFINITION('design','',#4275,#4278);
#4275 = PRODUCT_DEFINITION_FORMATION('','',#4276);
#4276 = PRODUCT('R5~R0805~R0805_L2.0-W1.3-H0.6~zL8V',  'R5~R0805~R0805_L2.0-W1.3-H0.6~zL8V','',(#4277));
#4277 = PRODUCT_CONTEXT('',#2,'mechanical');
#4278 = PRODUCT_DEFINITION_CONTEXT('part definition',#2,'design');
#4279 = SHAPE_REPRESENTATION('',(#11,#4280),#4284);
#4280 = AXIS2_PLACEMENT_3D('',#4281,#4282,#4283);
#4281 = CARTESIAN_POINT('',(0.,0.,0.));
#4282 = DIRECTION('',(0.,0.,1.));
#4283 = DIRECTION('',(1.,0.,-0.));
#4284 = ( GEOMETRIC_REPRESENTATION_CONTEXT(3) GLOBAL_UNCERTAINTY_ASSIGNED_CONTEXT((#4288)) GLOBAL_UNIT_ASSIGNED_CONTEXT((#4285,#4286,#4287)) REPRESENTATION_CONTEXT('Context #1','3D Context with UNIT and UNCERTAINTY') );
#4285 = ( LENGTH_UNIT() NAMED_UNIT(*) SI_UNIT(.MILLI.,.METRE.) );
#4286 = ( NAMED_UNIT(*) PLANE_ANGLE_UNIT() SI_UNIT($,.RADIAN.) );
#4287 = ( NAMED_UNIT(*) SI_UNIT($,.STERADIAN.) SOLID_ANGLE_UNIT() );
#4288 = UNCERTAINTY_MEASURE_WITH_UNIT(LENGTH_MEASURE(2.E-07),#4285,  'distance_accuracy_value','confusion accuracy');
#4289 = CONTEXT_DEPENDENT_SHAPE_REPRESENTATION(#4290,#4292);
#4290 = ( REPRESENTATION_RELATIONSHIP('','',#4279,#10) REPRESENTATION_RELATIONSHIP_WITH_TRANSFORMATION(#4291) SHAPE_REPRESENTATION_RELATIONSHIP() );
#4291 = ITEM_DEFINED_TRANSFORMATION('','',#11,#167);
#4292 = PRODUCT_DEFINITION_SHAPE('Placement','Placement of an item',  #4293);
#4293 = NEXT_ASSEMBLY_USAGE_OCCURRENCE('73','=>[0:1:1:49]','',#5,#4274,$  );
#4294 = PRODUCT_RELATED_PRODUCT_CATEGORY('part',$,(#4276));
#4295 = CONTEXT_DEPENDENT_SHAPE_REPRESENTATION(#4296,#4298);
#4296 = ( REPRESENTATION_RELATIONSHIP('','',#3982,#4279) REPRESENTATION_RELATIONSHIP_WITH_TRANSFORMATION(#4297) SHAPE_REPRESENTATION_RELATIONSHIP() );
#4297 = ITEM_DEFINED_TRANSFORMATION('','',#11,#4280);
#4298 = PRODUCT_DEFINITION_SHAPE('Placement','Placement of an item',  #4299);
#4299 = NEXT_ASSEMBLY_USAGE_OCCURRENCE('72','','',#4274,#3977,$);
#4300 = SHAPE_DEFINITION_REPRESENTATION(#4301,#4307);
#4301 = PRODUCT_DEFINITION_SHAPE('','',#4302);
#4302 = PRODUCT_DEFINITION('design','',#4303,#4306);
#4303 = PRODUCT_DEFINITION_FORMATION('','',#4304);
#4304 = PRODUCT('L2~IND-SMD_L5.7-W5.2_TMPA0502SP-2R2MN-D~IND-SMD_L5.7-W5.2-H1.8_TMPA0502SP-2R2MN-D~zL8V','L2~IND-SMD_L5.7-W5.2_TMPA0502SP-2R2MN-D~IND-SMD_L5.7-W5.2-H1.8_TMPA0502SP-2R2MN-D~zL8V','',(#4305));
#4305 = PRODUCT_CONTEXT('',#2,'mechanical');
#4306 = PRODUCT_DEFINITION_CONTEXT('part definition',#2,'design');
#4307 = SHAPE_REPRESENTATION('',(#11,#4308),#4312);
#4308 = AXIS2_PLACEMENT_3D('',#4309,#4310,#4311);
#4309 = CARTESIAN_POINT('',(0.,0.,0.));
#4310 = DIRECTION('',(0.,0.,1.));
#4311 = DIRECTION('',(1.,0.,-0.));
#4312 = ( GEOMETRIC_REPRESENTATION_CONTEXT(3) GLOBAL_UNCERTAINTY_ASSIGNED_CONTEXT((#4316)) GLOBAL_UNIT_ASSIGNED_CONTEXT((#4313,#4314,#4315)) REPRESENTATION_CONTEXT('Context #1','3D Context with UNIT and UNCERTAINTY') );
#4313 = ( LENGTH_UNIT() NAMED_UNIT(*) SI_UNIT(.MILLI.,.METRE.) );
#4314 = ( NAMED_UNIT(*) PLANE_ANGLE_UNIT() SI_UNIT($,.RADIAN.) );
#4315 = ( NAMED_UNIT(*) SI_UNIT($,.STERADIAN.) SOLID_ANGLE_UNIT() );
#4316 = UNCERTAINTY_MEASURE_WITH_UNIT(LENGTH_MEASURE(1.E-06),#4313,  'distance_accuracy_value','confusion accuracy');
#4317 = CONTEXT_DEPENDENT_SHAPE_REPRESENTATION(#4318,#4320);
#4318 = ( REPRESENTATION_RELATIONSHIP('','',#4307,#10) REPRESENTATION_RELATIONSHIP_WITH_TRANSFORMATION(#4319) SHAPE_REPRESENTATION_RELATIONSHIP() );
#4319 = ITEM_DEFINED_TRANSFORMATION('','',#11,#171);
#4320 = PRODUCT_DEFINITION_SHAPE('Placement','Placement of an item',  #4321);
#4321 = NEXT_ASSEMBLY_USAGE_OCCURRENCE('75','=>[0:1:1:51]','',#5,#4302,$  );
#4322 = PRODUCT_RELATED_PRODUCT_CATEGORY('part',$,(#4304));
#4323 = SHAPE_DEFINITION_REPRESENTATION(#4324,#4330);
#4324 = PRODUCT_DEFINITION_SHAPE('','',#4325);
#4325 = PRODUCT_DEFINITION('design','',#4326,#4329);
#4326 = PRODUCT_DEFINITION_FORMATION('','',#4327);
#4327 = PRODUCT('IND-SMD_L5.7-W5.2_TMPA0502SP-2R2MN-D~IND-SMD_L5.7-W5.2-H1.8_TMPA0502SP-2R2MN-D~zL8V','IND-SMD_L5.7-W5.2_TMPA0502SP-2R2MN-D~IND-SMD_L5.7-W5.2-H1.8_TMPA0502SP-2R2MN-D~zL8V','',(#4328));
#4328 = PRODUCT_CONTEXT('',#2,'mechanical');
#4329 = PRODUCT_DEFINITION_CONTEXT('part definition',#2,'design');
#4330 = ADVANCED_BREP_SHAPE_REPRESENTATION('',(#11,#4331),#4469);
#4331 = MANIFOLD_SOLID_BREP('',#4332);
#4332 = CLOSED_SHELL('',(#4333,#4369,#4405,#4425,#4445,#4457));
#4333 = ADVANCED_FACE('',(#4334),#4364,.F.);
#4334 = FACE_BOUND('',#4335,.F.);
#4335 = EDGE_LOOP('',(#4336,#4345,#4352,#4359));
#4336 = ORIENTED_EDGE('',*,*,#4337,.F.);
#4337 = EDGE_CURVE('',#4338,#4340,#4342,.T.);
#4338 = VERTEX_POINT('',#4339);
#4339 = CARTESIAN_POINT('',(-2.850076200152,-2.6,0.));
#4340 = VERTEX_POINT('',#4341);
#4341 = CARTESIAN_POINT('',(-2.850076200152,-2.6,0.762001524003));
#4342 = B_SPLINE_CURVE_WITH_KNOTS('',1,(#4343,#4344),.UNSPECIFIED.,.F.,  .F.,(2,2),(0.,0.762001524003),.PIECEWISE_BEZIER_KNOTS.);
#4343 = CARTESIAN_POINT('',(-2.850076200152,-2.6,0.));
#4344 = CARTESIAN_POINT('',(-2.850076200152,-2.6,0.762001524003));
#4345 = ORIENTED_EDGE('',*,*,#4346,.T.);
#4346 = EDGE_CURVE('',#4338,#4347,#4349,.T.);
#4347 = VERTEX_POINT('',#4348);
#4348 = CARTESIAN_POINT('',(-2.850076200152,2.6,0.));
#4349 = B_SPLINE_CURVE_WITH_KNOTS('',1,(#4350,#4351),.UNSPECIFIED.,.F.,  .F.,(2,2),(0.,0.762001524003),.PIECEWISE_BEZIER_KNOTS.);
#4350 = CARTESIAN_POINT('',(-2.850076200152,-2.6,0.));
#4351 = CARTESIAN_POINT('',(-2.850076200152,2.6,0.));
#4352 = ORIENTED_EDGE('',*,*,#4353,.T.);
#4353 = EDGE_CURVE('',#4347,#4354,#4356,.T.);
#4354 = VERTEX_POINT('',#4355);
#4355 = CARTESIAN_POINT('',(-2.850076200152,2.6,0.762001524003));
#4356 = B_SPLINE_CURVE_WITH_KNOTS('',1,(#4357,#4358),.UNSPECIFIED.,.F.,  .F.,(2,2),(0.,0.762001524003),.PIECEWISE_BEZIER_KNOTS.);
#4357 = CARTESIAN_POINT('',(-2.850076200152,2.6,0.));
#4358 = CARTESIAN_POINT('',(-2.850076200152,2.6,0.762001524003));
#4359 = ORIENTED_EDGE('',*,*,#4360,.F.);
#4360 = EDGE_CURVE('',#4340,#4354,#4361,.T.);
#4361 = B_SPLINE_CURVE_WITH_KNOTS('',1,(#4362,#4363),.UNSPECIFIED.,.F.,  .F.,(2,2),(0.,0.762001524003),.PIECEWISE_BEZIER_KNOTS.);
#4362 = CARTESIAN_POINT('',(-2.850076200152,-2.6,0.762001524003));
#4363 = CARTESIAN_POINT('',(-2.850076200152,2.6,0.762001524003));
#4364 = B_SPLINE_SURFACE_WITH_KNOTS('',1,1,(    (#4365,#4366)    ,(#4367,#4368    )),.UNSPECIFIED.,.F.,.F.,.F.,(2,2),(2,2),(0.,0.762001524003),(    -0.762001524003,0.),.PIECEWISE_BEZIER_KNOTS.);
#4365 = CARTESIAN_POINT('',(-2.850076200152,2.6,0.));
#4366 = CARTESIAN_POINT('',(-2.850076200152,-2.6,0.));
#4367 = CARTESIAN_POINT('',(-2.850076200152,2.6,0.762001524003));
#4368 = CARTESIAN_POINT('',(-2.850076200152,-2.6,0.762001524003));
#4369 = ADVANCED_FACE('',(#4370),#4400,.T.);
#4370 = FACE_BOUND('',#4371,.T.);
#4371 = EDGE_LOOP('',(#4372,#4381,#4388,#4395));
#4372 = ORIENTED_EDGE('',*,*,#4373,.F.);
#4373 = EDGE_CURVE('',#4374,#4376,#4378,.T.);
#4374 = VERTEX_POINT('',#4375);
#4375 = CARTESIAN_POINT('',(2.849923799848,-2.6,0.));
#4376 = VERTEX_POINT('',#4377);
#4377 = CARTESIAN_POINT('',(2.849923799848,-2.6,0.762001524003));
#4378 = B_SPLINE_CURVE_WITH_KNOTS('',1,(#4379,#4380),.UNSPECIFIED.,.F.,  .F.,(2,2),(0.,0.762001524003),.PIECEWISE_BEZIER_KNOTS.);
#4379 = CARTESIAN_POINT('',(2.849923799848,-2.6,0.));
#4380 = CARTESIAN_POINT('',(2.849923799848,-2.6,0.762001524003));
#4381 = ORIENTED_EDGE('',*,*,#4382,.T.);
#4382 = EDGE_CURVE('',#4374,#4383,#4385,.T.);
#4383 = VERTEX_POINT('',#4384);
#4384 = CARTESIAN_POINT('',(2.849923799848,2.6,0.));
#4385 = B_SPLINE_CURVE_WITH_KNOTS('',1,(#4386,#4387),.UNSPECIFIED.,.F.,  .F.,(2,2),(0.,0.762001524003),.PIECEWISE_BEZIER_KNOTS.);
#4386 = CARTESIAN_POINT('',(2.849923799848,-2.6,0.));
#4387 = CARTESIAN_POINT('',(2.849923799848,2.6,0.));
#4388 = ORIENTED_EDGE('',*,*,#4389,.T.);
#4389 = EDGE_CURVE('',#4383,#4390,#4392,.T.);
#4390 = VERTEX_POINT('',#4391);
#4391 = CARTESIAN_POINT('',(2.849923799848,2.6,0.762001524003));
#4392 = B_SPLINE_CURVE_WITH_KNOTS('',1,(#4393,#4394),.UNSPECIFIED.,.F.,  .F.,(2,2),(0.,0.762001524003),.PIECEWISE_BEZIER_KNOTS.);
#4393 = CARTESIAN_POINT('',(2.849923799848,2.6,0.));
#4394 = CARTESIAN_POINT('',(2.849923799848,2.6,0.762001524003));
#4395 = ORIENTED_EDGE('',*,*,#4396,.F.);
#4396 = EDGE_CURVE('',#4376,#4390,#4397,.T.);
#4397 = B_SPLINE_CURVE_WITH_KNOTS('',1,(#4398,#4399),.UNSPECIFIED.,.F.,  .F.,(2,2),(0.,0.762001524003),.PIECEWISE_BEZIER_KNOTS.);
#4398 = CARTESIAN_POINT('',(2.849923799848,-2.6,0.762001524003));
#4399 = CARTESIAN_POINT('',(2.849923799848,2.6,0.762001524003));
#4400 = B_SPLINE_SURFACE_WITH_KNOTS('',1,1,(    (#4401,#4402)    ,(#4403,#4404    )),.UNSPECIFIED.,.F.,.F.,.F.,(2,2),(2,2),(0.,0.762001524003),(    -0.762001524003,0.),.PIECEWISE_BEZIER_KNOTS.);
#4401 = CARTESIAN_POINT('',(2.849923799848,2.6,0.));
#4402 = CARTESIAN_POINT('',(2.849923799848,-2.6,0.));
#4403 = CARTESIAN_POINT('',(2.849923799848,2.6,0.762001524003));
#4404 = CARTESIAN_POINT('',(2.849923799848,-2.6,0.762001524003));
#4405 = ADVANCED_FACE('',(#4406),#4420,.F.);
#4406 = FACE_BOUND('',#4407,.F.);
#4407 = EDGE_LOOP('',(#4408,#4413,#4414,#4419));
#4408 = ORIENTED_EDGE('',*,*,#4409,.F.);
#4409 = EDGE_CURVE('',#4338,#4374,#4410,.T.);
#4410 = B_SPLINE_CURVE_WITH_KNOTS('',1,(#4411,#4412),.UNSPECIFIED.,.F.,  .F.,(2,2),(0.,0.762001524003),.PIECEWISE_BEZIER_KNOTS.);
#4411 = CARTESIAN_POINT('',(-2.850076200152,-2.6,0.));
#4412 = CARTESIAN_POINT('',(2.849923799848,-2.6,0.));
#4413 = ORIENTED_EDGE('',*,*,#4337,.T.);
#4414 = ORIENTED_EDGE('',*,*,#4415,.T.);
#4415 = EDGE_CURVE('',#4340,#4376,#4416,.T.);
#4416 = B_SPLINE_CURVE_WITH_KNOTS('',1,(#4417,#4418),.UNSPECIFIED.,.F.,  .F.,(2,2),(0.,0.762001524003),.PIECEWISE_BEZIER_KNOTS.);
#4417 = CARTESIAN_POINT('',(-2.850076200152,-2.6,0.762001524003));
#4418 = CARTESIAN_POINT('',(2.849923799848,-2.6,0.762001524003));
#4419 = ORIENTED_EDGE('',*,*,#4373,.F.);
#4420 = B_SPLINE_SURFACE_WITH_KNOTS('',1,1,(    (#4421,#4422)    ,(#4423,#4424    )),.UNSPECIFIED.,.F.,.F.,.F.,(2,2),(2,2),(0.,0.762001524003),(0.,    0.762001524003),.PIECEWISE_BEZIER_KNOTS.);
#4421 = CARTESIAN_POINT('',(-2.850076200152,-2.6,0.));
#4422 = CARTESIAN_POINT('',(2.849923799848,-2.6,0.));
#4423 = CARTESIAN_POINT('',(-2.850076200152,-2.6,0.762001524003));
#4424 = CARTESIAN_POINT('',(2.849923799848,-2.6,0.762001524003));
#4425 = ADVANCED_FACE('',(#4426),#4440,.T.);
#4426 = FACE_BOUND('',#4427,.T.);
#4427 = EDGE_LOOP('',(#4428,#4433,#4434,#4439));
#4428 = ORIENTED_EDGE('',*,*,#4429,.F.);
#4429 = EDGE_CURVE('',#4347,#4383,#4430,.T.);
#4430 = B_SPLINE_CURVE_WITH_KNOTS('',1,(#4431,#4432),.UNSPECIFIED.,.F.,  .F.,(2,2),(0.,0.762001524003),.PIECEWISE_BEZIER_KNOTS.);
#4431 = CARTESIAN_POINT('',(-2.850076200152,2.6,0.));
#4432 = CARTESIAN_POINT('',(2.849923799848,2.6,0.));
#4433 = ORIENTED_EDGE('',*,*,#4353,.T.);
#4434 = ORIENTED_EDGE('',*,*,#4435,.T.);
#4435 = EDGE_CURVE('',#4354,#4390,#4436,.T.);
#4436 = B_SPLINE_CURVE_WITH_KNOTS('',1,(#4437,#4438),.UNSPECIFIED.,.F.,  .F.,(2,2),(0.,0.762001524003),.PIECEWISE_BEZIER_KNOTS.);
#4437 = CARTESIAN_POINT('',(-2.850076200152,2.6,0.762001524003));
#4438 = CARTESIAN_POINT('',(2.849923799848,2.6,0.762001524003));
#4439 = ORIENTED_EDGE('',*,*,#4389,.F.);
#4440 = B_SPLINE_SURFACE_WITH_KNOTS('',1,1,(    (#4441,#4442)    ,(#4443,#4444    )),.UNSPECIFIED.,.F.,.F.,.F.,(2,2),(2,2),(0.,0.762001524003),(0.,    0.762001524003),.PIECEWISE_BEZIER_KNOTS.);
#4441 = CARTESIAN_POINT('',(-2.850076200152,2.6,0.));
#4442 = CARTESIAN_POINT('',(2.849923799848,2.6,0.));
#4443 = CARTESIAN_POINT('',(-2.850076200152,2.6,0.762001524003));
#4444 = CARTESIAN_POINT('',(2.849923799848,2.6,0.762001524003));
#4445 = ADVANCED_FACE('',(#4446),#4452,.F.);
#4446 = FACE_BOUND('',#4447,.F.);
#4447 = EDGE_LOOP('',(#4448,#4449,#4450,#4451));
#4448 = ORIENTED_EDGE('',*,*,#4346,.F.);
#4449 = ORIENTED_EDGE('',*,*,#4409,.T.);
#4450 = ORIENTED_EDGE('',*,*,#4382,.T.);
#4451 = ORIENTED_EDGE('',*,*,#4429,.F.);
#4452 = B_SPLINE_SURFACE_WITH_KNOTS('',1,1,(    (#4453,#4454)    ,(#4455,#4456    )),.UNSPECIFIED.,.F.,.F.,.F.,(2,2),(2,2),(0.,0.762001524003),(0.,    0.762001524003),.PIECEWISE_BEZIER_KNOTS.);
#4453 = CARTESIAN_POINT('',(-2.850076200152,-2.6,0.));
#4454 = CARTESIAN_POINT('',(-2.850076200152,2.6,0.));
#4455 = CARTESIAN_POINT('',(2.849923799848,-2.6,0.));
#4456 = CARTESIAN_POINT('',(2.849923799848,2.6,0.));
#4457 = ADVANCED_FACE('',(#4458),#4464,.T.);
#4458 = FACE_BOUND('',#4459,.T.);
#4459 = EDGE_LOOP('',(#4460,#4461,#4462,#4463));
#4460 = ORIENTED_EDGE('',*,*,#4360,.F.);
#4461 = ORIENTED_EDGE('',*,*,#4415,.T.);
#4462 = ORIENTED_EDGE('',*,*,#4396,.T.);
#4463 = ORIENTED_EDGE('',*,*,#4435,.F.);
#4464 = B_SPLINE_SURFACE_WITH_KNOTS('',1,1,(    (#4465,#4466)    ,(#4467,#4468    )),.UNSPECIFIED.,.F.,.F.,.F.,(2,2),(2,2),(0.,0.762001524003),(0.,    0.762001524003),.PIECEWISE_BEZIER_KNOTS.);
#4465 = CARTESIAN_POINT('',(-2.850076200152,-2.6,0.762001524003));
#4466 = CARTESIAN_POINT('',(-2.850076200152,2.6,0.762001524003));
#4467 = CARTESIAN_POINT('',(2.849923799848,-2.6,0.762001524003));
#4468 = CARTESIAN_POINT('',(2.849923799848,2.6,0.762001524003));
#4469 = ( GEOMETRIC_REPRESENTATION_CONTEXT(3) GLOBAL_UNCERTAINTY_ASSIGNED_CONTEXT((#4473)) GLOBAL_UNIT_ASSIGNED_CONTEXT((#4470,#4471,#4472)) REPRESENTATION_CONTEXT('Context #1','3D Context with UNIT and UNCERTAINTY') );
#4470 = ( LENGTH_UNIT() NAMED_UNIT(*) SI_UNIT(.MILLI.,.METRE.) );
#4471 = ( NAMED_UNIT(*) PLANE_ANGLE_UNIT() SI_UNIT($,.RADIAN.) );
#4472 = ( NAMED_UNIT(*) SI_UNIT($,.STERADIAN.) SOLID_ANGLE_UNIT() );
#4473 = UNCERTAINTY_MEASURE_WITH_UNIT(LENGTH_MEASURE(1.E-06),#4470,  'distance_accuracy_value','confusion accuracy');
#4474 = CONTEXT_DEPENDENT_SHAPE_REPRESENTATION(#4475,#4477);
#4475 = ( REPRESENTATION_RELATIONSHIP('','',#4330,#4307) REPRESENTATION_RELATIONSHIP_WITH_TRANSFORMATION(#4476) SHAPE_REPRESENTATION_RELATIONSHIP() );
#4476 = ITEM_DEFINED_TRANSFORMATION('','',#11,#4308);
#4477 = PRODUCT_DEFINITION_SHAPE('Placement','Placement of an item',  #4478);
#4478 = NEXT_ASSEMBLY_USAGE_OCCURRENCE('74','=>[0:1:1:50]','',#4302,  #4325,$);
#4479 = PRODUCT_RELATED_PRODUCT_CATEGORY('part',$,(#4327));
#4480 = SHAPE_DEFINITION_REPRESENTATION(#4481,#4487);
#4481 = PRODUCT_DEFINITION_SHAPE('','',#4482);
#4482 = PRODUCT_DEFINITION('design','',#4483,#4486);
#4483 = PRODUCT_DEFINITION_FORMATION('','',#4484);
#4484 = PRODUCT('BTB~HDR-SMD_20P-P2.54-V-F-R2-C10-S2.54-LS7.2-1~HDR-SMD_20P-P2.54-V-F-R2-C10-S2.54-LS7.2-1~zL8V','BTB~HDR-SMD_20P-P2.54-V-F-R2-C10-S2.54-LS7.2-1~HDR-SMD_20P-P2.54-V-F-R2-C10-S2.54-LS7.2-1~zL8V','',(#4485));
#4485 = PRODUCT_CONTEXT('',#2,'mechanical');
#4486 = PRODUCT_DEFINITION_CONTEXT('part definition',#2,'design');
#4487 = SHAPE_REPRESENTATION('',(#11,#4488),#4492);
#4488 = AXIS2_PLACEMENT_3D('',#4489,#4490,#4491);
#4489 = CARTESIAN_POINT('',(0.,0.,0.));
#4490 = DIRECTION('',(0.,0.,1.));
#4491 = DIRECTION('',(1.,0.,-0.));
#4492 = ( GEOMETRIC_REPRESENTATION_CONTEXT(3) GLOBAL_UNCERTAINTY_ASSIGNED_CONTEXT((#4496)) GLOBAL_UNIT_ASSIGNED_CONTEXT((#4493,#4494,#4495)) REPRESENTATION_CONTEXT('Context #1','3D Context with UNIT and UNCERTAINTY') );
#4493 = ( LENGTH_UNIT() NAMED_UNIT(*) SI_UNIT(.MILLI.,.METRE.) );
#4494 = ( NAMED_UNIT(*) PLANE_ANGLE_UNIT() SI_UNIT($,.RADIAN.) );
#4495 = ( NAMED_UNIT(*) SI_UNIT($,.STERADIAN.) SOLID_ANGLE_UNIT() );
#4496 = UNCERTAINTY_MEASURE_WITH_UNIT(LENGTH_MEASURE(2.E-06),#4493,  'distance_accuracy_value','confusion accuracy');
#4497 = CONTEXT_DEPENDENT_SHAPE_REPRESENTATION(#4498,#4500);
#4498 = ( REPRESENTATION_RELATIONSHIP('','',#4487,#10) REPRESENTATION_RELATIONSHIP_WITH_TRANSFORMATION(#4499) SHAPE_REPRESENTATION_RELATIONSHIP() );
#4499 = ITEM_DEFINED_TRANSFORMATION('','',#11,#175);
#4500 = PRODUCT_DEFINITION_SHAPE('Placement','Placement of an item',  #4501);
#4501 = NEXT_ASSEMBLY_USAGE_OCCURRENCE('77','=>[0:1:1:53]','',#5,#4482,$  );
#4502 = PRODUCT_RELATED_PRODUCT_CATEGORY('part',$,(#4484));
#4503 = SHAPE_DEFINITION_REPRESENTATION(#4504,#4510);
#4504 = PRODUCT_DEFINITION_SHAPE('','',#4505);
#4505 = PRODUCT_DEFINITION('design','',#4506,#4509);
#4506 = PRODUCT_DEFINITION_FORMATION('','',#4507);
#4507 = PRODUCT('HDR-SMD_20P-P2.54-V-F-R2-C10-S2.54-LS7.2-1~HDR-SMD_20P-P2.54-V-F-R2-C10-S2.54-LS7.2-1~zL8V','HDR-SMD_20P-P2.54-V-F-R2-C10-S2.54-LS7.2-1~HDR-SMD_20P-P2.54-V-F-R2-C10-S2.54-LS7.2-1~zL8V','',(#4508));
#4508 = PRODUCT_CONTEXT('',#2,'mechanical');
#4509 = PRODUCT_DEFINITION_CONTEXT('part definition',#2,'design');
#4510 = ADVANCED_BREP_SHAPE_REPRESENTATION('',(#11,#4511),#4649);
#4511 = MANIFOLD_SOLID_BREP('',#4512);
#4512 = CLOSED_SHELL('',(#4513,#4549,#4585,#4605,#4625,#4637));
#4513 = ADVANCED_FACE('',(#4514),#4544,.F.);
#4514 = FACE_BOUND('',#4515,.F.);
#4515 = EDGE_LOOP('',(#4516,#4525,#4532,#4539));
#4516 = ORIENTED_EDGE('',*,*,#4517,.F.);
#4517 = EDGE_CURVE('',#4518,#4520,#4522,.T.);
#4518 = VERTEX_POINT('',#4519);
#4519 = CARTESIAN_POINT('',(-12.69992329184,-3.570053340107,0.));
#4520 = VERTEX_POINT('',#4521);
#4521 = CARTESIAN_POINT('',(-12.69992329184,-3.570053340107,    0.762001524003));
#4522 = B_SPLINE_CURVE_WITH_KNOTS('',1,(#4523,#4524),.UNSPECIFIED.,.F.,  .F.,(2,2),(0.,0.762001524003),.PIECEWISE_BEZIER_KNOTS.);
#4523 = CARTESIAN_POINT('',(-12.69992329184,-3.570053340107,0.));
#4524 = CARTESIAN_POINT('',(-12.69992329184,-3.570053340107,    0.762001524003));
#4525 = ORIENTED_EDGE('',*,*,#4526,.T.);
#4526 = EDGE_CURVE('',#4518,#4527,#4529,.T.);
#4527 = VERTEX_POINT('',#4528);
#4528 = CARTESIAN_POINT('',(-12.69992329184,3.569951739903,0.));
#4529 = B_SPLINE_CURVE_WITH_KNOTS('',1,(#4530,#4531),.UNSPECIFIED.,.F.,  .F.,(2,2),(0.,0.762001524003),.PIECEWISE_BEZIER_KNOTS.);
#4530 = CARTESIAN_POINT('',(-12.69992329184,-3.570053340107,0.));
#4531 = CARTESIAN_POINT('',(-12.69992329184,3.569951739903,0.));
#4532 = ORIENTED_EDGE('',*,*,#4533,.T.);
#4533 = EDGE_CURVE('',#4527,#4534,#4536,.T.);
#4534 = VERTEX_POINT('',#4535);
#4535 = CARTESIAN_POINT('',(-12.69992329184,3.569951739903,    0.762001524003));
#4536 = B_SPLINE_CURVE_WITH_KNOTS('',1,(#4537,#4538),.UNSPECIFIED.,.F.,  .F.,(2,2),(0.,0.762001524003),.PIECEWISE_BEZIER_KNOTS.);
#4537 = CARTESIAN_POINT('',(-12.69992329184,3.569951739903,0.));
#4538 = CARTESIAN_POINT('',(-12.69992329184,3.569951739903,    0.762001524003));
#4539 = ORIENTED_EDGE('',*,*,#4540,.F.);
#4540 = EDGE_CURVE('',#4520,#4534,#4541,.T.);
#4541 = B_SPLINE_CURVE_WITH_KNOTS('',1,(#4542,#4543),.UNSPECIFIED.,.F.,  .F.,(2,2),(0.,0.762001524003),.PIECEWISE_BEZIER_KNOTS.);
#4542 = CARTESIAN_POINT('',(-12.69992329184,-3.570053340107,    0.762001524003));
#4543 = CARTESIAN_POINT('',(-12.69992329184,3.569951739903,    0.762001524003));
#4544 = B_SPLINE_SURFACE_WITH_KNOTS('',1,1,(    (#4545,#4546)    ,(#4547,#4548    )),.UNSPECIFIED.,.F.,.F.,.F.,(2,2),(2,2),(0.,0.762001524003),(    -0.762001524003,0.),.PIECEWISE_BEZIER_KNOTS.);
#4545 = CARTESIAN_POINT('',(-12.69992329184,3.569951739903,0.));
#4546 = CARTESIAN_POINT('',(-12.69992329184,-3.570053340107,0.));
#4547 = CARTESIAN_POINT('',(-12.69992329184,3.569951739903,    0.762001524003));
#4548 = CARTESIAN_POINT('',(-12.69992329184,-3.570053340107,    0.762001524003));
#4549 = ADVANCED_FACE('',(#4550),#4580,.T.);
#4550 = FACE_BOUND('',#4551,.T.);
#4551 = EDGE_LOOP('',(#4552,#4561,#4568,#4575));
#4552 = ORIENTED_EDGE('',*,*,#4553,.F.);
#4553 = EDGE_CURVE('',#4554,#4556,#4558,.T.);
#4554 = VERTEX_POINT('',#4555);
#4555 = CARTESIAN_POINT('',(12.700075692151,-3.570053340107,0.));
#4556 = VERTEX_POINT('',#4557);
#4557 = CARTESIAN_POINT('',(12.700075692151,-3.570053340107,    0.762001524003));
#4558 = B_SPLINE_CURVE_WITH_KNOTS('',1,(#4559,#4560),.UNSPECIFIED.,.F.,  .F.,(2,2),(0.,0.762001524003),.PIECEWISE_BEZIER_KNOTS.);
#4559 = CARTESIAN_POINT('',(12.700075692151,-3.570053340107,0.));
#4560 = CARTESIAN_POINT('',(12.700075692151,-3.570053340107,    0.762001524003));
#4561 = ORIENTED_EDGE('',*,*,#4562,.T.);
#4562 = EDGE_CURVE('',#4554,#4563,#4565,.T.);
#4563 = VERTEX_POINT('',#4564);
#4564 = CARTESIAN_POINT('',(12.700075692151,3.569951739903,0.));
#4565 = B_SPLINE_CURVE_WITH_KNOTS('',1,(#4566,#4567),.UNSPECIFIED.,.F.,  .F.,(2,2),(0.,0.762001524003),.PIECEWISE_BEZIER_KNOTS.);
#4566 = CARTESIAN_POINT('',(12.700075692151,-3.570053340107,0.));
#4567 = CARTESIAN_POINT('',(12.700075692151,3.569951739903,0.));
#4568 = ORIENTED_EDGE('',*,*,#4569,.T.);
#4569 = EDGE_CURVE('',#4563,#4570,#4572,.T.);
#4570 = VERTEX_POINT('',#4571);
#4571 = CARTESIAN_POINT('',(12.700075692151,3.569951739903,    0.762001524003));
#4572 = B_SPLINE_CURVE_WITH_KNOTS('',1,(#4573,#4574),.UNSPECIFIED.,.F.,  .F.,(2,2),(0.,0.762001524003),.PIECEWISE_BEZIER_KNOTS.);
#4573 = CARTESIAN_POINT('',(12.700075692151,3.569951739903,0.));
#4574 = CARTESIAN_POINT('',(12.700075692151,3.569951739903,    0.762001524003));
#4575 = ORIENTED_EDGE('',*,*,#4576,.F.);
#4576 = EDGE_CURVE('',#4556,#4570,#4577,.T.);
#4577 = B_SPLINE_CURVE_WITH_KNOTS('',1,(#4578,#4579),.UNSPECIFIED.,.F.,  .F.,(2,2),(0.,0.762001524003),.PIECEWISE_BEZIER_KNOTS.);
#4578 = CARTESIAN_POINT('',(12.700075692151,-3.570053340107,    0.762001524003));
#4579 = CARTESIAN_POINT('',(12.700075692151,3.569951739903,    0.762001524003));
#4580 = B_SPLINE_SURFACE_WITH_KNOTS('',1,1,(    (#4581,#4582)    ,(#4583,#4584    )),.UNSPECIFIED.,.F.,.F.,.F.,(2,2),(2,2),(0.,0.762001524003),(    -0.762001524003,0.),.PIECEWISE_BEZIER_KNOTS.);
#4581 = CARTESIAN_POINT('',(12.700075692151,3.569951739903,0.));
#4582 = CARTESIAN_POINT('',(12.700075692151,-3.570053340107,0.));
#4583 = CARTESIAN_POINT('',(12.700075692151,3.569951739903,    0.762001524003));
#4584 = CARTESIAN_POINT('',(12.700075692151,-3.570053340107,    0.762001524003));
#4585 = ADVANCED_FACE('',(#4586),#4600,.F.);
#4586 = FACE_BOUND('',#4587,.F.);
#4587 = EDGE_LOOP('',(#4588,#4593,#4594,#4599));
#4588 = ORIENTED_EDGE('',*,*,#4589,.F.);
#4589 = EDGE_CURVE('',#4518,#4554,#4590,.T.);
#4590 = B_SPLINE_CURVE_WITH_KNOTS('',1,(#4591,#4592),.UNSPECIFIED.,.F.,  .F.,(2,2),(0.,0.762001524003),.PIECEWISE_BEZIER_KNOTS.);
#4591 = CARTESIAN_POINT('',(-12.69992329184,-3.570053340107,0.));
#4592 = CARTESIAN_POINT('',(12.700075692151,-3.570053340107,0.));
#4593 = ORIENTED_EDGE('',*,*,#4517,.T.);
#4594 = ORIENTED_EDGE('',*,*,#4595,.T.);
#4595 = EDGE_CURVE('',#4520,#4556,#4596,.T.);
#4596 = B_SPLINE_CURVE_WITH_KNOTS('',1,(#4597,#4598),.UNSPECIFIED.,.F.,  .F.,(2,2),(0.,0.762001524003),.PIECEWISE_BEZIER_KNOTS.);
#4597 = CARTESIAN_POINT('',(-12.69992329184,-3.570053340107,    0.762001524003));
#4598 = CARTESIAN_POINT('',(12.700075692151,-3.570053340107,    0.762001524003));
#4599 = ORIENTED_EDGE('',*,*,#4553,.F.);
#4600 = B_SPLINE_SURFACE_WITH_KNOTS('',1,1,(    (#4601,#4602)    ,(#4603,#4604    )),.UNSPECIFIED.,.F.,.F.,.F.,(2,2),(2,2),(0.,0.762001524003),(0.,    0.762001524003),.PIECEWISE_BEZIER_KNOTS.);
#4601 = CARTESIAN_POINT('',(-12.69992329184,-3.570053340107,0.));
#4602 = CARTESIAN_POINT('',(12.700075692151,-3.570053340107,0.));
#4603 = CARTESIAN_POINT('',(-12.69992329184,-3.570053340107,    0.762001524003));
#4604 = CARTESIAN_POINT('',(12.700075692151,-3.570053340107,    0.762001524003));
#4605 = ADVANCED_FACE('',(#4606),#4620,.T.);
#4606 = FACE_BOUND('',#4607,.T.);
#4607 = EDGE_LOOP('',(#4608,#4613,#4614,#4619));
#4608 = ORIENTED_EDGE('',*,*,#4609,.F.);
#4609 = EDGE_CURVE('',#4527,#4563,#4610,.T.);
#4610 = B_SPLINE_CURVE_WITH_KNOTS('',1,(#4611,#4612),.UNSPECIFIED.,.F.,  .F.,(2,2),(0.,0.762001524003),.PIECEWISE_BEZIER_KNOTS.);
#4611 = CARTESIAN_POINT('',(-12.69992329184,3.569951739903,0.));
#4612 = CARTESIAN_POINT('',(12.700075692151,3.569951739903,0.));
#4613 = ORIENTED_EDGE('',*,*,#4533,.T.);
#4614 = ORIENTED_EDGE('',*,*,#4615,.T.);
#4615 = EDGE_CURVE('',#4534,#4570,#4616,.T.);
#4616 = B_SPLINE_CURVE_WITH_KNOTS('',1,(#4617,#4618),.UNSPECIFIED.,.F.,  .F.,(2,2),(0.,0.762001524003),.PIECEWISE_BEZIER_KNOTS.);
#4617 = CARTESIAN_POINT('',(-12.69992329184,3.569951739903,    0.762001524003));
#4618 = CARTESIAN_POINT('',(12.700075692151,3.569951739903,    0.762001524003));
#4619 = ORIENTED_EDGE('',*,*,#4569,.F.);
#4620 = B_SPLINE_SURFACE_WITH_KNOTS('',1,1,(    (#4621,#4622)    ,(#4623,#4624    )),.UNSPECIFIED.,.F.,.F.,.F.,(2,2),(2,2),(0.,0.762001524003),(0.,    0.762001524003),.PIECEWISE_BEZIER_KNOTS.);
#4621 = CARTESIAN_POINT('',(-12.69992329184,3.569951739903,0.));
#4622 = CARTESIAN_POINT('',(12.700075692151,3.569951739903,0.));
#4623 = CARTESIAN_POINT('',(-12.69992329184,3.569951739903,    0.762001524003));
#4624 = CARTESIAN_POINT('',(12.700075692151,3.569951739903,    0.762001524003));
#4625 = ADVANCED_FACE('',(#4626),#4632,.F.);
#4626 = FACE_BOUND('',#4627,.F.);
#4627 = EDGE_LOOP('',(#4628,#4629,#4630,#4631));
#4628 = ORIENTED_EDGE('',*,*,#4526,.F.);
#4629 = ORIENTED_EDGE('',*,*,#4589,.T.);
#4630 = ORIENTED_EDGE('',*,*,#4562,.T.);
#4631 = ORIENTED_EDGE('',*,*,#4609,.F.);
#4632 = B_SPLINE_SURFACE_WITH_KNOTS('',1,1,(    (#4633,#4634)    ,(#4635,#4636    )),.UNSPECIFIED.,.F.,.F.,.F.,(2,2),(2,2),(0.,0.762001524003),(0.,    0.762001524003),.PIECEWISE_BEZIER_KNOTS.);
#4633 = CARTESIAN_POINT('',(-12.69992329184,-3.570053340107,0.));
#4634 = CARTESIAN_POINT('',(-12.69992329184,3.569951739903,0.));
#4635 = CARTESIAN_POINT('',(12.700075692151,-3.570053340107,0.));
#4636 = CARTESIAN_POINT('',(12.700075692151,3.569951739903,0.));
#4637 = ADVANCED_FACE('',(#4638),#4644,.T.);
#4638 = FACE_BOUND('',#4639,.T.);
#4639 = EDGE_LOOP('',(#4640,#4641,#4642,#4643));
#4640 = ORIENTED_EDGE('',*,*,#4540,.F.);
#4641 = ORIENTED_EDGE('',*,*,#4595,.T.);
#4642 = ORIENTED_EDGE('',*,*,#4576,.T.);
#4643 = ORIENTED_EDGE('',*,*,#4615,.F.);
#4644 = B_SPLINE_SURFACE_WITH_KNOTS('',1,1,(    (#4645,#4646)    ,(#4647,#4648    )),.UNSPECIFIED.,.F.,.F.,.F.,(2,2),(2,2),(0.,0.762001524003),(0.,    0.762001524003),.PIECEWISE_BEZIER_KNOTS.);
#4645 = CARTESIAN_POINT('',(-12.69992329184,-3.570053340107,    0.762001524003));
#4646 = CARTESIAN_POINT('',(-12.69992329184,3.569951739903,    0.762001524003));
#4647 = CARTESIAN_POINT('',(12.700075692151,-3.570053340107,    0.762001524003));
#4648 = CARTESIAN_POINT('',(12.700075692151,3.569951739903,    0.762001524003));
#4649 = ( GEOMETRIC_REPRESENTATION_CONTEXT(3) GLOBAL_UNCERTAINTY_ASSIGNED_CONTEXT((#4653)) GLOBAL_UNIT_ASSIGNED_CONTEXT((#4650,#4651,#4652)) REPRESENTATION_CONTEXT('Context #1','3D Context with UNIT and UNCERTAINTY') );
#4650 = ( LENGTH_UNIT() NAMED_UNIT(*) SI_UNIT(.MILLI.,.METRE.) );
#4651 = ( NAMED_UNIT(*) PLANE_ANGLE_UNIT() SI_UNIT($,.RADIAN.) );
#4652 = ( NAMED_UNIT(*) SI_UNIT($,.STERADIAN.) SOLID_ANGLE_UNIT() );
#4653 = UNCERTAINTY_MEASURE_WITH_UNIT(LENGTH_MEASURE(2.E-06),#4650,  'distance_accuracy_value','confusion accuracy');
#4654 = CONTEXT_DEPENDENT_SHAPE_REPRESENTATION(#4655,#4657);
#4655 = ( REPRESENTATION_RELATIONSHIP('','',#4510,#4487) REPRESENTATION_RELATIONSHIP_WITH_TRANSFORMATION(#4656) SHAPE_REPRESENTATION_RELATIONSHIP() );
#4656 = ITEM_DEFINED_TRANSFORMATION('','',#11,#4488);
#4657 = PRODUCT_DEFINITION_SHAPE('Placement','Placement of an item',  #4658);
#4658 = NEXT_ASSEMBLY_USAGE_OCCURRENCE('76','=>[0:1:1:52]','',#4482,  #4505,$);
#4659 = PRODUCT_RELATED_PRODUCT_CATEGORY('part',$,(#4507));
#4660 = SHAPE_DEFINITION_REPRESENTATION(#4661,#4667);
#4661 = PRODUCT_DEFINITION_SHAPE('','',#4662);
#4662 = PRODUCT_DEFINITION('design','',#4663,#4666);
#4663 = PRODUCT_DEFINITION_FORMATION('','',#4664);
#4664 = PRODUCT('AMS1117_3.3~SOT-223-3_L6.5-W3.4-P2.30-LS7.0-BR~SOT-223-4P_L6.5-W3.5-H1.6-LS7.0-P2.30~zL8V','AMS1117_3.3~SOT-223-3_L6.5-W3.4-P2.30-LS7.0-BR~SOT-223-4P_L6.5-W3.5-H1.6-LS7.0-P2.30~zL8V','',(#4665));
#4665 = PRODUCT_CONTEXT('',#2,'mechanical');
#4666 = PRODUCT_DEFINITION_CONTEXT('part definition',#2,'design');
#4667 = SHAPE_REPRESENTATION('',(#11,#4668),#4672);
#4668 = AXIS2_PLACEMENT_3D('',#4669,#4670,#4671);
#4669 = CARTESIAN_POINT('',(0.,0.,0.));
#4670 = DIRECTION('',(0.,0.,1.));
#4671 = DIRECTION('',(1.,0.,-0.));
#4672 = ( GEOMETRIC_REPRESENTATION_CONTEXT(3) GLOBAL_UNCERTAINTY_ASSIGNED_CONTEXT((#4676)) GLOBAL_UNIT_ASSIGNED_CONTEXT((#4673,#4674,#4675)) REPRESENTATION_CONTEXT('Context #1','3D Context with UNIT and UNCERTAINTY') );
#4673 = ( LENGTH_UNIT() NAMED_UNIT(*) SI_UNIT(.MILLI.,.METRE.) );
#4674 = ( NAMED_UNIT(*) PLANE_ANGLE_UNIT() SI_UNIT($,.RADIAN.) );
#4675 = ( NAMED_UNIT(*) SI_UNIT($,.STERADIAN.) SOLID_ANGLE_UNIT() );
#4676 = UNCERTAINTY_MEASURE_WITH_UNIT(LENGTH_MEASURE(1.E-06),#4673,  'distance_accuracy_value','confusion accuracy');
#4677 = CONTEXT_DEPENDENT_SHAPE_REPRESENTATION(#4678,#4680);
#4678 = ( REPRESENTATION_RELATIONSHIP('','',#4667,#10) REPRESENTATION_RELATIONSHIP_WITH_TRANSFORMATION(#4679) SHAPE_REPRESENTATION_RELATIONSHIP() );
#4679 = ITEM_DEFINED_TRANSFORMATION('','',#11,#179);
#4680 = PRODUCT_DEFINITION_SHAPE('Placement','Placement of an item',  #4681);
#4681 = NEXT_ASSEMBLY_USAGE_OCCURRENCE('79','=>[0:1:1:55]','',#5,#4662,$  );
#4682 = PRODUCT_RELATED_PRODUCT_CATEGORY('part',$,(#4664));
#4683 = SHAPE_DEFINITION_REPRESENTATION(#4684,#4690);
#4684 = PRODUCT_DEFINITION_SHAPE('','',#4685);
#4685 = PRODUCT_DEFINITION('design','',#4686,#4689);
#4686 = PRODUCT_DEFINITION_FORMATION('','',#4687);
#4687 = PRODUCT('SOT-223-3_L6.5-W3.4-P2.30-LS7.0-BR~SOT-223-4P_L6.5-W3.5-H1.6-LS7.0-P2.30~zL8V','SOT-223-3_L6.5-W3.4-P2.30-LS7.0-BR~SOT-223-4P_L6.5-W3.5-H1.6-LS7.0-P2.30~zL8V','',(#4688));
#4688 = PRODUCT_CONTEXT('',#2,'mechanical');
#4689 = PRODUCT_DEFINITION_CONTEXT('part definition',#2,'design');
#4690 = ADVANCED_BREP_SHAPE_REPRESENTATION('',(#11,#4691),#4829);
#4691 = MANIFOLD_SOLID_BREP('',#4692);
#4692 = CLOSED_SHELL('',(#4693,#4729,#4765,#4785,#4805,#4817));
#4693 = ADVANCED_FACE('',(#4694),#4724,.F.);
#4694 = FACE_BOUND('',#4695,.F.);
#4695 = EDGE_LOOP('',(#4696,#4705,#4712,#4719));
#4696 = ORIENTED_EDGE('',*,*,#4697,.F.);
#4697 = EDGE_CURVE('',#4698,#4700,#4702,.T.);
#4698 = VERTEX_POINT('',#4699);
#4699 = CARTESIAN_POINT('',(3.454672847346,3.249987299975,0.));
#4700 = VERTEX_POINT('',#4701);
#4701 = CARTESIAN_POINT('',(3.454672847346,3.249987299975,0.762001524003    ));
#4702 = B_SPLINE_CURVE_WITH_KNOTS('',1,(#4703,#4704),.UNSPECIFIED.,.F.,  .F.,(2,2),(0.,0.762001524003),.PIECEWISE_BEZIER_KNOTS.);
#4703 = CARTESIAN_POINT('',(3.454672847346,3.249987299975,0.));
#4704 = CARTESIAN_POINT('',(3.454672847346,3.249987299975,0.762001524003    ));
#4705 = ORIENTED_EDGE('',*,*,#4706,.T.);
#4706 = EDGE_CURVE('',#4698,#4707,#4709,.T.);
#4707 = VERTEX_POINT('',#4708);
#4708 = CARTESIAN_POINT('',(3.454672847346,-3.250012700025,0.));
#4709 = B_SPLINE_CURVE_WITH_KNOTS('',1,(#4710,#4711),.UNSPECIFIED.,.F.,  .F.,(2,2),(0.,0.762001524003),.PIECEWISE_BEZIER_KNOTS.);
#4710 = CARTESIAN_POINT('',(3.454672847346,3.249987299975,0.));
#4711 = CARTESIAN_POINT('',(3.454672847346,-3.250012700025,0.));
#4712 = ORIENTED_EDGE('',*,*,#4713,.T.);
#4713 = EDGE_CURVE('',#4707,#4714,#4716,.T.);
#4714 = VERTEX_POINT('',#4715);
#4715 = CARTESIAN_POINT('',(3.454672847346,-3.250012700025,    0.762001524003));
#4716 = B_SPLINE_CURVE_WITH_KNOTS('',1,(#4717,#4718),.UNSPECIFIED.,.F.,  .F.,(2,2),(0.,0.762001524003),.PIECEWISE_BEZIER_KNOTS.);
#4717 = CARTESIAN_POINT('',(3.454672847346,-3.250012700025,0.));
#4718 = CARTESIAN_POINT('',(3.454672847346,-3.250012700025,    0.762001524003));
#4719 = ORIENTED_EDGE('',*,*,#4720,.F.);
#4720 = EDGE_CURVE('',#4700,#4714,#4721,.T.);
#4721 = B_SPLINE_CURVE_WITH_KNOTS('',1,(#4722,#4723),.UNSPECIFIED.,.F.,  .F.,(2,2),(0.,0.762001524003),.PIECEWISE_BEZIER_KNOTS.);
#4722 = CARTESIAN_POINT('',(3.454672847346,3.249987299975,0.762001524003    ));
#4723 = CARTESIAN_POINT('',(3.454672847346,-3.250012700025,    0.762001524003));
#4724 = B_SPLINE_SURFACE_WITH_KNOTS('',1,1,(    (#4725,#4726)    ,(#4727,#4728    )),.UNSPECIFIED.,.F.,.F.,.F.,(2,2),(2,2),(0.,0.762001524003),(    -0.762001524003,0.),.PIECEWISE_BEZIER_KNOTS.);
#4725 = CARTESIAN_POINT('',(3.454672847346,-3.250012700025,0.));
#4726 = CARTESIAN_POINT('',(3.454672847346,3.249987299975,0.));
#4727 = CARTESIAN_POINT('',(3.454672847346,-3.250012700025,    0.762001524003));
#4728 = CARTESIAN_POINT('',(3.454672847346,3.249987299975,0.762001524003    ));
#4729 = ADVANCED_FACE('',(#4730),#4760,.T.);
#4730 = FACE_BOUND('',#4731,.T.);
#4731 = EDGE_LOOP('',(#4732,#4741,#4748,#4755));
#4732 = ORIENTED_EDGE('',*,*,#4733,.F.);
#4733 = EDGE_CURVE('',#4734,#4736,#4738,.T.);
#4734 = VERTEX_POINT('',#4735);
#4735 = CARTESIAN_POINT('',(-3.654749047498,3.249987299975,0.));
#4736 = VERTEX_POINT('',#4737);
#4737 = CARTESIAN_POINT('',(-3.654749047498,3.249987299975,    0.762001524003));
#4738 = B_SPLINE_CURVE_WITH_KNOTS('',1,(#4739,#4740),.UNSPECIFIED.,.F.,  .F.,(2,2),(0.,0.762001524003),.PIECEWISE_BEZIER_KNOTS.);
#4739 = CARTESIAN_POINT('',(-3.654749047498,3.249987299975,0.));
#4740 = CARTESIAN_POINT('',(-3.654749047498,3.249987299975,    0.762001524003));
#4741 = ORIENTED_EDGE('',*,*,#4742,.T.);
#4742 = EDGE_CURVE('',#4734,#4743,#4745,.T.);
#4743 = VERTEX_POINT('',#4744);
#4744 = CARTESIAN_POINT('',(-3.654749047498,-3.250012700025,0.));
#4745 = B_SPLINE_CURVE_WITH_KNOTS('',1,(#4746,#4747),.UNSPECIFIED.,.F.,  .F.,(2,2),(0.,0.762001524003),.PIECEWISE_BEZIER_KNOTS.);
#4746 = CARTESIAN_POINT('',(-3.654749047498,3.249987299975,0.));
#4747 = CARTESIAN_POINT('',(-3.654749047498,-3.250012700025,0.));
#4748 = ORIENTED_EDGE('',*,*,#4749,.T.);
#4749 = EDGE_CURVE('',#4743,#4750,#4752,.T.);
#4750 = VERTEX_POINT('',#4751);
#4751 = CARTESIAN_POINT('',(-3.654749047498,-3.250012700025,    0.762001524003));
#4752 = B_SPLINE_CURVE_WITH_KNOTS('',1,(#4753,#4754),.UNSPECIFIED.,.F.,  .F.,(2,2),(0.,0.762001524003),.PIECEWISE_BEZIER_KNOTS.);
#4753 = CARTESIAN_POINT('',(-3.654749047498,-3.250012700025,0.));
#4754 = CARTESIAN_POINT('',(-3.654749047498,-3.250012700025,    0.762001524003));
#4755 = ORIENTED_EDGE('',*,*,#4756,.F.);
#4756 = EDGE_CURVE('',#4736,#4750,#4757,.T.);
#4757 = B_SPLINE_CURVE_WITH_KNOTS('',1,(#4758,#4759),.UNSPECIFIED.,.F.,  .F.,(2,2),(0.,0.762001524003),.PIECEWISE_BEZIER_KNOTS.);
#4758 = CARTESIAN_POINT('',(-3.654749047498,3.249987299975,    0.762001524003));
#4759 = CARTESIAN_POINT('',(-3.654749047498,-3.250012700025,    0.762001524003));
#4760 = B_SPLINE_SURFACE_WITH_KNOTS('',1,1,(    (#4761,#4762)    ,(#4763,#4764    )),.UNSPECIFIED.,.F.,.F.,.F.,(2,2),(2,2),(0.,0.762001524003),(    -0.762001524003,0.),.PIECEWISE_BEZIER_KNOTS.);
#4761 = CARTESIAN_POINT('',(-3.654749047498,-3.250012700025,0.));
#4762 = CARTESIAN_POINT('',(-3.654749047498,3.249987299975,0.));
#4763 = CARTESIAN_POINT('',(-3.654749047498,-3.250012700025,    0.762001524003));
#4764 = CARTESIAN_POINT('',(-3.654749047498,3.249987299975,    0.762001524003));
#4765 = ADVANCED_FACE('',(#4766),#4780,.F.);
#4766 = FACE_BOUND('',#4767,.F.);
#4767 = EDGE_LOOP('',(#4768,#4773,#4774,#4779));
#4768 = ORIENTED_EDGE('',*,*,#4769,.F.);
#4769 = EDGE_CURVE('',#4698,#4734,#4770,.T.);
#4770 = B_SPLINE_CURVE_WITH_KNOTS('',1,(#4771,#4772),.UNSPECIFIED.,.F.,  .F.,(2,2),(0.,0.762001524003),.PIECEWISE_BEZIER_KNOTS.);
#4771 = CARTESIAN_POINT('',(3.454672847346,3.249987299975,0.));
#4772 = CARTESIAN_POINT('',(-3.654749047498,3.249987299975,0.));
#4773 = ORIENTED_EDGE('',*,*,#4697,.T.);
#4774 = ORIENTED_EDGE('',*,*,#4775,.T.);
#4775 = EDGE_CURVE('',#4700,#4736,#4776,.T.);
#4776 = B_SPLINE_CURVE_WITH_KNOTS('',1,(#4777,#4778),.UNSPECIFIED.,.F.,  .F.,(2,2),(0.,0.762001524003),.PIECEWISE_BEZIER_KNOTS.);
#4777 = CARTESIAN_POINT('',(3.454672847346,3.249987299975,0.762001524003    ));
#4778 = CARTESIAN_POINT('',(-3.654749047498,3.249987299975,    0.762001524003));
#4779 = ORIENTED_EDGE('',*,*,#4733,.F.);
#4780 = B_SPLINE_SURFACE_WITH_KNOTS('',1,1,(    (#4781,#4782)    ,(#4783,#4784    )),.UNSPECIFIED.,.F.,.F.,.F.,(2,2),(2,2),(0.,0.762001524003),(0.,    0.762001524003),.PIECEWISE_BEZIER_KNOTS.);
#4781 = CARTESIAN_POINT('',(3.454672847346,3.249987299975,0.));
#4782 = CARTESIAN_POINT('',(-3.654749047498,3.249987299975,0.));
#4783 = CARTESIAN_POINT('',(3.454672847346,3.249987299975,0.762001524003    ));
#4784 = CARTESIAN_POINT('',(-3.654749047498,3.249987299975,    0.762001524003));
#4785 = ADVANCED_FACE('',(#4786),#4800,.T.);
#4786 = FACE_BOUND('',#4787,.T.);
#4787 = EDGE_LOOP('',(#4788,#4793,#4794,#4799));
#4788 = ORIENTED_EDGE('',*,*,#4789,.F.);
#4789 = EDGE_CURVE('',#4707,#4743,#4790,.T.);
#4790 = B_SPLINE_CURVE_WITH_KNOTS('',1,(#4791,#4792),.UNSPECIFIED.,.F.,  .F.,(2,2),(0.,0.762001524003),.PIECEWISE_BEZIER_KNOTS.);
#4791 = CARTESIAN_POINT('',(3.454672847346,-3.250012700025,0.));
#4792 = CARTESIAN_POINT('',(-3.654749047498,-3.250012700025,0.));
#4793 = ORIENTED_EDGE('',*,*,#4713,.T.);
#4794 = ORIENTED_EDGE('',*,*,#4795,.T.);
#4795 = EDGE_CURVE('',#4714,#4750,#4796,.T.);
#4796 = B_SPLINE_CURVE_WITH_KNOTS('',1,(#4797,#4798),.UNSPECIFIED.,.F.,  .F.,(2,2),(0.,0.762001524003),.PIECEWISE_BEZIER_KNOTS.);
#4797 = CARTESIAN_POINT('',(3.454672847346,-3.250012700025,    0.762001524003));
#4798 = CARTESIAN_POINT('',(-3.654749047498,-3.250012700025,    0.762001524003));
#4799 = ORIENTED_EDGE('',*,*,#4749,.F.);
#4800 = B_SPLINE_SURFACE_WITH_KNOTS('',1,1,(    (#4801,#4802)    ,(#4803,#4804    )),.UNSPECIFIED.,.F.,.F.,.F.,(2,2),(2,2),(0.,0.762001524003),(0.,    0.762001524003),.PIECEWISE_BEZIER_KNOTS.);
#4801 = CARTESIAN_POINT('',(3.454672847346,-3.250012700025,0.));
#4802 = CARTESIAN_POINT('',(-3.654749047498,-3.250012700025,0.));
#4803 = CARTESIAN_POINT('',(3.454672847346,-3.250012700025,    0.762001524003));
#4804 = CARTESIAN_POINT('',(-3.654749047498,-3.250012700025,    0.762001524003));
#4805 = ADVANCED_FACE('',(#4806),#4812,.F.);
#4806 = FACE_BOUND('',#4807,.F.);
#4807 = EDGE_LOOP('',(#4808,#4809,#4810,#4811));
#4808 = ORIENTED_EDGE('',*,*,#4706,.F.);
#4809 = ORIENTED_EDGE('',*,*,#4769,.T.);
#4810 = ORIENTED_EDGE('',*,*,#4742,.T.);
#4811 = ORIENTED_EDGE('',*,*,#4789,.F.);
#4812 = B_SPLINE_SURFACE_WITH_KNOTS('',1,1,(    (#4813,#4814)    ,(#4815,#4816    )),.UNSPECIFIED.,.F.,.F.,.F.,(2,2),(2,2),(0.,0.762001524003),(0.,    0.762001524003),.PIECEWISE_BEZIER_KNOTS.);
#4813 = CARTESIAN_POINT('',(3.454672847346,3.249987299975,0.));
#4814 = CARTESIAN_POINT('',(3.454672847346,-3.250012700025,0.));
#4815 = CARTESIAN_POINT('',(-3.654749047498,3.249987299975,0.));
#4816 = CARTESIAN_POINT('',(-3.654749047498,-3.250012700025,0.));
#4817 = ADVANCED_FACE('',(#4818),#4824,.T.);
#4818 = FACE_BOUND('',#4819,.T.);
#4819 = EDGE_LOOP('',(#4820,#4821,#4822,#4823));
#4820 = ORIENTED_EDGE('',*,*,#4720,.F.);
#4821 = ORIENTED_EDGE('',*,*,#4775,.T.);
#4822 = ORIENTED_EDGE('',*,*,#4756,.T.);
#4823 = ORIENTED_EDGE('',*,*,#4795,.F.);
#4824 = B_SPLINE_SURFACE_WITH_KNOTS('',1,1,(    (#4825,#4826)    ,(#4827,#4828    )),.UNSPECIFIED.,.F.,.F.,.F.,(2,2),(2,2),(0.,0.762001524003),(0.,    0.762001524003),.PIECEWISE_BEZIER_KNOTS.);
#4825 = CARTESIAN_POINT('',(3.454672847346,3.249987299975,0.762001524003    ));
#4826 = CARTESIAN_POINT('',(3.454672847346,-3.250012700025,    0.762001524003));
#4827 = CARTESIAN_POINT('',(-3.654749047498,3.249987299975,    0.762001524003));
#4828 = CARTESIAN_POINT('',(-3.654749047498,-3.250012700025,    0.762001524003));
#4829 = ( GEOMETRIC_REPRESENTATION_CONTEXT(3) GLOBAL_UNCERTAINTY_ASSIGNED_CONTEXT((#4833)) GLOBAL_UNIT_ASSIGNED_CONTEXT((#4830,#4831,#4832)) REPRESENTATION_CONTEXT('Context #1','3D Context with UNIT and UNCERTAINTY') );
#4830 = ( LENGTH_UNIT() NAMED_UNIT(*) SI_UNIT(.MILLI.,.METRE.) );
#4831 = ( NAMED_UNIT(*) PLANE_ANGLE_UNIT() SI_UNIT($,.RADIAN.) );
#4832 = ( NAMED_UNIT(*) SI_UNIT($,.STERADIAN.) SOLID_ANGLE_UNIT() );
#4833 = UNCERTAINTY_MEASURE_WITH_UNIT(LENGTH_MEASURE(1.E-06),#4830,  'distance_accuracy_value','confusion accuracy');
#4834 = CONTEXT_DEPENDENT_SHAPE_REPRESENTATION(#4835,#4837);
#4835 = ( REPRESENTATION_RELATIONSHIP('','',#4690,#4667) REPRESENTATION_RELATIONSHIP_WITH_TRANSFORMATION(#4836) SHAPE_REPRESENTATION_RELATIONSHIP() );
#4836 = ITEM_DEFINED_TRANSFORMATION('','',#11,#4668);
#4837 = PRODUCT_DEFINITION_SHAPE('Placement','Placement of an item',  #4838);
#4838 = NEXT_ASSEMBLY_USAGE_OCCURRENCE('78','=>[0:1:1:54]','',#4662,  #4685,$);
#4839 = PRODUCT_RELATED_PRODUCT_CATEGORY('part',$,(#4687));
#4840 = MECHANICAL_DESIGN_GEOMETRIC_PRESENTATION_REPRESENTATION('',(    #4841,#4851,#4859,#4866,#4873,#4880,#4887,#4894,#4901,#4908,#4915,    #4922,#4929,#4936,#4943,#4950,#4957,#4964,#4971,#4978,#4985,#4992,    #4999,#5006,#5013,#5020,#5027,#5034,#5041,#5048,#5055,#5062,#5069,    #5076,#5083,#5090,#5097,#5104,#5111,#5118,#5125,#5132,#5139,#5146,    #5153,#5160,#5167),#1893);
#4841 = STYLED_ITEM('color',(#4842),#197);
#4842 = PRESENTATION_STYLE_ASSIGNMENT((#4843,#4849));
#4843 = SURFACE_STYLE_USAGE(.BOTH.,#4844);
#4844 = SURFACE_SIDE_STYLE('',(#4845));
#4845 = SURFACE_STYLE_FILL_AREA(#4846);
#4846 = FILL_AREA_STYLE('',(#4847));
#4847 = FILL_AREA_STYLE_COLOUR('',#4848);
#4848 = COLOUR_RGB('',0.206895373913,0.417002959305,0.619000406538);
#4849 = CURVE_STYLE('',#4850,POSITIVE_LENGTH_MEASURE(0.1),#4848);
#4850 = DRAUGHTING_PRE_DEFINED_CURVE_FONT('continuous');
#4851 = OVER_RIDING_STYLED_ITEM('overriding color',(#4852),#199,#4841);
#4852 = PRESENTATION_STYLE_ASSIGNMENT((#4853));
#4853 = SURFACE_STYLE_USAGE(.BOTH.,#4854);
#4854 = SURFACE_SIDE_STYLE('',(#4855));
#4855 = SURFACE_STYLE_FILL_AREA(#4856);
#4856 = FILL_AREA_STYLE('',(#4857));
#4857 = FILL_AREA_STYLE_COLOUR('',#4858);
#4858 = COLOUR_RGB('',0.937179583391,0.9357410338,0.649182888601);
#4859 = OVER_RIDING_STYLED_ITEM('overriding color',(#4860),#239,#4841);
#4860 = PRESENTATION_STYLE_ASSIGNMENT((#4861));
#4861 = SURFACE_STYLE_USAGE(.BOTH.,#4862);
#4862 = SURFACE_SIDE_STYLE('',(#4863));
#4863 = SURFACE_STYLE_FILL_AREA(#4864);
#4864 = FILL_AREA_STYLE('',(#4865));
#4865 = FILL_AREA_STYLE_COLOUR('',#4858);
#4866 = OVER_RIDING_STYLED_ITEM('overriding color',(#4867),#272,#4841);
#4867 = PRESENTATION_STYLE_ASSIGNMENT((#4868));
#4868 = SURFACE_STYLE_USAGE(.BOTH.,#4869);
#4869 = SURFACE_SIDE_STYLE('',(#4870));
#4870 = SURFACE_STYLE_FILL_AREA(#4871);
#4871 = FILL_AREA_STYLE('',(#4872));
#4872 = FILL_AREA_STYLE_COLOUR('',#4858);
#4873 = OVER_RIDING_STYLED_ITEM('overriding color',(#4874),#303,#4841);
#4874 = PRESENTATION_STYLE_ASSIGNMENT((#4875));
#4875 = SURFACE_STYLE_USAGE(.BOTH.,#4876);
#4876 = SURFACE_SIDE_STYLE('',(#4877));
#4877 = SURFACE_STYLE_FILL_AREA(#4878);
#4878 = FILL_AREA_STYLE('',(#4879));
#4879 = FILL_AREA_STYLE_COLOUR('',#4858);
#4880 = OVER_RIDING_STYLED_ITEM('overriding color',(#4881),#336,#4841);
#4881 = PRESENTATION_STYLE_ASSIGNMENT((#4882));
#4882 = SURFACE_STYLE_USAGE(.BOTH.,#4883);
#4883 = SURFACE_SIDE_STYLE('',(#4884));
#4884 = SURFACE_STYLE_FILL_AREA(#4885);
#4885 = FILL_AREA_STYLE('',(#4886));
#4886 = FILL_AREA_STYLE_COLOUR('',#4858);
#4887 = OVER_RIDING_STYLED_ITEM('overriding color',(#4888),#367,#4841);
#4888 = PRESENTATION_STYLE_ASSIGNMENT((#4889));
#4889 = SURFACE_STYLE_USAGE(.BOTH.,#4890);
#4890 = SURFACE_SIDE_STYLE('',(#4891));
#4891 = SURFACE_STYLE_FILL_AREA(#4892);
#4892 = FILL_AREA_STYLE('',(#4893));
#4893 = FILL_AREA_STYLE_COLOUR('',#4858);
#4894 = OVER_RIDING_STYLED_ITEM('overriding color',(#4895),#400,#4841);
#4895 = PRESENTATION_STYLE_ASSIGNMENT((#4896));
#4896 = SURFACE_STYLE_USAGE(.BOTH.,#4897);
#4897 = SURFACE_SIDE_STYLE('',(#4898));
#4898 = SURFACE_STYLE_FILL_AREA(#4899);
#4899 = FILL_AREA_STYLE('',(#4900));
#4900 = FILL_AREA_STYLE_COLOUR('',#4858);
#4901 = OVER_RIDING_STYLED_ITEM('overriding color',(#4902),#431,#4841);
#4902 = PRESENTATION_STYLE_ASSIGNMENT((#4903));
#4903 = SURFACE_STYLE_USAGE(.BOTH.,#4904);
#4904 = SURFACE_SIDE_STYLE('',(#4905));
#4905 = SURFACE_STYLE_FILL_AREA(#4906);
#4906 = FILL_AREA_STYLE('',(#4907));
#4907 = FILL_AREA_STYLE_COLOUR('',#4858);
#4908 = OVER_RIDING_STYLED_ITEM('overriding color',(#4909),#455,#4841);
#4909 = PRESENTATION_STYLE_ASSIGNMENT((#4910));
#4910 = SURFACE_STYLE_USAGE(.BOTH.,#4911);
#4911 = SURFACE_SIDE_STYLE('',(#4912));
#4912 = SURFACE_STYLE_FILL_AREA(#4913);
#4913 = FILL_AREA_STYLE('',(#4914));
#4914 = FILL_AREA_STYLE_COLOUR('',#4858);
#4915 = OVER_RIDING_STYLED_ITEM('overriding color',(#4916),#497,#4841);
#4916 = PRESENTATION_STYLE_ASSIGNMENT((#4917));
#4917 = SURFACE_STYLE_USAGE(.BOTH.,#4918);
#4918 = SURFACE_SIDE_STYLE('',(#4919));
#4919 = SURFACE_STYLE_FILL_AREA(#4920);
#4920 = FILL_AREA_STYLE('',(#4921));
#4921 = FILL_AREA_STYLE_COLOUR('',#4858);
#4922 = OVER_RIDING_STYLED_ITEM('overriding color',(#4923),#521,#4841);
#4923 = PRESENTATION_STYLE_ASSIGNMENT((#4924));
#4924 = SURFACE_STYLE_USAGE(.BOTH.,#4925);
#4925 = SURFACE_SIDE_STYLE('',(#4926));
#4926 = SURFACE_STYLE_FILL_AREA(#4927);
#4927 = FILL_AREA_STYLE('',(#4928));
#4928 = FILL_AREA_STYLE_COLOUR('',#4858);
#4929 = OVER_RIDING_STYLED_ITEM('overriding color',(#4930),#563,#4841);
#4930 = PRESENTATION_STYLE_ASSIGNMENT((#4931));
#4931 = SURFACE_STYLE_USAGE(.BOTH.,#4932);
#4932 = SURFACE_SIDE_STYLE('',(#4933));
#4933 = SURFACE_STYLE_FILL_AREA(#4934);
#4934 = FILL_AREA_STYLE('',(#4935));
#4935 = FILL_AREA_STYLE_COLOUR('',#4858);
#4936 = OVER_RIDING_STYLED_ITEM('overriding color',(#4937),#587,#4841);
#4937 = PRESENTATION_STYLE_ASSIGNMENT((#4938));
#4938 = SURFACE_STYLE_USAGE(.BOTH.,#4939);
#4939 = SURFACE_SIDE_STYLE('',(#4940));
#4940 = SURFACE_STYLE_FILL_AREA(#4941);
#4941 = FILL_AREA_STYLE('',(#4942));
#4942 = FILL_AREA_STYLE_COLOUR('',#4858);
#4943 = OVER_RIDING_STYLED_ITEM('overriding color',(#4944),#629,#4841);
#4944 = PRESENTATION_STYLE_ASSIGNMENT((#4945));
#4945 = SURFACE_STYLE_USAGE(.BOTH.,#4946);
#4946 = SURFACE_SIDE_STYLE('',(#4947));
#4947 = SURFACE_STYLE_FILL_AREA(#4948);
#4948 = FILL_AREA_STYLE('',(#4949));
#4949 = FILL_AREA_STYLE_COLOUR('',#4858);
#4950 = OVER_RIDING_STYLED_ITEM('overriding color',(#4951),#653,#4841);
#4951 = PRESENTATION_STYLE_ASSIGNMENT((#4952));
#4952 = SURFACE_STYLE_USAGE(.BOTH.,#4953);
#4953 = SURFACE_SIDE_STYLE('',(#4954));
#4954 = SURFACE_STYLE_FILL_AREA(#4955);
#4955 = FILL_AREA_STYLE('',(#4956));
#4956 = FILL_AREA_STYLE_COLOUR('',#4858);
#4957 = OVER_RIDING_STYLED_ITEM('overriding color',(#4958),#695,#4841);
#4958 = PRESENTATION_STYLE_ASSIGNMENT((#4959));
#4959 = SURFACE_STYLE_USAGE(.BOTH.,#4960);
#4960 = SURFACE_SIDE_STYLE('',(#4961));
#4961 = SURFACE_STYLE_FILL_AREA(#4962);
#4962 = FILL_AREA_STYLE('',(#4963));
#4963 = FILL_AREA_STYLE_COLOUR('',#4858);
#4964 = OVER_RIDING_STYLED_ITEM('overriding color',(#4965),#719,#4841);
#4965 = PRESENTATION_STYLE_ASSIGNMENT((#4966));
#4966 = SURFACE_STYLE_USAGE(.BOTH.,#4967);
#4967 = SURFACE_SIDE_STYLE('',(#4968));
#4968 = SURFACE_STYLE_FILL_AREA(#4969);
#4969 = FILL_AREA_STYLE('',(#4970));
#4970 = FILL_AREA_STYLE_COLOUR('',#4858);
#4971 = OVER_RIDING_STYLED_ITEM('overriding color',(#4972),#761,#4841);
#4972 = PRESENTATION_STYLE_ASSIGNMENT((#4973));
#4973 = SURFACE_STYLE_USAGE(.BOTH.,#4974);
#4974 = SURFACE_SIDE_STYLE('',(#4975));
#4975 = SURFACE_STYLE_FILL_AREA(#4976);
#4976 = FILL_AREA_STYLE('',(#4977));
#4977 = FILL_AREA_STYLE_COLOUR('',#4858);
#4978 = OVER_RIDING_STYLED_ITEM('overriding color',(#4979),#785,#4841);
#4979 = PRESENTATION_STYLE_ASSIGNMENT((#4980));
#4980 = SURFACE_STYLE_USAGE(.BOTH.,#4981);
#4981 = SURFACE_SIDE_STYLE('',(#4982));
#4982 = SURFACE_STYLE_FILL_AREA(#4983);
#4983 = FILL_AREA_STYLE('',(#4984));
#4984 = FILL_AREA_STYLE_COLOUR('',#4858);
#4985 = OVER_RIDING_STYLED_ITEM('overriding color',(#4986),#827,#4841);
#4986 = PRESENTATION_STYLE_ASSIGNMENT((#4987));
#4987 = SURFACE_STYLE_USAGE(.BOTH.,#4988);
#4988 = SURFACE_SIDE_STYLE('',(#4989));
#4989 = SURFACE_STYLE_FILL_AREA(#4990);
#4990 = FILL_AREA_STYLE('',(#4991));
#4991 = FILL_AREA_STYLE_COLOUR('',#4858);
#4992 = OVER_RIDING_STYLED_ITEM('overriding color',(#4993),#851,#4841);
#4993 = PRESENTATION_STYLE_ASSIGNMENT((#4994));
#4994 = SURFACE_STYLE_USAGE(.BOTH.,#4995);
#4995 = SURFACE_SIDE_STYLE('',(#4996));
#4996 = SURFACE_STYLE_FILL_AREA(#4997);
#4997 = FILL_AREA_STYLE('',(#4998));
#4998 = FILL_AREA_STYLE_COLOUR('',#4858);
#4999 = OVER_RIDING_STYLED_ITEM('overriding color',(#5000),#893,#4841);
#5000 = PRESENTATION_STYLE_ASSIGNMENT((#5001));
#5001 = SURFACE_STYLE_USAGE(.BOTH.,#5002);
#5002 = SURFACE_SIDE_STYLE('',(#5003));
#5003 = SURFACE_STYLE_FILL_AREA(#5004);
#5004 = FILL_AREA_STYLE('',(#5005));
#5005 = FILL_AREA_STYLE_COLOUR('',#4858);
#5006 = OVER_RIDING_STYLED_ITEM('overriding color',(#5007),#917,#4841);
#5007 = PRESENTATION_STYLE_ASSIGNMENT((#5008));
#5008 = SURFACE_STYLE_USAGE(.BOTH.,#5009);
#5009 = SURFACE_SIDE_STYLE('',(#5010));
#5010 = SURFACE_STYLE_FILL_AREA(#5011);
#5011 = FILL_AREA_STYLE('',(#5012));
#5012 = FILL_AREA_STYLE_COLOUR('',#4858);
#5013 = OVER_RIDING_STYLED_ITEM('overriding color',(#5014),#959,#4841);
#5014 = PRESENTATION_STYLE_ASSIGNMENT((#5015));
#5015 = SURFACE_STYLE_USAGE(.BOTH.,#5016);
#5016 = SURFACE_SIDE_STYLE('',(#5017));
#5017 = SURFACE_STYLE_FILL_AREA(#5018);
#5018 = FILL_AREA_STYLE('',(#5019));
#5019 = FILL_AREA_STYLE_COLOUR('',#4858);
#5020 = OVER_RIDING_STYLED_ITEM('overriding color',(#5021),#983,#4841);
#5021 = PRESENTATION_STYLE_ASSIGNMENT((#5022));
#5022 = SURFACE_STYLE_USAGE(.BOTH.,#5023);
#5023 = SURFACE_SIDE_STYLE('',(#5024));
#5024 = SURFACE_STYLE_FILL_AREA(#5025);
#5025 = FILL_AREA_STYLE('',(#5026));
#5026 = FILL_AREA_STYLE_COLOUR('',#4858);
#5027 = OVER_RIDING_STYLED_ITEM('overriding color',(#5028),#1025,#4841);
#5028 = PRESENTATION_STYLE_ASSIGNMENT((#5029));
#5029 = SURFACE_STYLE_USAGE(.BOTH.,#5030);
#5030 = SURFACE_SIDE_STYLE('',(#5031));
#5031 = SURFACE_STYLE_FILL_AREA(#5032);
#5032 = FILL_AREA_STYLE('',(#5033));
#5033 = FILL_AREA_STYLE_COLOUR('',#4858);
#5034 = OVER_RIDING_STYLED_ITEM('overriding color',(#5035),#1049,#4841);
#5035 = PRESENTATION_STYLE_ASSIGNMENT((#5036));
#5036 = SURFACE_STYLE_USAGE(.BOTH.,#5037);
#5037 = SURFACE_SIDE_STYLE('',(#5038));
#5038 = SURFACE_STYLE_FILL_AREA(#5039);
#5039 = FILL_AREA_STYLE('',(#5040));
#5040 = FILL_AREA_STYLE_COLOUR('',#4858);
#5041 = OVER_RIDING_STYLED_ITEM('overriding color',(#5042),#1091,#4841);
#5042 = PRESENTATION_STYLE_ASSIGNMENT((#5043));
#5043 = SURFACE_STYLE_USAGE(.BOTH.,#5044);
#5044 = SURFACE_SIDE_STYLE('',(#5045));
#5045 = SURFACE_STYLE_FILL_AREA(#5046);
#5046 = FILL_AREA_STYLE('',(#5047));
#5047 = FILL_AREA_STYLE_COLOUR('',#4858);
#5048 = OVER_RIDING_STYLED_ITEM('overriding color',(#5049),#1115,#4841);
#5049 = PRESENTATION_STYLE_ASSIGNMENT((#5050));
#5050 = SURFACE_STYLE_USAGE(.BOTH.,#5051);
#5051 = SURFACE_SIDE_STYLE('',(#5052));
#5052 = SURFACE_STYLE_FILL_AREA(#5053);
#5053 = FILL_AREA_STYLE('',(#5054));
#5054 = FILL_AREA_STYLE_COLOUR('',#4858);
#5055 = OVER_RIDING_STYLED_ITEM('overriding color',(#5056),#1157,#4841);
#5056 = PRESENTATION_STYLE_ASSIGNMENT((#5057));
#5057 = SURFACE_STYLE_USAGE(.BOTH.,#5058);
#5058 = SURFACE_SIDE_STYLE('',(#5059));
#5059 = SURFACE_STYLE_FILL_AREA(#5060);
#5060 = FILL_AREA_STYLE('',(#5061));
#5061 = FILL_AREA_STYLE_COLOUR('',#4858);
#5062 = OVER_RIDING_STYLED_ITEM('overriding color',(#5063),#1181,#4841);
#5063 = PRESENTATION_STYLE_ASSIGNMENT((#5064));
#5064 = SURFACE_STYLE_USAGE(.BOTH.,#5065);
#5065 = SURFACE_SIDE_STYLE('',(#5066));
#5066 = SURFACE_STYLE_FILL_AREA(#5067);
#5067 = FILL_AREA_STYLE('',(#5068));
#5068 = FILL_AREA_STYLE_COLOUR('',#4858);
#5069 = OVER_RIDING_STYLED_ITEM('overriding color',(#5070),#1223,#4841);
#5070 = PRESENTATION_STYLE_ASSIGNMENT((#5071));
#5071 = SURFACE_STYLE_USAGE(.BOTH.,#5072);
#5072 = SURFACE_SIDE_STYLE('',(#5073));
#5073 = SURFACE_STYLE_FILL_AREA(#5074);
#5074 = FILL_AREA_STYLE('',(#5075));
#5075 = FILL_AREA_STYLE_COLOUR('',#4858);
#5076 = OVER_RIDING_STYLED_ITEM('overriding color',(#5077),#1247,#4841);
#5077 = PRESENTATION_STYLE_ASSIGNMENT((#5078));
#5078 = SURFACE_STYLE_USAGE(.BOTH.,#5079);
#5079 = SURFACE_SIDE_STYLE('',(#5080));
#5080 = SURFACE_STYLE_FILL_AREA(#5081);
#5081 = FILL_AREA_STYLE('',(#5082));
#5082 = FILL_AREA_STYLE_COLOUR('',#4858);
#5083 = OVER_RIDING_STYLED_ITEM('overriding color',(#5084),#1289,#4841);
#5084 = PRESENTATION_STYLE_ASSIGNMENT((#5085));
#5085 = SURFACE_STYLE_USAGE(.BOTH.,#5086);
#5086 = SURFACE_SIDE_STYLE('',(#5087));
#5087 = SURFACE_STYLE_FILL_AREA(#5088);
#5088 = FILL_AREA_STYLE('',(#5089));
#5089 = FILL_AREA_STYLE_COLOUR('',#4858);
#5090 = OVER_RIDING_STYLED_ITEM('overriding color',(#5091),#1313,#4841);
#5091 = PRESENTATION_STYLE_ASSIGNMENT((#5092));
#5092 = SURFACE_STYLE_USAGE(.BOTH.,#5093);
#5093 = SURFACE_SIDE_STYLE('',(#5094));
#5094 = SURFACE_STYLE_FILL_AREA(#5095);
#5095 = FILL_AREA_STYLE('',(#5096));
#5096 = FILL_AREA_STYLE_COLOUR('',#4858);
#5097 = OVER_RIDING_STYLED_ITEM('overriding color',(#5098),#1355,#4841);
#5098 = PRESENTATION_STYLE_ASSIGNMENT((#5099));
#5099 = SURFACE_STYLE_USAGE(.BOTH.,#5100);
#5100 = SURFACE_SIDE_STYLE('',(#5101));
#5101 = SURFACE_STYLE_FILL_AREA(#5102);
#5102 = FILL_AREA_STYLE('',(#5103));
#5103 = FILL_AREA_STYLE_COLOUR('',#4858);
#5104 = OVER_RIDING_STYLED_ITEM('overriding color',(#5105),#1379,#4841);
#5105 = PRESENTATION_STYLE_ASSIGNMENT((#5106));
#5106 = SURFACE_STYLE_USAGE(.BOTH.,#5107);
#5107 = SURFACE_SIDE_STYLE('',(#5108));
#5108 = SURFACE_STYLE_FILL_AREA(#5109);
#5109 = FILL_AREA_STYLE('',(#5110));
#5110 = FILL_AREA_STYLE_COLOUR('',#4858);
#5111 = OVER_RIDING_STYLED_ITEM('overriding color',(#5112),#1421,#4841);
#5112 = PRESENTATION_STYLE_ASSIGNMENT((#5113));
#5113 = SURFACE_STYLE_USAGE(.BOTH.,#5114);
#5114 = SURFACE_SIDE_STYLE('',(#5115));
#5115 = SURFACE_STYLE_FILL_AREA(#5116);
#5116 = FILL_AREA_STYLE('',(#5117));
#5117 = FILL_AREA_STYLE_COLOUR('',#4858);
#5118 = OVER_RIDING_STYLED_ITEM('overriding color',(#5119),#1445,#4841);
#5119 = PRESENTATION_STYLE_ASSIGNMENT((#5120));
#5120 = SURFACE_STYLE_USAGE(.BOTH.,#5121);
#5121 = SURFACE_SIDE_STYLE('',(#5122));
#5122 = SURFACE_STYLE_FILL_AREA(#5123);
#5123 = FILL_AREA_STYLE('',(#5124));
#5124 = FILL_AREA_STYLE_COLOUR('',#4858);
#5125 = OVER_RIDING_STYLED_ITEM('overriding color',(#5126),#1487,#4841);
#5126 = PRESENTATION_STYLE_ASSIGNMENT((#5127));
#5127 = SURFACE_STYLE_USAGE(.BOTH.,#5128);
#5128 = SURFACE_SIDE_STYLE('',(#5129));
#5129 = SURFACE_STYLE_FILL_AREA(#5130);
#5130 = FILL_AREA_STYLE('',(#5131));
#5131 = FILL_AREA_STYLE_COLOUR('',#4858);
#5132 = OVER_RIDING_STYLED_ITEM('overriding color',(#5133),#1511,#4841);
#5133 = PRESENTATION_STYLE_ASSIGNMENT((#5134));
#5134 = SURFACE_STYLE_USAGE(.BOTH.,#5135);
#5135 = SURFACE_SIDE_STYLE('',(#5136));
#5136 = SURFACE_STYLE_FILL_AREA(#5137);
#5137 = FILL_AREA_STYLE('',(#5138));
#5138 = FILL_AREA_STYLE_COLOUR('',#4858);
#5139 = OVER_RIDING_STYLED_ITEM('overriding color',(#5140),#1553,#4841);
#5140 = PRESENTATION_STYLE_ASSIGNMENT((#5141));
#5141 = SURFACE_STYLE_USAGE(.BOTH.,#5142);
#5142 = SURFACE_SIDE_STYLE('',(#5143));
#5143 = SURFACE_STYLE_FILL_AREA(#5144);
#5144 = FILL_AREA_STYLE('',(#5145));
#5145 = FILL_AREA_STYLE_COLOUR('',#4858);
#5146 = OVER_RIDING_STYLED_ITEM('overriding color',(#5147),#1577,#4841);
#5147 = PRESENTATION_STYLE_ASSIGNMENT((#5148));
#5148 = SURFACE_STYLE_USAGE(.BOTH.,#5149);
#5149 = SURFACE_SIDE_STYLE('',(#5150));
#5150 = SURFACE_STYLE_FILL_AREA(#5151);
#5151 = FILL_AREA_STYLE('',(#5152));
#5152 = FILL_AREA_STYLE_COLOUR('',#4858);
#5153 = OVER_RIDING_STYLED_ITEM('overriding color',(#5154),#1619,#4841);
#5154 = PRESENTATION_STYLE_ASSIGNMENT((#5155));
#5155 = SURFACE_STYLE_USAGE(.BOTH.,#5156);
#5156 = SURFACE_SIDE_STYLE('',(#5157));
#5157 = SURFACE_STYLE_FILL_AREA(#5158);
#5158 = FILL_AREA_STYLE('',(#5159));
#5159 = FILL_AREA_STYLE_COLOUR('',#4858);
#5160 = OVER_RIDING_STYLED_ITEM('overriding color',(#5161),#1643,#4841);
#5161 = PRESENTATION_STYLE_ASSIGNMENT((#5162));
#5162 = SURFACE_STYLE_USAGE(.BOTH.,#5163);
#5163 = SURFACE_SIDE_STYLE('',(#5164));
#5164 = SURFACE_STYLE_FILL_AREA(#5165);
#5165 = FILL_AREA_STYLE('',(#5166));
#5166 = FILL_AREA_STYLE_COLOUR('',#4858);
#5167 = OVER_RIDING_STYLED_ITEM('overriding color',(#5168),#1685,#4841);
#5168 = PRESENTATION_STYLE_ASSIGNMENT((#5169));
#5169 = SURFACE_STYLE_USAGE(.BOTH.,#5170);
#5170 = SURFACE_SIDE_STYLE('',(#5171));
#5171 = SURFACE_STYLE_FILL_AREA(#5172);
#5172 = FILL_AREA_STYLE('',(#5173));
#5173 = FILL_AREA_STYLE_COLOUR('',#4858);


ENDSEC;
END-ISO-10303-21;