ISO-10303-21;
HEADER;
FILE_DESCRIPTION(('Designed by EasyEDA Pro'),'2;1');
FILE_NAME('Open CASCADE Shape Model','2026-08-17T18:01:34',('Author'),(
    'Open CASCADE'),'Open CASCADE STEP processor 7.8','Open CASCADE 7.8'
  ,'Unknown');
FILE_SCHEMA(('AUTOMOTIVE_DESIGN { 1 0 10303 214 1 1 1 1 }'));
ENDSEC;
DATA;

#1 = APPLICATION_PROTOCOL_DEFINITION('international standard',  'automotive_design',2000,#2);
#2 = APPLICATION_CONTEXT(  'core data for automotive mechanical design processes');
#3 = SHAPE_DEFINITION_REPRESENTATION(#4,#10);
#4 = PRODUCT_DEFINITION_SHAPE('','',#5);
#5 = PRODUCT_DEFINITION('design','',#6,#9);
#6 = PRODUCT_DEFINITION_FORMATION('','',#7);
#7 = PRODUCT('EasyEDA PCB Model~DVN9','EasyEDA PCB Model~DVN9','',(#8));
#8 = PRODUCT_CONTEXT('',#2,'mechanical');
#9 = PRODUCT_DEFINITION_CONTEXT('part definition',#2,'design');
#10=SHAPE_REPRESENTATION('',(#11,#15,#19,#23,#27,#31,#35,#39,#43,#47,#51,#55,#59,#63),#67);
#11 = AXIS2_PLACEMENT_3D('',#12,#13,#14);
#12 = CARTESIAN_POINT('',(0.,0.,0.));
#13 = DIRECTION('',(0.,0.,1.));
#14 = DIRECTION('',(1.,0.,-0.));
#15 = AXIS2_PLACEMENT_3D('',#16,#17,#18);
#16 = CARTESIAN_POINT('',(0.,0.,0.));
#17 = DIRECTION('',(0.,0.,1.));
#18 = DIRECTION('',(1.,0.,-0.));
#19 = AXIS2_PLACEMENT_3D('',#20,#21,#22);
#20 = CARTESIAN_POINT('',(0.,0.,2.640073660147));
#21 = DIRECTION('',(0.,0.,1.));
#22 = DIRECTION('',(1.,0.,-0.));
#23 = AXIS2_PLACEMENT_3D('',#24,#25,#26);
#24 = CARTESIAN_POINT('',(0.,0.,-1.E-02));
#25 = DIRECTION('',(0.,0.,1.));
#26 = DIRECTION('',(1.,0.,-0.));
#27 = AXIS2_PLACEMENT_3D('',#28,#29,#30);
#28 = CARTESIAN_POINT('',(0.,0.,0.));
#29 = DIRECTION('',(0.,0.,1.));
#30 = DIRECTION('',(1.,0.,-0.));
#31 = AXIS2_PLACEMENT_3D('',#32,#33,#34);
#32 = CARTESIAN_POINT('',(0.,0.,0.));
#33 = DIRECTION('',(0.,0.,1.));
#34 = DIRECTION('',(1.,0.,-0.));
#35 = AXIS2_PLACEMENT_3D('',#36,#37,#38);
#36 = CARTESIAN_POINT('',(50.000099060198,-73.00014478029,2.630073660147    ));
#37 = DIRECTION('',(0.,0.,1.));
#38 = DIRECTION('',(1.,0.,0.));
#39 = AXIS2_PLACEMENT_3D('',#40,#41,#42);
#40 = CARTESIAN_POINT('',(60.000119380239,-50.00009906019,0.));
#41 = DIRECTION('',(1.224646799147E-16,0.,-1.));
#42 = DIRECTION('',(-1.110223024625E-16,1.,-1.359631073447E-32));
#43 = AXIS2_PLACEMENT_3D('',#44,#45,#46);
#44 = CARTESIAN_POINT('',(95.377190754382,-52.70510541021,2.630073660147    ));
#45 = DIRECTION('',(0.,-0.,1.));
#46 = DIRECTION('',(1.110223024625E-16,1.,0.));
#47 = AXIS2_PLACEMENT_3D('',#48,#49,#50);
#48 = CARTESIAN_POINT('',(21.352042164084,-46.10109220218,2.630073660147    ));
#49 = DIRECTION('',(0.,0.,1.));
#50 = DIRECTION('',(-4.440892098501E-16,-1.,0.));
#51 = AXIS2_PLACEMENT_3D('',#52,#53,#54);
#52 = CARTESIAN_POINT('',(23.352047244094,-46.10109220218,2.630073660147    ));
#53 = DIRECTION('',(0.,0.,1.));
#54 = DIRECTION('',(-4.440892098501E-16,-1.,0.));
#55 = AXIS2_PLACEMENT_3D('',#56,#57,#58);
#56 = CARTESIAN_POINT('',(28.870429260859,-50.01930657861,2.630073660147    ));
#57 = DIRECTION('',(0.,-0.,1.));
#58 = DIRECTION('',(1.110223024625E-16,1.,0.));
#59 = AXIS2_PLACEMENT_3D('',#60,#61,#62);
#60 = CARTESIAN_POINT('',(42.494922529845,-35.34588265176,2.630073660147    ));
#61 = DIRECTION('',(0.,0.,1.));
#62 = DIRECTION('',(-1.,1.224646799147E-16,0.));
#63 = AXIS2_PLACEMENT_3D('',#64,#65,#66);
#64 = CARTESIAN_POINT('',(72.059944119888,-50.0254000508,2.630073660147)  );
#65 = DIRECTION('',(-0.,0.,1.));
#66 = DIRECTION('',(1.110223024625E-16,-1.,0.));
#67 = ( GEOMETRIC_REPRESENTATION_CONTEXT(3) GLOBAL_UNCERTAINTY_ASSIGNED_CONTEXT((#71)) GLOBAL_UNIT_ASSIGNED_CONTEXT((#68,#69,#70)) REPRESENTATION_CONTEXT('Context #1',  '3D Context with UNIT and UNCERTAINTY') );
#68 = ( LENGTH_UNIT() NAMED_UNIT(*) SI_UNIT(.MILLI.,.METRE.) );
#69 = ( NAMED_UNIT(*) PLANE_ANGLE_UNIT() SI_UNIT($,.RADIAN.) );
#70 = ( NAMED_UNIT(*) SI_UNIT($,.STERADIAN.) SOLID_ANGLE_UNIT() );
#71 = UNCERTAINTY_MEASURE_WITH_UNIT(LENGTH_MEASURE(1.E-06),#68,  'distance_accuracy_value','confusion accuracy');
#72 = PRODUCT_RELATED_PRODUCT_CATEGORY('part',$,(#7));
#73 = SHAPE_DEFINITION_REPRESENTATION(#74,#80);
#74 = PRODUCT_DEFINITION_SHAPE('','',#75);
#75 = PRODUCT_DEFINITION('design','',#76,#79);
#76 = PRODUCT_DEFINITION_FORMATION('','',#77);
#77 = PRODUCT('Board~DVN9','Board~DVN9','',(#78));
#78 = PRODUCT_CONTEXT('',#2,'mechanical');
#79 = PRODUCT_DEFINITION_CONTEXT('part definition',#2,'design');
#80 = ADVANCED_BREP_SHAPE_REPRESENTATION('',(#11,#81),#1099);
#81 = MANIFOLD_SOLID_BREP('',#82);
#82 = CLOSED_SHELL('',(#83,#125,#156,#189,#220,#253,#284,#317,#339,#381,    #405,#447,#471,#511,#542,#573,#595,#637,#661,#703,#727,#769,#793,    #835,#859,#901,#925,#967,#991,#1045));
#83 = ADVANCED_FACE('',(#84),#120,.T.);
#84 = FACE_BOUND('',#85,.T.);
#85 = EDGE_LOOP('',(#86,#96,#105,#113));
#86 = ORIENTED_EDGE('',*,*,#87,.T.);
#87 = EDGE_CURVE('',#88,#90,#92,.T.);
#88 = VERTEX_POINT('',#89);
#89 = CARTESIAN_POINT('',(1.270002540007E-02,-30.50006096012,0.));
#90 = VERTEX_POINT('',#91);
#91 = CARTESIAN_POINT('',(1.270002540007E-02,-30.50006096012,    2.630073660147));
#92 = LINE('',#93,#94);
#93 = CARTESIAN_POINT('',(1.270002540007E-02,-30.50006096012,0.));
#94 = VECTOR('',#95,1.);
#95 = DIRECTION('',(0.,0.,1.));
#96 = ORIENTED_EDGE('',*,*,#97,.T.);
#97 = EDGE_CURVE('',#90,#98,#100,.T.);
#98 = VERTEX_POINT('',#99);
#99 = CARTESIAN_POINT('',(2.50000508001,-28.01275590551,2.630073660147)  );
#100 = CIRCLE('',#101,2.48730505461);
#101 = AXIS2_PLACEMENT_3D('',#102,#103,#104);
#102 = CARTESIAN_POINT('',(2.50000508001,-30.50006096012,2.630073660147)  );
#103 = DIRECTION('',(0.,0.,-1.));
#104 = DIRECTION('',(-1.,6.312424186867E-17,0.));
#105 = ORIENTED_EDGE('',*,*,#106,.F.);
#106 = EDGE_CURVE('',#107,#98,#109,.T.);
#107 = VERTEX_POINT('',#108);
#108 = CARTESIAN_POINT('',(2.50000508001,-28.01275590551,0.));
#109 = LINE('',#110,#111);
#110 = CARTESIAN_POINT('',(2.50000508001,-28.01275590551,0.));
#111 = VECTOR('',#112,1.);
#112 = DIRECTION('',(0.,0.,1.));
#113 = ORIENTED_EDGE('',*,*,#114,.F.);
#114 = EDGE_CURVE('',#88,#107,#115,.T.);
#115 = CIRCLE('',#116,2.48730505461);
#116 = AXIS2_PLACEMENT_3D('',#117,#118,#119);
#117 = CARTESIAN_POINT('',(2.50000508001,-30.50006096012,0.));
#118 = DIRECTION('',(0.,0.,-1.));
#119 = DIRECTION('',(-1.,6.312424186867E-17,0.));
#120 = CYLINDRICAL_SURFACE('',#121,2.48730505461);
#121 = AXIS2_PLACEMENT_3D('',#122,#123,#124);
#122 = CARTESIAN_POINT('',(2.50000508001,-30.50006096012,0.));
#123 = DIRECTION('',(0.,0.,-1.));
#124 = DIRECTION('',(-1.,6.312424186867E-17,0.));
#125 = ADVANCED_FACE('',(#126),#151,.T.);
#126 = FACE_BOUND('',#127,.T.);
#127 = EDGE_LOOP('',(#128,#129,#137,#145));
#128 = ORIENTED_EDGE('',*,*,#106,.T.);
#129 = ORIENTED_EDGE('',*,*,#130,.T.);
#130 = EDGE_CURVE('',#98,#131,#133,.T.);
#131 = VERTEX_POINT('',#132);
#132 = CARTESIAN_POINT('',(97.500195580391,-28.01275590551,    2.630073660147));
#133 = LINE('',#134,#135);
#134 = CARTESIAN_POINT('',(2.50000508001,-28.01275590551,2.630073660147)  );
#135 = VECTOR('',#136,1.);
#136 = DIRECTION('',(1.,3.739691110184E-17,0.));
#137 = ORIENTED_EDGE('',*,*,#138,.F.);
#138 = EDGE_CURVE('',#139,#131,#141,.T.);
#139 = VERTEX_POINT('',#140);
#140 = CARTESIAN_POINT('',(97.500195580391,-28.01275590551,0.));
#141 = LINE('',#142,#143);
#142 = CARTESIAN_POINT('',(97.500195580391,-28.01275590551,0.));
#143 = VECTOR('',#144,1.);
#144 = DIRECTION('',(0.,0.,1.));
#145 = ORIENTED_EDGE('',*,*,#146,.F.);
#146 = EDGE_CURVE('',#107,#139,#147,.T.);
#147 = LINE('',#148,#149);
#148 = CARTESIAN_POINT('',(2.50000508001,-28.01275590551,0.));
#149 = VECTOR('',#150,1.);
#150 = DIRECTION('',(1.,3.739691110184E-17,0.));
#151 = PLANE('',#152);
#152 = AXIS2_PLACEMENT_3D('',#153,#154,#155);
#153 = CARTESIAN_POINT('',(2.50000508001,-28.01275590551,0.));
#154 = DIRECTION('',(-3.739691110184E-17,1.,0.));
#155 = DIRECTION('',(1.,3.739691110184E-17,0.));
#156 = ADVANCED_FACE('',(#157),#184,.T.);
#157 = FACE_BOUND('',#158,.T.);
#158 = EDGE_LOOP('',(#159,#160,#169,#177));
#159 = ORIENTED_EDGE('',*,*,#138,.T.);
#160 = ORIENTED_EDGE('',*,*,#161,.T.);
#161 = EDGE_CURVE('',#131,#162,#164,.T.);
#162 = VERTEX_POINT('',#163);
#163 = CARTESIAN_POINT('',(99.987500635001,-30.50006096012,    2.630073660147));
#164 = CIRCLE('',#165,2.48730505461);
#165 = AXIS2_PLACEMENT_3D('',#166,#167,#168);
#166 = CARTESIAN_POINT('',(97.500195580391,-30.50006096012,    2.630073660147));
#167 = DIRECTION('',(0.,0.,-1.));
#168 = DIRECTION('',(-1.325609079242E-15,1.,0.));
#169 = ORIENTED_EDGE('',*,*,#170,.F.);
#170 = EDGE_CURVE('',#171,#162,#173,.T.);
#171 = VERTEX_POINT('',#172);
#172 = CARTESIAN_POINT('',(99.987500635001,-30.50006096012,0.));
#173 = LINE('',#174,#175);
#174 = CARTESIAN_POINT('',(99.987500635001,-30.50006096012,0.));
#175 = VECTOR('',#176,1.);
#176 = DIRECTION('',(0.,0.,1.));
#177 = ORIENTED_EDGE('',*,*,#178,.F.);
#178 = EDGE_CURVE('',#139,#171,#179,.T.);
#179 = CIRCLE('',#180,2.48730505461);
#180 = AXIS2_PLACEMENT_3D('',#181,#182,#183);
#181 = CARTESIAN_POINT('',(97.500195580391,-30.50006096012,0.));
#182 = DIRECTION('',(0.,0.,-1.));
#183 = DIRECTION('',(-1.325609079242E-15,1.,0.));
#184 = CYLINDRICAL_SURFACE('',#185,2.48730505461);
#185 = AXIS2_PLACEMENT_3D('',#186,#187,#188);
#186 = CARTESIAN_POINT('',(97.500195580391,-30.50006096012,0.));
#187 = DIRECTION('',(0.,0.,-1.));
#188 = DIRECTION('',(-1.325609079242E-15,1.,0.));
#189 = ADVANCED_FACE('',(#190),#215,.T.);
#190 = FACE_BOUND('',#191,.T.);
#191 = EDGE_LOOP('',(#192,#193,#201,#209));
#192 = ORIENTED_EDGE('',*,*,#170,.T.);
#193 = ORIENTED_EDGE('',*,*,#194,.T.);
#194 = EDGE_CURVE('',#162,#195,#197,.T.);
#195 = VERTEX_POINT('',#196);
#196 = CARTESIAN_POINT('',(99.987500635001,-75.5001498603,2.630073660147    ));
#197 = LINE('',#198,#199);
#198 = CARTESIAN_POINT('',(99.987500635001,-30.50006096012,    2.630073660147));
#199 = VECTOR('',#200,1.);
#200 = DIRECTION('',(-3.157961475749E-16,-1.,0.));
#201 = ORIENTED_EDGE('',*,*,#202,.F.);
#202 = EDGE_CURVE('',#203,#195,#205,.T.);
#203 = VERTEX_POINT('',#204);
#204 = CARTESIAN_POINT('',(99.987500635001,-75.5001498603,0.));
#205 = LINE('',#206,#207);
#206 = CARTESIAN_POINT('',(99.987500635001,-75.5001498603,0.));
#207 = VECTOR('',#208,1.);
#208 = DIRECTION('',(0.,0.,1.));
#209 = ORIENTED_EDGE('',*,*,#210,.F.);
#210 = EDGE_CURVE('',#171,#203,#211,.T.);
#211 = LINE('',#212,#213);
#212 = CARTESIAN_POINT('',(99.987500635001,-30.50006096012,0.));
#213 = VECTOR('',#214,1.);
#214 = DIRECTION('',(-3.157961475749E-16,-1.,0.));
#215 = PLANE('',#216);
#216 = AXIS2_PLACEMENT_3D('',#217,#218,#219);
#217 = CARTESIAN_POINT('',(99.987500635001,-30.50006096012,0.));
#218 = DIRECTION('',(1.,-3.157961475749E-16,0.));
#219 = DIRECTION('',(-3.157961475749E-16,-1.,0.));
#220 = ADVANCED_FACE('',(#221),#248,.T.);
#221 = FACE_BOUND('',#222,.T.);
#222 = EDGE_LOOP('',(#223,#224,#233,#241));
#223 = ORIENTED_EDGE('',*,*,#202,.T.);
#224 = ORIENTED_EDGE('',*,*,#225,.T.);
#225 = EDGE_CURVE('',#195,#226,#228,.T.);
#226 = VERTEX_POINT('',#227);
#227 = CARTESIAN_POINT('',(97.500195580391,-77.98745491491,    2.630073660147));
#228 = CIRCLE('',#229,2.48730505461);
#229 = AXIS2_PLACEMENT_3D('',#230,#231,#232);
#230 = CARTESIAN_POINT('',(97.500195580391,-75.5001498603,2.630073660147    ));
#231 = DIRECTION('',(0.,0.,-1.));
#232 = DIRECTION('',(1.,-6.312424186867E-17,0.));
#233 = ORIENTED_EDGE('',*,*,#234,.F.);
#234 = EDGE_CURVE('',#235,#226,#237,.T.);
#235 = VERTEX_POINT('',#236);
#236 = CARTESIAN_POINT('',(97.500195580391,-77.98745491491,0.));
#237 = LINE('',#238,#239);
#238 = CARTESIAN_POINT('',(97.500195580391,-77.98745491491,0.));
#239 = VECTOR('',#240,1.);
#240 = DIRECTION('',(0.,0.,1.));
#241 = ORIENTED_EDGE('',*,*,#242,.F.);
#242 = EDGE_CURVE('',#203,#235,#243,.T.);
#243 = CIRCLE('',#244,2.48730505461);
#244 = AXIS2_PLACEMENT_3D('',#245,#246,#247);
#245 = CARTESIAN_POINT('',(97.500195580391,-75.5001498603,0.));
#246 = DIRECTION('',(0.,0.,-1.));
#247 = DIRECTION('',(1.,-6.312424186867E-17,0.));
#248 = CYLINDRICAL_SURFACE('',#249,2.48730505461);
#249 = AXIS2_PLACEMENT_3D('',#250,#251,#252);
#250 = CARTESIAN_POINT('',(97.500195580391,-75.5001498603,0.));
#251 = DIRECTION('',(0.,0.,-1.));
#252 = DIRECTION('',(1.,-6.312424186867E-17,0.));
#253 = ADVANCED_FACE('',(#254),#279,.T.);
#254 = FACE_BOUND('',#255,.T.);
#255 = EDGE_LOOP('',(#256,#257,#265,#273));
#256 = ORIENTED_EDGE('',*,*,#234,.T.);
#257 = ORIENTED_EDGE('',*,*,#258,.T.);
#258 = EDGE_CURVE('',#226,#259,#261,.T.);
#259 = VERTEX_POINT('',#260);
#260 = CARTESIAN_POINT('',(2.50000508001,-77.98745491491,2.630073660147)  );
#261 = LINE('',#262,#263);
#262 = CARTESIAN_POINT('',(97.500195580391,-77.98745491491,    2.630073660147));
#263 = VECTOR('',#264,1.);
#264 = DIRECTION('',(-1.,0.,0.));
#265 = ORIENTED_EDGE('',*,*,#266,.F.);
#266 = EDGE_CURVE('',#267,#259,#269,.T.);
#267 = VERTEX_POINT('',#268);
#268 = CARTESIAN_POINT('',(2.50000508001,-77.98745491491,0.));
#269 = LINE('',#270,#271);
#270 = CARTESIAN_POINT('',(2.50000508001,-77.98745491491,0.));
#271 = VECTOR('',#272,1.);
#272 = DIRECTION('',(0.,0.,1.));
#273 = ORIENTED_EDGE('',*,*,#274,.F.);
#274 = EDGE_CURVE('',#235,#267,#275,.T.);
#275 = LINE('',#276,#277);
#276 = CARTESIAN_POINT('',(97.500195580391,-77.98745491491,0.));
#277 = VECTOR('',#278,1.);
#278 = DIRECTION('',(-1.,0.,0.));
#279 = PLANE('',#280);
#280 = AXIS2_PLACEMENT_3D('',#281,#282,#283);
#281 = CARTESIAN_POINT('',(97.500195580391,-77.98745491491,0.));
#282 = DIRECTION('',(0.,-1.,0.));
#283 = DIRECTION('',(-1.,0.,0.));
#284 = ADVANCED_FACE('',(#285),#312,.T.);
#285 = FACE_BOUND('',#286,.T.);
#286 = EDGE_LOOP('',(#287,#288,#297,#305));
#287 = ORIENTED_EDGE('',*,*,#266,.T.);
#288 = ORIENTED_EDGE('',*,*,#289,.T.);
#289 = EDGE_CURVE('',#259,#290,#292,.T.);
#290 = VERTEX_POINT('',#291);
#291 = CARTESIAN_POINT('',(1.270002540006E-02,-75.5001498603,    2.630073660147));
#292 = CIRCLE('',#293,2.48730505461);
#293 = AXIS2_PLACEMENT_3D('',#294,#295,#296);
#294 = CARTESIAN_POINT('',(2.50000508001,-75.5001498603,2.630073660147)  );
#295 = DIRECTION('',(0.,0.,-1.));
#296 = DIRECTION('',(-2.651218158484E-15,-1.,-0.));
#297 = ORIENTED_EDGE('',*,*,#298,.F.);
#298 = EDGE_CURVE('',#299,#290,#301,.T.);
#299 = VERTEX_POINT('',#300);
#300 = CARTESIAN_POINT('',(1.270002540006E-02,-75.5001498603,0.));
#301 = LINE('',#302,#303);
#302 = CARTESIAN_POINT('',(1.270002540006E-02,-75.5001498603,0.));
#303 = VECTOR('',#304,1.);
#304 = DIRECTION('',(0.,0.,1.));
#305 = ORIENTED_EDGE('',*,*,#306,.F.);
#306 = EDGE_CURVE('',#267,#299,#307,.T.);
#307 = CIRCLE('',#308,2.48730505461);
#308 = AXIS2_PLACEMENT_3D('',#309,#310,#311);
#309 = CARTESIAN_POINT('',(2.50000508001,-75.5001498603,0.));
#310 = DIRECTION('',(0.,0.,-1.));
#311 = DIRECTION('',(-2.651218158484E-15,-1.,-0.));
#312 = CYLINDRICAL_SURFACE('',#313,2.48730505461);
#313 = AXIS2_PLACEMENT_3D('',#314,#315,#316);
#314 = CARTESIAN_POINT('',(2.50000508001,-75.5001498603,0.));
#315 = DIRECTION('',(0.,0.,-1.));
#316 = DIRECTION('',(-2.651218158484E-15,-1.,-0.));
#317 = ADVANCED_FACE('',(#318),#334,.T.);
#318 = FACE_BOUND('',#319,.T.);
#319 = EDGE_LOOP('',(#320,#321,#327,#328));
#320 = ORIENTED_EDGE('',*,*,#298,.T.);
#321 = ORIENTED_EDGE('',*,*,#322,.T.);
#322 = EDGE_CURVE('',#290,#90,#323,.T.);
#323 = LINE('',#324,#325);
#324 = CARTESIAN_POINT('',(1.270002540006E-02,-75.5001498603,    2.630073660147));
#325 = VECTOR('',#326,1.);
#326 = DIRECTION('',(6.88876606099E-17,1.,0.));
#327 = ORIENTED_EDGE('',*,*,#87,.F.);
#328 = ORIENTED_EDGE('',*,*,#329,.F.);
#329 = EDGE_CURVE('',#299,#88,#330,.T.);
#330 = LINE('',#331,#332);
#331 = CARTESIAN_POINT('',(1.270002540006E-02,-75.5001498603,0.));
#332 = VECTOR('',#333,1.);
#333 = DIRECTION('',(6.88876606099E-17,1.,0.));
#334 = PLANE('',#335);
#335 = AXIS2_PLACEMENT_3D('',#336,#337,#338);
#336 = CARTESIAN_POINT('',(1.270002540006E-02,-75.5001498603,0.));
#337 = DIRECTION('',(-1.,6.88876606099E-17,0.));
#338 = DIRECTION('',(6.88876606099E-17,1.,0.));
#339 = ADVANCED_FACE('',(#340),#376,.F.);
#340 = FACE_BOUND('',#341,.T.);
#341 = EDGE_LOOP('',(#342,#352,#361,#369));
#342 = ORIENTED_EDGE('',*,*,#343,.T.);
#343 = EDGE_CURVE('',#344,#346,#348,.T.);
#344 = VERTEX_POINT('',#345);
#345 = CARTESIAN_POINT('',(4.000007620015,-75.5001498603,0.));
#346 = VERTEX_POINT('',#347);
#347 = CARTESIAN_POINT('',(4.000007620015,-75.5001498603,2.630073660147)  );
#348 = LINE('',#349,#350);
#349 = CARTESIAN_POINT('',(4.000007620015,-75.5001498603,0.));
#350 = VECTOR('',#351,1.);
#351 = DIRECTION('',(0.,0.,1.));
#352 = ORIENTED_EDGE('',*,*,#353,.T.);
#353 = EDGE_CURVE('',#346,#354,#356,.T.);
#354 = VERTEX_POINT('',#355);
#355 = CARTESIAN_POINT('',(1.000002540005,-75.5001498603,2.630073660147)  );
#356 = CIRCLE('',#357,1.500002540005);
#357 = AXIS2_PLACEMENT_3D('',#358,#359,#360);
#358 = CARTESIAN_POINT('',(2.50000508001,-75.5001498603,2.630073660147)  );
#359 = DIRECTION('',(0.,0.,1.));
#360 = DIRECTION('',(1.,1.110223024625E-16,-0.));
#361 = ORIENTED_EDGE('',*,*,#362,.F.);
#362 = EDGE_CURVE('',#363,#354,#365,.T.);
#363 = VERTEX_POINT('',#364);
#364 = CARTESIAN_POINT('',(1.000002540005,-75.5001498603,0.));
#365 = LINE('',#366,#367);
#366 = CARTESIAN_POINT('',(1.000002540005,-75.5001498603,0.));
#367 = VECTOR('',#368,1.);
#368 = DIRECTION('',(0.,0.,1.));
#369 = ORIENTED_EDGE('',*,*,#370,.F.);
#370 = EDGE_CURVE('',#344,#363,#371,.T.);
#371 = CIRCLE('',#372,1.500002540005);
#372 = AXIS2_PLACEMENT_3D('',#373,#374,#375);
#373 = CARTESIAN_POINT('',(2.50000508001,-75.5001498603,0.));
#374 = DIRECTION('',(0.,0.,1.));
#375 = DIRECTION('',(1.,1.110223024625E-16,-0.));
#376 = CYLINDRICAL_SURFACE('',#377,1.500002540005);
#377 = AXIS2_PLACEMENT_3D('',#378,#379,#380);
#378 = CARTESIAN_POINT('',(2.50000508001,-75.5001498603,0.));
#379 = DIRECTION('',(-0.,-0.,-1.));
#380 = DIRECTION('',(1.,1.110223024625E-16,-0.));
#381 = ADVANCED_FACE('',(#382),#400,.F.);
#382 = FACE_BOUND('',#383,.T.);
#383 = EDGE_LOOP('',(#384,#385,#392,#393));
#384 = ORIENTED_EDGE('',*,*,#362,.T.);
#385 = ORIENTED_EDGE('',*,*,#386,.T.);
#386 = EDGE_CURVE('',#354,#346,#387,.T.);
#387 = CIRCLE('',#388,1.500002540005);
#388 = AXIS2_PLACEMENT_3D('',#389,#390,#391);
#389 = CARTESIAN_POINT('',(2.50000508001,-75.5001498603,2.630073660147)  );
#390 = DIRECTION('',(0.,0.,1.));
#391 = DIRECTION('',(-1.,-1.110223024625E-16,0.));
#392 = ORIENTED_EDGE('',*,*,#343,.F.);
#393 = ORIENTED_EDGE('',*,*,#394,.F.);
#394 = EDGE_CURVE('',#363,#344,#395,.T.);
#395 = CIRCLE('',#396,1.500002540005);
#396 = AXIS2_PLACEMENT_3D('',#397,#398,#399);
#397 = CARTESIAN_POINT('',(2.50000508001,-75.5001498603,0.));
#398 = DIRECTION('',(0.,0.,1.));
#399 = DIRECTION('',(-1.,-1.110223024625E-16,0.));
#400 = CYLINDRICAL_SURFACE('',#401,1.500002540005);
#401 = AXIS2_PLACEMENT_3D('',#402,#403,#404);
#402 = CARTESIAN_POINT('',(2.50000508001,-75.5001498603,0.));
#403 = DIRECTION('',(-0.,-0.,-1.));
#404 = DIRECTION('',(-1.,-1.110223024625E-16,0.));
#405 = ADVANCED_FACE('',(#406),#442,.F.);
#406 = FACE_BOUND('',#407,.T.);
#407 = EDGE_LOOP('',(#408,#418,#427,#435));
#408 = ORIENTED_EDGE('',*,*,#409,.T.);
#409 = EDGE_CURVE('',#410,#412,#414,.T.);
#410 = VERTEX_POINT('',#411);
#411 = CARTESIAN_POINT('',(4.000007620015,-30.50006096012,0.));
#412 = VERTEX_POINT('',#413);
#413 = CARTESIAN_POINT('',(4.000007620015,-30.50006096012,2.630073660147    ));
#414 = LINE('',#415,#416);
#415 = CARTESIAN_POINT('',(4.000007620015,-30.50006096012,0.));
#416 = VECTOR('',#417,1.);
#417 = DIRECTION('',(0.,0.,1.));
#418 = ORIENTED_EDGE('',*,*,#419,.T.);
#419 = EDGE_CURVE('',#412,#420,#422,.T.);
#420 = VERTEX_POINT('',#421);
#421 = CARTESIAN_POINT('',(1.000002540005,-30.50006096012,2.630073660147    ));
#422 = CIRCLE('',#423,1.500002540005);
#423 = AXIS2_PLACEMENT_3D('',#424,#425,#426);
#424 = CARTESIAN_POINT('',(2.50000508001,-30.50006096012,2.630073660147)  );
#425 = DIRECTION('',(0.,0.,1.));
#426 = DIRECTION('',(1.,1.110223024625E-16,-0.));
#427 = ORIENTED_EDGE('',*,*,#428,.F.);
#428 = EDGE_CURVE('',#429,#420,#431,.T.);
#429 = VERTEX_POINT('',#430);
#430 = CARTESIAN_POINT('',(1.000002540005,-30.50006096012,0.));
#431 = LINE('',#432,#433);
#432 = CARTESIAN_POINT('',(1.000002540005,-30.50006096012,0.));
#433 = VECTOR('',#434,1.);
#434 = DIRECTION('',(0.,0.,1.));
#435 = ORIENTED_EDGE('',*,*,#436,.F.);
#436 = EDGE_CURVE('',#410,#429,#437,.T.);
#437 = CIRCLE('',#438,1.500002540005);
#438 = AXIS2_PLACEMENT_3D('',#439,#440,#441);
#439 = CARTESIAN_POINT('',(2.50000508001,-30.50006096012,0.));
#440 = DIRECTION('',(0.,0.,1.));
#441 = DIRECTION('',(1.,1.110223024625E-16,-0.));
#442 = CYLINDRICAL_SURFACE('',#443,1.500002540005);
#443 = AXIS2_PLACEMENT_3D('',#444,#445,#446);
#444 = CARTESIAN_POINT('',(2.50000508001,-30.50006096012,0.));
#445 = DIRECTION('',(-0.,-0.,-1.));
#446 = DIRECTION('',(1.,1.110223024625E-16,-0.));
#447 = ADVANCED_FACE('',(#448),#466,.F.);
#448 = FACE_BOUND('',#449,.T.);
#449 = EDGE_LOOP('',(#450,#451,#458,#459));
#450 = ORIENTED_EDGE('',*,*,#428,.T.);
#451 = ORIENTED_EDGE('',*,*,#452,.T.);
#452 = EDGE_CURVE('',#420,#412,#453,.T.);
#453 = CIRCLE('',#454,1.500002540005);
#454 = AXIS2_PLACEMENT_3D('',#455,#456,#457);
#455 = CARTESIAN_POINT('',(2.50000508001,-30.50006096012,2.630073660147)  );
#456 = DIRECTION('',(0.,0.,1.));
#457 = DIRECTION('',(-1.,-1.110223024625E-16,0.));
#458 = ORIENTED_EDGE('',*,*,#409,.F.);
#459 = ORIENTED_EDGE('',*,*,#460,.F.);
#460 = EDGE_CURVE('',#429,#410,#461,.T.);
#461 = CIRCLE('',#462,1.500002540005);
#462 = AXIS2_PLACEMENT_3D('',#463,#464,#465);
#463 = CARTESIAN_POINT('',(2.50000508001,-30.50006096012,0.));
#464 = DIRECTION('',(0.,0.,1.));
#465 = DIRECTION('',(-1.,-1.110223024625E-16,0.));
#466 = CYLINDRICAL_SURFACE('',#467,1.500002540005);
#467 = AXIS2_PLACEMENT_3D('',#468,#469,#470);
#468 = CARTESIAN_POINT('',(2.50000508001,-30.50006096012,0.));
#469 = DIRECTION('',(-0.,-0.,-1.));
#470 = DIRECTION('',(-1.,-1.110223024625E-16,0.));
#471 = ADVANCED_FACE('',(#472),#506,.T.);
#472 = FACE_BOUND('',#473,.T.);
#473 = EDGE_LOOP('',(#474,#484,#492,#500));
#474 = ORIENTED_EDGE('',*,*,#475,.T.);
#475 = EDGE_CURVE('',#476,#478,#480,.T.);
#476 = VERTEX_POINT('',#477);
#477 = CARTESIAN_POINT('',(18.611625603251,-40.83313944627,0.));
#478 = VERTEX_POINT('',#479);
#479 = CARTESIAN_POINT('',(18.611625603251,-40.83313944627,    2.630073660147));
#480 = LINE('',#481,#482);
#481 = CARTESIAN_POINT('',(18.611625603251,-40.83313944627,0.));
#482 = VECTOR('',#483,1.);
#483 = DIRECTION('',(0.,0.,1.));
#484 = ORIENTED_EDGE('',*,*,#485,.T.);
#485 = EDGE_CURVE('',#478,#486,#488,.T.);
#486 = VERTEX_POINT('',#487);
#487 = CARTESIAN_POINT('',(2.00000508001,-40.83313944627,2.630073660147)  );
#488 = LINE('',#489,#490);
#489 = CARTESIAN_POINT('',(18.611625603251,-40.83313944627,    2.630073660147));
#490 = VECTOR('',#491,1.);
#491 = DIRECTION('',(-1.,0.,0.));
#492 = ORIENTED_EDGE('',*,*,#493,.F.);
#493 = EDGE_CURVE('',#494,#486,#496,.T.);
#494 = VERTEX_POINT('',#495);
#495 = CARTESIAN_POINT('',(2.00000508001,-40.83313944627,0.));
#496 = LINE('',#497,#498);
#497 = CARTESIAN_POINT('',(2.00000508001,-40.83313944627,0.));
#498 = VECTOR('',#499,1.);
#499 = DIRECTION('',(0.,0.,1.));
#500 = ORIENTED_EDGE('',*,*,#501,.F.);
#501 = EDGE_CURVE('',#476,#494,#502,.T.);
#502 = LINE('',#503,#504);
#503 = CARTESIAN_POINT('',(18.611625603251,-40.83313944627,0.));
#504 = VECTOR('',#505,1.);
#505 = DIRECTION('',(-1.,0.,0.));
#506 = PLANE('',#507);
#507 = AXIS2_PLACEMENT_3D('',#508,#509,#510);
#508 = CARTESIAN_POINT('',(18.611625603251,-40.83313944627,0.));
#509 = DIRECTION('',(0.,-1.,0.));
#510 = DIRECTION('',(-1.,0.,0.));
#511 = ADVANCED_FACE('',(#512),#537,.T.);
#512 = FACE_BOUND('',#513,.T.);
#513 = EDGE_LOOP('',(#514,#515,#523,#531));
#514 = ORIENTED_EDGE('',*,*,#493,.T.);
#515 = ORIENTED_EDGE('',*,*,#516,.T.);
#516 = EDGE_CURVE('',#486,#517,#519,.T.);
#517 = VERTEX_POINT('',#518);
#518 = CARTESIAN_POINT('',(2.00000508001,-57.31996951993,2.630073660147)  );
#519 = LINE('',#520,#521);
#520 = CARTESIAN_POINT('',(2.00000508001,-40.83313944627,2.630073660147)  );
#521 = VECTOR('',#522,1.);
#522 = DIRECTION('',(0.,-1.,0.));
#523 = ORIENTED_EDGE('',*,*,#524,.F.);
#524 = EDGE_CURVE('',#525,#517,#527,.T.);
#525 = VERTEX_POINT('',#526);
#526 = CARTESIAN_POINT('',(2.00000508001,-57.31996951993,0.));
#527 = LINE('',#528,#529);
#528 = CARTESIAN_POINT('',(2.00000508001,-57.31996951993,0.));
#529 = VECTOR('',#530,1.);
#530 = DIRECTION('',(0.,0.,1.));
#531 = ORIENTED_EDGE('',*,*,#532,.F.);
#532 = EDGE_CURVE('',#494,#525,#533,.T.);
#533 = LINE('',#534,#535);
#534 = CARTESIAN_POINT('',(2.00000508001,-40.83313944627,0.));
#535 = VECTOR('',#536,1.);
#536 = DIRECTION('',(0.,-1.,0.));
#537 = PLANE('',#538);
#538 = AXIS2_PLACEMENT_3D('',#539,#540,#541);
#539 = CARTESIAN_POINT('',(2.00000508001,-40.83313944627,0.));
#540 = DIRECTION('',(1.,0.,-0.));
#541 = DIRECTION('',(0.,-1.,0.));
#542 = ADVANCED_FACE('',(#543),#568,.T.);
#543 = FACE_BOUND('',#544,.T.);
#544 = EDGE_LOOP('',(#545,#546,#554,#562));
#545 = ORIENTED_EDGE('',*,*,#524,.T.);
#546 = ORIENTED_EDGE('',*,*,#547,.T.);
#547 = EDGE_CURVE('',#517,#548,#550,.T.);
#548 = VERTEX_POINT('',#549);
#549 = CARTESIAN_POINT('',(18.611625603251,-57.31996951993,    2.630073660147));
#550 = LINE('',#551,#552);
#551 = CARTESIAN_POINT('',(2.00000508001,-57.31996951993,2.630073660147)  );
#552 = VECTOR('',#553,1.);
#553 = DIRECTION('',(1.,0.,0.));
#554 = ORIENTED_EDGE('',*,*,#555,.F.);
#555 = EDGE_CURVE('',#556,#548,#558,.T.);
#556 = VERTEX_POINT('',#557);
#557 = CARTESIAN_POINT('',(18.611625603251,-57.31996951993,0.));
#558 = LINE('',#559,#560);
#559 = CARTESIAN_POINT('',(18.611625603251,-57.31996951993,0.));
#560 = VECTOR('',#561,1.);
#561 = DIRECTION('',(0.,0.,1.));
#562 = ORIENTED_EDGE('',*,*,#563,.F.);
#563 = EDGE_CURVE('',#525,#556,#564,.T.);
#564 = LINE('',#565,#566);
#565 = CARTESIAN_POINT('',(2.00000508001,-57.31996951993,0.));
#566 = VECTOR('',#567,1.);
#567 = DIRECTION('',(1.,0.,0.));
#568 = PLANE('',#569);
#569 = AXIS2_PLACEMENT_3D('',#570,#571,#572);
#570 = CARTESIAN_POINT('',(2.00000508001,-57.31996951993,0.));
#571 = DIRECTION('',(0.,1.,0.));
#572 = DIRECTION('',(1.,0.,0.));
#573 = ADVANCED_FACE('',(#574),#590,.T.);
#574 = FACE_BOUND('',#575,.T.);
#575 = EDGE_LOOP('',(#576,#577,#583,#584));
#576 = ORIENTED_EDGE('',*,*,#555,.T.);
#577 = ORIENTED_EDGE('',*,*,#578,.T.);
#578 = EDGE_CURVE('',#548,#478,#579,.T.);
#579 = LINE('',#580,#581);
#580 = CARTESIAN_POINT('',(18.611625603251,-57.31996951993,    2.630073660147));
#581 = VECTOR('',#582,1.);
#582 = DIRECTION('',(0.,1.,0.));
#583 = ORIENTED_EDGE('',*,*,#475,.F.);
#584 = ORIENTED_EDGE('',*,*,#585,.F.);
#585 = EDGE_CURVE('',#556,#476,#586,.T.);
#586 = LINE('',#587,#588);
#587 = CARTESIAN_POINT('',(18.611625603251,-57.31996951993,0.));
#588 = VECTOR('',#589,1.);
#589 = DIRECTION('',(0.,1.,0.));
#590 = PLANE('',#591);
#591 = AXIS2_PLACEMENT_3D('',#592,#593,#594);
#592 = CARTESIAN_POINT('',(18.611625603251,-57.31996951993,0.));
#593 = DIRECTION('',(-1.,0.,0.));
#594 = DIRECTION('',(0.,1.,0.));
#595 = ADVANCED_FACE('',(#596),#632,.F.);
#596 = FACE_BOUND('',#597,.T.);
#597 = EDGE_LOOP('',(#598,#608,#617,#625));
#598 = ORIENTED_EDGE('',*,*,#599,.T.);
#599 = EDGE_CURVE('',#600,#602,#604,.T.);
#600 = VERTEX_POINT('',#601);
#601 = CARTESIAN_POINT('',(6.395013970028,-64.42812801625,0.));
#602 = VERTEX_POINT('',#603);
#603 = CARTESIAN_POINT('',(6.395013970028,-64.42812801625,2.630073660147    ));
#604 = LINE('',#605,#606);
#605 = CARTESIAN_POINT('',(6.395013970028,-64.42812801625,0.));
#606 = VECTOR('',#607,1.);
#607 = DIRECTION('',(0.,0.,1.));
#608 = ORIENTED_EDGE('',*,*,#609,.T.);
#609 = EDGE_CURVE('',#602,#610,#612,.T.);
#610 = VERTEX_POINT('',#611);
#611 = CARTESIAN_POINT('',(4.395008890018,-64.42812801625,2.630073660147    ));
#612 = CIRCLE('',#613,1.000002540005);
#613 = AXIS2_PLACEMENT_3D('',#614,#615,#616);
#614 = CARTESIAN_POINT('',(5.395011430023,-64.42812801625,2.630073660147    ));
#615 = DIRECTION('',(0.,0.,1.));
#616 = DIRECTION('',(1.,1.110223024625E-16,-0.));
#617 = ORIENTED_EDGE('',*,*,#618,.F.);
#618 = EDGE_CURVE('',#619,#610,#621,.T.);
#619 = VERTEX_POINT('',#620);
#620 = CARTESIAN_POINT('',(4.395008890018,-64.42812801625,0.));
#621 = LINE('',#622,#623);
#622 = CARTESIAN_POINT('',(4.395008890018,-64.42812801625,0.));
#623 = VECTOR('',#624,1.);
#624 = DIRECTION('',(0.,0.,1.));
#625 = ORIENTED_EDGE('',*,*,#626,.F.);
#626 = EDGE_CURVE('',#600,#619,#627,.T.);
#627 = CIRCLE('',#628,1.000002540005);
#628 = AXIS2_PLACEMENT_3D('',#629,#630,#631);
#629 = CARTESIAN_POINT('',(5.395011430023,-64.42812801625,0.));
#630 = DIRECTION('',(0.,0.,1.));
#631 = DIRECTION('',(1.,1.110223024625E-16,-0.));
#632 = CYLINDRICAL_SURFACE('',#633,1.000002540005);
#633 = AXIS2_PLACEMENT_3D('',#634,#635,#636);
#634 = CARTESIAN_POINT('',(5.395011430023,-64.42812801625,0.));
#635 = DIRECTION('',(-0.,-0.,-1.));
#636 = DIRECTION('',(1.,1.110223024625E-16,-0.));
#637 = ADVANCED_FACE('',(#638),#656,.F.);
#638 = FACE_BOUND('',#639,.T.);
#639 = EDGE_LOOP('',(#640,#641,#648,#649));
#640 = ORIENTED_EDGE('',*,*,#618,.T.);
#641 = ORIENTED_EDGE('',*,*,#642,.T.);
#642 = EDGE_CURVE('',#610,#602,#643,.T.);
#643 = CIRCLE('',#644,1.000002540005);
#644 = AXIS2_PLACEMENT_3D('',#645,#646,#647);
#645 = CARTESIAN_POINT('',(5.395011430023,-64.42812801625,2.630073660147    ));
#646 = DIRECTION('',(0.,0.,1.));
#647 = DIRECTION('',(-1.,-1.110223024625E-16,0.));
#648 = ORIENTED_EDGE('',*,*,#599,.F.);
#649 = ORIENTED_EDGE('',*,*,#650,.F.);
#650 = EDGE_CURVE('',#619,#600,#651,.T.);
#651 = CIRCLE('',#652,1.000002540005);
#652 = AXIS2_PLACEMENT_3D('',#653,#654,#655);
#653 = CARTESIAN_POINT('',(5.395011430023,-64.42812801625,0.));
#654 = DIRECTION('',(0.,0.,1.));
#655 = DIRECTION('',(-1.,-1.110223024625E-16,0.));
#656 = CYLINDRICAL_SURFACE('',#657,1.000002540005);
#657 = AXIS2_PLACEMENT_3D('',#658,#659,#660);
#658 = CARTESIAN_POINT('',(5.395011430023,-64.42812801625,0.));
#659 = DIRECTION('',(-0.,-0.,-1.));
#660 = DIRECTION('',(-1.,-1.110223024625E-16,0.));
#661 = ADVANCED_FACE('',(#662),#698,.F.);
#662 = FACE_BOUND('',#663,.T.);
#663 = EDGE_LOOP('',(#664,#674,#683,#691));
#664 = ORIENTED_EDGE('',*,*,#665,.T.);
#665 = EDGE_CURVE('',#666,#668,#670,.T.);
#666 = VERTEX_POINT('',#667);
#667 = CARTESIAN_POINT('',(6.434013208026,-35.65907035814,0.));
#668 = VERTEX_POINT('',#669);
#669 = CARTESIAN_POINT('',(6.434013208026,-35.65907035814,2.630073660147    ));
#670 = LINE('',#671,#672);
#671 = CARTESIAN_POINT('',(6.434013208026,-35.65907035814,0.));
#672 = VECTOR('',#673,1.);
#673 = DIRECTION('',(0.,0.,1.));
#674 = ORIENTED_EDGE('',*,*,#675,.T.);
#675 = EDGE_CURVE('',#668,#676,#678,.T.);
#676 = VERTEX_POINT('',#677);
#677 = CARTESIAN_POINT('',(4.434008128016,-35.65907035814,2.630073660147    ));
#678 = CIRCLE('',#679,1.000002540005);
#679 = AXIS2_PLACEMENT_3D('',#680,#681,#682);
#680 = CARTESIAN_POINT('',(5.434010668021,-35.65907035814,2.630073660147    ));
#681 = DIRECTION('',(0.,0.,1.));
#682 = DIRECTION('',(1.,1.110223024625E-16,-0.));
#683 = ORIENTED_EDGE('',*,*,#684,.F.);
#684 = EDGE_CURVE('',#685,#676,#687,.T.);
#685 = VERTEX_POINT('',#686);
#686 = CARTESIAN_POINT('',(4.434008128016,-35.65907035814,0.));
#687 = LINE('',#688,#689);
#688 = CARTESIAN_POINT('',(4.434008128016,-35.65907035814,0.));
#689 = VECTOR('',#690,1.);
#690 = DIRECTION('',(0.,0.,1.));
#691 = ORIENTED_EDGE('',*,*,#692,.F.);
#692 = EDGE_CURVE('',#666,#685,#693,.T.);
#693 = CIRCLE('',#694,1.000002540005);
#694 = AXIS2_PLACEMENT_3D('',#695,#696,#697);
#695 = CARTESIAN_POINT('',(5.434010668021,-35.65907035814,0.));
#696 = DIRECTION('',(0.,0.,1.));
#697 = DIRECTION('',(1.,1.110223024625E-16,-0.));
#698 = CYLINDRICAL_SURFACE('',#699,1.000002540005);
#699 = AXIS2_PLACEMENT_3D('',#700,#701,#702);
#700 = CARTESIAN_POINT('',(5.434010668021,-35.65907035814,0.));
#701 = DIRECTION('',(-0.,-0.,-1.));
#702 = DIRECTION('',(1.,1.110223024625E-16,-0.));
#703 = ADVANCED_FACE('',(#704),#722,.F.);
#704 = FACE_BOUND('',#705,.T.);
#705 = EDGE_LOOP('',(#706,#707,#714,#715));
#706 = ORIENTED_EDGE('',*,*,#684,.T.);
#707 = ORIENTED_EDGE('',*,*,#708,.T.);
#708 = EDGE_CURVE('',#676,#668,#709,.T.);
#709 = CIRCLE('',#710,1.000002540005);
#710 = AXIS2_PLACEMENT_3D('',#711,#712,#713);
#711 = CARTESIAN_POINT('',(5.434010668021,-35.65907035814,2.630073660147    ));
#712 = DIRECTION('',(0.,0.,1.));
#713 = DIRECTION('',(-1.,-1.110223024625E-16,0.));
#714 = ORIENTED_EDGE('',*,*,#665,.F.);
#715 = ORIENTED_EDGE('',*,*,#716,.F.);
#716 = EDGE_CURVE('',#685,#666,#717,.T.);
#717 = CIRCLE('',#718,1.000002540005);
#718 = AXIS2_PLACEMENT_3D('',#719,#720,#721);
#719 = CARTESIAN_POINT('',(5.434010668021,-35.65907035814,0.));
#720 = DIRECTION('',(0.,0.,1.));
#721 = DIRECTION('',(-1.,-1.110223024625E-16,0.));
#722 = CYLINDRICAL_SURFACE('',#723,1.000002540005);
#723 = AXIS2_PLACEMENT_3D('',#724,#725,#726);
#724 = CARTESIAN_POINT('',(5.434010668021,-35.65907035814,0.));
#725 = DIRECTION('',(-0.,-0.,-1.));
#726 = DIRECTION('',(-1.,-1.110223024625E-16,0.));
#727 = ADVANCED_FACE('',(#728),#764,.F.);
#728 = FACE_BOUND('',#729,.T.);
#729 = EDGE_LOOP('',(#730,#740,#749,#757));
#730 = ORIENTED_EDGE('',*,*,#731,.T.);
#731 = EDGE_CURVE('',#732,#734,#736,.T.);
#732 = VERTEX_POINT('',#733);
#733 = CARTESIAN_POINT('',(74.268148336297,-64.42812801625,0.));
#734 = VERTEX_POINT('',#735);
#735 = CARTESIAN_POINT('',(74.268148336297,-64.42812801625,    2.630073660147));
#736 = LINE('',#737,#738);
#737 = CARTESIAN_POINT('',(74.268148336297,-64.42812801625,0.));
#738 = VECTOR('',#739,1.);
#739 = DIRECTION('',(0.,0.,1.));
#740 = ORIENTED_EDGE('',*,*,#741,.T.);
#741 = EDGE_CURVE('',#734,#742,#744,.T.);
#742 = VERTEX_POINT('',#743);
#743 = CARTESIAN_POINT('',(72.268143256287,-64.42812801625,    2.630073660147));
#744 = CIRCLE('',#745,1.000002540005);
#745 = AXIS2_PLACEMENT_3D('',#746,#747,#748);
#746 = CARTESIAN_POINT('',(73.268145796292,-64.42812801625,    2.630073660147));
#747 = DIRECTION('',(0.,0.,1.));
#748 = DIRECTION('',(1.,1.110223024625E-16,-0.));
#749 = ORIENTED_EDGE('',*,*,#750,.F.);
#750 = EDGE_CURVE('',#751,#742,#753,.T.);
#751 = VERTEX_POINT('',#752);
#752 = CARTESIAN_POINT('',(72.268143256287,-64.42812801625,0.));
#753 = LINE('',#754,#755);
#754 = CARTESIAN_POINT('',(72.268143256287,-64.42812801625,0.));
#755 = VECTOR('',#756,1.);
#756 = DIRECTION('',(0.,0.,1.));
#757 = ORIENTED_EDGE('',*,*,#758,.F.);
#758 = EDGE_CURVE('',#732,#751,#759,.T.);
#759 = CIRCLE('',#760,1.000002540005);
#760 = AXIS2_PLACEMENT_3D('',#761,#762,#763);
#761 = CARTESIAN_POINT('',(73.268145796292,-64.42812801625,0.));
#762 = DIRECTION('',(0.,0.,1.));
#763 = DIRECTION('',(1.,1.110223024625E-16,-0.));
#764 = CYLINDRICAL_SURFACE('',#765,1.000002540005);
#765 = AXIS2_PLACEMENT_3D('',#766,#767,#768);
#766 = CARTESIAN_POINT('',(73.268145796292,-64.42812801625,0.));
#767 = DIRECTION('',(-0.,-0.,-1.));
#768 = DIRECTION('',(1.,1.110223024625E-16,-0.));
#769 = ADVANCED_FACE('',(#770),#788,.F.);
#770 = FACE_BOUND('',#771,.T.);
#771 = EDGE_LOOP('',(#772,#773,#780,#781));
#772 = ORIENTED_EDGE('',*,*,#750,.T.);
#773 = ORIENTED_EDGE('',*,*,#774,.T.);
#774 = EDGE_CURVE('',#742,#734,#775,.T.);
#775 = CIRCLE('',#776,1.000002540005);
#776 = AXIS2_PLACEMENT_3D('',#777,#778,#779);
#777 = CARTESIAN_POINT('',(73.268145796292,-64.42812801625,    2.630073660147));
#778 = DIRECTION('',(0.,0.,1.));
#779 = DIRECTION('',(-1.,-1.110223024625E-16,0.));
#780 = ORIENTED_EDGE('',*,*,#731,.F.);
#781 = ORIENTED_EDGE('',*,*,#782,.F.);
#782 = EDGE_CURVE('',#751,#732,#783,.T.);
#783 = CIRCLE('',#784,1.000002540005);
#784 = AXIS2_PLACEMENT_3D('',#785,#786,#787);
#785 = CARTESIAN_POINT('',(73.268145796292,-64.42812801625,0.));
#786 = DIRECTION('',(0.,0.,1.));
#787 = DIRECTION('',(-1.,-1.110223024625E-16,0.));
#788 = CYLINDRICAL_SURFACE('',#789,1.000002540005);
#789 = AXIS2_PLACEMENT_3D('',#790,#791,#792);
#790 = CARTESIAN_POINT('',(73.268145796292,-64.42812801625,0.));
#791 = DIRECTION('',(-0.,-0.,-1.));
#792 = DIRECTION('',(-1.,-1.110223024625E-16,0.));
#793 = ADVANCED_FACE('',(#794),#830,.F.);
#794 = FACE_BOUND('',#795,.T.);
#795 = EDGE_LOOP('',(#796,#806,#815,#823));
#796 = ORIENTED_EDGE('',*,*,#797,.T.);
#797 = EDGE_CURVE('',#798,#800,#802,.T.);
#798 = VERTEX_POINT('',#799);
#799 = CARTESIAN_POINT('',(74.294150368301,-35.65907035814,0.));
#800 = VERTEX_POINT('',#801);
#801 = CARTESIAN_POINT('',(74.294150368301,-35.65907035814,    2.630073660147));
#802 = LINE('',#803,#804);
#803 = CARTESIAN_POINT('',(74.294150368301,-35.65907035814,0.));
#804 = VECTOR('',#805,1.);
#805 = DIRECTION('',(0.,0.,1.));
#806 = ORIENTED_EDGE('',*,*,#807,.T.);
#807 = EDGE_CURVE('',#800,#808,#810,.T.);
#808 = VERTEX_POINT('',#809);
#809 = CARTESIAN_POINT('',(72.294145288291,-35.65907035814,    2.630073660147));
#810 = CIRCLE('',#811,1.000002540005);
#811 = AXIS2_PLACEMENT_3D('',#812,#813,#814);
#812 = CARTESIAN_POINT('',(73.294147828296,-35.65907035814,    2.630073660147));
#813 = DIRECTION('',(0.,0.,1.));
#814 = DIRECTION('',(1.,1.110223024625E-16,-0.));
#815 = ORIENTED_EDGE('',*,*,#816,.F.);
#816 = EDGE_CURVE('',#817,#808,#819,.T.);
#817 = VERTEX_POINT('',#818);
#818 = CARTESIAN_POINT('',(72.294145288291,-35.65907035814,0.));
#819 = LINE('',#820,#821);
#820 = CARTESIAN_POINT('',(72.294145288291,-35.65907035814,0.));
#821 = VECTOR('',#822,1.);
#822 = DIRECTION('',(0.,0.,1.));
#823 = ORIENTED_EDGE('',*,*,#824,.F.);
#824 = EDGE_CURVE('',#798,#817,#825,.T.);
#825 = CIRCLE('',#826,1.000002540005);
#826 = AXIS2_PLACEMENT_3D('',#827,#828,#829);
#827 = CARTESIAN_POINT('',(73.294147828296,-35.65907035814,0.));
#828 = DIRECTION('',(0.,0.,1.));
#829 = DIRECTION('',(1.,1.110223024625E-16,-0.));
#830 = CYLINDRICAL_SURFACE('',#831,1.000002540005);
#831 = AXIS2_PLACEMENT_3D('',#832,#833,#834);
#832 = CARTESIAN_POINT('',(73.294147828296,-35.65907035814,0.));
#833 = DIRECTION('',(-0.,-0.,-1.));
#834 = DIRECTION('',(1.,1.110223024625E-16,-0.));
#835 = ADVANCED_FACE('',(#836),#854,.F.);
#836 = FACE_BOUND('',#837,.T.);
#837 = EDGE_LOOP('',(#838,#839,#846,#847));
#838 = ORIENTED_EDGE('',*,*,#816,.T.);
#839 = ORIENTED_EDGE('',*,*,#840,.T.);
#840 = EDGE_CURVE('',#808,#800,#841,.T.);
#841 = CIRCLE('',#842,1.000002540005);
#842 = AXIS2_PLACEMENT_3D('',#843,#844,#845);
#843 = CARTESIAN_POINT('',(73.294147828296,-35.65907035814,    2.630073660147));
#844 = DIRECTION('',(0.,0.,1.));
#845 = DIRECTION('',(-1.,-1.110223024625E-16,0.));
#846 = ORIENTED_EDGE('',*,*,#797,.F.);
#847 = ORIENTED_EDGE('',*,*,#848,.F.);
#848 = EDGE_CURVE('',#817,#798,#849,.T.);
#849 = CIRCLE('',#850,1.000002540005);
#850 = AXIS2_PLACEMENT_3D('',#851,#852,#853);
#851 = CARTESIAN_POINT('',(73.294147828296,-35.65907035814,0.));
#852 = DIRECTION('',(0.,0.,1.));
#853 = DIRECTION('',(-1.,-1.110223024625E-16,0.));
#854 = CYLINDRICAL_SURFACE('',#855,1.000002540005);
#855 = AXIS2_PLACEMENT_3D('',#856,#857,#858);
#856 = CARTESIAN_POINT('',(73.294147828296,-35.65907035814,0.));
#857 = DIRECTION('',(-0.,-0.,-1.));
#858 = DIRECTION('',(-1.,-1.110223024625E-16,0.));
#859 = ADVANCED_FACE('',(#860),#896,.F.);
#860 = FACE_BOUND('',#861,.T.);
#861 = EDGE_LOOP('',(#862,#872,#881,#889));
#862 = ORIENTED_EDGE('',*,*,#863,.T.);
#863 = EDGE_CURVE('',#864,#866,#868,.T.);
#864 = VERTEX_POINT('',#865);
#865 = CARTESIAN_POINT('',(99.000198120396,-75.5001498603,0.));
#866 = VERTEX_POINT('',#867);
#867 = CARTESIAN_POINT('',(99.000198120396,-75.5001498603,2.630073660147    ));
#868 = LINE('',#869,#870);
#869 = CARTESIAN_POINT('',(99.000198120396,-75.5001498603,0.));
#870 = VECTOR('',#871,1.);
#871 = DIRECTION('',(0.,0.,1.));
#872 = ORIENTED_EDGE('',*,*,#873,.T.);
#873 = EDGE_CURVE('',#866,#874,#876,.T.);
#874 = VERTEX_POINT('',#875);
#875 = CARTESIAN_POINT('',(96.000193040386,-75.5001498603,2.630073660147    ));
#876 = CIRCLE('',#877,1.500002540005);
#877 = AXIS2_PLACEMENT_3D('',#878,#879,#880);
#878 = CARTESIAN_POINT('',(97.500195580391,-75.5001498603,2.630073660147    ));
#879 = DIRECTION('',(0.,0.,1.));
#880 = DIRECTION('',(1.,1.110223024625E-16,-0.));
#881 = ORIENTED_EDGE('',*,*,#882,.F.);
#882 = EDGE_CURVE('',#883,#874,#885,.T.);
#883 = VERTEX_POINT('',#884);
#884 = CARTESIAN_POINT('',(96.000193040386,-75.5001498603,0.));
#885 = LINE('',#886,#887);
#886 = CARTESIAN_POINT('',(96.000193040386,-75.5001498603,0.));
#887 = VECTOR('',#888,1.);
#888 = DIRECTION('',(0.,0.,1.));
#889 = ORIENTED_EDGE('',*,*,#890,.F.);
#890 = EDGE_CURVE('',#864,#883,#891,.T.);
#891 = CIRCLE('',#892,1.500002540005);
#892 = AXIS2_PLACEMENT_3D('',#893,#894,#895);
#893 = CARTESIAN_POINT('',(97.500195580391,-75.5001498603,0.));
#894 = DIRECTION('',(0.,0.,1.));
#895 = DIRECTION('',(1.,1.110223024625E-16,-0.));
#896 = CYLINDRICAL_SURFACE('',#897,1.500002540005);
#897 = AXIS2_PLACEMENT_3D('',#898,#899,#900);
#898 = CARTESIAN_POINT('',(97.500195580391,-75.5001498603,0.));
#899 = DIRECTION('',(-0.,-0.,-1.));
#900 = DIRECTION('',(1.,1.110223024625E-16,-0.));
#901 = ADVANCED_FACE('',(#902),#920,.F.);
#902 = FACE_BOUND('',#903,.T.);
#903 = EDGE_LOOP('',(#904,#905,#912,#913));
#904 = ORIENTED_EDGE('',*,*,#882,.T.);
#905 = ORIENTED_EDGE('',*,*,#906,.T.);
#906 = EDGE_CURVE('',#874,#866,#907,.T.);
#907 = CIRCLE('',#908,1.500002540005);
#908 = AXIS2_PLACEMENT_3D('',#909,#910,#911);
#909 = CARTESIAN_POINT('',(97.500195580391,-75.5001498603,2.630073660147    ));
#910 = DIRECTION('',(0.,0.,1.));
#911 = DIRECTION('',(-1.,-1.110223024625E-16,0.));
#912 = ORIENTED_EDGE('',*,*,#863,.F.);
#913 = ORIENTED_EDGE('',*,*,#914,.F.);
#914 = EDGE_CURVE('',#883,#864,#915,.T.);
#915 = CIRCLE('',#916,1.500002540005);
#916 = AXIS2_PLACEMENT_3D('',#917,#918,#919);
#917 = CARTESIAN_POINT('',(97.500195580391,-75.5001498603,0.));
#918 = DIRECTION('',(0.,0.,1.));
#919 = DIRECTION('',(-1.,-1.110223024625E-16,0.));
#920 = CYLINDRICAL_SURFACE('',#921,1.500002540005);
#921 = AXIS2_PLACEMENT_3D('',#922,#923,#924);
#922 = CARTESIAN_POINT('',(97.500195580391,-75.5001498603,0.));
#923 = DIRECTION('',(-0.,-0.,-1.));
#924 = DIRECTION('',(-1.,-1.110223024625E-16,0.));
#925 = ADVANCED_FACE('',(#926),#962,.F.);
#926 = FACE_BOUND('',#927,.T.);
#927 = EDGE_LOOP('',(#928,#938,#947,#955));
#928 = ORIENTED_EDGE('',*,*,#929,.T.);
#929 = EDGE_CURVE('',#930,#932,#934,.T.);
#930 = VERTEX_POINT('',#931);
#931 = CARTESIAN_POINT('',(99.000198120396,-30.50006096012,0.));
#932 = VERTEX_POINT('',#933);
#933 = CARTESIAN_POINT('',(99.000198120396,-30.50006096012,    2.630073660147));
#934 = LINE('',#935,#936);
#935 = CARTESIAN_POINT('',(99.000198120396,-30.50006096012,0.));
#936 = VECTOR('',#937,1.);
#937 = DIRECTION('',(0.,0.,1.));
#938 = ORIENTED_EDGE('',*,*,#939,.T.);
#939 = EDGE_CURVE('',#932,#940,#942,.T.);
#940 = VERTEX_POINT('',#941);
#941 = CARTESIAN_POINT('',(96.000193040386,-30.50006096012,    2.630073660147));
#942 = CIRCLE('',#943,1.500002540005);
#943 = AXIS2_PLACEMENT_3D('',#944,#945,#946);
#944 = CARTESIAN_POINT('',(97.500195580391,-30.50006096012,    2.630073660147));
#945 = DIRECTION('',(0.,0.,1.));
#946 = DIRECTION('',(1.,1.110223024625E-16,-0.));
#947 = ORIENTED_EDGE('',*,*,#948,.F.);
#948 = EDGE_CURVE('',#949,#940,#951,.T.);
#949 = VERTEX_POINT('',#950);
#950 = CARTESIAN_POINT('',(96.000193040386,-30.50006096012,0.));
#951 = LINE('',#952,#953);
#952 = CARTESIAN_POINT('',(96.000193040386,-30.50006096012,0.));
#953 = VECTOR('',#954,1.);
#954 = DIRECTION('',(0.,0.,1.));
#955 = ORIENTED_EDGE('',*,*,#956,.F.);
#956 = EDGE_CURVE('',#930,#949,#957,.T.);
#957 = CIRCLE('',#958,1.500002540005);
#958 = AXIS2_PLACEMENT_3D('',#959,#960,#961);
#959 = CARTESIAN_POINT('',(97.500195580391,-30.50006096012,0.));
#960 = DIRECTION('',(0.,0.,1.));
#961 = DIRECTION('',(1.,1.110223024625E-16,-0.));
#962 = CYLINDRICAL_SURFACE('',#963,1.500002540005);
#963 = AXIS2_PLACEMENT_3D('',#964,#965,#966);
#964 = CARTESIAN_POINT('',(97.500195580391,-30.50006096012,0.));
#965 = DIRECTION('',(-0.,-0.,-1.));
#966 = DIRECTION('',(1.,1.110223024625E-16,-0.));
#967 = ADVANCED_FACE('',(#968),#986,.F.);
#968 = FACE_BOUND('',#969,.T.);
#969 = EDGE_LOOP('',(#970,#971,#978,#979));
#970 = ORIENTED_EDGE('',*,*,#948,.T.);
#971 = ORIENTED_EDGE('',*,*,#972,.T.);
#972 = EDGE_CURVE('',#940,#932,#973,.T.);
#973 = CIRCLE('',#974,1.500002540005);
#974 = AXIS2_PLACEMENT_3D('',#975,#976,#977);
#975 = CARTESIAN_POINT('',(97.500195580391,-30.50006096012,    2.630073660147));
#976 = DIRECTION('',(0.,0.,1.));
#977 = DIRECTION('',(-1.,-1.110223024625E-16,0.));
#978 = ORIENTED_EDGE('',*,*,#929,.F.);
#979 = ORIENTED_EDGE('',*,*,#980,.F.);
#980 = EDGE_CURVE('',#949,#930,#981,.T.);
#981 = CIRCLE('',#982,1.500002540005);
#982 = AXIS2_PLACEMENT_3D('',#983,#984,#985);
#983 = CARTESIAN_POINT('',(97.500195580391,-30.50006096012,0.));
#984 = DIRECTION('',(0.,0.,1.));
#985 = DIRECTION('',(-1.,-1.110223024625E-16,0.));
#986 = CYLINDRICAL_SURFACE('',#987,1.500002540005);
#987 = AXIS2_PLACEMENT_3D('',#988,#989,#990);
#988 = CARTESIAN_POINT('',(97.500195580391,-30.50006096012,0.));
#989 = DIRECTION('',(-0.,-0.,-1.));
#990 = DIRECTION('',(-1.,-1.110223024625E-16,0.));
#991 = ADVANCED_FACE('',(#992,#1002,#1006,#1010,#1016,#1020,#1024,#1028,    #1032,#1036),#1040,.T.);
#992 = FACE_BOUND('',#993,.T.);
#993 = EDGE_LOOP('',(#994,#995,#996,#997,#998,#999,#1000,#1001));
#994 = ORIENTED_EDGE('',*,*,#114,.T.);
#995 = ORIENTED_EDGE('',*,*,#146,.T.);
#996 = ORIENTED_EDGE('',*,*,#178,.T.);
#997 = ORIENTED_EDGE('',*,*,#210,.T.);
#998 = ORIENTED_EDGE('',*,*,#242,.T.);
#999 = ORIENTED_EDGE('',*,*,#274,.T.);
#1000 = ORIENTED_EDGE('',*,*,#306,.T.);
#1001 = ORIENTED_EDGE('',*,*,#329,.T.);
#1002 = FACE_BOUND('',#1003,.T.);
#1003 = EDGE_LOOP('',(#1004,#1005));
#1004 = ORIENTED_EDGE('',*,*,#370,.T.);
#1005 = ORIENTED_EDGE('',*,*,#394,.T.);
#1006 = FACE_BOUND('',#1007,.T.);
#1007 = EDGE_LOOP('',(#1008,#1009));
#1008 = ORIENTED_EDGE('',*,*,#436,.T.);
#1009 = ORIENTED_EDGE('',*,*,#460,.T.);
#1010 = FACE_BOUND('',#1011,.T.);
#1011 = EDGE_LOOP('',(#1012,#1013,#1014,#1015));
#1012 = ORIENTED_EDGE('',*,*,#501,.T.);
#1013 = ORIENTED_EDGE('',*,*,#532,.T.);
#1014 = ORIENTED_EDGE('',*,*,#563,.T.);
#1015 = ORIENTED_EDGE('',*,*,#585,.T.);
#1016 = FACE_BOUND('',#1017,.T.);
#1017 = EDGE_LOOP('',(#1018,#1019));
#1018 = ORIENTED_EDGE('',*,*,#626,.T.);
#1019 = ORIENTED_EDGE('',*,*,#650,.T.);
#1020 = FACE_BOUND('',#1021,.T.);
#1021 = EDGE_LOOP('',(#1022,#1023));
#1022 = ORIENTED_EDGE('',*,*,#692,.T.);
#1023 = ORIENTED_EDGE('',*,*,#716,.T.);
#1024 = FACE_BOUND('',#1025,.T.);
#1025 = EDGE_LOOP('',(#1026,#1027));
#1026 = ORIENTED_EDGE('',*,*,#758,.T.);
#1027 = ORIENTED_EDGE('',*,*,#782,.T.);
#1028 = FACE_BOUND('',#1029,.T.);
#1029 = EDGE_LOOP('',(#1030,#1031));
#1030 = ORIENTED_EDGE('',*,*,#824,.T.);
#1031 = ORIENTED_EDGE('',*,*,#848,.T.);
#1032 = FACE_BOUND('',#1033,.T.);
#1033 = EDGE_LOOP('',(#1034,#1035));
#1034 = ORIENTED_EDGE('',*,*,#890,.T.);
#1035 = ORIENTED_EDGE('',*,*,#914,.T.);
#1036 = FACE_BOUND('',#1037,.T.);
#1037 = EDGE_LOOP('',(#1038,#1039));
#1038 = ORIENTED_EDGE('',*,*,#956,.T.);
#1039 = ORIENTED_EDGE('',*,*,#980,.T.);
#1040 = PLANE('',#1041);
#1041 = AXIS2_PLACEMENT_3D('',#1042,#1043,#1044);
#1042 = CARTESIAN_POINT('',(50.000100330201,-53.00010541021,0.));
#1043 = DIRECTION('',(-0.,-0.,-1.));
#1044 = DIRECTION('',(-1.,0.,0.));
#1045 = ADVANCED_FACE('',(#1046,#1056,#1060,#1064,#1070,#1074,#1078,    #1082,#1086,#1090),#1094,.F.);
#1046 = FACE_BOUND('',#1047,.F.);
#1047 = EDGE_LOOP('',(#1048,#1049,#1050,#1051,#1052,#1053,#1054,#1055));
#1048 = ORIENTED_EDGE('',*,*,#97,.T.);
#1049 = ORIENTED_EDGE('',*,*,#130,.T.);
#1050 = ORIENTED_EDGE('',*,*,#161,.T.);
#1051 = ORIENTED_EDGE('',*,*,#194,.T.);
#1052 = ORIENTED_EDGE('',*,*,#225,.T.);
#1053 = ORIENTED_EDGE('',*,*,#258,.T.);
#1054 = ORIENTED_EDGE('',*,*,#289,.T.);
#1055 = ORIENTED_EDGE('',*,*,#322,.T.);
#1056 = FACE_BOUND('',#1057,.F.);
#1057 = EDGE_LOOP('',(#1058,#1059));
#1058 = ORIENTED_EDGE('',*,*,#353,.T.);
#1059 = ORIENTED_EDGE('',*,*,#386,.T.);
#1060 = FACE_BOUND('',#1061,.F.);
#1061 = EDGE_LOOP('',(#1062,#1063));
#1062 = ORIENTED_EDGE('',*,*,#419,.T.);
#1063 = ORIENTED_EDGE('',*,*,#452,.T.);
#1064 = FACE_BOUND('',#1065,.F.);
#1065 = EDGE_LOOP('',(#1066,#1067,#1068,#1069));
#1066 = ORIENTED_EDGE('',*,*,#485,.T.);
#1067 = ORIENTED_EDGE('',*,*,#516,.T.);
#1068 = ORIENTED_EDGE('',*,*,#547,.T.);
#1069 = ORIENTED_EDGE('',*,*,#578,.T.);
#1070 = FACE_BOUND('',#1071,.F.);
#1071 = EDGE_LOOP('',(#1072,#1073));
#1072 = ORIENTED_EDGE('',*,*,#609,.T.);
#1073 = ORIENTED_EDGE('',*,*,#642,.T.);
#1074 = FACE_BOUND('',#1075,.F.);
#1075 = EDGE_LOOP('',(#1076,#1077));
#1076 = ORIENTED_EDGE('',*,*,#675,.T.);
#1077 = ORIENTED_EDGE('',*,*,#708,.T.);
#1078 = FACE_BOUND('',#1079,.F.);
#1079 = EDGE_LOOP('',(#1080,#1081));
#1080 = ORIENTED_EDGE('',*,*,#741,.T.);
#1081 = ORIENTED_EDGE('',*,*,#774,.T.);
#1082 = FACE_BOUND('',#1083,.F.);
#1083 = EDGE_LOOP('',(#1084,#1085));
#1084 = ORIENTED_EDGE('',*,*,#807,.T.);
#1085 = ORIENTED_EDGE('',*,*,#840,.T.);
#1086 = FACE_BOUND('',#1087,.F.);
#1087 = EDGE_LOOP('',(#1088,#1089));
#1088 = ORIENTED_EDGE('',*,*,#873,.T.);
#1089 = ORIENTED_EDGE('',*,*,#906,.T.);
#1090 = FACE_BOUND('',#1091,.F.);
#1091 = EDGE_LOOP('',(#1092,#1093));
#1092 = ORIENTED_EDGE('',*,*,#939,.T.);
#1093 = ORIENTED_EDGE('',*,*,#972,.T.);
#1094 = PLANE('',#1095);
#1095 = AXIS2_PLACEMENT_3D('',#1096,#1097,#1098);
#1096 = CARTESIAN_POINT('',(50.000100330201,-53.00010541021,    2.630073660147));
#1097 = DIRECTION('',(-0.,-0.,-1.));
#1098 = DIRECTION('',(-1.,0.,0.));
#1099 = ( GEOMETRIC_REPRESENTATION_CONTEXT(3) GLOBAL_UNCERTAINTY_ASSIGNED_CONTEXT((#1103)) GLOBAL_UNIT_ASSIGNED_CONTEXT((#1100,#1101,#1102)) REPRESENTATION_CONTEXT('Context #1','3D Context with UNIT and UNCERTAINTY') );
#1100 = ( LENGTH_UNIT() NAMED_UNIT(*) SI_UNIT(.MILLI.,.METRE.) );
#1101 = ( NAMED_UNIT(*) PLANE_ANGLE_UNIT() SI_UNIT($,.RADIAN.) );
#1102 = ( NAMED_UNIT(*) SI_UNIT($,.STERADIAN.) SOLID_ANGLE_UNIT() );
#1103 = UNCERTAINTY_MEASURE_WITH_UNIT(LENGTH_MEASURE(1.E-07),#1100,  'distance_accuracy_value','confusion accuracy');
#1104 = CONTEXT_DEPENDENT_SHAPE_REPRESENTATION(#1105,#1107);
#1105 = ( REPRESENTATION_RELATIONSHIP('','',#80,#10) REPRESENTATION_RELATIONSHIP_WITH_TRANSFORMATION(#1106) SHAPE_REPRESENTATION_RELATIONSHIP() );
#1106 = ITEM_DEFINED_TRANSFORMATION('','',#11,#15);
#1107 = PRODUCT_DEFINITION_SHAPE('Placement','Placement of an item',  #1108);
#1108 = NEXT_ASSEMBLY_USAGE_OCCURRENCE('1','=>[0:1:1:2]','',#5,#75,$);
#1109 = PRODUCT_RELATED_PRODUCT_CATEGORY('part',$,(#77));
#1110 = SHAPE_DEFINITION_REPRESENTATION(#1111,#1117);
#1111 = PRODUCT_DEFINITION_SHAPE('','',#1112);
#1112 = PRODUCT_DEFINITION('design','',#1113,#1116);
#1113 = PRODUCT_DEFINITION_FORMATION('','',#1114);
#1114 = PRODUCT('TopCopper~DVN9','TopCopper~DVN9','',(#1115));
#1115 = PRODUCT_CONTEXT('',#2,'mechanical');
#1116 = PRODUCT_DEFINITION_CONTEXT('part definition',#2,'design');
#1117 = SHAPE_REPRESENTATION('',(#11),#1118);
#1118 = ( GEOMETRIC_REPRESENTATION_CONTEXT(3) GLOBAL_UNCERTAINTY_ASSIGNED_CONTEXT((#1122)) GLOBAL_UNIT_ASSIGNED_CONTEXT((#1119,#1120,#1121)) REPRESENTATION_CONTEXT('Context #1','3D Context with UNIT and UNCERTAINTY') );
#1119 = ( LENGTH_UNIT() NAMED_UNIT(*) SI_UNIT(.MILLI.,.METRE.) );
#1120 = ( NAMED_UNIT(*) PLANE_ANGLE_UNIT() SI_UNIT($,.RADIAN.) );
#1121 = ( NAMED_UNIT(*) SI_UNIT($,.STERADIAN.) SOLID_ANGLE_UNIT() );
#1122 = UNCERTAINTY_MEASURE_WITH_UNIT(LENGTH_MEASURE(1.E-07),#1119,  'distance_accuracy_value','confusion accuracy');
#1123 = CONTEXT_DEPENDENT_SHAPE_REPRESENTATION(#1124,#1126);
#1124 = ( REPRESENTATION_RELATIONSHIP('','',#1117,#10) REPRESENTATION_RELATIONSHIP_WITH_TRANSFORMATION(#1125) SHAPE_REPRESENTATION_RELATIONSHIP() );
#1125 = ITEM_DEFINED_TRANSFORMATION('','',#11,#19);
#1126 = PRODUCT_DEFINITION_SHAPE('Placement','Placement of an item',  #1127);
#1127 = NEXT_ASSEMBLY_USAGE_OCCURRENCE('2','=>[0:1:1:3]','',#5,#1112,$);
#1128 = PRODUCT_RELATED_PRODUCT_CATEGORY('part',$,(#1114));
#1129 = SHAPE_DEFINITION_REPRESENTATION(#1130,#1136);
#1130 = PRODUCT_DEFINITION_SHAPE('','',#1131);
#1131 = PRODUCT_DEFINITION('design','',#1132,#1135);
#1132 = PRODUCT_DEFINITION_FORMATION('','',#1133);
#1133 = PRODUCT('BottomCopper~DVN9','BottomCopper~DVN9','',(#1134));
#1134 = PRODUCT_CONTEXT('',#2,'mechanical');
#1135 = PRODUCT_DEFINITION_CONTEXT('part definition',#2,'design');
#1136 = SHAPE_REPRESENTATION('',(#11),#1137);
#1137 = ( GEOMETRIC_REPRESENTATION_CONTEXT(3) GLOBAL_UNCERTAINTY_ASSIGNED_CONTEXT((#1141)) GLOBAL_UNIT_ASSIGNED_CONTEXT((#1138,#1139,#1140)) REPRESENTATION_CONTEXT('Context #1','3D Context with UNIT and UNCERTAINTY') );
#1138 = ( LENGTH_UNIT() NAMED_UNIT(*) SI_UNIT(.MILLI.,.METRE.) );
#1139 = ( NAMED_UNIT(*) PLANE_ANGLE_UNIT() SI_UNIT($,.RADIAN.) );
#1140 = ( NAMED_UNIT(*) SI_UNIT($,.STERADIAN.) SOLID_ANGLE_UNIT() );
#1141 = UNCERTAINTY_MEASURE_WITH_UNIT(LENGTH_MEASURE(1.E-07),#1138,  'distance_accuracy_value','confusion accuracy');
#1142 = CONTEXT_DEPENDENT_SHAPE_REPRESENTATION(#1143,#1145);
#1143 = ( REPRESENTATION_RELATIONSHIP('','',#1136,#10) REPRESENTATION_RELATIONSHIP_WITH_TRANSFORMATION(#1144) SHAPE_REPRESENTATION_RELATIONSHIP() );
#1144 = ITEM_DEFINED_TRANSFORMATION('','',#11,#23);
#1145 = PRODUCT_DEFINITION_SHAPE('Placement','Placement of an item',  #1146);
#1146 = NEXT_ASSEMBLY_USAGE_OCCURRENCE('3','=>[0:1:1:4]','',#5,#1131,$);
#1147 = PRODUCT_RELATED_PRODUCT_CATEGORY('part',$,(#1133));
#1148 = SHAPE_DEFINITION_REPRESENTATION(#1149,#1155);
#1149 = PRODUCT_DEFINITION_SHAPE('','',#1150);
#1150 = PRODUCT_DEFINITION('design','',#1151,#1154);
#1151 = PRODUCT_DEFINITION_FORMATION('','',#1152);
#1152 = PRODUCT('TopFpcStiffener~DVN9','TopFpcStiffener~DVN9','',(#1153)  );
#1153 = PRODUCT_CONTEXT('',#2,'mechanical');
#1154 = PRODUCT_DEFINITION_CONTEXT('part definition',#2,'design');
#1155 = SHAPE_REPRESENTATION('',(#11),#1156);
#1156 = ( GEOMETRIC_REPRESENTATION_CONTEXT(3) GLOBAL_UNCERTAINTY_ASSIGNED_CONTEXT((#1160)) GLOBAL_UNIT_ASSIGNED_CONTEXT((#1157,#1158,#1159)) REPRESENTATION_CONTEXT('Context #1','3D Context with UNIT and UNCERTAINTY') );
#1157 = ( LENGTH_UNIT() NAMED_UNIT(*) SI_UNIT(.MILLI.,.METRE.) );
#1158 = ( NAMED_UNIT(*) PLANE_ANGLE_UNIT() SI_UNIT($,.RADIAN.) );
#1159 = ( NAMED_UNIT(*) SI_UNIT($,.STERADIAN.) SOLID_ANGLE_UNIT() );
#1160 = UNCERTAINTY_MEASURE_WITH_UNIT(LENGTH_MEASURE(1.E-07),#1157,  'distance_accuracy_value','confusion accuracy');
#1161 = CONTEXT_DEPENDENT_SHAPE_REPRESENTATION(#1162,#1164);
#1162 = ( REPRESENTATION_RELATIONSHIP('','',#1155,#10) REPRESENTATION_RELATIONSHIP_WITH_TRANSFORMATION(#1163) SHAPE_REPRESENTATION_RELATIONSHIP() );
#1163 = ITEM_DEFINED_TRANSFORMATION('','',#11,#27);
#1164 = PRODUCT_DEFINITION_SHAPE('Placement','Placement of an item',  #1165);
#1165 = NEXT_ASSEMBLY_USAGE_OCCURRENCE('4','=>[0:1:1:5]','',#5,#1150,$);
#1166 = PRODUCT_RELATED_PRODUCT_CATEGORY('part',$,(#1152));
#1167 = SHAPE_DEFINITION_REPRESENTATION(#1168,#1174);
#1168 = PRODUCT_DEFINITION_SHAPE('','',#1169);
#1169 = PRODUCT_DEFINITION('design','',#1170,#1173);
#1170 = PRODUCT_DEFINITION_FORMATION('','',#1171);
#1171 = PRODUCT('BottomFpcStiffener~DVN9','BottomFpcStiffener~DVN9','',(    #1172));
#1172 = PRODUCT_CONTEXT('',#2,'mechanical');
#1173 = PRODUCT_DEFINITION_CONTEXT('part definition',#2,'design');
#1174 = SHAPE_REPRESENTATION('',(#11),#1175);
#1175 = ( GEOMETRIC_REPRESENTATION_CONTEXT(3) GLOBAL_UNCERTAINTY_ASSIGNED_CONTEXT((#1179)) GLOBAL_UNIT_ASSIGNED_CONTEXT((#1176,#1177,#1178)) REPRESENTATION_CONTEXT('Context #1','3D Context with UNIT and UNCERTAINTY') );
#1176 = ( LENGTH_UNIT() NAMED_UNIT(*) SI_UNIT(.MILLI.,.METRE.) );
#1177 = ( NAMED_UNIT(*) PLANE_ANGLE_UNIT() SI_UNIT($,.RADIAN.) );
#1178 = ( NAMED_UNIT(*) SI_UNIT($,.STERADIAN.) SOLID_ANGLE_UNIT() );
#1179 = UNCERTAINTY_MEASURE_WITH_UNIT(LENGTH_MEASURE(1.E-07),#1176,  'distance_accuracy_value','confusion accuracy');
#1180 = CONTEXT_DEPENDENT_SHAPE_REPRESENTATION(#1181,#1183);
#1181 = ( REPRESENTATION_RELATIONSHIP('','',#1174,#10) REPRESENTATION_RELATIONSHIP_WITH_TRANSFORMATION(#1182) SHAPE_REPRESENTATION_RELATIONSHIP() );
#1182 = ITEM_DEFINED_TRANSFORMATION('','',#11,#31);
#1183 = PRODUCT_DEFINITION_SHAPE('Placement','Placement of an item',  #1184);
#1184 = NEXT_ASSEMBLY_USAGE_OCCURRENCE('5','=>[0:1:1:6]','',#5,#1169,$);
#1185 = PRODUCT_RELATED_PRODUCT_CATEGORY('part',$,(#1171));
#1186 = SHAPE_DEFINITION_REPRESENTATION(#1187,#1193);
#1187 = PRODUCT_DEFINITION_SHAPE('','',#1188);
#1188 = PRODUCT_DEFINITION('design','',#1189,#1192);
#1189 = PRODUCT_DEFINITION_FORMATION('','',#1190);
#1190 = PRODUCT('RA8P1-LCD~FPC-SMD_40P-P0.50_XUNPU_FPC-05FB-40PH20~FPC-SMD_40P-P0.50_XUNPU_FPC-05FB-40PH20~DVN9','RA8P1-LCD~FPC-SMD_40P-P0.50_XUNPU_FPC-05FB-40PH20~FPC-SMD_40P-P0.50_XUNPU_FPC-05FB-40PH20~DVN9','',(#1191));
#1191 = PRODUCT_CONTEXT('',#2,'mechanical');
#1192 = PRODUCT_DEFINITION_CONTEXT('part definition',#2,'design');
#1193 = SHAPE_REPRESENTATION('',(#11,#1194),#1198);
#1194 = AXIS2_PLACEMENT_3D('',#1195,#1196,#1197);
#1195 = CARTESIAN_POINT('',(0.,0.,0.));
#1196 = DIRECTION('',(0.,0.,1.));
#1197 = DIRECTION('',(1.,0.,-0.));
#1198 = ( GEOMETRIC_REPRESENTATION_CONTEXT(3) GLOBAL_UNCERTAINTY_ASSIGNED_CONTEXT((#1202)) GLOBAL_UNIT_ASSIGNED_CONTEXT((#1199,#1200,#1201)) REPRESENTATION_CONTEXT('Context #1','3D Context with UNIT and UNCERTAINTY') );
#1199 = ( LENGTH_UNIT() NAMED_UNIT(*) SI_UNIT(.MILLI.,.METRE.) );
#1200 = ( NAMED_UNIT(*) PLANE_ANGLE_UNIT() SI_UNIT($,.RADIAN.) );
#1201 = ( NAMED_UNIT(*) SI_UNIT($,.STERADIAN.) SOLID_ANGLE_UNIT() );
#1202 = UNCERTAINTY_MEASURE_WITH_UNIT(LENGTH_MEASURE(2.E-06),#1199,  'distance_accuracy_value','confusion accuracy');
#1203 = CONTEXT_DEPENDENT_SHAPE_REPRESENTATION(#1204,#1206);
#1204 = ( REPRESENTATION_RELATIONSHIP('','',#1193,#10) REPRESENTATION_RELATIONSHIP_WITH_TRANSFORMATION(#1205) SHAPE_REPRESENTATION_RELATIONSHIP() );
#1205 = ITEM_DEFINED_TRANSFORMATION('','',#11,#35);
#1206 = PRODUCT_DEFINITION_SHAPE('Placement','Placement of an item',  #1207);
#1207 = NEXT_ASSEMBLY_USAGE_OCCURRENCE('7','=>[0:1:1:8]','',#5,#1188,$);
#1208 = PRODUCT_RELATED_PRODUCT_CATEGORY('part',$,(#1190));
#1209 = SHAPE_DEFINITION_REPRESENTATION(#1210,#1216);
#1210 = PRODUCT_DEFINITION_SHAPE('','',#1211);
#1211 = PRODUCT_DEFINITION('design','',#1212,#1215);
#1212 = PRODUCT_DEFINITION_FORMATION('','',#1213);
#1213 = PRODUCT('FPC-SMD_40P-P0.50_XUNPU_FPC-05FB-40PH20~FPC-SMD_40P-P0.50_XUNPU_FPC-05FB-40PH20~DVN9','FPC-SMD_40P-P0.50_XUNPU_FPC-05FB-40PH20~FPC-SMD_40P-P0.50_XUNPU_FPC-05FB-40PH20~DVN9','',(#1214));
#1214 = PRODUCT_CONTEXT('',#2,'mechanical');
#1215 = PRODUCT_DEFINITION_CONTEXT('part definition',#2,'design');
#1216 = ADVANCED_BREP_SHAPE_REPRESENTATION('',(#11,#1217),#1355);
#1217 = MANIFOLD_SOLID_BREP('',#1218);
#1218 = CLOSED_SHELL('',(#1219,#1255,#1291,#1311,#1331,#1343));
#1219 = ADVANCED_FACE('',(#1220),#1250,.F.);
#1220 = FACE_BOUND('',#1221,.F.);
#1221 = EDGE_LOOP('',(#1222,#1231,#1238,#1245));
#1222 = ORIENTED_EDGE('',*,*,#1223,.F.);
#1223 = EDGE_CURVE('',#1224,#1226,#1228,.T.);
#1224 = VERTEX_POINT('',#1225);
#1225 = CARTESIAN_POINT('',(-11.74997459994,-3.524993649987,0.));
#1226 = VERTEX_POINT('',#1227);
#1227 = CARTESIAN_POINT('',(-11.74997459994,-3.524993649987,    0.762001524003));
#1228 = B_SPLINE_CURVE_WITH_KNOTS('',1,(#1229,#1230),.UNSPECIFIED.,.F.,  .F.,(2,2),(0.,0.762001524003),.PIECEWISE_BEZIER_KNOTS.);
#1229 = CARTESIAN_POINT('',(-11.74997459994,-3.524993649987,0.));
#1230 = CARTESIAN_POINT('',(-11.74997459994,-3.524993649987,    0.762001524003));
#1231 = ORIENTED_EDGE('',*,*,#1232,.T.);
#1232 = EDGE_CURVE('',#1224,#1233,#1235,.T.);
#1233 = VERTEX_POINT('',#1234);
#1234 = CARTESIAN_POINT('',(-11.74997459994,1.875006350013,0.));
#1235 = B_SPLINE_CURVE_WITH_KNOTS('',1,(#1236,#1237),.UNSPECIFIED.,.F.,  .F.,(2,2),(0.,0.762001524003),.PIECEWISE_BEZIER_KNOTS.);
#1236 = CARTESIAN_POINT('',(-11.74997459994,-3.524993649987,0.));
#1237 = CARTESIAN_POINT('',(-11.74997459994,1.875006350013,0.));
#1238 = ORIENTED_EDGE('',*,*,#1239,.T.);
#1239 = EDGE_CURVE('',#1233,#1240,#1242,.T.);
#1240 = VERTEX_POINT('',#1241);
#1241 = CARTESIAN_POINT('',(-11.74997459994,1.875006350013,    0.762001524003));
#1242 = B_SPLINE_CURVE_WITH_KNOTS('',1,(#1243,#1244),.UNSPECIFIED.,.F.,  .F.,(2,2),(0.,0.762001524003),.PIECEWISE_BEZIER_KNOTS.);
#1243 = CARTESIAN_POINT('',(-11.74997459994,1.875006350013,0.));
#1244 = CARTESIAN_POINT('',(-11.74997459994,1.875006350013,    0.762001524003));
#1245 = ORIENTED_EDGE('',*,*,#1246,.F.);
#1246 = EDGE_CURVE('',#1226,#1240,#1247,.T.);
#1247 = B_SPLINE_CURVE_WITH_KNOTS('',1,(#1248,#1249),.UNSPECIFIED.,.F.,  .F.,(2,2),(0.,0.762001524003),.PIECEWISE_BEZIER_KNOTS.);
#1248 = CARTESIAN_POINT('',(-11.74997459994,-3.524993649987,    0.762001524003));
#1249 = CARTESIAN_POINT('',(-11.74997459994,1.875006350013,    0.762001524003));
#1250 = B_SPLINE_SURFACE_WITH_KNOTS('',1,1,(    (#1251,#1252)    ,(#1253,#1254    )),.UNSPECIFIED.,.F.,.F.,.F.,(2,2),(2,2),(0.,0.762001524003),(    -0.762001524003,0.),.PIECEWISE_BEZIER_KNOTS.);
#1251 = CARTESIAN_POINT('',(-11.74997459994,1.875006350013,0.));
#1252 = CARTESIAN_POINT('',(-11.74997459994,-3.524993649987,0.));
#1253 = CARTESIAN_POINT('',(-11.74997459994,1.875006350013,    0.762001524003));
#1254 = CARTESIAN_POINT('',(-11.74997459994,-3.524993649987,    0.762001524003));
#1255 = ADVANCED_FACE('',(#1256),#1286,.T.);
#1256 = FACE_BOUND('',#1257,.T.);
#1257 = EDGE_LOOP('',(#1258,#1267,#1274,#1281));
#1258 = ORIENTED_EDGE('',*,*,#1259,.F.);
#1259 = EDGE_CURVE('',#1260,#1262,#1264,.T.);
#1260 = VERTEX_POINT('',#1261);
#1261 = CARTESIAN_POINT('',(11.750025400051,-3.524993649987,0.));
#1262 = VERTEX_POINT('',#1263);
#1263 = CARTESIAN_POINT('',(11.750025400051,-3.524993649987,    0.762001524003));
#1264 = B_SPLINE_CURVE_WITH_KNOTS('',1,(#1265,#1266),.UNSPECIFIED.,.F.,  .F.,(2,2),(0.,0.762001524003),.PIECEWISE_BEZIER_KNOTS.);
#1265 = CARTESIAN_POINT('',(11.750025400051,-3.524993649987,0.));
#1266 = CARTESIAN_POINT('',(11.750025400051,-3.524993649987,    0.762001524003));
#1267 = ORIENTED_EDGE('',*,*,#1268,.T.);
#1268 = EDGE_CURVE('',#1260,#1269,#1271,.T.);
#1269 = VERTEX_POINT('',#1270);
#1270 = CARTESIAN_POINT('',(11.750025400051,1.875006350013,0.));
#1271 = B_SPLINE_CURVE_WITH_KNOTS('',1,(#1272,#1273),.UNSPECIFIED.,.F.,  .F.,(2,2),(0.,0.762001524003),.PIECEWISE_BEZIER_KNOTS.);
#1272 = CARTESIAN_POINT('',(11.750025400051,-3.524993649987,0.));
#1273 = CARTESIAN_POINT('',(11.750025400051,1.875006350013,0.));
#1274 = ORIENTED_EDGE('',*,*,#1275,.T.);
#1275 = EDGE_CURVE('',#1269,#1276,#1278,.T.);
#1276 = VERTEX_POINT('',#1277);
#1277 = CARTESIAN_POINT('',(11.750025400051,1.875006350013,    0.762001524003));
#1278 = B_SPLINE_CURVE_WITH_KNOTS('',1,(#1279,#1280),.UNSPECIFIED.,.F.,  .F.,(2,2),(0.,0.762001524003),.PIECEWISE_BEZIER_KNOTS.);
#1279 = CARTESIAN_POINT('',(11.750025400051,1.875006350013,0.));
#1280 = CARTESIAN_POINT('',(11.750025400051,1.875006350013,    0.762001524003));
#1281 = ORIENTED_EDGE('',*,*,#1282,.F.);
#1282 = EDGE_CURVE('',#1262,#1276,#1283,.T.);
#1283 = B_SPLINE_CURVE_WITH_KNOTS('',1,(#1284,#1285),.UNSPECIFIED.,.F.,  .F.,(2,2),(0.,0.762001524003),.PIECEWISE_BEZIER_KNOTS.);
#1284 = CARTESIAN_POINT('',(11.750025400051,-3.524993649987,    0.762001524003));
#1285 = CARTESIAN_POINT('',(11.750025400051,1.875006350013,    0.762001524003));
#1286 = B_SPLINE_SURFACE_WITH_KNOTS('',1,1,(    (#1287,#1288)    ,(#1289,#1290    )),.UNSPECIFIED.,.F.,.F.,.F.,(2,2),(2,2),(0.,0.762001524003),(    -0.762001524003,0.),.PIECEWISE_BEZIER_KNOTS.);
#1287 = CARTESIAN_POINT('',(11.750025400051,1.875006350013,0.));
#1288 = CARTESIAN_POINT('',(11.750025400051,-3.524993649987,0.));
#1289 = CARTESIAN_POINT('',(11.750025400051,1.875006350013,    0.762001524003));
#1290 = CARTESIAN_POINT('',(11.750025400051,-3.524993649987,    0.762001524003));
#1291 = ADVANCED_FACE('',(#1292),#1306,.F.);
#1292 = FACE_BOUND('',#1293,.F.);
#1293 = EDGE_LOOP('',(#1294,#1299,#1300,#1305));
#1294 = ORIENTED_EDGE('',*,*,#1295,.F.);
#1295 = EDGE_CURVE('',#1224,#1260,#1296,.T.);
#1296 = B_SPLINE_CURVE_WITH_KNOTS('',1,(#1297,#1298),.UNSPECIFIED.,.F.,  .F.,(2,2),(0.,0.762001524003),.PIECEWISE_BEZIER_KNOTS.);
#1297 = CARTESIAN_POINT('',(-11.74997459994,-3.524993649987,0.));
#1298 = CARTESIAN_POINT('',(11.750025400051,-3.524993649987,0.));
#1299 = ORIENTED_EDGE('',*,*,#1223,.T.);
#1300 = ORIENTED_EDGE('',*,*,#1301,.T.);
#1301 = EDGE_CURVE('',#1226,#1262,#1302,.T.);
#1302 = B_SPLINE_CURVE_WITH_KNOTS('',1,(#1303,#1304),.UNSPECIFIED.,.F.,  .F.,(2,2),(0.,0.762001524003),.PIECEWISE_BEZIER_KNOTS.);
#1303 = CARTESIAN_POINT('',(-11.74997459994,-3.524993649987,    0.762001524003));
#1304 = CARTESIAN_POINT('',(11.750025400051,-3.524993649987,    0.762001524003));
#1305 = ORIENTED_EDGE('',*,*,#1259,.F.);
#1306 = B_SPLINE_SURFACE_WITH_KNOTS('',1,1,(    (#1307,#1308)    ,(#1309,#1310    )),.UNSPECIFIED.,.F.,.F.,.F.,(2,2),(2,2),(0.,0.762001524003),(0.,    0.762001524003),.PIECEWISE_BEZIER_KNOTS.);
#1307 = CARTESIAN_POINT('',(-11.74997459994,-3.524993649987,0.));
#1308 = CARTESIAN_POINT('',(11.750025400051,-3.524993649987,0.));
#1309 = CARTESIAN_POINT('',(-11.74997459994,-3.524993649987,    0.762001524003));
#1310 = CARTESIAN_POINT('',(11.750025400051,-3.524993649987,    0.762001524003));
#1311 = ADVANCED_FACE('',(#1312),#1326,.T.);
#1312 = FACE_BOUND('',#1313,.T.);
#1313 = EDGE_LOOP('',(#1314,#1319,#1320,#1325));
#1314 = ORIENTED_EDGE('',*,*,#1315,.F.);
#1315 = EDGE_CURVE('',#1233,#1269,#1316,.T.);
#1316 = B_SPLINE_CURVE_WITH_KNOTS('',1,(#1317,#1318),.UNSPECIFIED.,.F.,  .F.,(2,2),(0.,0.762001524003),.PIECEWISE_BEZIER_KNOTS.);
#1317 = CARTESIAN_POINT('',(-11.74997459994,1.875006350013,0.));
#1318 = CARTESIAN_POINT('',(11.750025400051,1.875006350013,0.));
#1319 = ORIENTED_EDGE('',*,*,#1239,.T.);
#1320 = ORIENTED_EDGE('',*,*,#1321,.T.);
#1321 = EDGE_CURVE('',#1240,#1276,#1322,.T.);
#1322 = B_SPLINE_CURVE_WITH_KNOTS('',1,(#1323,#1324),.UNSPECIFIED.,.F.,  .F.,(2,2),(0.,0.762001524003),.PIECEWISE_BEZIER_KNOTS.);
#1323 = CARTESIAN_POINT('',(-11.74997459994,1.875006350013,    0.762001524003));
#1324 = CARTESIAN_POINT('',(11.750025400051,1.875006350013,    0.762001524003));
#1325 = ORIENTED_EDGE('',*,*,#1275,.F.);
#1326 = B_SPLINE_SURFACE_WITH_KNOTS('',1,1,(    (#1327,#1328)    ,(#1329,#1330    )),.UNSPECIFIED.,.F.,.F.,.F.,(2,2),(2,2),(0.,0.762001524003),(0.,    0.762001524003),.PIECEWISE_BEZIER_KNOTS.);
#1327 = CARTESIAN_POINT('',(-11.74997459994,1.875006350013,0.));
#1328 = CARTESIAN_POINT('',(11.750025400051,1.875006350013,0.));
#1329 = CARTESIAN_POINT('',(-11.74997459994,1.875006350013,    0.762001524003));
#1330 = CARTESIAN_POINT('',(11.750025400051,1.875006350013,    0.762001524003));
#1331 = ADVANCED_FACE('',(#1332),#1338,.F.);
#1332 = FACE_BOUND('',#1333,.F.);
#1333 = EDGE_LOOP('',(#1334,#1335,#1336,#1337));
#1334 = ORIENTED_EDGE('',*,*,#1232,.F.);
#1335 = ORIENTED_EDGE('',*,*,#1295,.T.);
#1336 = ORIENTED_EDGE('',*,*,#1268,.T.);
#1337 = ORIENTED_EDGE('',*,*,#1315,.F.);
#1338 = B_SPLINE_SURFACE_WITH_KNOTS('',1,1,(    (#1339,#1340)    ,(#1341,#1342    )),.UNSPECIFIED.,.F.,.F.,.F.,(2,2),(2,2),(0.,0.762001524003),(0.,    0.762001524003),.PIECEWISE_BEZIER_KNOTS.);
#1339 = CARTESIAN_POINT('',(-11.74997459994,-3.524993649987,0.));
#1340 = CARTESIAN_POINT('',(-11.74997459994,1.875006350013,0.));
#1341 = CARTESIAN_POINT('',(11.750025400051,-3.524993649987,0.));
#1342 = CARTESIAN_POINT('',(11.750025400051,1.875006350013,0.));
#1343 = ADVANCED_FACE('',(#1344),#1350,.T.);
#1344 = FACE_BOUND('',#1345,.T.);
#1345 = EDGE_LOOP('',(#1346,#1347,#1348,#1349));
#1346 = ORIENTED_EDGE('',*,*,#1246,.F.);
#1347 = ORIENTED_EDGE('',*,*,#1301,.T.);
#1348 = ORIENTED_EDGE('',*,*,#1282,.T.);
#1349 = ORIENTED_EDGE('',*,*,#1321,.F.);
#1350 = B_SPLINE_SURFACE_WITH_KNOTS('',1,1,(    (#1351,#1352)    ,(#1353,#1354    )),.UNSPECIFIED.,.F.,.F.,.F.,(2,2),(2,2),(0.,0.762001524003),(0.,    0.762001524003),.PIECEWISE_BEZIER_KNOTS.);
#1351 = CARTESIAN_POINT('',(-11.74997459994,-3.524993649987,    0.762001524003));
#1352 = CARTESIAN_POINT('',(-11.74997459994,1.875006350013,    0.762001524003));
#1353 = CARTESIAN_POINT('',(11.750025400051,-3.524993649987,    0.762001524003));
#1354 = CARTESIAN_POINT('',(11.750025400051,1.875006350013,    0.762001524003));
#1355 = ( GEOMETRIC_REPRESENTATION_CONTEXT(3) GLOBAL_UNCERTAINTY_ASSIGNED_CONTEXT((#1359)) GLOBAL_UNIT_ASSIGNED_CONTEXT((#1356,#1357,#1358)) REPRESENTATION_CONTEXT('Context #1','3D Context with UNIT and UNCERTAINTY') );
#1356 = ( LENGTH_UNIT() NAMED_UNIT(*) SI_UNIT(.MILLI.,.METRE.) );
#1357 = ( NAMED_UNIT(*) PLANE_ANGLE_UNIT() SI_UNIT($,.RADIAN.) );
#1358 = ( NAMED_UNIT(*) SI_UNIT($,.STERADIAN.) SOLID_ANGLE_UNIT() );
#1359 = UNCERTAINTY_MEASURE_WITH_UNIT(LENGTH_MEASURE(2.E-06),#1356,  'distance_accuracy_value','confusion accuracy');
#1360 = CONTEXT_DEPENDENT_SHAPE_REPRESENTATION(#1361,#1363);
#1361 = ( REPRESENTATION_RELATIONSHIP('','',#1216,#1193) REPRESENTATION_RELATIONSHIP_WITH_TRANSFORMATION(#1362) SHAPE_REPRESENTATION_RELATIONSHIP() );
#1362 = ITEM_DEFINED_TRANSFORMATION('','',#11,#1194);
#1363 = PRODUCT_DEFINITION_SHAPE('Placement','Placement of an item',  #1364);
#1364 = NEXT_ASSEMBLY_USAGE_OCCURRENCE('6','=>[0:1:1:7]','',#1188,#1211,  $);
#1365 = PRODUCT_RELATED_PRODUCT_CATEGORY('part',$,(#1213));
#1366 = SHAPE_DEFINITION_REPRESENTATION(#1367,#1373);
#1367 = PRODUCT_DEFINITION_SHAPE('','',#1368);
#1368 = PRODUCT_DEFINITION('design','',#1369,#1372);
#1369 = PRODUCT_DEFINITION_FORMATION('','',#1370);
#1370 = PRODUCT('RA8P1-FPC~FPC-SMD_40P-P0.50_XUNPU_FPC-05FB-40PH20~FPC-SMD_40P-P0.50_XUNPU_FPC-05FB-40PH20~DVN9','RA8P1-FPC~FPC-SMD_40P-P0.50_XUNPU_FPC-05FB-40PH20~FPC-SMD_40P-P0.50_XUNPU_FPC-05FB-40PH20~DVN9','',(#1371));
#1371 = PRODUCT_CONTEXT('',#2,'mechanical');
#1372 = PRODUCT_DEFINITION_CONTEXT('part definition',#2,'design');
#1373 = SHAPE_REPRESENTATION('',(#11,#1374),#1378);
#1374 = AXIS2_PLACEMENT_3D('',#1375,#1376,#1377);
#1375 = CARTESIAN_POINT('',(0.,0.,0.));
#1376 = DIRECTION('',(0.,0.,1.));
#1377 = DIRECTION('',(1.,0.,-0.));
#1378 = ( GEOMETRIC_REPRESENTATION_CONTEXT(3) GLOBAL_UNCERTAINTY_ASSIGNED_CONTEXT((#1382)) GLOBAL_UNIT_ASSIGNED_CONTEXT((#1379,#1380,#1381)) REPRESENTATION_CONTEXT('Context #1','3D Context with UNIT and UNCERTAINTY') );
#1379 = ( LENGTH_UNIT() NAMED_UNIT(*) SI_UNIT(.MILLI.,.METRE.) );
#1380 = ( NAMED_UNIT(*) PLANE_ANGLE_UNIT() SI_UNIT($,.RADIAN.) );
#1381 = ( NAMED_UNIT(*) SI_UNIT($,.STERADIAN.) SOLID_ANGLE_UNIT() );
#1382 = UNCERTAINTY_MEASURE_WITH_UNIT(LENGTH_MEASURE(2.E-06),#1379,  'distance_accuracy_value','confusion accuracy');
#1383 = CONTEXT_DEPENDENT_SHAPE_REPRESENTATION(#1384,#1386);
#1384 = ( REPRESENTATION_RELATIONSHIP('','',#1373,#10) REPRESENTATION_RELATIONSHIP_WITH_TRANSFORMATION(#1385) SHAPE_REPRESENTATION_RELATIONSHIP() );
#1385 = ITEM_DEFINED_TRANSFORMATION('','',#11,#39);
#1386 = PRODUCT_DEFINITION_SHAPE('Placement','Placement of an item',  #1387);
#1387 = NEXT_ASSEMBLY_USAGE_OCCURRENCE('9','=>[0:1:1:9]','',#5,#1368,$);
#1388 = PRODUCT_RELATED_PRODUCT_CATEGORY('part',$,(#1370));
#1389 = CONTEXT_DEPENDENT_SHAPE_REPRESENTATION(#1390,#1392);
#1390 = ( REPRESENTATION_RELATIONSHIP('','',#1216,#1373) REPRESENTATION_RELATIONSHIP_WITH_TRANSFORMATION(#1391) SHAPE_REPRESENTATION_RELATIONSHIP() );
#1391 = ITEM_DEFINED_TRANSFORMATION('','',#11,#1374);
#1392 = PRODUCT_DEFINITION_SHAPE('Placement','Placement of an item',  #1393);
#1393 = NEXT_ASSEMBLY_USAGE_OCCURRENCE('8','','',#1368,#1211,$);
#1394 = SHAPE_DEFINITION_REPRESENTATION(#1395,#1401);
#1395 = PRODUCT_DEFINITION_SHAPE('','',#1396);
#1396 = PRODUCT_DEFINITION('design','',#1397,#1400);
#1397 = PRODUCT_DEFINITION_FORMATION('','',#1398);
#1398 = PRODUCT('RA8P1-MIPI_CSI~FPC-SMD_20P-P0.50_FPC-05FB-20PH20~FPC-SMD_20P-P0.50_FPC-05FB-20PH20~DVN9','RA8P1-MIPI_CSI~FPC-SMD_20P-P0.50_FPC-05FB-20PH20~FPC-SMD_20P-P0.50_FPC-05FB-20PH20~DVN9','',(#1399));
#1399 = PRODUCT_CONTEXT('',#2,'mechanical');
#1400 = PRODUCT_DEFINITION_CONTEXT('part definition',#2,'design');
#1401 = SHAPE_REPRESENTATION('',(#11,#1402),#1406);
#1402 = AXIS2_PLACEMENT_3D('',#1403,#1404,#1405);
#1403 = CARTESIAN_POINT('',(0.,0.,0.));
#1404 = DIRECTION('',(0.,0.,1.));
#1405 = DIRECTION('',(1.,0.,-0.));
#1406 = ( GEOMETRIC_REPRESENTATION_CONTEXT(3) GLOBAL_UNCERTAINTY_ASSIGNED_CONTEXT((#1410)) GLOBAL_UNIT_ASSIGNED_CONTEXT((#1407,#1408,#1409)) REPRESENTATION_CONTEXT('Context #1','3D Context with UNIT and UNCERTAINTY') );
#1407 = ( LENGTH_UNIT() NAMED_UNIT(*) SI_UNIT(.MILLI.,.METRE.) );
#1408 = ( NAMED_UNIT(*) PLANE_ANGLE_UNIT() SI_UNIT($,.RADIAN.) );
#1409 = ( NAMED_UNIT(*) SI_UNIT($,.STERADIAN.) SOLID_ANGLE_UNIT() );
#1410 = UNCERTAINTY_MEASURE_WITH_UNIT(LENGTH_MEASURE(2.E-06),#1407,  'distance_accuracy_value','confusion accuracy');
#1411 = CONTEXT_DEPENDENT_SHAPE_REPRESENTATION(#1412,#1414);
#1412 = ( REPRESENTATION_RELATIONSHIP('','',#1401,#10) REPRESENTATION_RELATIONSHIP_WITH_TRANSFORMATION(#1413) SHAPE_REPRESENTATION_RELATIONSHIP() );
#1413 = ITEM_DEFINED_TRANSFORMATION('','',#11,#43);
#1414 = PRODUCT_DEFINITION_SHAPE('Placement','Placement of an item',  #1415);
#1415 = NEXT_ASSEMBLY_USAGE_OCCURRENCE('11','=>[0:1:1:11]','',#5,#1396,$  );
#1416 = PRODUCT_RELATED_PRODUCT_CATEGORY('part',$,(#1398));
#1417 = SHAPE_DEFINITION_REPRESENTATION(#1418,#1424);
#1418 = PRODUCT_DEFINITION_SHAPE('','',#1419);
#1419 = PRODUCT_DEFINITION('design','',#1420,#1423);
#1420 = PRODUCT_DEFINITION_FORMATION('','',#1421);
#1421 = PRODUCT('FPC-SMD_20P-P0.50_FPC-05FB-20PH20~FPC-SMD_20P-P0.50_FPC-05FB-20PH20~DVN9','FPC-SMD_20P-P0.50_FPC-05FB-20PH20~FPC-SMD_20P-P0.50_FPC-05FB-20PH20~DVN9','',(#1422));
#1422 = PRODUCT_CONTEXT('',#2,'mechanical');
#1423 = PRODUCT_DEFINITION_CONTEXT('part definition',#2,'design');
#1424 = ADVANCED_BREP_SHAPE_REPRESENTATION('',(#11,#1425),#1563);
#1425 = MANIFOLD_SOLID_BREP('',#1426);
#1426 = CLOSED_SHELL('',(#1427,#1463,#1499,#1519,#1539,#1551));
#1427 = ADVANCED_FACE('',(#1428),#1458,.F.);
#1428 = FACE_BOUND('',#1429,.F.);
#1429 = EDGE_LOOP('',(#1430,#1439,#1446,#1453));
#1430 = ORIENTED_EDGE('',*,*,#1431,.F.);
#1431 = EDGE_CURVE('',#1432,#1434,#1436,.T.);
#1432 = VERTEX_POINT('',#1433);
#1433 = CARTESIAN_POINT('',(-6.749898399797,-3.574993649987,0.));
#1434 = VERTEX_POINT('',#1435);
#1435 = CARTESIAN_POINT('',(-6.749898399797,-3.574993649987,    0.762001524003));
#1436 = B_SPLINE_CURVE_WITH_KNOTS('',1,(#1437,#1438),.UNSPECIFIED.,.F.,  .F.,(2,2),(0.,0.762001524003),.PIECEWISE_BEZIER_KNOTS.);
#1437 = CARTESIAN_POINT('',(-6.749898399797,-3.574993649987,0.));
#1438 = CARTESIAN_POINT('',(-6.749898399797,-3.574993649987,    0.762001524003));
#1439 = ORIENTED_EDGE('',*,*,#1440,.T.);
#1440 = EDGE_CURVE('',#1432,#1441,#1443,.T.);
#1441 = VERTEX_POINT('',#1442);
#1442 = CARTESIAN_POINT('',(-6.749898399797,1.925006350013,0.));
#1443 = B_SPLINE_CURVE_WITH_KNOTS('',1,(#1444,#1445),.UNSPECIFIED.,.F.,  .F.,(2,2),(0.,0.762001524003),.PIECEWISE_BEZIER_KNOTS.);
#1444 = CARTESIAN_POINT('',(-6.749898399797,-3.574993649987,0.));
#1445 = CARTESIAN_POINT('',(-6.749898399797,1.925006350013,0.));
#1446 = ORIENTED_EDGE('',*,*,#1447,.T.);
#1447 = EDGE_CURVE('',#1441,#1448,#1450,.T.);
#1448 = VERTEX_POINT('',#1449);
#1449 = CARTESIAN_POINT('',(-6.749898399797,1.925006350013,    0.762001524003));
#1450 = B_SPLINE_CURVE_WITH_KNOTS('',1,(#1451,#1452),.UNSPECIFIED.,.F.,  .F.,(2,2),(0.,0.762001524003),.PIECEWISE_BEZIER_KNOTS.);
#1451 = CARTESIAN_POINT('',(-6.749898399797,1.925006350013,0.));
#1452 = CARTESIAN_POINT('',(-6.749898399797,1.925006350013,    0.762001524003));
#1453 = ORIENTED_EDGE('',*,*,#1454,.F.);
#1454 = EDGE_CURVE('',#1434,#1448,#1455,.T.);
#1455 = B_SPLINE_CURVE_WITH_KNOTS('',1,(#1456,#1457),.UNSPECIFIED.,.F.,  .F.,(2,2),(0.,0.762001524003),.PIECEWISE_BEZIER_KNOTS.);
#1456 = CARTESIAN_POINT('',(-6.749898399797,-3.574993649987,    0.762001524003));
#1457 = CARTESIAN_POINT('',(-6.749898399797,1.925006350013,    0.762001524003));
#1458 = B_SPLINE_SURFACE_WITH_KNOTS('',1,1,(    (#1459,#1460)    ,(#1461,#1462    )),.UNSPECIFIED.,.F.,.F.,.F.,(2,2),(2,2),(0.,0.762001524003),(    -0.762001524003,0.),.PIECEWISE_BEZIER_KNOTS.);
#1459 = CARTESIAN_POINT('',(-6.749898399797,1.925006350013,0.));
#1460 = CARTESIAN_POINT('',(-6.749898399797,-3.574993649987,0.));
#1461 = CARTESIAN_POINT('',(-6.749898399797,1.925006350013,    0.762001524003));
#1462 = CARTESIAN_POINT('',(-6.749898399797,-3.574993649987,    0.762001524003));
#1463 = ADVANCED_FACE('',(#1464),#1494,.T.);
#1464 = FACE_BOUND('',#1465,.T.);
#1465 = EDGE_LOOP('',(#1466,#1475,#1482,#1489));
#1466 = ORIENTED_EDGE('',*,*,#1467,.F.);
#1467 = EDGE_CURVE('',#1468,#1470,#1472,.T.);
#1468 = VERTEX_POINT('',#1469);
#1469 = CARTESIAN_POINT('',(6.750101600203,-3.574993649987,0.));
#1470 = VERTEX_POINT('',#1471);
#1471 = CARTESIAN_POINT('',(6.750101600203,-3.574993649987,    0.762001524003));
#1472 = B_SPLINE_CURVE_WITH_KNOTS('',1,(#1473,#1474),.UNSPECIFIED.,.F.,  .F.,(2,2),(0.,0.762001524003),.PIECEWISE_BEZIER_KNOTS.);
#1473 = CARTESIAN_POINT('',(6.750101600203,-3.574993649987,0.));
#1474 = CARTESIAN_POINT('',(6.750101600203,-3.574993649987,    0.762001524003));
#1475 = ORIENTED_EDGE('',*,*,#1476,.T.);
#1476 = EDGE_CURVE('',#1468,#1477,#1479,.T.);
#1477 = VERTEX_POINT('',#1478);
#1478 = CARTESIAN_POINT('',(6.750101600203,1.925006350013,0.));
#1479 = B_SPLINE_CURVE_WITH_KNOTS('',1,(#1480,#1481),.UNSPECIFIED.,.F.,  .F.,(2,2),(0.,0.762001524003),.PIECEWISE_BEZIER_KNOTS.);
#1480 = CARTESIAN_POINT('',(6.750101600203,-3.574993649987,0.));
#1481 = CARTESIAN_POINT('',(6.750101600203,1.925006350013,0.));
#1482 = ORIENTED_EDGE('',*,*,#1483,.T.);
#1483 = EDGE_CURVE('',#1477,#1484,#1486,.T.);
#1484 = VERTEX_POINT('',#1485);
#1485 = CARTESIAN_POINT('',(6.750101600203,1.925006350013,0.762001524003    ));
#1486 = B_SPLINE_CURVE_WITH_KNOTS('',1,(#1487,#1488),.UNSPECIFIED.,.F.,  .F.,(2,2),(0.,0.762001524003),.PIECEWISE_BEZIER_KNOTS.);
#1487 = CARTESIAN_POINT('',(6.750101600203,1.925006350013,0.));
#1488 = CARTESIAN_POINT('',(6.750101600203,1.925006350013,0.762001524003    ));
#1489 = ORIENTED_EDGE('',*,*,#1490,.F.);
#1490 = EDGE_CURVE('',#1470,#1484,#1491,.T.);
#1491 = B_SPLINE_CURVE_WITH_KNOTS('',1,(#1492,#1493),.UNSPECIFIED.,.F.,  .F.,(2,2),(0.,0.762001524003),.PIECEWISE_BEZIER_KNOTS.);
#1492 = CARTESIAN_POINT('',(6.750101600203,-3.574993649987,    0.762001524003));
#1493 = CARTESIAN_POINT('',(6.750101600203,1.925006350013,0.762001524003    ));
#1494 = B_SPLINE_SURFACE_WITH_KNOTS('',1,1,(    (#1495,#1496)    ,(#1497,#1498    )),.UNSPECIFIED.,.F.,.F.,.F.,(2,2),(2,2),(0.,0.762001524003),(    -0.762001524003,0.),.PIECEWISE_BEZIER_KNOTS.);
#1495 = CARTESIAN_POINT('',(6.750101600203,1.925006350013,0.));
#1496 = CARTESIAN_POINT('',(6.750101600203,-3.574993649987,0.));
#1497 = CARTESIAN_POINT('',(6.750101600203,1.925006350013,0.762001524003    ));
#1498 = CARTESIAN_POINT('',(6.750101600203,-3.574993649987,    0.762001524003));
#1499 = ADVANCED_FACE('',(#1500),#1514,.F.);
#1500 = FACE_BOUND('',#1501,.F.);
#1501 = EDGE_LOOP('',(#1502,#1507,#1508,#1513));
#1502 = ORIENTED_EDGE('',*,*,#1503,.F.);
#1503 = EDGE_CURVE('',#1432,#1468,#1504,.T.);
#1504 = B_SPLINE_CURVE_WITH_KNOTS('',1,(#1505,#1506),.UNSPECIFIED.,.F.,  .F.,(2,2),(0.,0.762001524003),.PIECEWISE_BEZIER_KNOTS.);
#1505 = CARTESIAN_POINT('',(-6.749898399797,-3.574993649987,0.));
#1506 = CARTESIAN_POINT('',(6.750101600203,-3.574993649987,0.));
#1507 = ORIENTED_EDGE('',*,*,#1431,.T.);
#1508 = ORIENTED_EDGE('',*,*,#1509,.T.);
#1509 = EDGE_CURVE('',#1434,#1470,#1510,.T.);
#1510 = B_SPLINE_CURVE_WITH_KNOTS('',1,(#1511,#1512),.UNSPECIFIED.,.F.,  .F.,(2,2),(0.,0.762001524003),.PIECEWISE_BEZIER_KNOTS.);
#1511 = CARTESIAN_POINT('',(-6.749898399797,-3.574993649987,    0.762001524003));
#1512 = CARTESIAN_POINT('',(6.750101600203,-3.574993649987,    0.762001524003));
#1513 = ORIENTED_EDGE('',*,*,#1467,.F.);
#1514 = B_SPLINE_SURFACE_WITH_KNOTS('',1,1,(    (#1515,#1516)    ,(#1517,#1518    )),.UNSPECIFIED.,.F.,.F.,.F.,(2,2),(2,2),(0.,0.762001524003),(0.,    0.762001524003),.PIECEWISE_BEZIER_KNOTS.);
#1515 = CARTESIAN_POINT('',(-6.749898399797,-3.574993649987,0.));
#1516 = CARTESIAN_POINT('',(6.750101600203,-3.574993649987,0.));
#1517 = CARTESIAN_POINT('',(-6.749898399797,-3.574993649987,    0.762001524003));
#1518 = CARTESIAN_POINT('',(6.750101600203,-3.574993649987,    0.762001524003));
#1519 = ADVANCED_FACE('',(#1520),#1534,.T.);
#1520 = FACE_BOUND('',#1521,.T.);
#1521 = EDGE_LOOP('',(#1522,#1527,#1528,#1533));
#1522 = ORIENTED_EDGE('',*,*,#1523,.F.);
#1523 = EDGE_CURVE('',#1441,#1477,#1524,.T.);
#1524 = B_SPLINE_CURVE_WITH_KNOTS('',1,(#1525,#1526),.UNSPECIFIED.,.F.,  .F.,(2,2),(0.,0.762001524003),.PIECEWISE_BEZIER_KNOTS.);
#1525 = CARTESIAN_POINT('',(-6.749898399797,1.925006350013,0.));
#1526 = CARTESIAN_POINT('',(6.750101600203,1.925006350013,0.));
#1527 = ORIENTED_EDGE('',*,*,#1447,.T.);
#1528 = ORIENTED_EDGE('',*,*,#1529,.T.);
#1529 = EDGE_CURVE('',#1448,#1484,#1530,.T.);
#1530 = B_SPLINE_CURVE_WITH_KNOTS('',1,(#1531,#1532),.UNSPECIFIED.,.F.,  .F.,(2,2),(0.,0.762001524003),.PIECEWISE_BEZIER_KNOTS.);
#1531 = CARTESIAN_POINT('',(-6.749898399797,1.925006350013,    0.762001524003));
#1532 = CARTESIAN_POINT('',(6.750101600203,1.925006350013,0.762001524003    ));
#1533 = ORIENTED_EDGE('',*,*,#1483,.F.);
#1534 = B_SPLINE_SURFACE_WITH_KNOTS('',1,1,(    (#1535,#1536)    ,(#1537,#1538    )),.UNSPECIFIED.,.F.,.F.,.F.,(2,2),(2,2),(0.,0.762001524003),(0.,    0.762001524003),.PIECEWISE_BEZIER_KNOTS.);
#1535 = CARTESIAN_POINT('',(-6.749898399797,1.925006350013,0.));
#1536 = CARTESIAN_POINT('',(6.750101600203,1.925006350013,0.));
#1537 = CARTESIAN_POINT('',(-6.749898399797,1.925006350013,    0.762001524003));
#1538 = CARTESIAN_POINT('',(6.750101600203,1.925006350013,0.762001524003    ));
#1539 = ADVANCED_FACE('',(#1540),#1546,.F.);
#1540 = FACE_BOUND('',#1541,.F.);
#1541 = EDGE_LOOP('',(#1542,#1543,#1544,#1545));
#1542 = ORIENTED_EDGE('',*,*,#1440,.F.);
#1543 = ORIENTED_EDGE('',*,*,#1503,.T.);
#1544 = ORIENTED_EDGE('',*,*,#1476,.T.);
#1545 = ORIENTED_EDGE('',*,*,#1523,.F.);
#1546 = B_SPLINE_SURFACE_WITH_KNOTS('',1,1,(    (#1547,#1548)    ,(#1549,#1550    )),.UNSPECIFIED.,.F.,.F.,.F.,(2,2),(2,2),(0.,0.762001524003),(0.,    0.762001524003),.PIECEWISE_BEZIER_KNOTS.);
#1547 = CARTESIAN_POINT('',(-6.749898399797,-3.574993649987,0.));
#1548 = CARTESIAN_POINT('',(-6.749898399797,1.925006350013,0.));
#1549 = CARTESIAN_POINT('',(6.750101600203,-3.574993649987,0.));
#1550 = CARTESIAN_POINT('',(6.750101600203,1.925006350013,0.));
#1551 = ADVANCED_FACE('',(#1552),#1558,.T.);
#1552 = FACE_BOUND('',#1553,.T.);
#1553 = EDGE_LOOP('',(#1554,#1555,#1556,#1557));
#1554 = ORIENTED_EDGE('',*,*,#1454,.F.);
#1555 = ORIENTED_EDGE('',*,*,#1509,.T.);
#1556 = ORIENTED_EDGE('',*,*,#1490,.T.);
#1557 = ORIENTED_EDGE('',*,*,#1529,.F.);
#1558 = B_SPLINE_SURFACE_WITH_KNOTS('',1,1,(    (#1559,#1560)    ,(#1561,#1562    )),.UNSPECIFIED.,.F.,.F.,.F.,(2,2),(2,2),(0.,0.762001524003),(0.,    0.762001524003),.PIECEWISE_BEZIER_KNOTS.);
#1559 = CARTESIAN_POINT('',(-6.749898399797,-3.574993649987,    0.762001524003));
#1560 = CARTESIAN_POINT('',(-6.749898399797,1.925006350013,    0.762001524003));
#1561 = CARTESIAN_POINT('',(6.750101600203,-3.574993649987,    0.762001524003));
#1562 = CARTESIAN_POINT('',(6.750101600203,1.925006350013,0.762001524003    ));
#1563 = ( GEOMETRIC_REPRESENTATION_CONTEXT(3) GLOBAL_UNCERTAINTY_ASSIGNED_CONTEXT((#1567)) GLOBAL_UNIT_ASSIGNED_CONTEXT((#1564,#1565,#1566)) REPRESENTATION_CONTEXT('Context #1','3D Context with UNIT and UNCERTAINTY') );
#1564 = ( LENGTH_UNIT() NAMED_UNIT(*) SI_UNIT(.MILLI.,.METRE.) );
#1565 = ( NAMED_UNIT(*) PLANE_ANGLE_UNIT() SI_UNIT($,.RADIAN.) );
#1566 = ( NAMED_UNIT(*) SI_UNIT($,.STERADIAN.) SOLID_ANGLE_UNIT() );
#1567 = UNCERTAINTY_MEASURE_WITH_UNIT(LENGTH_MEASURE(2.E-06),#1564,  'distance_accuracy_value','confusion accuracy');
#1568 = CONTEXT_DEPENDENT_SHAPE_REPRESENTATION(#1569,#1571);
#1569 = ( REPRESENTATION_RELATIONSHIP('','',#1424,#1401) REPRESENTATION_RELATIONSHIP_WITH_TRANSFORMATION(#1570) SHAPE_REPRESENTATION_RELATIONSHIP() );
#1570 = ITEM_DEFINED_TRANSFORMATION('','',#11,#1402);
#1571 = PRODUCT_DEFINITION_SHAPE('Placement','Placement of an item',  #1572);
#1572 = NEXT_ASSEMBLY_USAGE_OCCURRENCE('10','=>[0:1:1:10]','',#1396,  #1419,$);
#1573 = PRODUCT_RELATED_PRODUCT_CATEGORY('part',$,(#1421));
#1574 = SHAPE_DEFINITION_REPRESENTATION(#1575,#1581);
#1575 = PRODUCT_DEFINITION_SHAPE('','',#1576);
#1576 = PRODUCT_DEFINITION('design','',#1577,#1580);
#1577 = PRODUCT_DEFINITION_FORMATION('','',#1578);
#1578 = PRODUCT('R1~R0603~R0603~DVN9','R1~R0603~R0603~DVN9','',(#1579));
#1579 = PRODUCT_CONTEXT('',#2,'mechanical');
#1580 = PRODUCT_DEFINITION_CONTEXT('part definition',#2,'design');
#1581 = SHAPE_REPRESENTATION('',(#11,#1582),#1586);
#1582 = AXIS2_PLACEMENT_3D('',#1583,#1584,#1585);
#1583 = CARTESIAN_POINT('',(0.,0.,0.));
#1584 = DIRECTION('',(0.,0.,1.));
#1585 = DIRECTION('',(1.,0.,-0.));
#1586 = ( GEOMETRIC_REPRESENTATION_CONTEXT(3) GLOBAL_UNCERTAINTY_ASSIGNED_CONTEXT((#1590)) GLOBAL_UNIT_ASSIGNED_CONTEXT((#1587,#1588,#1589)) REPRESENTATION_CONTEXT('Context #1','3D Context with UNIT and UNCERTAINTY') );
#1587 = ( LENGTH_UNIT() NAMED_UNIT(*) SI_UNIT(.MILLI.,.METRE.) );
#1588 = ( NAMED_UNIT(*) PLANE_ANGLE_UNIT() SI_UNIT($,.RADIAN.) );
#1589 = ( NAMED_UNIT(*) SI_UNIT($,.STERADIAN.) SOLID_ANGLE_UNIT() );
#1590 = UNCERTAINTY_MEASURE_WITH_UNIT(LENGTH_MEASURE(2.E-07),#1587,  'distance_accuracy_value','confusion accuracy');
#1591 = CONTEXT_DEPENDENT_SHAPE_REPRESENTATION(#1592,#1594);
#1592 = ( REPRESENTATION_RELATIONSHIP('','',#1581,#10) REPRESENTATION_RELATIONSHIP_WITH_TRANSFORMATION(#1593) SHAPE_REPRESENTATION_RELATIONSHIP() );
#1593 = ITEM_DEFINED_TRANSFORMATION('','',#11,#47);
#1594 = PRODUCT_DEFINITION_SHAPE('Placement','Placement of an item',  #1595);
#1595 = NEXT_ASSEMBLY_USAGE_OCCURRENCE('13','=>[0:1:1:13]','',#5,#1576,$  );
#1596 = PRODUCT_RELATED_PRODUCT_CATEGORY('part',$,(#1578));
#1597 = SHAPE_DEFINITION_REPRESENTATION(#1598,#1604);
#1598 = PRODUCT_DEFINITION_SHAPE('','',#1599);
#1599 = PRODUCT_DEFINITION('design','',#1600,#1603);
#1600 = PRODUCT_DEFINITION_FORMATION('','',#1601);
#1601 = PRODUCT('R0603~R0603~DVN9','R0603~R0603~DVN9','',(#1602));
#1602 = PRODUCT_CONTEXT('',#2,'mechanical');
#1603 = PRODUCT_DEFINITION_CONTEXT('part definition',#2,'design');
#1604 = ADVANCED_BREP_SHAPE_REPRESENTATION('',(#11,#1605),#1743);
#1605 = MANIFOLD_SOLID_BREP('',#1606);
#1606 = CLOSED_SHELL('',(#1607,#1643,#1679,#1699,#1719,#1731));
#1607 = ADVANCED_FACE('',(#1608),#1638,.F.);
#1608 = FACE_BOUND('',#1609,.F.);
#1609 = EDGE_LOOP('',(#1610,#1619,#1626,#1633));
#1610 = ORIENTED_EDGE('',*,*,#1611,.F.);
#1611 = EDGE_CURVE('',#1612,#1614,#1616,.T.);
#1612 = VERTEX_POINT('',#1613);
#1613 = CARTESIAN_POINT('',(0.81,-0.405,0.));
#1614 = VERTEX_POINT('',#1615);
#1615 = CARTESIAN_POINT('',(0.81,-0.405,0.762001524003));
#1616 = B_SPLINE_CURVE_WITH_KNOTS('',1,(#1617,#1618),.UNSPECIFIED.,.F.,  .F.,(2,2),(0.,0.762001524003),.PIECEWISE_BEZIER_KNOTS.);
#1617 = CARTESIAN_POINT('',(0.81,-0.405,0.));
#1618 = CARTESIAN_POINT('',(0.81,-0.405,0.762001524003));
#1619 = ORIENTED_EDGE('',*,*,#1620,.T.);
#1620 = EDGE_CURVE('',#1612,#1621,#1623,.T.);
#1621 = VERTEX_POINT('',#1622);
#1622 = CARTESIAN_POINT('',(-0.81,-0.405,0.));
#1623 = B_SPLINE_CURVE_WITH_KNOTS('',1,(#1624,#1625),.UNSPECIFIED.,.F.,  .F.,(2,2),(0.,0.762001524003),.PIECEWISE_BEZIER_KNOTS.);
#1624 = CARTESIAN_POINT('',(0.81,-0.405,0.));
#1625 = CARTESIAN_POINT('',(-0.81,-0.405,0.));
#1626 = ORIENTED_EDGE('',*,*,#1627,.T.);
#1627 = EDGE_CURVE('',#1621,#1628,#1630,.T.);
#1628 = VERTEX_POINT('',#1629);
#1629 = CARTESIAN_POINT('',(-0.81,-0.405,0.762001524003));
#1630 = B_SPLINE_CURVE_WITH_KNOTS('',1,(#1631,#1632),.UNSPECIFIED.,.F.,  .F.,(2,2),(0.,0.762001524003),.PIECEWISE_BEZIER_KNOTS.);
#1631 = CARTESIAN_POINT('',(-0.81,-0.405,0.));
#1632 = CARTESIAN_POINT('',(-0.81,-0.405,0.762001524003));
#1633 = ORIENTED_EDGE('',*,*,#1634,.F.);
#1634 = EDGE_CURVE('',#1614,#1628,#1635,.T.);
#1635 = B_SPLINE_CURVE_WITH_KNOTS('',1,(#1636,#1637),.UNSPECIFIED.,.F.,  .F.,(2,2),(0.,0.762001524003),.PIECEWISE_BEZIER_KNOTS.);
#1636 = CARTESIAN_POINT('',(0.81,-0.405,0.762001524003));
#1637 = CARTESIAN_POINT('',(-0.81,-0.405,0.762001524003));
#1638 = B_SPLINE_SURFACE_WITH_KNOTS('',1,1,(    (#1639,#1640)    ,(#1641,#1642    )),.UNSPECIFIED.,.F.,.F.,.F.,(2,2),(2,2),(0.,0.762001524003),(    -0.762001524003,0.),.PIECEWISE_BEZIER_KNOTS.);
#1639 = CARTESIAN_POINT('',(-0.81,-0.405,0.));
#1640 = CARTESIAN_POINT('',(0.81,-0.405,0.));
#1641 = CARTESIAN_POINT('',(-0.81,-0.405,0.762001524003));
#1642 = CARTESIAN_POINT('',(0.81,-0.405,0.762001524003));
#1643 = ADVANCED_FACE('',(#1644),#1674,.T.);
#1644 = FACE_BOUND('',#1645,.T.);
#1645 = EDGE_LOOP('',(#1646,#1655,#1662,#1669));
#1646 = ORIENTED_EDGE('',*,*,#1647,.F.);
#1647 = EDGE_CURVE('',#1648,#1650,#1652,.T.);
#1648 = VERTEX_POINT('',#1649);
#1649 = CARTESIAN_POINT('',(0.81,0.405,0.));
#1650 = VERTEX_POINT('',#1651);
#1651 = CARTESIAN_POINT('',(0.81,0.405,0.762001524003));
#1652 = B_SPLINE_CURVE_WITH_KNOTS('',1,(#1653,#1654),.UNSPECIFIED.,.F.,  .F.,(2,2),(0.,0.762001524003),.PIECEWISE_BEZIER_KNOTS.);
#1653 = CARTESIAN_POINT('',(0.81,0.405,0.));
#1654 = CARTESIAN_POINT('',(0.81,0.405,0.762001524003));
#1655 = ORIENTED_EDGE('',*,*,#1656,.T.);
#1656 = EDGE_CURVE('',#1648,#1657,#1659,.T.);
#1657 = VERTEX_POINT('',#1658);
#1658 = CARTESIAN_POINT('',(-0.81,0.405,0.));
#1659 = B_SPLINE_CURVE_WITH_KNOTS('',1,(#1660,#1661),.UNSPECIFIED.,.F.,  .F.,(2,2),(0.,0.762001524003),.PIECEWISE_BEZIER_KNOTS.);
#1660 = CARTESIAN_POINT('',(0.81,0.405,0.));
#1661 = CARTESIAN_POINT('',(-0.81,0.405,0.));
#1662 = ORIENTED_EDGE('',*,*,#1663,.T.);
#1663 = EDGE_CURVE('',#1657,#1664,#1666,.T.);
#1664 = VERTEX_POINT('',#1665);
#1665 = CARTESIAN_POINT('',(-0.81,0.405,0.762001524003));
#1666 = B_SPLINE_CURVE_WITH_KNOTS('',1,(#1667,#1668),.UNSPECIFIED.,.F.,  .F.,(2,2),(0.,0.762001524003),.PIECEWISE_BEZIER_KNOTS.);
#1667 = CARTESIAN_POINT('',(-0.81,0.405,0.));
#1668 = CARTESIAN_POINT('',(-0.81,0.405,0.762001524003));
#1669 = ORIENTED_EDGE('',*,*,#1670,.F.);
#1670 = EDGE_CURVE('',#1650,#1664,#1671,.T.);
#1671 = B_SPLINE_CURVE_WITH_KNOTS('',1,(#1672,#1673),.UNSPECIFIED.,.F.,  .F.,(2,2),(0.,0.762001524003),.PIECEWISE_BEZIER_KNOTS.);
#1672 = CARTESIAN_POINT('',(0.81,0.405,0.762001524003));
#1673 = CARTESIAN_POINT('',(-0.81,0.405,0.762001524003));
#1674 = B_SPLINE_SURFACE_WITH_KNOTS('',1,1,(    (#1675,#1676)    ,(#1677,#1678    )),.UNSPECIFIED.,.F.,.F.,.F.,(2,2),(2,2),(0.,0.762001524003),(    -0.762001524003,0.),.PIECEWISE_BEZIER_KNOTS.);
#1675 = CARTESIAN_POINT('',(-0.81,0.405,0.));
#1676 = CARTESIAN_POINT('',(0.81,0.405,0.));
#1677 = CARTESIAN_POINT('',(-0.81,0.405,0.762001524003));
#1678 = CARTESIAN_POINT('',(0.81,0.405,0.762001524003));
#1679 = ADVANCED_FACE('',(#1680),#1694,.F.);
#1680 = FACE_BOUND('',#1681,.F.);
#1681 = EDGE_LOOP('',(#1682,#1687,#1688,#1693));
#1682 = ORIENTED_EDGE('',*,*,#1683,.F.);
#1683 = EDGE_CURVE('',#1612,#1648,#1684,.T.);
#1684 = B_SPLINE_CURVE_WITH_KNOTS('',1,(#1685,#1686),.UNSPECIFIED.,.F.,  .F.,(2,2),(0.,0.762001524003),.PIECEWISE_BEZIER_KNOTS.);
#1685 = CARTESIAN_POINT('',(0.81,-0.405,0.));
#1686 = CARTESIAN_POINT('',(0.81,0.405,0.));
#1687 = ORIENTED_EDGE('',*,*,#1611,.T.);
#1688 = ORIENTED_EDGE('',*,*,#1689,.T.);
#1689 = EDGE_CURVE('',#1614,#1650,#1690,.T.);
#1690 = B_SPLINE_CURVE_WITH_KNOTS('',1,(#1691,#1692),.UNSPECIFIED.,.F.,  .F.,(2,2),(0.,0.762001524003),.PIECEWISE_BEZIER_KNOTS.);
#1691 = CARTESIAN_POINT('',(0.81,-0.405,0.762001524003));
#1692 = CARTESIAN_POINT('',(0.81,0.405,0.762001524003));
#1693 = ORIENTED_EDGE('',*,*,#1647,.F.);
#1694 = B_SPLINE_SURFACE_WITH_KNOTS('',1,1,(    (#1695,#1696)    ,(#1697,#1698    )),.UNSPECIFIED.,.F.,.F.,.F.,(2,2),(2,2),(0.,0.762001524003),(0.,    0.762001524003),.PIECEWISE_BEZIER_KNOTS.);
#1695 = CARTESIAN_POINT('',(0.81,-0.405,0.));
#1696 = CARTESIAN_POINT('',(0.81,0.405,0.));
#1697 = CARTESIAN_POINT('',(0.81,-0.405,0.762001524003));
#1698 = CARTESIAN_POINT('',(0.81,0.405,0.762001524003));
#1699 = ADVANCED_FACE('',(#1700),#1714,.T.);
#1700 = FACE_BOUND('',#1701,.T.);
#1701 = EDGE_LOOP('',(#1702,#1707,#1708,#1713));
#1702 = ORIENTED_EDGE('',*,*,#1703,.F.);
#1703 = EDGE_CURVE('',#1621,#1657,#1704,.T.);
#1704 = B_SPLINE_CURVE_WITH_KNOTS('',1,(#1705,#1706),.UNSPECIFIED.,.F.,  .F.,(2,2),(0.,0.762001524003),.PIECEWISE_BEZIER_KNOTS.);
#1705 = CARTESIAN_POINT('',(-0.81,-0.405,0.));
#1706 = CARTESIAN_POINT('',(-0.81,0.405,0.));
#1707 = ORIENTED_EDGE('',*,*,#1627,.T.);
#1708 = ORIENTED_EDGE('',*,*,#1709,.T.);
#1709 = EDGE_CURVE('',#1628,#1664,#1710,.T.);
#1710 = B_SPLINE_CURVE_WITH_KNOTS('',1,(#1711,#1712),.UNSPECIFIED.,.F.,  .F.,(2,2),(0.,0.762001524003),.PIECEWISE_BEZIER_KNOTS.);
#1711 = CARTESIAN_POINT('',(-0.81,-0.405,0.762001524003));
#1712 = CARTESIAN_POINT('',(-0.81,0.405,0.762001524003));
#1713 = ORIENTED_EDGE('',*,*,#1663,.F.);
#1714 = B_SPLINE_SURFACE_WITH_KNOTS('',1,1,(    (#1715,#1716)    ,(#1717,#1718    )),.UNSPECIFIED.,.F.,.F.,.F.,(2,2),(2,2),(0.,0.762001524003),(0.,    0.762001524003),.PIECEWISE_BEZIER_KNOTS.);
#1715 = CARTESIAN_POINT('',(-0.81,-0.405,0.));
#1716 = CARTESIAN_POINT('',(-0.81,0.405,0.));
#1717 = CARTESIAN_POINT('',(-0.81,-0.405,0.762001524003));
#1718 = CARTESIAN_POINT('',(-0.81,0.405,0.762001524003));
#1719 = ADVANCED_FACE('',(#1720),#1726,.F.);
#1720 = FACE_BOUND('',#1721,.F.);
#1721 = EDGE_LOOP('',(#1722,#1723,#1724,#1725));
#1722 = ORIENTED_EDGE('',*,*,#1620,.F.);
#1723 = ORIENTED_EDGE('',*,*,#1683,.T.);
#1724 = ORIENTED_EDGE('',*,*,#1656,.T.);
#1725 = ORIENTED_EDGE('',*,*,#1703,.F.);
#1726 = B_SPLINE_SURFACE_WITH_KNOTS('',1,1,(    (#1727,#1728)    ,(#1729,#1730    )),.UNSPECIFIED.,.F.,.F.,.F.,(2,2),(2,2),(0.,0.762001524003),(0.,    0.762001524003),.PIECEWISE_BEZIER_KNOTS.);
#1727 = CARTESIAN_POINT('',(0.81,-0.405,0.));
#1728 = CARTESIAN_POINT('',(-0.81,-0.405,0.));
#1729 = CARTESIAN_POINT('',(0.81,0.405,0.));
#1730 = CARTESIAN_POINT('',(-0.81,0.405,0.));
#1731 = ADVANCED_FACE('',(#1732),#1738,.T.);
#1732 = FACE_BOUND('',#1733,.T.);
#1733 = EDGE_LOOP('',(#1734,#1735,#1736,#1737));
#1734 = ORIENTED_EDGE('',*,*,#1634,.F.);
#1735 = ORIENTED_EDGE('',*,*,#1689,.T.);
#1736 = ORIENTED_EDGE('',*,*,#1670,.T.);
#1737 = ORIENTED_EDGE('',*,*,#1709,.F.);
#1738 = B_SPLINE_SURFACE_WITH_KNOTS('',1,1,(    (#1739,#1740)    ,(#1741,#1742    )),.UNSPECIFIED.,.F.,.F.,.F.,(2,2),(2,2),(0.,0.762001524003),(0.,    0.762001524003),.PIECEWISE_BEZIER_KNOTS.);
#1739 = CARTESIAN_POINT('',(0.81,-0.405,0.762001524003));
#1740 = CARTESIAN_POINT('',(-0.81,-0.405,0.762001524003));
#1741 = CARTESIAN_POINT('',(0.81,0.405,0.762001524003));
#1742 = CARTESIAN_POINT('',(-0.81,0.405,0.762001524003));
#1743 = ( GEOMETRIC_REPRESENTATION_CONTEXT(3) GLOBAL_UNCERTAINTY_ASSIGNED_CONTEXT((#1747)) GLOBAL_UNIT_ASSIGNED_CONTEXT((#1744,#1745,#1746)) REPRESENTATION_CONTEXT('Context #1','3D Context with UNIT and UNCERTAINTY') );
#1744 = ( LENGTH_UNIT() NAMED_UNIT(*) SI_UNIT(.MILLI.,.METRE.) );
#1745 = ( NAMED_UNIT(*) PLANE_ANGLE_UNIT() SI_UNIT($,.RADIAN.) );
#1746 = ( NAMED_UNIT(*) SI_UNIT($,.STERADIAN.) SOLID_ANGLE_UNIT() );
#1747 = UNCERTAINTY_MEASURE_WITH_UNIT(LENGTH_MEASURE(2.E-07),#1744,  'distance_accuracy_value','confusion accuracy');
#1748 = CONTEXT_DEPENDENT_SHAPE_REPRESENTATION(#1749,#1751);
#1749 = ( REPRESENTATION_RELATIONSHIP('','',#1604,#1581) REPRESENTATION_RELATIONSHIP_WITH_TRANSFORMATION(#1750) SHAPE_REPRESENTATION_RELATIONSHIP() );
#1750 = ITEM_DEFINED_TRANSFORMATION('','',#11,#1582);
#1751 = PRODUCT_DEFINITION_SHAPE('Placement','Placement of an item',  #1752);
#1752 = NEXT_ASSEMBLY_USAGE_OCCURRENCE('12','=>[0:1:1:12]','',#1576,  #1599,$);
#1753 = PRODUCT_RELATED_PRODUCT_CATEGORY('part',$,(#1601));
#1754 = SHAPE_DEFINITION_REPRESENTATION(#1755,#1761);
#1755 = PRODUCT_DEFINITION_SHAPE('','',#1756);
#1756 = PRODUCT_DEFINITION('design','',#1757,#1760);
#1757 = PRODUCT_DEFINITION_FORMATION('','',#1758);
#1758 = PRODUCT('R2~R0603~R0603~DVN9','R2~R0603~R0603~DVN9','',(#1759));
#1759 = PRODUCT_CONTEXT('',#2,'mechanical');
#1760 = PRODUCT_DEFINITION_CONTEXT('part definition',#2,'design');
#1761 = SHAPE_REPRESENTATION('',(#11,#1762),#1766);
#1762 = AXIS2_PLACEMENT_3D('',#1763,#1764,#1765);
#1763 = CARTESIAN_POINT('',(0.,0.,0.));
#1764 = DIRECTION('',(0.,0.,1.));
#1765 = DIRECTION('',(1.,0.,-0.));
#1766 = ( GEOMETRIC_REPRESENTATION_CONTEXT(3) GLOBAL_UNCERTAINTY_ASSIGNED_CONTEXT((#1770)) GLOBAL_UNIT_ASSIGNED_CONTEXT((#1767,#1768,#1769)) REPRESENTATION_CONTEXT('Context #1','3D Context with UNIT and UNCERTAINTY') );
#1767 = ( LENGTH_UNIT() NAMED_UNIT(*) SI_UNIT(.MILLI.,.METRE.) );
#1768 = ( NAMED_UNIT(*) PLANE_ANGLE_UNIT() SI_UNIT($,.RADIAN.) );
#1769 = ( NAMED_UNIT(*) SI_UNIT($,.STERADIAN.) SOLID_ANGLE_UNIT() );
#1770 = UNCERTAINTY_MEASURE_WITH_UNIT(LENGTH_MEASURE(2.E-07),#1767,  'distance_accuracy_value','confusion accuracy');
#1771 = CONTEXT_DEPENDENT_SHAPE_REPRESENTATION(#1772,#1774);
#1772 = ( REPRESENTATION_RELATIONSHIP('','',#1761,#10) REPRESENTATION_RELATIONSHIP_WITH_TRANSFORMATION(#1773) SHAPE_REPRESENTATION_RELATIONSHIP() );
#1773 = ITEM_DEFINED_TRANSFORMATION('','',#11,#51);
#1774 = PRODUCT_DEFINITION_SHAPE('Placement','Placement of an item',  #1775);
#1775 = NEXT_ASSEMBLY_USAGE_OCCURRENCE('15','=>[0:1:1:14]','',#5,#1756,$  );
#1776 = PRODUCT_RELATED_PRODUCT_CATEGORY('part',$,(#1758));
#1777 = CONTEXT_DEPENDENT_SHAPE_REPRESENTATION(#1778,#1780);
#1778 = ( REPRESENTATION_RELATIONSHIP('','',#1604,#1761) REPRESENTATION_RELATIONSHIP_WITH_TRANSFORMATION(#1779) SHAPE_REPRESENTATION_RELATIONSHIP() );
#1779 = ITEM_DEFINED_TRANSFORMATION('','',#11,#1762);
#1780 = PRODUCT_DEFINITION_SHAPE('Placement','Placement of an item',  #1781);
#1781 = NEXT_ASSEMBLY_USAGE_OCCURRENCE('14','','',#1756,#1599,$);
#1782 = SHAPE_DEFINITION_REPRESENTATION(#1783,#1789);
#1783 = PRODUCT_DEFINITION_SHAPE('','',#1784);
#1784 = PRODUCT_DEFINITION('design','',#1785,#1788);
#1785 = PRODUCT_DEFINITION_FORMATION('','',#1786);
#1786 = PRODUCT(  'CN1~FPC-SMD_DF40C-80DS-0.4V-51~CONN-SMD_DF40C-80DS-0.4V-58~DVN9',  'CN1~FPC-SMD_DF40C-80DS-0.4V-51~CONN-SMD_DF40C-80DS-0.4V-58~DVN9','',(    #1787));
#1787 = PRODUCT_CONTEXT('',#2,'mechanical');
#1788 = PRODUCT_DEFINITION_CONTEXT('part definition',#2,'design');
#1789 = SHAPE_REPRESENTATION('',(#11,#1790),#1794);
#1790 = AXIS2_PLACEMENT_3D('',#1791,#1792,#1793);
#1791 = CARTESIAN_POINT('',(0.,0.,0.));
#1792 = DIRECTION('',(0.,0.,1.));
#1793 = DIRECTION('',(1.,0.,-0.));
#1794 = ( GEOMETRIC_REPRESENTATION_CONTEXT(3) GLOBAL_UNCERTAINTY_ASSIGNED_CONTEXT((#1798)) GLOBAL_UNIT_ASSIGNED_CONTEXT((#1795,#1796,#1797)) REPRESENTATION_CONTEXT('Context #1','3D Context with UNIT and UNCERTAINTY') );
#1795 = ( LENGTH_UNIT() NAMED_UNIT(*) SI_UNIT(.MILLI.,.METRE.) );
#1796 = ( NAMED_UNIT(*) PLANE_ANGLE_UNIT() SI_UNIT($,.RADIAN.) );
#1797 = ( NAMED_UNIT(*) SI_UNIT($,.STERADIAN.) SOLID_ANGLE_UNIT() );
#1798 = UNCERTAINTY_MEASURE_WITH_UNIT(LENGTH_MEASURE(2.E-06),#1795,  'distance_accuracy_value','confusion accuracy');
#1799 = CONTEXT_DEPENDENT_SHAPE_REPRESENTATION(#1800,#1802);
#1800 = ( REPRESENTATION_RELATIONSHIP('','',#1789,#10) REPRESENTATION_RELATIONSHIP_WITH_TRANSFORMATION(#1801) SHAPE_REPRESENTATION_RELATIONSHIP() );
#1801 = ITEM_DEFINED_TRANSFORMATION('','',#11,#55);
#1802 = PRODUCT_DEFINITION_SHAPE('Placement','Placement of an item',  #1803);
#1803 = NEXT_ASSEMBLY_USAGE_OCCURRENCE('17','=>[0:1:1:16]','',#5,#1784,$  );
#1804 = PRODUCT_RELATED_PRODUCT_CATEGORY('part',$,(#1786));
#1805 = SHAPE_DEFINITION_REPRESENTATION(#1806,#1812);
#1806 = PRODUCT_DEFINITION_SHAPE('','',#1807);
#1807 = PRODUCT_DEFINITION('design','',#1808,#1811);
#1808 = PRODUCT_DEFINITION_FORMATION('','',#1809);
#1809 = PRODUCT(  'FPC-SMD_DF40C-80DS-0.4V-51~CONN-SMD_DF40C-80DS-0.4V-58~DVN9',  'FPC-SMD_DF40C-80DS-0.4V-51~CONN-SMD_DF40C-80DS-0.4V-58~DVN9','',(    #1810));
#1810 = PRODUCT_CONTEXT('',#2,'mechanical');
#1811 = PRODUCT_DEFINITION_CONTEXT('part definition',#2,'design');
#1812 = ADVANCED_BREP_SHAPE_REPRESENTATION('',(#11,#1813),#1951);
#1813 = MANIFOLD_SOLID_BREP('',#1814);
#1814 = CLOSED_SHELL('',(#1815,#1851,#1887,#1907,#1927,#1939));
#1815 = ADVANCED_FACE('',(#1816),#1846,.F.);
#1816 = FACE_BOUND('',#1817,.F.);
#1817 = EDGE_LOOP('',(#1818,#1827,#1834,#1841));
#1818 = ORIENTED_EDGE('',*,*,#1819,.F.);
#1819 = EDGE_CURVE('',#1820,#1822,#1824,.T.);
#1820 = VERTEX_POINT('',#1821);
#1821 = CARTESIAN_POINT('',(-9.300000190735,-1.69000005722,0.));
#1822 = VERTEX_POINT('',#1823);
#1823 = CARTESIAN_POINT('',(-9.300000190735,-1.69000005722,    1.450000047684));
#1824 = B_SPLINE_CURVE_WITH_KNOTS('',1,(#1825,#1826),.UNSPECIFIED.,.F.,  .F.,(2,2),(0.,0.762001524003),.PIECEWISE_BEZIER_KNOTS.);
#1825 = CARTESIAN_POINT('',(-9.300000190735,-1.69000005722,0.));
#1826 = CARTESIAN_POINT('',(-9.300000190735,-1.69000005722,    1.450000047684));
#1827 = ORIENTED_EDGE('',*,*,#1828,.T.);
#1828 = EDGE_CURVE('',#1820,#1829,#1831,.T.);
#1829 = VERTEX_POINT('',#1830);
#1830 = CARTESIAN_POINT('',(-9.300000190735,1.69000005722,0.));
#1831 = B_SPLINE_CURVE_WITH_KNOTS('',1,(#1832,#1833),.UNSPECIFIED.,.F.,  .F.,(2,2),(0.,0.762001524003),.PIECEWISE_BEZIER_KNOTS.);
#1832 = CARTESIAN_POINT('',(-9.300000190735,-1.69000005722,0.));
#1833 = CARTESIAN_POINT('',(-9.300000190735,1.69000005722,0.));
#1834 = ORIENTED_EDGE('',*,*,#1835,.T.);
#1835 = EDGE_CURVE('',#1829,#1836,#1838,.T.);
#1836 = VERTEX_POINT('',#1837);
#1837 = CARTESIAN_POINT('',(-9.300000190735,1.69000005722,1.450000047684    ));
#1838 = B_SPLINE_CURVE_WITH_KNOTS('',1,(#1839,#1840),.UNSPECIFIED.,.F.,  .F.,(2,2),(0.,0.762001524003),.PIECEWISE_BEZIER_KNOTS.);
#1839 = CARTESIAN_POINT('',(-9.300000190735,1.69000005722,0.));
#1840 = CARTESIAN_POINT('',(-9.300000190735,1.69000005722,1.450000047684    ));
#1841 = ORIENTED_EDGE('',*,*,#1842,.F.);
#1842 = EDGE_CURVE('',#1822,#1836,#1843,.T.);
#1843 = B_SPLINE_CURVE_WITH_KNOTS('',1,(#1844,#1845),.UNSPECIFIED.,.F.,  .F.,(2,2),(0.,0.762001524003),.PIECEWISE_BEZIER_KNOTS.);
#1844 = CARTESIAN_POINT('',(-9.300000190735,-1.69000005722,    1.450000047684));
#1845 = CARTESIAN_POINT('',(-9.300000190735,1.69000005722,1.450000047684    ));
#1846 = B_SPLINE_SURFACE_WITH_KNOTS('',1,1,(    (#1847,#1848)    ,(#1849,#1850    )),.UNSPECIFIED.,.F.,.F.,.F.,(2,2),(2,2),(0.,0.762001524003),(    -0.762001524003,0.),.PIECEWISE_BEZIER_KNOTS.);
#1847 = CARTESIAN_POINT('',(-9.300000190735,1.69000005722,0.));
#1848 = CARTESIAN_POINT('',(-9.300000190735,-1.69000005722,0.));
#1849 = CARTESIAN_POINT('',(-9.300000190735,1.69000005722,1.450000047684    ));
#1850 = CARTESIAN_POINT('',(-9.300000190735,-1.69000005722,    1.450000047684));
#1851 = ADVANCED_FACE('',(#1852),#1882,.T.);
#1852 = FACE_BOUND('',#1853,.T.);
#1853 = EDGE_LOOP('',(#1854,#1863,#1870,#1877));
#1854 = ORIENTED_EDGE('',*,*,#1855,.F.);
#1855 = EDGE_CURVE('',#1856,#1858,#1860,.T.);
#1856 = VERTEX_POINT('',#1857);
#1857 = CARTESIAN_POINT('',(9.300000190735,-1.69000005722,0.));
#1858 = VERTEX_POINT('',#1859);
#1859 = CARTESIAN_POINT('',(9.300000190735,-1.69000005722,1.450000047684    ));
#1860 = B_SPLINE_CURVE_WITH_KNOTS('',1,(#1861,#1862),.UNSPECIFIED.,.F.,  .F.,(2,2),(0.,0.762001524003),.PIECEWISE_BEZIER_KNOTS.);
#1861 = CARTESIAN_POINT('',(9.300000190735,-1.69000005722,0.));
#1862 = CARTESIAN_POINT('',(9.300000190735,-1.69000005722,1.450000047684    ));
#1863 = ORIENTED_EDGE('',*,*,#1864,.T.);
#1864 = EDGE_CURVE('',#1856,#1865,#1867,.T.);
#1865 = VERTEX_POINT('',#1866);
#1866 = CARTESIAN_POINT('',(9.300000190735,1.69000005722,0.));
#1867 = B_SPLINE_CURVE_WITH_KNOTS('',1,(#1868,#1869),.UNSPECIFIED.,.F.,  .F.,(2,2),(0.,0.762001524003),.PIECEWISE_BEZIER_KNOTS.);
#1868 = CARTESIAN_POINT('',(9.300000190735,-1.69000005722,0.));
#1869 = CARTESIAN_POINT('',(9.300000190735,1.69000005722,0.));
#1870 = ORIENTED_EDGE('',*,*,#1871,.T.);
#1871 = EDGE_CURVE('',#1865,#1872,#1874,.T.);
#1872 = VERTEX_POINT('',#1873);
#1873 = CARTESIAN_POINT('',(9.300000190735,1.69000005722,1.450000047684)  );
#1874 = B_SPLINE_CURVE_WITH_KNOTS('',1,(#1875,#1876),.UNSPECIFIED.,.F.,  .F.,(2,2),(0.,0.762001524003),.PIECEWISE_BEZIER_KNOTS.);
#1875 = CARTESIAN_POINT('',(9.300000190735,1.69000005722,0.));
#1876 = CARTESIAN_POINT('',(9.300000190735,1.69000005722,1.450000047684)  );
#1877 = ORIENTED_EDGE('',*,*,#1878,.F.);
#1878 = EDGE_CURVE('',#1858,#1872,#1879,.T.);
#1879 = B_SPLINE_CURVE_WITH_KNOTS('',1,(#1880,#1881),.UNSPECIFIED.,.F.,  .F.,(2,2),(0.,0.762001524003),.PIECEWISE_BEZIER_KNOTS.);
#1880 = CARTESIAN_POINT('',(9.300000190735,-1.69000005722,1.450000047684    ));
#1881 = CARTESIAN_POINT('',(9.300000190735,1.69000005722,1.450000047684)  );
#1882 = B_SPLINE_SURFACE_WITH_KNOTS('',1,1,(    (#1883,#1884)    ,(#1885,#1886    )),.UNSPECIFIED.,.F.,.F.,.F.,(2,2),(2,2),(0.,0.762001524003),(    -0.762001524003,0.),.PIECEWISE_BEZIER_KNOTS.);
#1883 = CARTESIAN_POINT('',(9.300000190735,1.69000005722,0.));
#1884 = CARTESIAN_POINT('',(9.300000190735,-1.69000005722,0.));
#1885 = CARTESIAN_POINT('',(9.300000190735,1.69000005722,1.450000047684)  );
#1886 = CARTESIAN_POINT('',(9.300000190735,-1.69000005722,1.450000047684    ));
#1887 = ADVANCED_FACE('',(#1888),#1902,.F.);
#1888 = FACE_BOUND('',#1889,.F.);
#1889 = EDGE_LOOP('',(#1890,#1895,#1896,#1901));
#1890 = ORIENTED_EDGE('',*,*,#1891,.F.);
#1891 = EDGE_CURVE('',#1820,#1856,#1892,.T.);
#1892 = B_SPLINE_CURVE_WITH_KNOTS('',1,(#1893,#1894),.UNSPECIFIED.,.F.,  .F.,(2,2),(0.,0.762001524003),.PIECEWISE_BEZIER_KNOTS.);
#1893 = CARTESIAN_POINT('',(-9.300000190735,-1.69000005722,0.));
#1894 = CARTESIAN_POINT('',(9.300000190735,-1.69000005722,0.));
#1895 = ORIENTED_EDGE('',*,*,#1819,.T.);
#1896 = ORIENTED_EDGE('',*,*,#1897,.T.);
#1897 = EDGE_CURVE('',#1822,#1858,#1898,.T.);
#1898 = B_SPLINE_CURVE_WITH_KNOTS('',1,(#1899,#1900),.UNSPECIFIED.,.F.,  .F.,(2,2),(0.,0.762001524003),.PIECEWISE_BEZIER_KNOTS.);
#1899 = CARTESIAN_POINT('',(-9.300000190735,-1.69000005722,    1.450000047684));
#1900 = CARTESIAN_POINT('',(9.300000190735,-1.69000005722,1.450000047684    ));
#1901 = ORIENTED_EDGE('',*,*,#1855,.F.);
#1902 = B_SPLINE_SURFACE_WITH_KNOTS('',1,1,(    (#1903,#1904)    ,(#1905,#1906    )),.UNSPECIFIED.,.F.,.F.,.F.,(2,2),(2,2),(0.,0.762001524003),(0.,    0.762001524003),.PIECEWISE_BEZIER_KNOTS.);
#1903 = CARTESIAN_POINT('',(-9.300000190735,-1.69000005722,0.));
#1904 = CARTESIAN_POINT('',(9.300000190735,-1.69000005722,0.));
#1905 = CARTESIAN_POINT('',(-9.300000190735,-1.69000005722,    1.450000047684));
#1906 = CARTESIAN_POINT('',(9.300000190735,-1.69000005722,1.450000047684    ));
#1907 = ADVANCED_FACE('',(#1908),#1922,.T.);
#1908 = FACE_BOUND('',#1909,.T.);
#1909 = EDGE_LOOP('',(#1910,#1915,#1916,#1921));
#1910 = ORIENTED_EDGE('',*,*,#1911,.F.);
#1911 = EDGE_CURVE('',#1829,#1865,#1912,.T.);
#1912 = B_SPLINE_CURVE_WITH_KNOTS('',1,(#1913,#1914),.UNSPECIFIED.,.F.,  .F.,(2,2),(0.,0.762001524003),.PIECEWISE_BEZIER_KNOTS.);
#1913 = CARTESIAN_POINT('',(-9.300000190735,1.69000005722,0.));
#1914 = CARTESIAN_POINT('',(9.300000190735,1.69000005722,0.));
#1915 = ORIENTED_EDGE('',*,*,#1835,.T.);
#1916 = ORIENTED_EDGE('',*,*,#1917,.T.);
#1917 = EDGE_CURVE('',#1836,#1872,#1918,.T.);
#1918 = B_SPLINE_CURVE_WITH_KNOTS('',1,(#1919,#1920),.UNSPECIFIED.,.F.,  .F.,(2,2),(0.,0.762001524003),.PIECEWISE_BEZIER_KNOTS.);
#1919 = CARTESIAN_POINT('',(-9.300000190735,1.69000005722,1.450000047684    ));
#1920 = CARTESIAN_POINT('',(9.300000190735,1.69000005722,1.450000047684)  );
#1921 = ORIENTED_EDGE('',*,*,#1871,.F.);
#1922 = B_SPLINE_SURFACE_WITH_KNOTS('',1,1,(    (#1923,#1924)    ,(#1925,#1926    )),.UNSPECIFIED.,.F.,.F.,.F.,(2,2),(2,2),(0.,0.762001524003),(0.,    0.762001524003),.PIECEWISE_BEZIER_KNOTS.);
#1923 = CARTESIAN_POINT('',(-9.300000190735,1.69000005722,0.));
#1924 = CARTESIAN_POINT('',(9.300000190735,1.69000005722,0.));
#1925 = CARTESIAN_POINT('',(-9.300000190735,1.69000005722,1.450000047684    ));
#1926 = CARTESIAN_POINT('',(9.300000190735,1.69000005722,1.450000047684)  );
#1927 = ADVANCED_FACE('',(#1928),#1934,.F.);
#1928 = FACE_BOUND('',#1929,.F.);
#1929 = EDGE_LOOP('',(#1930,#1931,#1932,#1933));
#1930 = ORIENTED_EDGE('',*,*,#1828,.F.);
#1931 = ORIENTED_EDGE('',*,*,#1891,.T.);
#1932 = ORIENTED_EDGE('',*,*,#1864,.T.);
#1933 = ORIENTED_EDGE('',*,*,#1911,.F.);
#1934 = B_SPLINE_SURFACE_WITH_KNOTS('',1,1,(    (#1935,#1936)    ,(#1937,#1938    )),.UNSPECIFIED.,.F.,.F.,.F.,(2,2),(2,2),(0.,0.762001524003),(0.,    0.762001524003),.PIECEWISE_BEZIER_KNOTS.);
#1935 = CARTESIAN_POINT('',(-9.300000190735,-1.69000005722,0.));
#1936 = CARTESIAN_POINT('',(-9.300000190735,1.69000005722,0.));
#1937 = CARTESIAN_POINT('',(9.300000190735,-1.69000005722,0.));
#1938 = CARTESIAN_POINT('',(9.300000190735,1.69000005722,0.));
#1939 = ADVANCED_FACE('',(#1940),#1946,.T.);
#1940 = FACE_BOUND('',#1941,.T.);
#1941 = EDGE_LOOP('',(#1942,#1943,#1944,#1945));
#1942 = ORIENTED_EDGE('',*,*,#1842,.F.);
#1943 = ORIENTED_EDGE('',*,*,#1897,.T.);
#1944 = ORIENTED_EDGE('',*,*,#1878,.T.);
#1945 = ORIENTED_EDGE('',*,*,#1917,.F.);
#1946 = B_SPLINE_SURFACE_WITH_KNOTS('',1,1,(    (#1947,#1948)    ,(#1949,#1950    )),.UNSPECIFIED.,.F.,.F.,.F.,(2,2),(2,2),(0.,0.762001524003),(0.,    0.762001524003),.PIECEWISE_BEZIER_KNOTS.);
#1947 = CARTESIAN_POINT('',(-9.300000190735,-1.69000005722,    1.450000047684));
#1948 = CARTESIAN_POINT('',(-9.300000190735,1.69000005722,1.450000047684    ));
#1949 = CARTESIAN_POINT('',(9.300000190735,-1.69000005722,1.450000047684    ));
#1950 = CARTESIAN_POINT('',(9.300000190735,1.69000005722,1.450000047684)  );
#1951 = ( GEOMETRIC_REPRESENTATION_CONTEXT(3) GLOBAL_UNCERTAINTY_ASSIGNED_CONTEXT((#1955)) GLOBAL_UNIT_ASSIGNED_CONTEXT((#1952,#1953,#1954)) REPRESENTATION_CONTEXT('Context #1','3D Context with UNIT and UNCERTAINTY') );
#1952 = ( LENGTH_UNIT() NAMED_UNIT(*) SI_UNIT(.MILLI.,.METRE.) );
#1953 = ( NAMED_UNIT(*) PLANE_ANGLE_UNIT() SI_UNIT($,.RADIAN.) );
#1954 = ( NAMED_UNIT(*) SI_UNIT($,.STERADIAN.) SOLID_ANGLE_UNIT() );
#1955 = UNCERTAINTY_MEASURE_WITH_UNIT(LENGTH_MEASURE(2.E-06),#1952,  'distance_accuracy_value','confusion accuracy');
#1956 = CONTEXT_DEPENDENT_SHAPE_REPRESENTATION(#1957,#1959);
#1957 = ( REPRESENTATION_RELATIONSHIP('','',#1812,#1789) REPRESENTATION_RELATIONSHIP_WITH_TRANSFORMATION(#1958) SHAPE_REPRESENTATION_RELATIONSHIP() );
#1958 = ITEM_DEFINED_TRANSFORMATION('','',#11,#1790);
#1959 = PRODUCT_DEFINITION_SHAPE('Placement','Placement of an item',  #1960);
#1960 = NEXT_ASSEMBLY_USAGE_OCCURRENCE('16','=>[0:1:1:15]','',#1784,  #1807,$);
#1961 = PRODUCT_RELATED_PRODUCT_CATEGORY('part',$,(#1809));
#1962 = SHAPE_DEFINITION_REPRESENTATION(#1963,#1969);
#1963 = PRODUCT_DEFINITION_SHAPE('','',#1964);
#1964 = PRODUCT_DEFINITION('design','',#1965,#1968);
#1965 = PRODUCT_DEFINITION_FORMATION('','',#1966);
#1966 = PRODUCT(  'CN2~FPC-SMD_DF40C-80DS-0.4V-51~CONN-SMD_DF40C-80DS-0.4V-58~DVN9',  'CN2~FPC-SMD_DF40C-80DS-0.4V-51~CONN-SMD_DF40C-80DS-0.4V-58~DVN9','',(    #1967));
#1967 = PRODUCT_CONTEXT('',#2,'mechanical');
#1968 = PRODUCT_DEFINITION_CONTEXT('part definition',#2,'design');
#1969 = SHAPE_REPRESENTATION('',(#11,#1970),#1974);
#1970 = AXIS2_PLACEMENT_3D('',#1971,#1972,#1973);
#1971 = CARTESIAN_POINT('',(0.,0.,0.));
#1972 = DIRECTION('',(0.,0.,1.));
#1973 = DIRECTION('',(1.,0.,-0.));
#1974 = ( GEOMETRIC_REPRESENTATION_CONTEXT(3) GLOBAL_UNCERTAINTY_ASSIGNED_CONTEXT((#1978)) GLOBAL_UNIT_ASSIGNED_CONTEXT((#1975,#1976,#1977)) REPRESENTATION_CONTEXT('Context #1','3D Context with UNIT and UNCERTAINTY') );
#1975 = ( LENGTH_UNIT() NAMED_UNIT(*) SI_UNIT(.MILLI.,.METRE.) );
#1976 = ( NAMED_UNIT(*) PLANE_ANGLE_UNIT() SI_UNIT($,.RADIAN.) );
#1977 = ( NAMED_UNIT(*) SI_UNIT($,.STERADIAN.) SOLID_ANGLE_UNIT() );
#1978 = UNCERTAINTY_MEASURE_WITH_UNIT(LENGTH_MEASURE(2.E-06),#1975,  'distance_accuracy_value','confusion accuracy');
#1979 = CONTEXT_DEPENDENT_SHAPE_REPRESENTATION(#1980,#1982);
#1980 = ( REPRESENTATION_RELATIONSHIP('','',#1969,#10) REPRESENTATION_RELATIONSHIP_WITH_TRANSFORMATION(#1981) SHAPE_REPRESENTATION_RELATIONSHIP() );
#1981 = ITEM_DEFINED_TRANSFORMATION('','',#11,#59);
#1982 = PRODUCT_DEFINITION_SHAPE('Placement','Placement of an item',  #1983);
#1983 = NEXT_ASSEMBLY_USAGE_OCCURRENCE('19','=>[0:1:1:17]','',#5,#1964,$  );
#1984 = PRODUCT_RELATED_PRODUCT_CATEGORY('part',$,(#1966));
#1985 = CONTEXT_DEPENDENT_SHAPE_REPRESENTATION(#1986,#1988);
#1986 = ( REPRESENTATION_RELATIONSHIP('','',#1812,#1969) REPRESENTATION_RELATIONSHIP_WITH_TRANSFORMATION(#1987) SHAPE_REPRESENTATION_RELATIONSHIP() );
#1987 = ITEM_DEFINED_TRANSFORMATION('','',#11,#1970);
#1988 = PRODUCT_DEFINITION_SHAPE('Placement','Placement of an item',  #1989);
#1989 = NEXT_ASSEMBLY_USAGE_OCCURRENCE('18','','',#1964,#1807,$);
#1990 = SHAPE_DEFINITION_REPRESENTATION(#1991,#1997);
#1991 = PRODUCT_DEFINITION_SHAPE('','',#1992);
#1992 = PRODUCT_DEFINITION('design','',#1993,#1996);
#1993 = PRODUCT_DEFINITION_FORMATION('','',#1994);
#1994 = PRODUCT(  'CN3~FPC-SMD_DF40C-80DS-0.4V-51~CONN-SMD_DF40C-80DS-0.4V-58~DVN9',  'CN3~FPC-SMD_DF40C-80DS-0.4V-51~CONN-SMD_DF40C-80DS-0.4V-58~DVN9','',(    #1995));
#1995 = PRODUCT_CONTEXT('',#2,'mechanical');
#1996 = PRODUCT_DEFINITION_CONTEXT('part definition',#2,'design');
#1997 = SHAPE_REPRESENTATION('',(#11,#1998),#2002);
#1998 = AXIS2_PLACEMENT_3D('',#1999,#2000,#2001);
#1999 = CARTESIAN_POINT('',(0.,0.,0.));
#2000 = DIRECTION('',(0.,0.,1.));
#2001 = DIRECTION('',(1.,0.,-0.));
#2002 = ( GEOMETRIC_REPRESENTATION_CONTEXT(3) GLOBAL_UNCERTAINTY_ASSIGNED_CONTEXT((#2006)) GLOBAL_UNIT_ASSIGNED_CONTEXT((#2003,#2004,#2005)) REPRESENTATION_CONTEXT('Context #1','3D Context with UNIT and UNCERTAINTY') );
#2003 = ( LENGTH_UNIT() NAMED_UNIT(*) SI_UNIT(.MILLI.,.METRE.) );
#2004 = ( NAMED_UNIT(*) PLANE_ANGLE_UNIT() SI_UNIT($,.RADIAN.) );
#2005 = ( NAMED_UNIT(*) SI_UNIT($,.STERADIAN.) SOLID_ANGLE_UNIT() );
#2006 = UNCERTAINTY_MEASURE_WITH_UNIT(LENGTH_MEASURE(2.E-06),#2003,  'distance_accuracy_value','confusion accuracy');
#2007 = CONTEXT_DEPENDENT_SHAPE_REPRESENTATION(#2008,#2010);
#2008 = ( REPRESENTATION_RELATIONSHIP('','',#1997,#10) REPRESENTATION_RELATIONSHIP_WITH_TRANSFORMATION(#2009) SHAPE_REPRESENTATION_RELATIONSHIP() );
#2009 = ITEM_DEFINED_TRANSFORMATION('','',#11,#63);
#2010 = PRODUCT_DEFINITION_SHAPE('Placement','Placement of an item',  #2011);
#2011 = NEXT_ASSEMBLY_USAGE_OCCURRENCE('21','=>[0:1:1:18]','',#5,#1992,$  );
#2012 = PRODUCT_RELATED_PRODUCT_CATEGORY('part',$,(#1994));
#2013 = CONTEXT_DEPENDENT_SHAPE_REPRESENTATION(#2014,#2016);
#2014 = ( REPRESENTATION_RELATIONSHIP('','',#1812,#1997) REPRESENTATION_RELATIONSHIP_WITH_TRANSFORMATION(#2015) SHAPE_REPRESENTATION_RELATIONSHIP() );
#2015 = ITEM_DEFINED_TRANSFORMATION('','',#11,#1998);
#2016 = PRODUCT_DEFINITION_SHAPE('Placement','Placement of an item',  #2017);
#2017 = NEXT_ASSEMBLY_USAGE_OCCURRENCE('20','','',#1992,#1807,$);
#2018 = MECHANICAL_DESIGN_GEOMETRIC_PRESENTATION_REPRESENTATION('',(    #2019,#2029,#2037,#2044,#2051,#2058,#2065,#2072,#2079,#2086,#2093,    #2100,#2107,#2114,#2121,#2128,#2135,#2142,#2149,#2156,#2163,#2170,    #2177,#2184,#2191,#2198,#2205,#2212,#2219),#1099);
#2019 = STYLED_ITEM('color',(#2020),#81);
#2020 = PRESENTATION_STYLE_ASSIGNMENT((#2021,#2027));
#2021 = SURFACE_STYLE_USAGE(.BOTH.,#2022);
#2022 = SURFACE_SIDE_STYLE('',(#2023));
#2023 = SURFACE_STYLE_FILL_AREA(#2024);
#2024 = FILL_AREA_STYLE('',(#2025));
#2025 = FILL_AREA_STYLE_COLOUR('',#2026);
#2026 = COLOUR_RGB('',0.206895373913,0.417002959305,0.619000406538);
#2027 = CURVE_STYLE('',#2028,POSITIVE_LENGTH_MEASURE(0.1),#2026);
#2028 = DRAUGHTING_PRE_DEFINED_CURVE_FONT('continuous');
#2029 = OVER_RIDING_STYLED_ITEM('overriding color',(#2030),#83,#2019);
#2030 = PRESENTATION_STYLE_ASSIGNMENT((#2031));
#2031 = SURFACE_STYLE_USAGE(.BOTH.,#2032);
#2032 = SURFACE_SIDE_STYLE('',(#2033));
#2033 = SURFACE_STYLE_FILL_AREA(#2034);
#2034 = FILL_AREA_STYLE('',(#2035));
#2035 = FILL_AREA_STYLE_COLOUR('',#2036);
#2036 = COLOUR_RGB('',0.937179583391,0.9357410338,0.649182888601);
#2037 = OVER_RIDING_STYLED_ITEM('overriding color',(#2038),#125,#2019);
#2038 = PRESENTATION_STYLE_ASSIGNMENT((#2039));
#2039 = SURFACE_STYLE_USAGE(.BOTH.,#2040);
#2040 = SURFACE_SIDE_STYLE('',(#2041));
#2041 = SURFACE_STYLE_FILL_AREA(#2042);
#2042 = FILL_AREA_STYLE('',(#2043));
#2043 = FILL_AREA_STYLE_COLOUR('',#2036);
#2044 = OVER_RIDING_STYLED_ITEM('overriding color',(#2045),#156,#2019);
#2045 = PRESENTATION_STYLE_ASSIGNMENT((#2046));
#2046 = SURFACE_STYLE_USAGE(.BOTH.,#2047);
#2047 = SURFACE_SIDE_STYLE('',(#2048));
#2048 = SURFACE_STYLE_FILL_AREA(#2049);
#2049 = FILL_AREA_STYLE('',(#2050));
#2050 = FILL_AREA_STYLE_COLOUR('',#2036);
#2051 = OVER_RIDING_STYLED_ITEM('overriding color',(#2052),#189,#2019);
#2052 = PRESENTATION_STYLE_ASSIGNMENT((#2053));
#2053 = SURFACE_STYLE_USAGE(.BOTH.,#2054);
#2054 = SURFACE_SIDE_STYLE('',(#2055));
#2055 = SURFACE_STYLE_FILL_AREA(#2056);
#2056 = FILL_AREA_STYLE('',(#2057));
#2057 = FILL_AREA_STYLE_COLOUR('',#2036);
#2058 = OVER_RIDING_STYLED_ITEM('overriding color',(#2059),#220,#2019);
#2059 = PRESENTATION_STYLE_ASSIGNMENT((#2060));
#2060 = SURFACE_STYLE_USAGE(.BOTH.,#2061);
#2061 = SURFACE_SIDE_STYLE('',(#2062));
#2062 = SURFACE_STYLE_FILL_AREA(#2063);
#2063 = FILL_AREA_STYLE('',(#2064));
#2064 = FILL_AREA_STYLE_COLOUR('',#2036);
#2065 = OVER_RIDING_STYLED_ITEM('overriding color',(#2066),#253,#2019);
#2066 = PRESENTATION_STYLE_ASSIGNMENT((#2067));
#2067 = SURFACE_STYLE_USAGE(.BOTH.,#2068);
#2068 = SURFACE_SIDE_STYLE('',(#2069));
#2069 = SURFACE_STYLE_FILL_AREA(#2070);
#2070 = FILL_AREA_STYLE('',(#2071));
#2071 = FILL_AREA_STYLE_COLOUR('',#2036);
#2072 = OVER_RIDING_STYLED_ITEM('overriding color',(#2073),#284,#2019);
#2073 = PRESENTATION_STYLE_ASSIGNMENT((#2074));
#2074 = SURFACE_STYLE_USAGE(.BOTH.,#2075);
#2075 = SURFACE_SIDE_STYLE('',(#2076));
#2076 = SURFACE_STYLE_FILL_AREA(#2077);
#2077 = FILL_AREA_STYLE('',(#2078));
#2078 = FILL_AREA_STYLE_COLOUR('',#2036);
#2079 = OVER_RIDING_STYLED_ITEM('overriding color',(#2080),#317,#2019);
#2080 = PRESENTATION_STYLE_ASSIGNMENT((#2081));
#2081 = SURFACE_STYLE_USAGE(.BOTH.,#2082);
#2082 = SURFACE_SIDE_STYLE('',(#2083));
#2083 = SURFACE_STYLE_FILL_AREA(#2084);
#2084 = FILL_AREA_STYLE('',(#2085));
#2085 = FILL_AREA_STYLE_COLOUR('',#2036);
#2086 = OVER_RIDING_STYLED_ITEM('overriding color',(#2087),#339,#2019);
#2087 = PRESENTATION_STYLE_ASSIGNMENT((#2088));
#2088 = SURFACE_STYLE_USAGE(.BOTH.,#2089);
#2089 = SURFACE_SIDE_STYLE('',(#2090));
#2090 = SURFACE_STYLE_FILL_AREA(#2091);
#2091 = FILL_AREA_STYLE('',(#2092));
#2092 = FILL_AREA_STYLE_COLOUR('',#2036);
#2093 = OVER_RIDING_STYLED_ITEM('overriding color',(#2094),#381,#2019);
#2094 = PRESENTATION_STYLE_ASSIGNMENT((#2095));
#2095 = SURFACE_STYLE_USAGE(.BOTH.,#2096);
#2096 = SURFACE_SIDE_STYLE('',(#2097));
#2097 = SURFACE_STYLE_FILL_AREA(#2098);
#2098 = FILL_AREA_STYLE('',(#2099));
#2099 = FILL_AREA_STYLE_COLOUR('',#2036);
#2100 = OVER_RIDING_STYLED_ITEM('overriding color',(#2101),#405,#2019);
#2101 = PRESENTATION_STYLE_ASSIGNMENT((#2102));
#2102 = SURFACE_STYLE_USAGE(.BOTH.,#2103);
#2103 = SURFACE_SIDE_STYLE('',(#2104));
#2104 = SURFACE_STYLE_FILL_AREA(#2105);
#2105 = FILL_AREA_STYLE('',(#2106));
#2106 = FILL_AREA_STYLE_COLOUR('',#2036);
#2107 = OVER_RIDING_STYLED_ITEM('overriding color',(#2108),#447,#2019);
#2108 = PRESENTATION_STYLE_ASSIGNMENT((#2109));
#2109 = SURFACE_STYLE_USAGE(.BOTH.,#2110);
#2110 = SURFACE_SIDE_STYLE('',(#2111));
#2111 = SURFACE_STYLE_FILL_AREA(#2112);
#2112 = FILL_AREA_STYLE('',(#2113));
#2113 = FILL_AREA_STYLE_COLOUR('',#2036);
#2114 = OVER_RIDING_STYLED_ITEM('overriding color',(#2115),#471,#2019);
#2115 = PRESENTATION_STYLE_ASSIGNMENT((#2116));
#2116 = SURFACE_STYLE_USAGE(.BOTH.,#2117);
#2117 = SURFACE_SIDE_STYLE('',(#2118));
#2118 = SURFACE_STYLE_FILL_AREA(#2119);
#2119 = FILL_AREA_STYLE('',(#2120));
#2120 = FILL_AREA_STYLE_COLOUR('',#2036);
#2121 = OVER_RIDING_STYLED_ITEM('overriding color',(#2122),#511,#2019);
#2122 = PRESENTATION_STYLE_ASSIGNMENT((#2123));
#2123 = SURFACE_STYLE_USAGE(.BOTH.,#2124);
#2124 = SURFACE_SIDE_STYLE('',(#2125));
#2125 = SURFACE_STYLE_FILL_AREA(#2126);
#2126 = FILL_AREA_STYLE('',(#2127));
#2127 = FILL_AREA_STYLE_COLOUR('',#2036);
#2128 = OVER_RIDING_STYLED_ITEM('overriding color',(#2129),#542,#2019);
#2129 = PRESENTATION_STYLE_ASSIGNMENT((#2130));
#2130 = SURFACE_STYLE_USAGE(.BOTH.,#2131);
#2131 = SURFACE_SIDE_STYLE('',(#2132));
#2132 = SURFACE_STYLE_FILL_AREA(#2133);
#2133 = FILL_AREA_STYLE('',(#2134));
#2134 = FILL_AREA_STYLE_COLOUR('',#2036);
#2135 = OVER_RIDING_STYLED_ITEM('overriding color',(#2136),#573,#2019);
#2136 = PRESENTATION_STYLE_ASSIGNMENT((#2137));
#2137 = SURFACE_STYLE_USAGE(.BOTH.,#2138);
#2138 = SURFACE_SIDE_STYLE('',(#2139));
#2139 = SURFACE_STYLE_FILL_AREA(#2140);
#2140 = FILL_AREA_STYLE('',(#2141));
#2141 = FILL_AREA_STYLE_COLOUR('',#2036);
#2142 = OVER_RIDING_STYLED_ITEM('overriding color',(#2143),#595,#2019);
#2143 = PRESENTATION_STYLE_ASSIGNMENT((#2144));
#2144 = SURFACE_STYLE_USAGE(.BOTH.,#2145);
#2145 = SURFACE_SIDE_STYLE('',(#2146));
#2146 = SURFACE_STYLE_FILL_AREA(#2147);
#2147 = FILL_AREA_STYLE('',(#2148));
#2148 = FILL_AREA_STYLE_COLOUR('',#2036);
#2149 = OVER_RIDING_STYLED_ITEM('overriding color',(#2150),#637,#2019);
#2150 = PRESENTATION_STYLE_ASSIGNMENT((#2151));
#2151 = SURFACE_STYLE_USAGE(.BOTH.,#2152);
#2152 = SURFACE_SIDE_STYLE('',(#2153));
#2153 = SURFACE_STYLE_FILL_AREA(#2154);
#2154 = FILL_AREA_STYLE('',(#2155));
#2155 = FILL_AREA_STYLE_COLOUR('',#2036);
#2156 = OVER_RIDING_STYLED_ITEM('overriding color',(#2157),#661,#2019);
#2157 = PRESENTATION_STYLE_ASSIGNMENT((#2158));
#2158 = SURFACE_STYLE_USAGE(.BOTH.,#2159);
#2159 = SURFACE_SIDE_STYLE('',(#2160));
#2160 = SURFACE_STYLE_FILL_AREA(#2161);
#2161 = FILL_AREA_STYLE('',(#2162));
#2162 = FILL_AREA_STYLE_COLOUR('',#2036);
#2163 = OVER_RIDING_STYLED_ITEM('overriding color',(#2164),#703,#2019);
#2164 = PRESENTATION_STYLE_ASSIGNMENT((#2165));
#2165 = SURFACE_STYLE_USAGE(.BOTH.,#2166);
#2166 = SURFACE_SIDE_STYLE('',(#2167));
#2167 = SURFACE_STYLE_FILL_AREA(#2168);
#2168 = FILL_AREA_STYLE('',(#2169));
#2169 = FILL_AREA_STYLE_COLOUR('',#2036);
#2170 = OVER_RIDING_STYLED_ITEM('overriding color',(#2171),#727,#2019);
#2171 = PRESENTATION_STYLE_ASSIGNMENT((#2172));
#2172 = SURFACE_STYLE_USAGE(.BOTH.,#2173);
#2173 = SURFACE_SIDE_STYLE('',(#2174));
#2174 = SURFACE_STYLE_FILL_AREA(#2175);
#2175 = FILL_AREA_STYLE('',(#2176));
#2176 = FILL_AREA_STYLE_COLOUR('',#2036);
#2177 = OVER_RIDING_STYLED_ITEM('overriding color',(#2178),#769,#2019);
#2178 = PRESENTATION_STYLE_ASSIGNMENT((#2179));
#2179 = SURFACE_STYLE_USAGE(.BOTH.,#2180);
#2180 = SURFACE_SIDE_STYLE('',(#2181));
#2181 = SURFACE_STYLE_FILL_AREA(#2182);
#2182 = FILL_AREA_STYLE('',(#2183));
#2183 = FILL_AREA_STYLE_COLOUR('',#2036);
#2184 = OVER_RIDING_STYLED_ITEM('overriding color',(#2185),#793,#2019);
#2185 = PRESENTATION_STYLE_ASSIGNMENT((#2186));
#2186 = SURFACE_STYLE_USAGE(.BOTH.,#2187);
#2187 = SURFACE_SIDE_STYLE('',(#2188));
#2188 = SURFACE_STYLE_FILL_AREA(#2189);
#2189 = FILL_AREA_STYLE('',(#2190));
#2190 = FILL_AREA_STYLE_COLOUR('',#2036);
#2191 = OVER_RIDING_STYLED_ITEM('overriding color',(#2192),#835,#2019);
#2192 = PRESENTATION_STYLE_ASSIGNMENT((#2193));
#2193 = SURFACE_STYLE_USAGE(.BOTH.,#2194);
#2194 = SURFACE_SIDE_STYLE('',(#2195));
#2195 = SURFACE_STYLE_FILL_AREA(#2196);
#2196 = FILL_AREA_STYLE('',(#2197));
#2197 = FILL_AREA_STYLE_COLOUR('',#2036);
#2198 = OVER_RIDING_STYLED_ITEM('overriding color',(#2199),#859,#2019);
#2199 = PRESENTATION_STYLE_ASSIGNMENT((#2200));
#2200 = SURFACE_STYLE_USAGE(.BOTH.,#2201);
#2201 = SURFACE_SIDE_STYLE('',(#2202));
#2202 = SURFACE_STYLE_FILL_AREA(#2203);
#2203 = FILL_AREA_STYLE('',(#2204));
#2204 = FILL_AREA_STYLE_COLOUR('',#2036);
#2205 = OVER_RIDING_STYLED_ITEM('overriding color',(#2206),#901,#2019);
#2206 = PRESENTATION_STYLE_ASSIGNMENT((#2207));
#2207 = SURFACE_STYLE_USAGE(.BOTH.,#2208);
#2208 = SURFACE_SIDE_STYLE('',(#2209));
#2209 = SURFACE_STYLE_FILL_AREA(#2210);
#2210 = FILL_AREA_STYLE('',(#2211));
#2211 = FILL_AREA_STYLE_COLOUR('',#2036);
#2212 = OVER_RIDING_STYLED_ITEM('overriding color',(#2213),#925,#2019);
#2213 = PRESENTATION_STYLE_ASSIGNMENT((#2214));
#2214 = SURFACE_STYLE_USAGE(.BOTH.,#2215);
#2215 = SURFACE_SIDE_STYLE('',(#2216));
#2216 = SURFACE_STYLE_FILL_AREA(#2217);
#2217 = FILL_AREA_STYLE('',(#2218));
#2218 = FILL_AREA_STYLE_COLOUR('',#2036);
#2219 = OVER_RIDING_STYLED_ITEM('overriding color',(#2220),#967,#2019);
#2220 = PRESENTATION_STYLE_ASSIGNMENT((#2221));
#2221 = SURFACE_STYLE_USAGE(.BOTH.,#2222);
#2222 = SURFACE_SIDE_STYLE('',(#2223));
#2223 = SURFACE_STYLE_FILL_AREA(#2224);
#2224 = FILL_AREA_STYLE('',(#2225));
#2225 = FILL_AREA_STYLE_COLOUR('',#2036);


ENDSEC;
END-ISO-10303-21;