ISO-10303-21;
HEADER;
FILE_DESCRIPTION(('Designed by EasyEDA Pro'),'2;1');
FILE_NAME('Open CASCADE Shape Model','2026-08-17T17:52:53',('Author'),(
    'Open CASCADE'),'Open CASCADE STEP processor 7.8','Open CASCADE 7.8'
  ,'Unknown');
FILE_SCHEMA(('AUTOMOTIVE_DESIGN { 1 0 10303 214 1 1 1 1 }'));
ENDSEC;
DATA;

#1 = APPLICATION_PROTOCOL_DEFINITION('international standard',  'automotive_design',2000,#2);
#2 = APPLICATION_CONTEXT(  'core data for automotive mechanical design processes');
#3 = SHAPE_DEFINITION_REPRESENTATION(#4,#10);
#4 = PRODUCT_DEFINITION_SHAPE('','',#5);
#5 = PRODUCT_DEFINITION('design','',#6,#9);
#6 = PRODUCT_DEFINITION_FORMATION('','',#7);
#7 = PRODUCT('EasyEDA PCB Model~Dprc','EasyEDA PCB Model~Dprc','',(#8));
#8 = PRODUCT_CONTEXT('',#2,'mechanical');
#9 = PRODUCT_DEFINITION_CONTEXT('part definition',#2,'design');
#10=SHAPE_REPRESENTATION('',(#11,#15,#19,#23,#27,#31,#35,#39,#43,#47,#51,#55,#59,#63,#67,#71,#75,#79,#83,#87,#91,#95,#99,#103,#107,#111,#115,#119,#123,#127,#131,#135,#139,#143,#147,#151,#155,#159,#163,#167,#171,#175,#179,#183,#187,#191,#195,#199,#203,#207,#211,#215,#219,#223,#227,#231,#235,#239,#243,#247,#251,#255,#259),#263);
#11 = AXIS2_PLACEMENT_3D('',#12,#13,#14);
#12 = CARTESIAN_POINT('',(0.,0.,0.));
#13 = DIRECTION('',(0.,0.,1.));
#14 = DIRECTION('',(1.,0.,-0.));
#15 = AXIS2_PLACEMENT_3D('',#16,#17,#18);
#16 = CARTESIAN_POINT('',(0.,0.,0.));
#17 = DIRECTION('',(0.,0.,1.));
#18 = DIRECTION('',(1.,0.,-0.));
#19 = AXIS2_PLACEMENT_3D('',#20,#21,#22);
#20 = CARTESIAN_POINT('',(0.,0.,1.596156972314));
#21 = DIRECTION('',(0.,0.,1.));
#22 = DIRECTION('',(1.,0.,-0.));
#23 = AXIS2_PLACEMENT_3D('',#24,#25,#26);
#24 = CARTESIAN_POINT('',(0.,0.,-1.E-02));
#25 = DIRECTION('',(0.,0.,1.));
#26 = DIRECTION('',(1.,0.,-0.));
#27 = AXIS2_PLACEMENT_3D('',#28,#29,#30);
#28 = CARTESIAN_POINT('',(0.,0.,0.));
#29 = DIRECTION('',(0.,0.,1.));
#30 = DIRECTION('',(1.,0.,-0.));
#31 = AXIS2_PLACEMENT_3D('',#32,#33,#34);
#32 = CARTESIAN_POINT('',(0.,0.,0.));
#33 = DIRECTION('',(0.,0.,1.));
#34 = DIRECTION('',(1.,0.,-0.));
#35 = AXIS2_PLACEMENT_3D('',#36,#37,#38);
#36 = CARTESIAN_POINT('',(60.000121920244,-22.00004318008,1.586156972314    ));
#37 = DIRECTION('',(0.,0.,1.));
#38 = DIRECTION('',(-4.440892098501E-16,-1.,0.));
#39 = AXIS2_PLACEMENT_3D('',#40,#41,#42);
#40 = CARTESIAN_POINT('',(29.614058928118,-44.87609093218,1.586156972314    ));
#41 = DIRECTION('',(0.,-0.,1.));
#42 = DIRECTION('',(1.110223024625E-16,1.,0.));
#43 = AXIS2_PLACEMENT_3D('',#44,#45,#46);
#44 = CARTESIAN_POINT('',(50.000099060198,-40.00007874015,0.));
#45 = DIRECTION('',(1.224646799147E-16,0.,-1.));
#46 = DIRECTION('',(1.,1.224646799147E-16,1.224646799147E-16));
#47 = AXIS2_PLACEMENT_3D('',#48,#49,#50);
#48 = CARTESIAN_POINT('',(75.179149098298,-19.95533909067,1.586156972314    ));
#49 = DIRECTION('',(0.,0.,1.));
#50 = DIRECTION('',(-4.440892098501E-16,-1.,0.));
#51 = AXIS2_PLACEMENT_3D('',#52,#53,#54);
#52 = CARTESIAN_POINT('',(77.168153416307,-19.92903987808,1.586156972314    ));
#53 = DIRECTION('',(0.,0.,1.));
#54 = DIRECTION('',(-4.440892098501E-16,-1.,0.));
#55 = AXIS2_PLACEMENT_3D('',#56,#57,#58);
#56 = CARTESIAN_POINT('',(11.210223520447,-23.46504699009,1.586156972314    ));
#57 = DIRECTION('',(0.,0.,1.));
#58 = DIRECTION('',(-1.,1.224646799147E-16,0.));
#59 = AXIS2_PLACEMENT_3D('',#60,#61,#62);
#60 = CARTESIAN_POINT('',(11.249822199644,-21.60604267208,1.586156972314    ));
#61 = DIRECTION('',(0.,0.,1.));
#62 = DIRECTION('',(-1.,1.224646799147E-16,0.));
#63 = AXIS2_PLACEMENT_3D('',#64,#65,#66);
#64 = CARTESIAN_POINT('',(41.682171704343,-5.430076200152,1.586156972314    ));
#65 = DIRECTION('',(0.,0.,1.));
#66 = DIRECTION('',(-4.440892098501E-16,-1.,0.));
#67 = AXIS2_PLACEMENT_3D('',#68,#69,#70);
#68 = CARTESIAN_POINT('',(41.682171704343,-9.954086868174,1.586156972314    ));
#69 = DIRECTION('',(0.,0.,1.));
#70 = DIRECTION('',(-4.440892098501E-16,-1.,0.));
#71 = AXIS2_PLACEMENT_3D('',#72,#73,#74);
#72 = CARTESIAN_POINT('',(49.336786893574,-7.900081280163,1.586156972314    ));
#73 = DIRECTION('',(0.,0.,1.));
#74 = DIRECTION('',(-4.440892098501E-16,-1.,0.));
#75 = AXIS2_PLACEMENT_3D('',#76,#77,#78);
#76 = CARTESIAN_POINT('',(44.907378714757,-3.269273558547,1.586156972314    ));
#77 = DIRECTION('',(0.,0.,1.));
#78 = DIRECTION('',(1.,0.,0.));
#79 = AXIS2_PLACEMENT_3D('',#80,#81,#82);
#80 = CARTESIAN_POINT('',(92.500185420371,-36.54337312674,1.586156972314    ));
#81 = DIRECTION('',(-0.,0.,1.));
#82 = DIRECTION('',(1.110223024625E-16,-1.,0.));
#83 = AXIS2_PLACEMENT_3D('',#84,#85,#86);
#84 = CARTESIAN_POINT('',(15.000030480061,-10.50002032004,1.586156972314    ));
#85 = DIRECTION('',(0.,0.,1.));
#86 = DIRECTION('',(-1.,1.224646799147E-16,0.));
#87 = AXIS2_PLACEMENT_3D('',#88,#89,#90);
#88 = CARTESIAN_POINT('',(85.00017018034,-10.50002032004,1.586156972314)  );
#89 = DIRECTION('',(0.,0.,1.));
#90 = DIRECTION('',(-1.,1.224646799147E-16,0.));
#91 = AXIS2_PLACEMENT_3D('',#92,#93,#94);
#92 = CARTESIAN_POINT('',(45.465135890272,-7.361993903988,1.586156972314    ));
#93 = DIRECTION('',(0.,-0.,1.));
#94 = DIRECTION('',(1.110223024625E-16,1.,0.));
#95 = AXIS2_PLACEMENT_3D('',#96,#97,#98);
#96 = CARTESIAN_POINT('',(33.857266954534,-45.37009144018,1.586156972314    ));
#97 = DIRECTION('',(0.,0.,1.));
#98 = DIRECTION('',(-1.,1.224646799147E-16,0.));
#99 = AXIS2_PLACEMENT_3D('',#100,#101,#102);
#100 = CARTESIAN_POINT('',(21.320043180086,-9.77601981204,0.));
#101 = DIRECTION('',(1.224646799147E-16,0.,-1.));
#102 = DIRECTION('',(-1.,0.,-1.224646799147E-16));
#103 = AXIS2_PLACEMENT_3D('',#104,#105,#106);
#104 = CARTESIAN_POINT('',(33.904066548133,-42.34108458216,    1.586156972314));
#105 = DIRECTION('',(0.,0.,1.));
#106 = DIRECTION('',(-1.,1.224646799147E-16,0.));
#107 = AXIS2_PLACEMENT_3D('',#108,#109,#110);
#108 = CARTESIAN_POINT('',(25.1420497841,-44.82408940817,1.586156972314)  );
#109 = DIRECTION('',(0.,0.,1.));
#110 = DIRECTION('',(1.,0.,0.));
#111 = AXIS2_PLACEMENT_3D('',#112,#113,#114);
#112 = CARTESIAN_POINT('',(69.160137160274,-14.95003048006,    1.586156972314));
#113 = DIRECTION('',(0.,0.,1.));
#114 = DIRECTION('',(1.,0.,0.));
#115 = AXIS2_PLACEMENT_3D('',#116,#117,#118);
#116 = CARTESIAN_POINT('',(69.160137160274,-17.26203454406,    1.586156972314));
#117 = DIRECTION('',(0.,0.,1.));
#118 = DIRECTION('',(1.,0.,0.));
#119 = AXIS2_PLACEMENT_3D('',#120,#121,#122);
#120 = CARTESIAN_POINT('',(25.1420497841,-42.32408432816,1.586156972314)  );
#121 = DIRECTION('',(0.,0.,1.));
#122 = DIRECTION('',(-1.,1.224646799147E-16,0.));
#123 = AXIS2_PLACEMENT_3D('',#124,#125,#126);
#124 = CARTESIAN_POINT('',(25.1420497841,-47.32409448818,1.586156972314)  );
#125 = DIRECTION('',(0.,0.,1.));
#126 = DIRECTION('',(-1.,1.224646799147E-16,0.));
#127 = AXIS2_PLACEMENT_3D('',#128,#129,#130);
#128 = CARTESIAN_POINT('',(80.574160528321,-33.32876555753,    1.586156972314));
#129 = DIRECTION('',(0.,0.,1.));
#130 = DIRECTION('',(-1.,1.224646799147E-16,0.));
#131 = AXIS2_PLACEMENT_3D('',#132,#133,#134);
#132 = CARTESIAN_POINT('',(80.547861315723,-35.57777241554,    1.586156972314));
#133 = DIRECTION('',(0.,0.,1.));
#134 = DIRECTION('',(-1.,1.224646799147E-16,0.));
#135 = AXIS2_PLACEMENT_3D('',#136,#137,#138);
#136 = CARTESIAN_POINT('',(18.535996951994,-37.21263906527,    1.586156972314));
#137 = DIRECTION('',(0.,0.,1.));
#138 = DIRECTION('',(-4.440892098501E-16,-1.,0.));
#139 = AXIS2_PLACEMENT_3D('',#140,#141,#142);
#140 = CARTESIAN_POINT('',(30.624020828042,-37.21263906527,    1.586156972314));
#141 = DIRECTION('',(0.,-0.,1.));
#142 = DIRECTION('',(1.110223024625E-16,1.,0.));
#143 = AXIS2_PLACEMENT_3D('',#144,#145,#146);
#144 = CARTESIAN_POINT('',(24.580007620015,-37.21263906527,    1.586156972314));
#145 = DIRECTION('',(0.,-0.,1.));
#146 = DIRECTION('',(1.110223024625E-16,1.,0.));
#147 = AXIS2_PLACEMENT_3D('',#148,#149,#150);
#148 = CARTESIAN_POINT('',(88.270177800356,-33.00706629413,0.));
#149 = DIRECTION('',(1.224646799147E-16,0.,-1.));
#150 = DIRECTION('',(2.22044604925E-16,-1.,2.719262146894E-32));
#151 = AXIS2_PLACEMENT_3D('',#152,#153,#154);
#152 = CARTESIAN_POINT('',(88.296177292355,-36.85507493015,0.));
#153 = DIRECTION('',(1.224646799147E-16,0.,-1.));
#154 = DIRECTION('',(-1.110223024625E-16,1.,-1.359631073447E-32));
#155 = AXIS2_PLACEMENT_3D('',#156,#157,#158);
#156 = CARTESIAN_POINT('',(20.31903987808,-13.46802641605,0.));
#157 = DIRECTION('',(1.224646799147E-16,0.,-1.));
#158 = DIRECTION('',(-1.110223024625E-16,1.,-1.359631073447E-32));
#159 = AXIS2_PLACEMENT_3D('',#160,#161,#162);
#160 = CARTESIAN_POINT('',(17.212034544069,-10.77702057404,0.));
#161 = DIRECTION('',(1.224646799147E-16,0.,-1.));
#162 = DIRECTION('',(1.,1.224646799147E-16,1.224646799147E-16));
#163 = AXIS2_PLACEMENT_3D('',#164,#165,#166);
#164 = CARTESIAN_POINT('',(17.238034036068,-8.489017018034,0.));
#165 = DIRECTION('',(1.224646799147E-16,0.,-1.));
#166 = DIRECTION('',(1.,1.224646799147E-16,1.224646799147E-16));
#167 = AXIS2_PLACEMENT_3D('',#168,#169,#170);
#168 = CARTESIAN_POINT('',(22.64604521209,-13.45502667005,0.));
#169 = DIRECTION('',(1.224646799147E-16,0.,-1.));
#170 = DIRECTION('',(-1.110223024625E-16,1.,-1.359631073447E-32));
#171 = AXIS2_PLACEMENT_3D('',#172,#173,#174);
#172 = CARTESIAN_POINT('',(27.615984251969,-37.72607569215,    1.586156972314));
#173 = DIRECTION('',(0.,-0.,1.));
#174 = DIRECTION('',(1.110223024625E-16,1.,0.));
#175 = AXIS2_PLACEMENT_3D('',#176,#177,#178);
#176 = CARTESIAN_POINT('',(15.527960375921,-37.72607569215,    1.586156972314));
#177 = DIRECTION('',(0.,-0.,1.));
#178 = DIRECTION('',(1.110223024625E-16,1.,0.));
#179 = AXIS2_PLACEMENT_3D('',#180,#181,#182);
#180 = CARTESIAN_POINT('',(21.571971043942,-37.72607569215,    1.586156972314));
#181 = DIRECTION('',(0.,-0.,1.));
#182 = DIRECTION('',(1.110223024625E-16,1.,0.));
#183 = AXIS2_PLACEMENT_3D('',#184,#185,#186);
#184 = CARTESIAN_POINT('',(48.880096520193,-45.50019050038,    1.586156972314));
#185 = DIRECTION('',(0.,0.,1.));
#186 = DIRECTION('',(-1.,1.224646799147E-16,0.));
#187 = AXIS2_PLACEMENT_3D('',#188,#189,#190);
#188 = CARTESIAN_POINT('',(72.383246126492,-45.47629159258,    1.586156972314));
#189 = DIRECTION('',(0.,0.,1.));
#190 = DIRECTION('',(-1.,1.224646799147E-16,0.));
#191 = AXIS2_PLACEMENT_3D('',#192,#193,#194);
#192 = CARTESIAN_POINT('',(67.079903479807,-8.452433324867,    1.586156972314));
#193 = DIRECTION('',(0.,0.,1.));
#194 = DIRECTION('',(-4.440892098501E-16,-1.,0.));
#195 = AXIS2_PLACEMENT_3D('',#196,#197,#198);
#196 = CARTESIAN_POINT('',(64.739900939802,-8.452433324867,    1.586156972314));
#197 = DIRECTION('',(0.,0.,1.));
#198 = DIRECTION('',(-4.440892098501E-16,-1.,0.));
#199 = AXIS2_PLACEMENT_3D('',#200,#201,#202);
#200 = CARTESIAN_POINT('',(63.127414274829,-3.752969265939,    1.586156972314));
#201 = DIRECTION('',(0.,-0.,1.));
#202 = DIRECTION('',(1.110223024625E-16,1.,0.));
#203 = AXIS2_PLACEMENT_3D('',#204,#205,#206);
#204 = CARTESIAN_POINT('',(60.879309118618,-3.752969265939,    1.586156972314));
#205 = DIRECTION('',(0.,-0.,1.));
#206 = DIRECTION('',(1.110223024625E-16,1.,0.));
#207 = AXIS2_PLACEMENT_3D('',#208,#209,#210);
#208 = CARTESIAN_POINT('',(34.918069596139,-10.89402082804,0.));
#209 = DIRECTION('',(1.224646799147E-16,0.,-1.));
#210 = DIRECTION('',(-1.110223024625E-16,1.,-1.359631073447E-32));
#211 = AXIS2_PLACEMENT_3D('',#212,#213,#214);
#212 = CARTESIAN_POINT('',(72.618145796292,-5.005008890018,    1.586156972314));
#213 = DIRECTION('',(0.,0.,1.));
#214 = DIRECTION('',(-4.440892098501E-16,-1.,0.));
#215 = AXIS2_PLACEMENT_3D('',#216,#217,#218);
#216 = CARTESIAN_POINT('',(2.09300482601,-12.66202438404,0.));
#217 = DIRECTION('',(1.224646799147E-16,0.,-1.));
#218 = DIRECTION('',(-1.110223024625E-16,1.,-1.359631073447E-32));
#219 = AXIS2_PLACEMENT_3D('',#220,#221,#222);
#220 = CARTESIAN_POINT('',(98.030396240792,-12.46702565405,0.));
#221 = DIRECTION('',(1.224646799147E-16,0.,-1.));
#222 = DIRECTION('',(2.22044604925E-16,-1.,2.719262146894E-32));
#223 = AXIS2_PLACEMENT_3D('',#224,#225,#226);
#224 = CARTESIAN_POINT('',(7.566014732029,-40.46208026416,1.586156972314    ));
#225 = DIRECTION('',(0.,0.,1.));
#226 = DIRECTION('',(-4.440892098501E-16,-1.,0.));
#227 = AXIS2_PLACEMENT_3D('',#228,#229,#230);
#228 = CARTESIAN_POINT('',(7.488013716027,-23.71834645669,1.586156972314    ));
#229 = DIRECTION('',(0.,0.,1.));
#230 = DIRECTION('',(-4.440892098501E-16,-1.,0.));
#231 = AXIS2_PLACEMENT_3D('',#232,#233,#234);
#232 = CARTESIAN_POINT('',(7.514015748031,-32.06406400812,1.586156972314    ));
#233 = DIRECTION('',(0.,0.,1.));
#234 = DIRECTION('',(-4.440892098501E-16,-1.,0.));
#235 = AXIS2_PLACEMENT_3D('',#236,#237,#238);
#236 = CARTESIAN_POINT('',(14.066027432055,-42.39308356616,    1.586156972314));
#237 = DIRECTION('',(0.,0.,1.));
#238 = DIRECTION('',(1.,0.,0.));
#239 = AXIS2_PLACEMENT_3D('',#240,#241,#242);
#240 = CARTESIAN_POINT('',(48.039184658369,-11.03158750317,    1.586156972314));
#241 = DIRECTION('',(0.,0.,1.));
#242 = DIRECTION('',(1.,0.,0.));
#243 = AXIS2_PLACEMENT_3D('',#244,#245,#246);
#244 = CARTESIAN_POINT('',(44.919179578359,-11.01888747777,    1.586156972314));
#245 = DIRECTION('',(0.,0.,1.));
#246 = DIRECTION('',(-1.,1.224646799147E-16,0.));
#247 = AXIS2_PLACEMENT_3D('',#248,#249,#250);
#248 = CARTESIAN_POINT('',(39.611079502159,-5.46001016002,1.586156972314    ));
#249 = DIRECTION('',(0.,0.,1.));
#250 = DIRECTION('',(-4.440892098501E-16,-1.,0.));
#251 = AXIS2_PLACEMENT_3D('',#252,#253,#254);
#252 = CARTESIAN_POINT('',(39.611079502159,-9.464018288037,    1.586156972314));
#253 = DIRECTION('',(0.,-0.,1.));
#254 = DIRECTION('',(1.110223024625E-16,1.,0.));
#255 = AXIS2_PLACEMENT_3D('',#256,#257,#258);
#256 = CARTESIAN_POINT('',(28.535057150114,-13.62402844805,    1.586156972314));
#257 = DIRECTION('',(0.,0.,1.));
#258 = DIRECTION('',(-1.,1.224646799147E-16,0.));
#259 = AXIS2_PLACEMENT_3D('',#260,#261,#262);
#260 = CARTESIAN_POINT('',(28.366057912116,-5.902011684023,    1.586156972314));
#261 = DIRECTION('',(0.,-0.,1.));
#262 = DIRECTION('',(1.110223024625E-16,1.,0.));
#263 = ( GEOMETRIC_REPRESENTATION_CONTEXT(3) GLOBAL_UNCERTAINTY_ASSIGNED_CONTEXT((#267)) GLOBAL_UNIT_ASSIGNED_CONTEXT((#264,#265,#266)) REPRESENTATION_CONTEXT('Context #1',  '3D Context with UNIT and UNCERTAINTY') );
#264 = ( LENGTH_UNIT() NAMED_UNIT(*) SI_UNIT(.MILLI.,.METRE.) );
#265 = ( NAMED_UNIT(*) PLANE_ANGLE_UNIT() SI_UNIT($,.RADIAN.) );
#266 = ( NAMED_UNIT(*) SI_UNIT($,.STERADIAN.) SOLID_ANGLE_UNIT() );
#267 = UNCERTAINTY_MEASURE_WITH_UNIT(LENGTH_MEASURE(5.E-07),#264,  'distance_accuracy_value','confusion accuracy');
#268 = PRODUCT_RELATED_PRODUCT_CATEGORY('part',$,(#7));
#269 = SHAPE_DEFINITION_REPRESENTATION(#270,#276);
#270 = PRODUCT_DEFINITION_SHAPE('','',#271);
#271 = PRODUCT_DEFINITION('design','',#272,#275);
#272 = PRODUCT_DEFINITION_FORMATION('','',#273);
#273 = PRODUCT('Board~Dprc','Board~Dprc','',(#274));
#274 = PRODUCT_CONTEXT('',#2,'mechanical');
#275 = PRODUCT_DEFINITION_CONTEXT('part definition',#2,'design');
#276 = ADVANCED_BREP_SHAPE_REPRESENTATION('',(#11,#277),#2047);
#277 = MANIFOLD_SOLID_BREP('',#278);
#278 = CLOSED_SHELL('',(#279,#319,#352,#383,#416,#447,#480,#511,#535,    #577,#601,#643,#667,#709,#733,#775,#799,#841,#865,#907,#931,#973,    #997,#1039,#1063,#1105,#1129,#1171,#1195,#1237,#1261,#1303,#1327,    #1369,#1393,#1435,#1459,#1501,#1525,#1567,#1591,#1633,#1657,#1699,    #1723,#1765,#1789,#1831,#1855,#1951));
#279 = ADVANCED_FACE('',(#280),#314,.T.);
#280 = FACE_BOUND('',#281,.T.);
#281 = EDGE_LOOP('',(#282,#292,#300,#308));
#282 = ORIENTED_EDGE('',*,*,#283,.T.);
#283 = EDGE_CURVE('',#284,#286,#288,.T.);
#284 = VERTEX_POINT('',#285);
#285 = CARTESIAN_POINT('',(2.50000508001,-1.270002540005E-02,0.));
#286 = VERTEX_POINT('',#287);
#287 = CARTESIAN_POINT('',(2.50000508001,-1.270002540005E-02,    1.586156972314));
#288 = LINE('',#289,#290);
#289 = CARTESIAN_POINT('',(2.50000508001,-1.270002540005E-02,0.));
#290 = VECTOR('',#291,1.);
#291 = DIRECTION('',(0.,0.,1.));
#292 = ORIENTED_EDGE('',*,*,#293,.T.);
#293 = EDGE_CURVE('',#286,#294,#296,.T.);
#294 = VERTEX_POINT('',#295);
#295 = CARTESIAN_POINT('',(97.500195580391,-1.270002540005E-02,    1.586156972314));
#296 = LINE('',#297,#298);
#297 = CARTESIAN_POINT('',(2.50000508001,-1.270002540005E-02,    1.586156972314));
#298 = VECTOR('',#299,1.);
#299 = DIRECTION('',(1.,0.,0.));
#300 = ORIENTED_EDGE('',*,*,#301,.F.);
#301 = EDGE_CURVE('',#302,#294,#304,.T.);
#302 = VERTEX_POINT('',#303);
#303 = CARTESIAN_POINT('',(97.500195580391,-1.270002540005E-02,0.));
#304 = LINE('',#305,#306);
#305 = CARTESIAN_POINT('',(97.500195580391,-1.270002540005E-02,0.));
#306 = VECTOR('',#307,1.);
#307 = DIRECTION('',(0.,0.,1.));
#308 = ORIENTED_EDGE('',*,*,#309,.F.);
#309 = EDGE_CURVE('',#284,#302,#310,.T.);
#310 = LINE('',#311,#312);
#311 = CARTESIAN_POINT('',(2.50000508001,-1.270002540005E-02,0.));
#312 = VECTOR('',#313,1.);
#313 = DIRECTION('',(1.,0.,0.));
#314 = PLANE('',#315);
#315 = AXIS2_PLACEMENT_3D('',#316,#317,#318);
#316 = CARTESIAN_POINT('',(2.50000508001,-1.270002540005E-02,0.));
#317 = DIRECTION('',(0.,1.,0.));
#318 = DIRECTION('',(1.,0.,0.));
#319 = ADVANCED_FACE('',(#320),#347,.T.);
#320 = FACE_BOUND('',#321,.T.);
#321 = EDGE_LOOP('',(#322,#323,#332,#340));
#322 = ORIENTED_EDGE('',*,*,#301,.T.);
#323 = ORIENTED_EDGE('',*,*,#324,.T.);
#324 = EDGE_CURVE('',#294,#325,#327,.T.);
#325 = VERTEX_POINT('',#326);
#326 = CARTESIAN_POINT('',(99.987500635001,-2.50000508001,1.586156972314    ));
#327 = CIRCLE('',#328,2.48730505461);
#328 = AXIS2_PLACEMENT_3D('',#329,#330,#331);
#329 = CARTESIAN_POINT('',(97.500195580391,-2.50000508001,1.586156972314    ));
#330 = DIRECTION('',(0.,0.,-1.));
#331 = DIRECTION('',(-1.514981804848E-15,1.,0.));
#332 = ORIENTED_EDGE('',*,*,#333,.F.);
#333 = EDGE_CURVE('',#334,#325,#336,.T.);
#334 = VERTEX_POINT('',#335);
#335 = CARTESIAN_POINT('',(99.987500635001,-2.50000508001,0.));
#336 = LINE('',#337,#338);
#337 = CARTESIAN_POINT('',(99.987500635001,-2.50000508001,0.));
#338 = VECTOR('',#339,1.);
#339 = DIRECTION('',(0.,0.,1.));
#340 = ORIENTED_EDGE('',*,*,#341,.F.);
#341 = EDGE_CURVE('',#302,#334,#342,.T.);
#342 = CIRCLE('',#343,2.48730505461);
#343 = AXIS2_PLACEMENT_3D('',#344,#345,#346);
#344 = CARTESIAN_POINT('',(97.500195580391,-2.50000508001,0.));
#345 = DIRECTION('',(0.,0.,-1.));
#346 = DIRECTION('',(-1.514981804848E-15,1.,0.));
#347 = CYLINDRICAL_SURFACE('',#348,2.48730505461);
#348 = AXIS2_PLACEMENT_3D('',#349,#350,#351);
#349 = CARTESIAN_POINT('',(97.500195580391,-2.50000508001,0.));
#350 = DIRECTION('',(0.,0.,-1.));
#351 = DIRECTION('',(-1.514981804848E-15,1.,0.));
#352 = ADVANCED_FACE('',(#353),#378,.T.);
#353 = FACE_BOUND('',#354,.T.);
#354 = EDGE_LOOP('',(#355,#356,#364,#372));
#355 = ORIENTED_EDGE('',*,*,#333,.T.);
#356 = ORIENTED_EDGE('',*,*,#357,.T.);
#357 = EDGE_CURVE('',#325,#358,#360,.T.);
#358 = VERTEX_POINT('',#359);
#359 = CARTESIAN_POINT('',(99.987500635001,-47.50009398018,    1.586156972314));
#360 = LINE('',#361,#362);
#361 = CARTESIAN_POINT('',(99.987500635001,-2.50000508001,1.586156972314    ));
#362 = VECTOR('',#363,1.);
#363 = DIRECTION('',(-3.157961475749E-16,-1.,0.));
#364 = ORIENTED_EDGE('',*,*,#365,.F.);
#365 = EDGE_CURVE('',#366,#358,#368,.T.);
#366 = VERTEX_POINT('',#367);
#367 = CARTESIAN_POINT('',(99.987500635001,-47.50009398018,0.));
#368 = LINE('',#369,#370);
#369 = CARTESIAN_POINT('',(99.987500635001,-47.50009398018,0.));
#370 = VECTOR('',#371,1.);
#371 = DIRECTION('',(0.,0.,1.));
#372 = ORIENTED_EDGE('',*,*,#373,.F.);
#373 = EDGE_CURVE('',#334,#366,#374,.T.);
#374 = LINE('',#375,#376);
#375 = CARTESIAN_POINT('',(99.987500635001,-2.50000508001,0.));
#376 = VECTOR('',#377,1.);
#377 = DIRECTION('',(-3.157961475749E-16,-1.,0.));
#378 = PLANE('',#379);
#379 = AXIS2_PLACEMENT_3D('',#380,#381,#382);
#380 = CARTESIAN_POINT('',(99.987500635001,-2.50000508001,0.));
#381 = DIRECTION('',(1.,-3.157961475749E-16,0.));
#382 = DIRECTION('',(-3.157961475749E-16,-1.,0.));
#383 = ADVANCED_FACE('',(#384),#411,.T.);
#384 = FACE_BOUND('',#385,.T.);
#385 = EDGE_LOOP('',(#386,#387,#396,#404));
#386 = ORIENTED_EDGE('',*,*,#365,.T.);
#387 = ORIENTED_EDGE('',*,*,#388,.T.);
#388 = EDGE_CURVE('',#358,#389,#391,.T.);
#389 = VERTEX_POINT('',#390);
#390 = CARTESIAN_POINT('',(97.500195580391,-49.98739903479,    1.586156972314));
#391 = CIRCLE('',#392,2.48730505461);
#392 = AXIS2_PLACEMENT_3D('',#393,#394,#395);
#393 = CARTESIAN_POINT('',(97.500195580391,-47.50009398018,    1.586156972314));
#394 = DIRECTION('',(0.,0.,-1.));
#395 = DIRECTION('',(1.,-9.468636280301E-16,0.));
#396 = ORIENTED_EDGE('',*,*,#397,.F.);
#397 = EDGE_CURVE('',#398,#389,#400,.T.);
#398 = VERTEX_POINT('',#399);
#399 = CARTESIAN_POINT('',(97.500195580391,-49.98739903479,0.));
#400 = LINE('',#401,#402);
#401 = CARTESIAN_POINT('',(97.500195580391,-49.98739903479,0.));
#402 = VECTOR('',#403,1.);
#403 = DIRECTION('',(0.,0.,1.));
#404 = ORIENTED_EDGE('',*,*,#405,.F.);
#405 = EDGE_CURVE('',#366,#398,#406,.T.);
#406 = CIRCLE('',#407,2.48730505461);
#407 = AXIS2_PLACEMENT_3D('',#408,#409,#410);
#408 = CARTESIAN_POINT('',(97.500195580391,-47.50009398018,0.));
#409 = DIRECTION('',(0.,0.,-1.));
#410 = DIRECTION('',(1.,-9.468636280301E-16,0.));
#411 = CYLINDRICAL_SURFACE('',#412,2.48730505461);
#412 = AXIS2_PLACEMENT_3D('',#413,#414,#415);
#413 = CARTESIAN_POINT('',(97.500195580391,-47.50009398018,0.));
#414 = DIRECTION('',(0.,0.,-1.));
#415 = DIRECTION('',(1.,-9.468636280301E-16,0.));
#416 = ADVANCED_FACE('',(#417),#442,.T.);
#417 = FACE_BOUND('',#418,.T.);
#418 = EDGE_LOOP('',(#419,#420,#428,#436));
#419 = ORIENTED_EDGE('',*,*,#397,.T.);
#420 = ORIENTED_EDGE('',*,*,#421,.T.);
#421 = EDGE_CURVE('',#389,#422,#424,.T.);
#422 = VERTEX_POINT('',#423);
#423 = CARTESIAN_POINT('',(2.50000508001,-49.98739903479,1.586156972314)  );
#424 = LINE('',#425,#426);
#425 = CARTESIAN_POINT('',(97.500195580391,-49.98739903479,    1.586156972314));
#426 = VECTOR('',#427,1.);
#427 = DIRECTION('',(-1.,0.,0.));
#428 = ORIENTED_EDGE('',*,*,#429,.F.);
#429 = EDGE_CURVE('',#430,#422,#432,.T.);
#430 = VERTEX_POINT('',#431);
#431 = CARTESIAN_POINT('',(2.50000508001,-49.98739903479,0.));
#432 = LINE('',#433,#434);
#433 = CARTESIAN_POINT('',(2.50000508001,-49.98739903479,0.));
#434 = VECTOR('',#435,1.);
#435 = DIRECTION('',(0.,0.,1.));
#436 = ORIENTED_EDGE('',*,*,#437,.F.);
#437 = EDGE_CURVE('',#398,#430,#438,.T.);
#438 = LINE('',#439,#440);
#439 = CARTESIAN_POINT('',(97.500195580391,-49.98739903479,0.));
#440 = VECTOR('',#441,1.);
#441 = DIRECTION('',(-1.,0.,0.));
#442 = PLANE('',#443);
#443 = AXIS2_PLACEMENT_3D('',#444,#445,#446);
#444 = CARTESIAN_POINT('',(97.500195580391,-49.98739903479,0.));
#445 = DIRECTION('',(0.,-1.,0.));
#446 = DIRECTION('',(-1.,0.,0.));
#447 = ADVANCED_FACE('',(#448),#475,.T.);
#448 = FACE_BOUND('',#449,.T.);
#449 = EDGE_LOOP('',(#450,#451,#460,#468));
#450 = ORIENTED_EDGE('',*,*,#429,.T.);
#451 = ORIENTED_EDGE('',*,*,#452,.T.);
#452 = EDGE_CURVE('',#422,#453,#455,.T.);
#453 = VERTEX_POINT('',#454);
#454 = CARTESIAN_POINT('',(1.270002540005E-02,-47.50009398018,    1.586156972314));
#455 = CIRCLE('',#456,2.48730505461);
#456 = AXIS2_PLACEMENT_3D('',#457,#458,#459);
#457 = CARTESIAN_POINT('',(2.50000508001,-47.50009398018,1.586156972314)  );
#458 = DIRECTION('',(-0.,0.,-1.));
#459 = DIRECTION('',(8.206151442927E-16,-1.,-0.));
#460 = ORIENTED_EDGE('',*,*,#461,.F.);
#461 = EDGE_CURVE('',#462,#453,#464,.T.);
#462 = VERTEX_POINT('',#463);
#463 = CARTESIAN_POINT('',(1.270002540005E-02,-47.50009398018,0.));
#464 = LINE('',#465,#466);
#465 = CARTESIAN_POINT('',(1.270002540005E-02,-47.50009398018,0.));
#466 = VECTOR('',#467,1.);
#467 = DIRECTION('',(0.,0.,1.));
#468 = ORIENTED_EDGE('',*,*,#469,.F.);
#469 = EDGE_CURVE('',#430,#462,#470,.T.);
#470 = CIRCLE('',#471,2.48730505461);
#471 = AXIS2_PLACEMENT_3D('',#472,#473,#474);
#472 = CARTESIAN_POINT('',(2.50000508001,-47.50009398018,0.));
#473 = DIRECTION('',(-0.,0.,-1.));
#474 = DIRECTION('',(8.206151442927E-16,-1.,-0.));
#475 = CYLINDRICAL_SURFACE('',#476,2.48730505461);
#476 = AXIS2_PLACEMENT_3D('',#477,#478,#479);
#477 = CARTESIAN_POINT('',(2.50000508001,-47.50009398018,0.));
#478 = DIRECTION('',(-0.,0.,-1.));
#479 = DIRECTION('',(8.206151442927E-16,-1.,-0.));
#480 = ADVANCED_FACE('',(#481),#506,.T.);
#481 = FACE_BOUND('',#482,.T.);
#482 = EDGE_LOOP('',(#483,#484,#492,#500));
#483 = ORIENTED_EDGE('',*,*,#461,.T.);
#484 = ORIENTED_EDGE('',*,*,#485,.T.);
#485 = EDGE_CURVE('',#453,#486,#488,.T.);
#486 = VERTEX_POINT('',#487);
#487 = CARTESIAN_POINT('',(1.270002540005E-02,-2.50000508001,    1.586156972314));
#488 = LINE('',#489,#490);
#489 = CARTESIAN_POINT('',(1.270002540005E-02,-47.50009398018,    1.586156972314));
#490 = VECTOR('',#491,1.);
#491 = DIRECTION('',(6.430028981382E-17,1.,0.));
#492 = ORIENTED_EDGE('',*,*,#493,.F.);
#493 = EDGE_CURVE('',#494,#486,#496,.T.);
#494 = VERTEX_POINT('',#495);
#495 = CARTESIAN_POINT('',(1.270002540005E-02,-2.50000508001,0.));
#496 = LINE('',#497,#498);
#497 = CARTESIAN_POINT('',(1.270002540005E-02,-2.50000508001,0.));
#498 = VECTOR('',#499,1.);
#499 = DIRECTION('',(0.,0.,1.));
#500 = ORIENTED_EDGE('',*,*,#501,.F.);
#501 = EDGE_CURVE('',#462,#494,#502,.T.);
#502 = LINE('',#503,#504);
#503 = CARTESIAN_POINT('',(1.270002540005E-02,-47.50009398018,0.));
#504 = VECTOR('',#505,1.);
#505 = DIRECTION('',(6.430028981382E-17,1.,0.));
#506 = PLANE('',#507);
#507 = AXIS2_PLACEMENT_3D('',#508,#509,#510);
#508 = CARTESIAN_POINT('',(1.270002540005E-02,-47.50009398018,0.));
#509 = DIRECTION('',(-1.,6.430028981382E-17,0.));
#510 = DIRECTION('',(6.430028981382E-17,1.,0.));
#511 = ADVANCED_FACE('',(#512),#530,.T.);
#512 = FACE_BOUND('',#513,.T.);
#513 = EDGE_LOOP('',(#514,#515,#522,#523));
#514 = ORIENTED_EDGE('',*,*,#493,.T.);
#515 = ORIENTED_EDGE('',*,*,#516,.T.);
#516 = EDGE_CURVE('',#486,#286,#517,.T.);
#517 = CIRCLE('',#518,2.48730505461);
#518 = AXIS2_PLACEMENT_3D('',#519,#520,#521);
#519 = CARTESIAN_POINT('',(2.50000508001,-2.50000508001,1.586156972314)  );
#520 = DIRECTION('',(0.,0.,-1.));
#521 = DIRECTION('',(-1.,-5.68118176818E-16,-0.));
#522 = ORIENTED_EDGE('',*,*,#283,.F.);
#523 = ORIENTED_EDGE('',*,*,#524,.F.);
#524 = EDGE_CURVE('',#494,#284,#525,.T.);
#525 = CIRCLE('',#526,2.48730505461);
#526 = AXIS2_PLACEMENT_3D('',#527,#528,#529);
#527 = CARTESIAN_POINT('',(2.50000508001,-2.50000508001,0.));
#528 = DIRECTION('',(0.,0.,-1.));
#529 = DIRECTION('',(-1.,-5.68118176818E-16,-0.));
#530 = CYLINDRICAL_SURFACE('',#531,2.48730505461);
#531 = AXIS2_PLACEMENT_3D('',#532,#533,#534);
#532 = CARTESIAN_POINT('',(2.50000508001,-2.50000508001,0.));
#533 = DIRECTION('',(0.,0.,-1.));
#534 = DIRECTION('',(-1.,-5.68118176818E-16,-0.));
#535 = ADVANCED_FACE('',(#536),#572,.F.);
#536 = FACE_BOUND('',#537,.T.);
#537 = EDGE_LOOP('',(#538,#548,#557,#565));
#538 = ORIENTED_EDGE('',*,*,#539,.T.);
#539 = EDGE_CURVE('',#540,#542,#544,.T.);
#540 = VERTEX_POINT('',#541);
#541 = CARTESIAN_POINT('',(4.000007620015,-47.50009398018,0.));
#542 = VERTEX_POINT('',#543);
#543 = CARTESIAN_POINT('',(4.000007620015,-47.50009398018,1.586156972314    ));
#544 = LINE('',#545,#546);
#545 = CARTESIAN_POINT('',(4.000007620015,-47.50009398018,0.));
#546 = VECTOR('',#547,1.);
#547 = DIRECTION('',(0.,0.,1.));
#548 = ORIENTED_EDGE('',*,*,#549,.T.);
#549 = EDGE_CURVE('',#542,#550,#552,.T.);
#550 = VERTEX_POINT('',#551);
#551 = CARTESIAN_POINT('',(1.000002540005,-47.50009398018,1.586156972314    ));
#552 = CIRCLE('',#553,1.500002540005);
#553 = AXIS2_PLACEMENT_3D('',#554,#555,#556);
#554 = CARTESIAN_POINT('',(2.50000508001,-47.50009398018,1.586156972314)  );
#555 = DIRECTION('',(0.,0.,1.));
#556 = DIRECTION('',(1.,1.110223024625E-16,-0.));
#557 = ORIENTED_EDGE('',*,*,#558,.F.);
#558 = EDGE_CURVE('',#559,#550,#561,.T.);
#559 = VERTEX_POINT('',#560);
#560 = CARTESIAN_POINT('',(1.000002540005,-47.50009398018,0.));
#561 = LINE('',#562,#563);
#562 = CARTESIAN_POINT('',(1.000002540005,-47.50009398018,0.));
#563 = VECTOR('',#564,1.);
#564 = DIRECTION('',(0.,0.,1.));
#565 = ORIENTED_EDGE('',*,*,#566,.F.);
#566 = EDGE_CURVE('',#540,#559,#567,.T.);
#567 = CIRCLE('',#568,1.500002540005);
#568 = AXIS2_PLACEMENT_3D('',#569,#570,#571);
#569 = CARTESIAN_POINT('',(2.50000508001,-47.50009398018,0.));
#570 = DIRECTION('',(0.,0.,1.));
#571 = DIRECTION('',(1.,1.110223024625E-16,-0.));
#572 = CYLINDRICAL_SURFACE('',#573,1.500002540005);
#573 = AXIS2_PLACEMENT_3D('',#574,#575,#576);
#574 = CARTESIAN_POINT('',(2.50000508001,-47.50009398018,0.));
#575 = DIRECTION('',(-0.,-0.,-1.));
#576 = DIRECTION('',(1.,1.110223024625E-16,-0.));
#577 = ADVANCED_FACE('',(#578),#596,.F.);
#578 = FACE_BOUND('',#579,.T.);
#579 = EDGE_LOOP('',(#580,#581,#588,#589));
#580 = ORIENTED_EDGE('',*,*,#558,.T.);
#581 = ORIENTED_EDGE('',*,*,#582,.T.);
#582 = EDGE_CURVE('',#550,#542,#583,.T.);
#583 = CIRCLE('',#584,1.500002540005);
#584 = AXIS2_PLACEMENT_3D('',#585,#586,#587);
#585 = CARTESIAN_POINT('',(2.50000508001,-47.50009398018,1.586156972314)  );
#586 = DIRECTION('',(0.,0.,1.));
#587 = DIRECTION('',(-1.,-1.110223024625E-16,0.));
#588 = ORIENTED_EDGE('',*,*,#539,.F.);
#589 = ORIENTED_EDGE('',*,*,#590,.F.);
#590 = EDGE_CURVE('',#559,#540,#591,.T.);
#591 = CIRCLE('',#592,1.500002540005);
#592 = AXIS2_PLACEMENT_3D('',#593,#594,#595);
#593 = CARTESIAN_POINT('',(2.50000508001,-47.50009398018,0.));
#594 = DIRECTION('',(0.,0.,1.));
#595 = DIRECTION('',(-1.,-1.110223024625E-16,0.));
#596 = CYLINDRICAL_SURFACE('',#597,1.500002540005);
#597 = AXIS2_PLACEMENT_3D('',#598,#599,#600);
#598 = CARTESIAN_POINT('',(2.50000508001,-47.50009398018,0.));
#599 = DIRECTION('',(-0.,-0.,-1.));
#600 = DIRECTION('',(-1.,-1.110223024625E-16,0.));
#601 = ADVANCED_FACE('',(#602),#638,.F.);
#602 = FACE_BOUND('',#603,.T.);
#603 = EDGE_LOOP('',(#604,#614,#623,#631));
#604 = ORIENTED_EDGE('',*,*,#605,.T.);
#605 = EDGE_CURVE('',#606,#608,#610,.T.);
#606 = VERTEX_POINT('',#607);
#607 = CARTESIAN_POINT('',(4.000007620015,-2.50000508001,0.));
#608 = VERTEX_POINT('',#609);
#609 = CARTESIAN_POINT('',(4.000007620015,-2.50000508001,1.586156972314)  );
#610 = LINE('',#611,#612);
#611 = CARTESIAN_POINT('',(4.000007620015,-2.50000508001,0.));
#612 = VECTOR('',#613,1.);
#613 = DIRECTION('',(0.,0.,1.));
#614 = ORIENTED_EDGE('',*,*,#615,.T.);
#615 = EDGE_CURVE('',#608,#616,#618,.T.);
#616 = VERTEX_POINT('',#617);
#617 = CARTESIAN_POINT('',(1.000002540005,-2.50000508001,1.586156972314)  );
#618 = CIRCLE('',#619,1.500002540005);
#619 = AXIS2_PLACEMENT_3D('',#620,#621,#622);
#620 = CARTESIAN_POINT('',(2.50000508001,-2.50000508001,1.586156972314)  );
#621 = DIRECTION('',(0.,0.,1.));
#622 = DIRECTION('',(1.,1.110223024625E-16,-0.));
#623 = ORIENTED_EDGE('',*,*,#624,.F.);
#624 = EDGE_CURVE('',#625,#616,#627,.T.);
#625 = VERTEX_POINT('',#626);
#626 = CARTESIAN_POINT('',(1.000002540005,-2.50000508001,0.));
#627 = LINE('',#628,#629);
#628 = CARTESIAN_POINT('',(1.000002540005,-2.50000508001,0.));
#629 = VECTOR('',#630,1.);
#630 = DIRECTION('',(0.,0.,1.));
#631 = ORIENTED_EDGE('',*,*,#632,.F.);
#632 = EDGE_CURVE('',#606,#625,#633,.T.);
#633 = CIRCLE('',#634,1.500002540005);
#634 = AXIS2_PLACEMENT_3D('',#635,#636,#637);
#635 = CARTESIAN_POINT('',(2.50000508001,-2.50000508001,0.));
#636 = DIRECTION('',(0.,0.,1.));
#637 = DIRECTION('',(1.,1.110223024625E-16,-0.));
#638 = CYLINDRICAL_SURFACE('',#639,1.500002540005);
#639 = AXIS2_PLACEMENT_3D('',#640,#641,#642);
#640 = CARTESIAN_POINT('',(2.50000508001,-2.50000508001,0.));
#641 = DIRECTION('',(-0.,-0.,-1.));
#642 = DIRECTION('',(1.,1.110223024625E-16,-0.));
#643 = ADVANCED_FACE('',(#644),#662,.F.);
#644 = FACE_BOUND('',#645,.T.);
#645 = EDGE_LOOP('',(#646,#647,#654,#655));
#646 = ORIENTED_EDGE('',*,*,#624,.T.);
#647 = ORIENTED_EDGE('',*,*,#648,.T.);
#648 = EDGE_CURVE('',#616,#608,#649,.T.);
#649 = CIRCLE('',#650,1.500002540005);
#650 = AXIS2_PLACEMENT_3D('',#651,#652,#653);
#651 = CARTESIAN_POINT('',(2.50000508001,-2.50000508001,1.586156972314)  );
#652 = DIRECTION('',(0.,0.,1.));
#653 = DIRECTION('',(-1.,-1.110223024625E-16,0.));
#654 = ORIENTED_EDGE('',*,*,#605,.F.);
#655 = ORIENTED_EDGE('',*,*,#656,.F.);
#656 = EDGE_CURVE('',#625,#606,#657,.T.);
#657 = CIRCLE('',#658,1.500002540005);
#658 = AXIS2_PLACEMENT_3D('',#659,#660,#661);
#659 = CARTESIAN_POINT('',(2.50000508001,-2.50000508001,0.));
#660 = DIRECTION('',(0.,0.,1.));
#661 = DIRECTION('',(-1.,-1.110223024625E-16,0.));
#662 = CYLINDRICAL_SURFACE('',#663,1.500002540005);
#663 = AXIS2_PLACEMENT_3D('',#664,#665,#666);
#664 = CARTESIAN_POINT('',(2.50000508001,-2.50000508001,0.));
#665 = DIRECTION('',(-0.,-0.,-1.));
#666 = DIRECTION('',(-1.,-1.110223024625E-16,0.));
#667 = ADVANCED_FACE('',(#668),#704,.F.);
#668 = FACE_BOUND('',#669,.T.);
#669 = EDGE_LOOP('',(#670,#680,#689,#697));
#670 = ORIENTED_EDGE('',*,*,#671,.T.);
#671 = EDGE_CURVE('',#672,#674,#676,.T.);
#672 = VERTEX_POINT('',#673);
#673 = CARTESIAN_POINT('',(7.938026416053,-22.46828295656,0.));
#674 = VERTEX_POINT('',#675);
#675 = CARTESIAN_POINT('',(7.938026416053,-22.46828295656,1.586156972314    ));
#676 = LINE('',#677,#678);
#677 = CARTESIAN_POINT('',(7.938026416053,-22.46828295656,0.));
#678 = VECTOR('',#679,1.);
#679 = DIRECTION('',(0.,0.,1.));
#680 = ORIENTED_EDGE('',*,*,#681,.T.);
#681 = EDGE_CURVE('',#674,#682,#684,.T.);
#682 = VERTEX_POINT('',#683);
#683 = CARTESIAN_POINT('',(7.038001016002,-22.46828295656,1.586156972314    ));
#684 = CIRCLE('',#685,0.450012700025);
#685 = AXIS2_PLACEMENT_3D('',#686,#687,#688);
#686 = CARTESIAN_POINT('',(7.488013716027,-22.46828295656,1.586156972314    ));
#687 = DIRECTION('',(0.,0.,1.));
#688 = DIRECTION('',(1.,1.110223024625E-16,-0.));
#689 = ORIENTED_EDGE('',*,*,#690,.F.);
#690 = EDGE_CURVE('',#691,#682,#693,.T.);
#691 = VERTEX_POINT('',#692);
#692 = CARTESIAN_POINT('',(7.038001016002,-22.46828295656,0.));
#693 = LINE('',#694,#695);
#694 = CARTESIAN_POINT('',(7.038001016002,-22.46828295656,0.));
#695 = VECTOR('',#696,1.);
#696 = DIRECTION('',(0.,0.,1.));
#697 = ORIENTED_EDGE('',*,*,#698,.F.);
#698 = EDGE_CURVE('',#672,#691,#699,.T.);
#699 = CIRCLE('',#700,0.450012700025);
#700 = AXIS2_PLACEMENT_3D('',#701,#702,#703);
#701 = CARTESIAN_POINT('',(7.488013716027,-22.46828295656,0.));
#702 = DIRECTION('',(0.,0.,1.));
#703 = DIRECTION('',(1.,1.110223024625E-16,-0.));
#704 = CYLINDRICAL_SURFACE('',#705,0.450012700025);
#705 = AXIS2_PLACEMENT_3D('',#706,#707,#708);
#706 = CARTESIAN_POINT('',(7.488013716027,-22.46828295656,0.));
#707 = DIRECTION('',(-0.,-0.,-1.));
#708 = DIRECTION('',(1.,1.110223024625E-16,-0.));
#709 = ADVANCED_FACE('',(#710),#728,.F.);
#710 = FACE_BOUND('',#711,.T.);
#711 = EDGE_LOOP('',(#712,#713,#720,#721));
#712 = ORIENTED_EDGE('',*,*,#690,.T.);
#713 = ORIENTED_EDGE('',*,*,#714,.T.);
#714 = EDGE_CURVE('',#682,#674,#715,.T.);
#715 = CIRCLE('',#716,0.450012700025);
#716 = AXIS2_PLACEMENT_3D('',#717,#718,#719);
#717 = CARTESIAN_POINT('',(7.488013716027,-22.46828295656,1.586156972314    ));
#718 = DIRECTION('',(0.,0.,1.));
#719 = DIRECTION('',(-1.,-1.110223024625E-16,0.));
#720 = ORIENTED_EDGE('',*,*,#671,.F.);
#721 = ORIENTED_EDGE('',*,*,#722,.F.);
#722 = EDGE_CURVE('',#691,#672,#723,.T.);
#723 = CIRCLE('',#724,0.450012700025);
#724 = AXIS2_PLACEMENT_3D('',#725,#726,#727);
#725 = CARTESIAN_POINT('',(7.488013716027,-22.46828295656,0.));
#726 = DIRECTION('',(0.,0.,1.));
#727 = DIRECTION('',(-1.,-1.110223024625E-16,0.));
#728 = CYLINDRICAL_SURFACE('',#729,0.450012700025);
#729 = AXIS2_PLACEMENT_3D('',#730,#731,#732);
#730 = CARTESIAN_POINT('',(7.488013716027,-22.46828295656,0.));
#731 = DIRECTION('',(-0.,-0.,-1.));
#732 = DIRECTION('',(-1.,-1.110223024625E-16,0.));
#733 = ADVANCED_FACE('',(#734),#770,.F.);
#734 = FACE_BOUND('',#735,.T.);
#735 = EDGE_LOOP('',(#736,#746,#755,#763));
#736 = ORIENTED_EDGE('',*,*,#737,.T.);
#737 = EDGE_CURVE('',#738,#740,#742,.T.);
#738 = VERTEX_POINT('',#739);
#739 = CARTESIAN_POINT('',(7.938026416053,-24.96828295656,0.));
#740 = VERTEX_POINT('',#741);
#741 = CARTESIAN_POINT('',(7.938026416053,-24.96828295656,1.586156972314    ));
#742 = LINE('',#743,#744);
#743 = CARTESIAN_POINT('',(7.938026416053,-24.96828295656,0.));
#744 = VECTOR('',#745,1.);
#745 = DIRECTION('',(0.,0.,1.));
#746 = ORIENTED_EDGE('',*,*,#747,.T.);
#747 = EDGE_CURVE('',#740,#748,#750,.T.);
#748 = VERTEX_POINT('',#749);
#749 = CARTESIAN_POINT('',(7.038001016002,-24.96828295656,1.586156972314    ));
#750 = CIRCLE('',#751,0.450012700025);
#751 = AXIS2_PLACEMENT_3D('',#752,#753,#754);
#752 = CARTESIAN_POINT('',(7.488013716027,-24.96828295656,1.586156972314    ));
#753 = DIRECTION('',(0.,0.,1.));
#754 = DIRECTION('',(1.,1.110223024625E-16,-0.));
#755 = ORIENTED_EDGE('',*,*,#756,.F.);
#756 = EDGE_CURVE('',#757,#748,#759,.T.);
#757 = VERTEX_POINT('',#758);
#758 = CARTESIAN_POINT('',(7.038001016002,-24.96828295656,0.));
#759 = LINE('',#760,#761);
#760 = CARTESIAN_POINT('',(7.038001016002,-24.96828295656,0.));
#761 = VECTOR('',#762,1.);
#762 = DIRECTION('',(0.,0.,1.));
#763 = ORIENTED_EDGE('',*,*,#764,.F.);
#764 = EDGE_CURVE('',#738,#757,#765,.T.);
#765 = CIRCLE('',#766,0.450012700025);
#766 = AXIS2_PLACEMENT_3D('',#767,#768,#769);
#767 = CARTESIAN_POINT('',(7.488013716027,-24.96828295656,0.));
#768 = DIRECTION('',(0.,0.,1.));
#769 = DIRECTION('',(1.,1.110223024625E-16,-0.));
#770 = CYLINDRICAL_SURFACE('',#771,0.450012700025);
#771 = AXIS2_PLACEMENT_3D('',#772,#773,#774);
#772 = CARTESIAN_POINT('',(7.488013716027,-24.96828295656,0.));
#773 = DIRECTION('',(-0.,-0.,-1.));
#774 = DIRECTION('',(1.,1.110223024625E-16,-0.));
#775 = ADVANCED_FACE('',(#776),#794,.F.);
#776 = FACE_BOUND('',#777,.T.);
#777 = EDGE_LOOP('',(#778,#779,#786,#787));
#778 = ORIENTED_EDGE('',*,*,#756,.T.);
#779 = ORIENTED_EDGE('',*,*,#780,.T.);
#780 = EDGE_CURVE('',#748,#740,#781,.T.);
#781 = CIRCLE('',#782,0.450012700025);
#782 = AXIS2_PLACEMENT_3D('',#783,#784,#785);
#783 = CARTESIAN_POINT('',(7.488013716027,-24.96828295656,1.586156972314    ));
#784 = DIRECTION('',(0.,0.,1.));
#785 = DIRECTION('',(-1.,-1.110223024625E-16,0.));
#786 = ORIENTED_EDGE('',*,*,#737,.F.);
#787 = ORIENTED_EDGE('',*,*,#788,.F.);
#788 = EDGE_CURVE('',#757,#738,#789,.T.);
#789 = CIRCLE('',#790,0.450012700025);
#790 = AXIS2_PLACEMENT_3D('',#791,#792,#793);
#791 = CARTESIAN_POINT('',(7.488013716027,-24.96828295656,0.));
#792 = DIRECTION('',(0.,0.,1.));
#793 = DIRECTION('',(-1.,-1.110223024625E-16,0.));
#794 = CYLINDRICAL_SURFACE('',#795,0.450012700025);
#795 = AXIS2_PLACEMENT_3D('',#796,#797,#798);
#796 = CARTESIAN_POINT('',(7.488013716027,-24.96828295656,0.));
#797 = DIRECTION('',(-0.,-0.,-1.));
#798 = DIRECTION('',(-1.,-1.110223024625E-16,0.));
#799 = ADVANCED_FACE('',(#800),#836,.F.);
#800 = FACE_BOUND('',#801,.T.);
#801 = EDGE_LOOP('',(#802,#812,#821,#829));
#802 = ORIENTED_EDGE('',*,*,#803,.T.);
#803 = EDGE_CURVE('',#804,#806,#808,.T.);
#804 = VERTEX_POINT('',#805);
#805 = CARTESIAN_POINT('',(7.964028448057,-30.814000508,0.));
#806 = VERTEX_POINT('',#807);
#807 = CARTESIAN_POINT('',(7.964028448057,-30.814000508,1.586156972314)  );
#808 = LINE('',#809,#810);
#809 = CARTESIAN_POINT('',(7.964028448057,-30.814000508,0.));
#810 = VECTOR('',#811,1.);
#811 = DIRECTION('',(0.,0.,1.));
#812 = ORIENTED_EDGE('',*,*,#813,.T.);
#813 = EDGE_CURVE('',#806,#814,#816,.T.);
#814 = VERTEX_POINT('',#815);
#815 = CARTESIAN_POINT('',(7.064003048006,-30.814000508,1.586156972314)  );
#816 = CIRCLE('',#817,0.450012700025);
#817 = AXIS2_PLACEMENT_3D('',#818,#819,#820);
#818 = CARTESIAN_POINT('',(7.514015748031,-30.814000508,1.586156972314)  );
#819 = DIRECTION('',(0.,0.,1.));
#820 = DIRECTION('',(1.,1.110223024625E-16,-0.));
#821 = ORIENTED_EDGE('',*,*,#822,.F.);
#822 = EDGE_CURVE('',#823,#814,#825,.T.);
#823 = VERTEX_POINT('',#824);
#824 = CARTESIAN_POINT('',(7.064003048006,-30.814000508,0.));
#825 = LINE('',#826,#827);
#826 = CARTESIAN_POINT('',(7.064003048006,-30.814000508,0.));
#827 = VECTOR('',#828,1.);
#828 = DIRECTION('',(0.,0.,1.));
#829 = ORIENTED_EDGE('',*,*,#830,.F.);
#830 = EDGE_CURVE('',#804,#823,#831,.T.);
#831 = CIRCLE('',#832,0.450012700025);
#832 = AXIS2_PLACEMENT_3D('',#833,#834,#835);
#833 = CARTESIAN_POINT('',(7.514015748031,-30.814000508,0.));
#834 = DIRECTION('',(0.,0.,1.));
#835 = DIRECTION('',(1.,1.110223024625E-16,-0.));
#836 = CYLINDRICAL_SURFACE('',#837,0.450012700025);
#837 = AXIS2_PLACEMENT_3D('',#838,#839,#840);
#838 = CARTESIAN_POINT('',(7.514015748031,-30.814000508,0.));
#839 = DIRECTION('',(-0.,-0.,-1.));
#840 = DIRECTION('',(1.,1.110223024625E-16,-0.));
#841 = ADVANCED_FACE('',(#842),#860,.F.);
#842 = FACE_BOUND('',#843,.T.);
#843 = EDGE_LOOP('',(#844,#845,#852,#853));
#844 = ORIENTED_EDGE('',*,*,#822,.T.);
#845 = ORIENTED_EDGE('',*,*,#846,.T.);
#846 = EDGE_CURVE('',#814,#806,#847,.T.);
#847 = CIRCLE('',#848,0.450012700025);
#848 = AXIS2_PLACEMENT_3D('',#849,#850,#851);
#849 = CARTESIAN_POINT('',(7.514015748031,-30.814000508,1.586156972314)  );
#850 = DIRECTION('',(0.,0.,1.));
#851 = DIRECTION('',(-1.,-1.110223024625E-16,0.));
#852 = ORIENTED_EDGE('',*,*,#803,.F.);
#853 = ORIENTED_EDGE('',*,*,#854,.F.);
#854 = EDGE_CURVE('',#823,#804,#855,.T.);
#855 = CIRCLE('',#856,0.450012700025);
#856 = AXIS2_PLACEMENT_3D('',#857,#858,#859);
#857 = CARTESIAN_POINT('',(7.514015748031,-30.814000508,0.));
#858 = DIRECTION('',(0.,0.,1.));
#859 = DIRECTION('',(-1.,-1.110223024625E-16,0.));
#860 = CYLINDRICAL_SURFACE('',#861,0.450012700025);
#861 = AXIS2_PLACEMENT_3D('',#862,#863,#864);
#862 = CARTESIAN_POINT('',(7.514015748031,-30.814000508,0.));
#863 = DIRECTION('',(-0.,-0.,-1.));
#864 = DIRECTION('',(-1.,-1.110223024625E-16,0.));
#865 = ADVANCED_FACE('',(#866),#902,.F.);
#866 = FACE_BOUND('',#867,.T.);
#867 = EDGE_LOOP('',(#868,#878,#887,#895));
#868 = ORIENTED_EDGE('',*,*,#869,.T.);
#869 = EDGE_CURVE('',#870,#872,#874,.T.);
#870 = VERTEX_POINT('',#871);
#871 = CARTESIAN_POINT('',(7.964028448057,-33.314000508,0.));
#872 = VERTEX_POINT('',#873);
#873 = CARTESIAN_POINT('',(7.964028448057,-33.314000508,1.586156972314)  );
#874 = LINE('',#875,#876);
#875 = CARTESIAN_POINT('',(7.964028448057,-33.314000508,0.));
#876 = VECTOR('',#877,1.);
#877 = DIRECTION('',(0.,0.,1.));
#878 = ORIENTED_EDGE('',*,*,#879,.T.);
#879 = EDGE_CURVE('',#872,#880,#882,.T.);
#880 = VERTEX_POINT('',#881);
#881 = CARTESIAN_POINT('',(7.064003048006,-33.314000508,1.586156972314)  );
#882 = CIRCLE('',#883,0.450012700025);
#883 = AXIS2_PLACEMENT_3D('',#884,#885,#886);
#884 = CARTESIAN_POINT('',(7.514015748031,-33.314000508,1.586156972314)  );
#885 = DIRECTION('',(0.,0.,1.));
#886 = DIRECTION('',(1.,1.110223024625E-16,-0.));
#887 = ORIENTED_EDGE('',*,*,#888,.F.);
#888 = EDGE_CURVE('',#889,#880,#891,.T.);
#889 = VERTEX_POINT('',#890);
#890 = CARTESIAN_POINT('',(7.064003048006,-33.314000508,0.));
#891 = LINE('',#892,#893);
#892 = CARTESIAN_POINT('',(7.064003048006,-33.314000508,0.));
#893 = VECTOR('',#894,1.);
#894 = DIRECTION('',(0.,0.,1.));
#895 = ORIENTED_EDGE('',*,*,#896,.F.);
#896 = EDGE_CURVE('',#870,#889,#897,.T.);
#897 = CIRCLE('',#898,0.450012700025);
#898 = AXIS2_PLACEMENT_3D('',#899,#900,#901);
#899 = CARTESIAN_POINT('',(7.514015748031,-33.314000508,0.));
#900 = DIRECTION('',(0.,0.,1.));
#901 = DIRECTION('',(1.,1.110223024625E-16,-0.));
#902 = CYLINDRICAL_SURFACE('',#903,0.450012700025);
#903 = AXIS2_PLACEMENT_3D('',#904,#905,#906);
#904 = CARTESIAN_POINT('',(7.514015748031,-33.314000508,0.));
#905 = DIRECTION('',(-0.,-0.,-1.));
#906 = DIRECTION('',(1.,1.110223024625E-16,-0.));
#907 = ADVANCED_FACE('',(#908),#926,.F.);
#908 = FACE_BOUND('',#909,.T.);
#909 = EDGE_LOOP('',(#910,#911,#918,#919));
#910 = ORIENTED_EDGE('',*,*,#888,.T.);
#911 = ORIENTED_EDGE('',*,*,#912,.T.);
#912 = EDGE_CURVE('',#880,#872,#913,.T.);
#913 = CIRCLE('',#914,0.450012700025);
#914 = AXIS2_PLACEMENT_3D('',#915,#916,#917);
#915 = CARTESIAN_POINT('',(7.514015748031,-33.314000508,1.586156972314)  );
#916 = DIRECTION('',(0.,0.,1.));
#917 = DIRECTION('',(-1.,-1.110223024625E-16,0.));
#918 = ORIENTED_EDGE('',*,*,#869,.F.);
#919 = ORIENTED_EDGE('',*,*,#920,.F.);
#920 = EDGE_CURVE('',#889,#870,#921,.T.);
#921 = CIRCLE('',#922,0.450012700025);
#922 = AXIS2_PLACEMENT_3D('',#923,#924,#925);
#923 = CARTESIAN_POINT('',(7.514015748031,-33.314000508,0.));
#924 = DIRECTION('',(0.,0.,1.));
#925 = DIRECTION('',(-1.,-1.110223024625E-16,0.));
#926 = CYLINDRICAL_SURFACE('',#927,0.450012700025);
#927 = AXIS2_PLACEMENT_3D('',#928,#929,#930);
#928 = CARTESIAN_POINT('',(7.514015748031,-33.314000508,0.));
#929 = DIRECTION('',(-0.,-0.,-1.));
#930 = DIRECTION('',(-1.,-1.110223024625E-16,0.));
#931 = ADVANCED_FACE('',(#932),#968,.F.);
#932 = FACE_BOUND('',#933,.T.);
#933 = EDGE_LOOP('',(#934,#944,#953,#961));
#934 = ORIENTED_EDGE('',*,*,#935,.T.);
#935 = EDGE_CURVE('',#936,#938,#940,.T.);
#936 = VERTEX_POINT('',#937);
#937 = CARTESIAN_POINT('',(8.016027432055,-39.21201676403,0.));
#938 = VERTEX_POINT('',#939);
#939 = CARTESIAN_POINT('',(8.016027432055,-39.21201676403,1.586156972314    ));
#940 = LINE('',#941,#942);
#941 = CARTESIAN_POINT('',(8.016027432055,-39.21201676403,0.));
#942 = VECTOR('',#943,1.);
#943 = DIRECTION('',(0.,0.,1.));
#944 = ORIENTED_EDGE('',*,*,#945,.T.);
#945 = EDGE_CURVE('',#938,#946,#948,.T.);
#946 = VERTEX_POINT('',#947);
#947 = CARTESIAN_POINT('',(7.116002032004,-39.21201676403,1.586156972314    ));
#948 = CIRCLE('',#949,0.450012700025);
#949 = AXIS2_PLACEMENT_3D('',#950,#951,#952);
#950 = CARTESIAN_POINT('',(7.566014732029,-39.21201676403,1.586156972314    ));
#951 = DIRECTION('',(0.,0.,1.));
#952 = DIRECTION('',(1.,1.110223024625E-16,-0.));
#953 = ORIENTED_EDGE('',*,*,#954,.F.);
#954 = EDGE_CURVE('',#955,#946,#957,.T.);
#955 = VERTEX_POINT('',#956);
#956 = CARTESIAN_POINT('',(7.116002032004,-39.21201676403,0.));
#957 = LINE('',#958,#959);
#958 = CARTESIAN_POINT('',(7.116002032004,-39.21201676403,0.));
#959 = VECTOR('',#960,1.);
#960 = DIRECTION('',(0.,0.,1.));
#961 = ORIENTED_EDGE('',*,*,#962,.F.);
#962 = EDGE_CURVE('',#936,#955,#963,.T.);
#963 = CIRCLE('',#964,0.450012700025);
#964 = AXIS2_PLACEMENT_3D('',#965,#966,#967);
#965 = CARTESIAN_POINT('',(7.566014732029,-39.21201676403,0.));
#966 = DIRECTION('',(0.,0.,1.));
#967 = DIRECTION('',(1.,1.110223024625E-16,-0.));
#968 = CYLINDRICAL_SURFACE('',#969,0.450012700025);
#969 = AXIS2_PLACEMENT_3D('',#970,#971,#972);
#970 = CARTESIAN_POINT('',(7.566014732029,-39.21201676403,0.));
#971 = DIRECTION('',(-0.,-0.,-1.));
#972 = DIRECTION('',(1.,1.110223024625E-16,-0.));
#973 = ADVANCED_FACE('',(#974),#992,.F.);
#974 = FACE_BOUND('',#975,.T.);
#975 = EDGE_LOOP('',(#976,#977,#984,#985));
#976 = ORIENTED_EDGE('',*,*,#954,.T.);
#977 = ORIENTED_EDGE('',*,*,#978,.T.);
#978 = EDGE_CURVE('',#946,#938,#979,.T.);
#979 = CIRCLE('',#980,0.450012700025);
#980 = AXIS2_PLACEMENT_3D('',#981,#982,#983);
#981 = CARTESIAN_POINT('',(7.566014732029,-39.21201676403,1.586156972314    ));
#982 = DIRECTION('',(0.,0.,1.));
#983 = DIRECTION('',(-1.,-1.110223024625E-16,0.));
#984 = ORIENTED_EDGE('',*,*,#935,.F.);
#985 = ORIENTED_EDGE('',*,*,#986,.F.);
#986 = EDGE_CURVE('',#955,#936,#987,.T.);
#987 = CIRCLE('',#988,0.450012700025);
#988 = AXIS2_PLACEMENT_3D('',#989,#990,#991);
#989 = CARTESIAN_POINT('',(7.566014732029,-39.21201676403,0.));
#990 = DIRECTION('',(0.,0.,1.));
#991 = DIRECTION('',(-1.,-1.110223024625E-16,0.));
#992 = CYLINDRICAL_SURFACE('',#993,0.450012700025);
#993 = AXIS2_PLACEMENT_3D('',#994,#995,#996);
#994 = CARTESIAN_POINT('',(7.566014732029,-39.21201676403,0.));
#995 = DIRECTION('',(-0.,-0.,-1.));
#996 = DIRECTION('',(-1.,-1.110223024625E-16,0.));
#997 = ADVANCED_FACE('',(#998),#1034,.F.);
#998 = FACE_BOUND('',#999,.T.);
#999 = EDGE_LOOP('',(#1000,#1010,#1019,#1027));
#1000 = ORIENTED_EDGE('',*,*,#1001,.T.);
#1001 = EDGE_CURVE('',#1002,#1004,#1006,.T.);
#1002 = VERTEX_POINT('',#1003);
#1003 = CARTESIAN_POINT('',(8.016027432055,-41.71201676403,0.));
#1004 = VERTEX_POINT('',#1005);
#1005 = CARTESIAN_POINT('',(8.016027432055,-41.71201676403,    1.586156972314));
#1006 = LINE('',#1007,#1008);
#1007 = CARTESIAN_POINT('',(8.016027432055,-41.71201676403,0.));
#1008 = VECTOR('',#1009,1.);
#1009 = DIRECTION('',(0.,0.,1.));
#1010 = ORIENTED_EDGE('',*,*,#1011,.T.);
#1011 = EDGE_CURVE('',#1004,#1012,#1014,.T.);
#1012 = VERTEX_POINT('',#1013);
#1013 = CARTESIAN_POINT('',(7.116002032004,-41.71201676403,    1.586156972314));
#1014 = CIRCLE('',#1015,0.450012700025);
#1015 = AXIS2_PLACEMENT_3D('',#1016,#1017,#1018);
#1016 = CARTESIAN_POINT('',(7.566014732029,-41.71201676403,    1.586156972314));
#1017 = DIRECTION('',(0.,0.,1.));
#1018 = DIRECTION('',(1.,1.110223024625E-16,-0.));
#1019 = ORIENTED_EDGE('',*,*,#1020,.F.);
#1020 = EDGE_CURVE('',#1021,#1012,#1023,.T.);
#1021 = VERTEX_POINT('',#1022);
#1022 = CARTESIAN_POINT('',(7.116002032004,-41.71201676403,0.));
#1023 = LINE('',#1024,#1025);
#1024 = CARTESIAN_POINT('',(7.116002032004,-41.71201676403,0.));
#1025 = VECTOR('',#1026,1.);
#1026 = DIRECTION('',(0.,0.,1.));
#1027 = ORIENTED_EDGE('',*,*,#1028,.F.);
#1028 = EDGE_CURVE('',#1002,#1021,#1029,.T.);
#1029 = CIRCLE('',#1030,0.450012700025);
#1030 = AXIS2_PLACEMENT_3D('',#1031,#1032,#1033);
#1031 = CARTESIAN_POINT('',(7.566014732029,-41.71201676403,0.));
#1032 = DIRECTION('',(0.,0.,1.));
#1033 = DIRECTION('',(1.,1.110223024625E-16,-0.));
#1034 = CYLINDRICAL_SURFACE('',#1035,0.450012700025);
#1035 = AXIS2_PLACEMENT_3D('',#1036,#1037,#1038);
#1036 = CARTESIAN_POINT('',(7.566014732029,-41.71201676403,0.));
#1037 = DIRECTION('',(-0.,-0.,-1.));
#1038 = DIRECTION('',(1.,1.110223024625E-16,-0.));
#1039 = ADVANCED_FACE('',(#1040),#1058,.F.);
#1040 = FACE_BOUND('',#1041,.T.);
#1041 = EDGE_LOOP('',(#1042,#1043,#1050,#1051));
#1042 = ORIENTED_EDGE('',*,*,#1020,.T.);
#1043 = ORIENTED_EDGE('',*,*,#1044,.T.);
#1044 = EDGE_CURVE('',#1012,#1004,#1045,.T.);
#1045 = CIRCLE('',#1046,0.450012700025);
#1046 = AXIS2_PLACEMENT_3D('',#1047,#1048,#1049);
#1047 = CARTESIAN_POINT('',(7.566014732029,-41.71201676403,    1.586156972314));
#1048 = DIRECTION('',(0.,0.,1.));
#1049 = DIRECTION('',(-1.,-1.110223024625E-16,0.));
#1050 = ORIENTED_EDGE('',*,*,#1001,.F.);
#1051 = ORIENTED_EDGE('',*,*,#1052,.F.);
#1052 = EDGE_CURVE('',#1021,#1002,#1053,.T.);
#1053 = CIRCLE('',#1054,0.450012700025);
#1054 = AXIS2_PLACEMENT_3D('',#1055,#1056,#1057);
#1055 = CARTESIAN_POINT('',(7.566014732029,-41.71201676403,0.));
#1056 = DIRECTION('',(0.,0.,1.));
#1057 = DIRECTION('',(-1.,-1.110223024625E-16,0.));
#1058 = CYLINDRICAL_SURFACE('',#1059,0.450012700025);
#1059 = AXIS2_PLACEMENT_3D('',#1060,#1061,#1062);
#1060 = CARTESIAN_POINT('',(7.566014732029,-41.71201676403,0.));
#1061 = DIRECTION('',(-0.,-0.,-1.));
#1062 = DIRECTION('',(-1.,-1.110223024625E-16,0.));
#1063 = ADVANCED_FACE('',(#1064),#1100,.F.);
#1064 = FACE_BOUND('',#1065,.T.);
#1065 = EDGE_LOOP('',(#1066,#1076,#1085,#1093));
#1066 = ORIENTED_EDGE('',*,*,#1067,.T.);
#1067 = EDGE_CURVE('',#1068,#1070,#1072,.T.);
#1068 = VERTEX_POINT('',#1069);
#1069 = CARTESIAN_POINT('',(13.265976631953,-42.39308356616,0.));
#1070 = VERTEX_POINT('',#1071);
#1071 = CARTESIAN_POINT('',(13.265976631953,-42.39308356616,    1.586156972314));
#1072 = LINE('',#1073,#1074);
#1073 = CARTESIAN_POINT('',(13.265976631953,-42.39308356616,0.));
#1074 = VECTOR('',#1075,1.);
#1075 = DIRECTION('',(0.,0.,1.));
#1076 = ORIENTED_EDGE('',*,*,#1077,.T.);
#1077 = EDGE_CURVE('',#1070,#1078,#1080,.T.);
#1078 = VERTEX_POINT('',#1079);
#1079 = CARTESIAN_POINT('',(12.365951231902,-42.39308356616,    1.586156972314));
#1080 = CIRCLE('',#1081,0.450012700025);
#1081 = AXIS2_PLACEMENT_3D('',#1082,#1083,#1084);
#1082 = CARTESIAN_POINT('',(12.815963931928,-42.39308356616,    1.586156972314));
#1083 = DIRECTION('',(0.,0.,1.));
#1084 = DIRECTION('',(1.,1.110223024625E-16,-0.));
#1085 = ORIENTED_EDGE('',*,*,#1086,.F.);
#1086 = EDGE_CURVE('',#1087,#1078,#1089,.T.);
#1087 = VERTEX_POINT('',#1088);
#1088 = CARTESIAN_POINT('',(12.365951231902,-42.39308356616,0.));
#1089 = LINE('',#1090,#1091);
#1090 = CARTESIAN_POINT('',(12.365951231902,-42.39308356616,0.));
#1091 = VECTOR('',#1092,1.);
#1092 = DIRECTION('',(0.,0.,1.));
#1093 = ORIENTED_EDGE('',*,*,#1094,.F.);
#1094 = EDGE_CURVE('',#1068,#1087,#1095,.T.);
#1095 = CIRCLE('',#1096,0.450012700025);
#1096 = AXIS2_PLACEMENT_3D('',#1097,#1098,#1099);
#1097 = CARTESIAN_POINT('',(12.815963931928,-42.39308356616,0.));
#1098 = DIRECTION('',(0.,0.,1.));
#1099 = DIRECTION('',(1.,1.110223024625E-16,-0.));
#1100 = CYLINDRICAL_SURFACE('',#1101,0.450012700025);
#1101 = AXIS2_PLACEMENT_3D('',#1102,#1103,#1104);
#1102 = CARTESIAN_POINT('',(12.815963931928,-42.39308356616,0.));
#1103 = DIRECTION('',(-0.,-0.,-1.));
#1104 = DIRECTION('',(1.,1.110223024625E-16,-0.));
#1105 = ADVANCED_FACE('',(#1106),#1124,.F.);
#1106 = FACE_BOUND('',#1107,.T.);
#1107 = EDGE_LOOP('',(#1108,#1109,#1116,#1117));
#1108 = ORIENTED_EDGE('',*,*,#1086,.T.);
#1109 = ORIENTED_EDGE('',*,*,#1110,.T.);
#1110 = EDGE_CURVE('',#1078,#1070,#1111,.T.);
#1111 = CIRCLE('',#1112,0.450012700025);
#1112 = AXIS2_PLACEMENT_3D('',#1113,#1114,#1115);
#1113 = CARTESIAN_POINT('',(12.815963931928,-42.39308356616,    1.586156972314));
#1114 = DIRECTION('',(0.,0.,1.));
#1115 = DIRECTION('',(-1.,-1.110223024625E-16,0.));
#1116 = ORIENTED_EDGE('',*,*,#1067,.F.);
#1117 = ORIENTED_EDGE('',*,*,#1118,.F.);
#1118 = EDGE_CURVE('',#1087,#1068,#1119,.T.);
#1119 = CIRCLE('',#1120,0.450012700025);
#1120 = AXIS2_PLACEMENT_3D('',#1121,#1122,#1123);
#1121 = CARTESIAN_POINT('',(12.815963931928,-42.39308356616,0.));
#1122 = DIRECTION('',(0.,0.,1.));
#1123 = DIRECTION('',(-1.,-1.110223024625E-16,0.));
#1124 = CYLINDRICAL_SURFACE('',#1125,0.450012700025);
#1125 = AXIS2_PLACEMENT_3D('',#1126,#1127,#1128);
#1126 = CARTESIAN_POINT('',(12.815963931928,-42.39308356616,0.));
#1127 = DIRECTION('',(-0.,-0.,-1.));
#1128 = DIRECTION('',(-1.,-1.110223024625E-16,0.));
#1129 = ADVANCED_FACE('',(#1130),#1166,.F.);
#1130 = FACE_BOUND('',#1131,.T.);
#1131 = EDGE_LOOP('',(#1132,#1142,#1151,#1159));
#1132 = ORIENTED_EDGE('',*,*,#1133,.T.);
#1133 = EDGE_CURVE('',#1134,#1136,#1138,.T.);
#1134 = VERTEX_POINT('',#1135);
#1135 = CARTESIAN_POINT('',(15.765976631953,-42.39308356616,0.));
#1136 = VERTEX_POINT('',#1137);
#1137 = CARTESIAN_POINT('',(15.765976631953,-42.39308356616,    1.586156972314));
#1138 = LINE('',#1139,#1140);
#1139 = CARTESIAN_POINT('',(15.765976631953,-42.39308356616,0.));
#1140 = VECTOR('',#1141,1.);
#1141 = DIRECTION('',(0.,0.,1.));
#1142 = ORIENTED_EDGE('',*,*,#1143,.T.);
#1143 = EDGE_CURVE('',#1136,#1144,#1146,.T.);
#1144 = VERTEX_POINT('',#1145);
#1145 = CARTESIAN_POINT('',(14.865951231902,-42.39308356616,    1.586156972314));
#1146 = CIRCLE('',#1147,0.450012700025);
#1147 = AXIS2_PLACEMENT_3D('',#1148,#1149,#1150);
#1148 = CARTESIAN_POINT('',(15.315963931928,-42.39308356616,    1.586156972314));
#1149 = DIRECTION('',(0.,0.,1.));
#1150 = DIRECTION('',(1.,1.110223024625E-16,-0.));
#1151 = ORIENTED_EDGE('',*,*,#1152,.F.);
#1152 = EDGE_CURVE('',#1153,#1144,#1155,.T.);
#1153 = VERTEX_POINT('',#1154);
#1154 = CARTESIAN_POINT('',(14.865951231902,-42.39308356616,0.));
#1155 = LINE('',#1156,#1157);
#1156 = CARTESIAN_POINT('',(14.865951231902,-42.39308356616,0.));
#1157 = VECTOR('',#1158,1.);
#1158 = DIRECTION('',(0.,0.,1.));
#1159 = ORIENTED_EDGE('',*,*,#1160,.F.);
#1160 = EDGE_CURVE('',#1134,#1153,#1161,.T.);
#1161 = CIRCLE('',#1162,0.450012700025);
#1162 = AXIS2_PLACEMENT_3D('',#1163,#1164,#1165);
#1163 = CARTESIAN_POINT('',(15.315963931928,-42.39308356616,0.));
#1164 = DIRECTION('',(0.,0.,1.));
#1165 = DIRECTION('',(1.,1.110223024625E-16,-0.));
#1166 = CYLINDRICAL_SURFACE('',#1167,0.450012700025);
#1167 = AXIS2_PLACEMENT_3D('',#1168,#1169,#1170);
#1168 = CARTESIAN_POINT('',(15.315963931928,-42.39308356616,0.));
#1169 = DIRECTION('',(-0.,-0.,-1.));
#1170 = DIRECTION('',(1.,1.110223024625E-16,-0.));
#1171 = ADVANCED_FACE('',(#1172),#1190,.F.);
#1172 = FACE_BOUND('',#1173,.T.);
#1173 = EDGE_LOOP('',(#1174,#1175,#1182,#1183));
#1174 = ORIENTED_EDGE('',*,*,#1152,.T.);
#1175 = ORIENTED_EDGE('',*,*,#1176,.T.);
#1176 = EDGE_CURVE('',#1144,#1136,#1177,.T.);
#1177 = CIRCLE('',#1178,0.450012700025);
#1178 = AXIS2_PLACEMENT_3D('',#1179,#1180,#1181);
#1179 = CARTESIAN_POINT('',(15.315963931928,-42.39308356616,    1.586156972314));
#1180 = DIRECTION('',(0.,0.,1.));
#1181 = DIRECTION('',(-1.,-1.110223024625E-16,0.));
#1182 = ORIENTED_EDGE('',*,*,#1133,.F.);
#1183 = ORIENTED_EDGE('',*,*,#1184,.F.);
#1184 = EDGE_CURVE('',#1153,#1134,#1185,.T.);
#1185 = CIRCLE('',#1186,0.450012700025);
#1186 = AXIS2_PLACEMENT_3D('',#1187,#1188,#1189);
#1187 = CARTESIAN_POINT('',(15.315963931928,-42.39308356616,0.));
#1188 = DIRECTION('',(0.,0.,1.));
#1189 = DIRECTION('',(-1.,-1.110223024625E-16,0.));
#1190 = CYLINDRICAL_SURFACE('',#1191,0.450012700025);
#1191 = AXIS2_PLACEMENT_3D('',#1192,#1193,#1194);
#1192 = CARTESIAN_POINT('',(15.315963931928,-42.39308356616,0.));
#1193 = DIRECTION('',(-0.,-0.,-1.));
#1194 = DIRECTION('',(-1.,-1.110223024625E-16,0.));
#1195 = ADVANCED_FACE('',(#1196),#1232,.F.);
#1196 = FACE_BOUND('',#1197,.T.);
#1197 = EDGE_LOOP('',(#1198,#1208,#1217,#1225));
#1198 = ORIENTED_EDGE('',*,*,#1199,.T.);
#1199 = EDGE_CURVE('',#1200,#1202,#1204,.T.);
#1200 = VERTEX_POINT('',#1201);
#1201 = CARTESIAN_POINT('',(45.680172720345,-45.50019050038,0.));
#1202 = VERTEX_POINT('',#1203);
#1203 = CARTESIAN_POINT('',(45.680172720345,-45.50019050038,    1.586156972314));
#1204 = LINE('',#1205,#1206);
#1205 = CARTESIAN_POINT('',(45.680172720345,-45.50019050038,0.));
#1206 = VECTOR('',#1207,1.);
#1207 = DIRECTION('',(0.,0.,1.));
#1208 = ORIENTED_EDGE('',*,*,#1209,.T.);
#1209 = EDGE_CURVE('',#1202,#1210,#1212,.T.);
#1210 = VERTEX_POINT('',#1211);
#1211 = CARTESIAN_POINT('',(44.580147320295,-45.50019050038,    1.586156972314));
#1212 = CIRCLE('',#1213,0.550012700025);
#1213 = AXIS2_PLACEMENT_3D('',#1214,#1215,#1216);
#1214 = CARTESIAN_POINT('',(45.13016002032,-45.50019050038,    1.586156972314));
#1215 = DIRECTION('',(0.,0.,1.));
#1216 = DIRECTION('',(1.,1.110223024625E-16,-0.));
#1217 = ORIENTED_EDGE('',*,*,#1218,.F.);
#1218 = EDGE_CURVE('',#1219,#1210,#1221,.T.);
#1219 = VERTEX_POINT('',#1220);
#1220 = CARTESIAN_POINT('',(44.580147320295,-45.50019050038,0.));
#1221 = LINE('',#1222,#1223);
#1222 = CARTESIAN_POINT('',(44.580147320295,-45.50019050038,0.));
#1223 = VECTOR('',#1224,1.);
#1224 = DIRECTION('',(0.,0.,1.));
#1225 = ORIENTED_EDGE('',*,*,#1226,.F.);
#1226 = EDGE_CURVE('',#1200,#1219,#1227,.T.);
#1227 = CIRCLE('',#1228,0.550012700025);
#1228 = AXIS2_PLACEMENT_3D('',#1229,#1230,#1231);
#1229 = CARTESIAN_POINT('',(45.13016002032,-45.50019050038,0.));
#1230 = DIRECTION('',(0.,0.,1.));
#1231 = DIRECTION('',(1.,1.110223024625E-16,-0.));
#1232 = CYLINDRICAL_SURFACE('',#1233,0.550012700025);
#1233 = AXIS2_PLACEMENT_3D('',#1234,#1235,#1236);
#1234 = CARTESIAN_POINT('',(45.13016002032,-45.50019050038,0.));
#1235 = DIRECTION('',(-0.,-0.,-1.));
#1236 = DIRECTION('',(1.,1.110223024625E-16,-0.));
#1237 = ADVANCED_FACE('',(#1238),#1256,.F.);
#1238 = FACE_BOUND('',#1239,.T.);
#1239 = EDGE_LOOP('',(#1240,#1241,#1248,#1249));
#1240 = ORIENTED_EDGE('',*,*,#1218,.T.);
#1241 = ORIENTED_EDGE('',*,*,#1242,.T.);
#1242 = EDGE_CURVE('',#1210,#1202,#1243,.T.);
#1243 = CIRCLE('',#1244,0.550012700025);
#1244 = AXIS2_PLACEMENT_3D('',#1245,#1246,#1247);
#1245 = CARTESIAN_POINT('',(45.13016002032,-45.50019050038,    1.586156972314));
#1246 = DIRECTION('',(0.,0.,1.));
#1247 = DIRECTION('',(-1.,-1.110223024625E-16,0.));
#1248 = ORIENTED_EDGE('',*,*,#1199,.F.);
#1249 = ORIENTED_EDGE('',*,*,#1250,.F.);
#1250 = EDGE_CURVE('',#1219,#1200,#1251,.T.);
#1251 = CIRCLE('',#1252,0.550012700025);
#1252 = AXIS2_PLACEMENT_3D('',#1253,#1254,#1255);
#1253 = CARTESIAN_POINT('',(45.13016002032,-45.50019050038,0.));
#1254 = DIRECTION('',(0.,0.,1.));
#1255 = DIRECTION('',(-1.,-1.110223024625E-16,0.));
#1256 = CYLINDRICAL_SURFACE('',#1257,0.550012700025);
#1257 = AXIS2_PLACEMENT_3D('',#1258,#1259,#1260);
#1258 = CARTESIAN_POINT('',(45.13016002032,-45.50019050038,0.));
#1259 = DIRECTION('',(-0.,-0.,-1.));
#1260 = DIRECTION('',(-1.,-1.110223024625E-16,0.));
#1261 = ADVANCED_FACE('',(#1262),#1298,.F.);
#1262 = FACE_BOUND('',#1263,.T.);
#1263 = EDGE_LOOP('',(#1264,#1274,#1283,#1291));
#1264 = ORIENTED_EDGE('',*,*,#1265,.T.);
#1265 = EDGE_CURVE('',#1266,#1268,#1270,.T.);
#1266 = VERTEX_POINT('',#1267);
#1267 = CARTESIAN_POINT('',(48.180172720345,-45.50019050038,0.));
#1268 = VERTEX_POINT('',#1269);
#1269 = CARTESIAN_POINT('',(48.180172720345,-45.50019050038,    1.586156972314));
#1270 = LINE('',#1271,#1272);
#1271 = CARTESIAN_POINT('',(48.180172720345,-45.50019050038,0.));
#1272 = VECTOR('',#1273,1.);
#1273 = DIRECTION('',(0.,0.,1.));
#1274 = ORIENTED_EDGE('',*,*,#1275,.T.);
#1275 = EDGE_CURVE('',#1268,#1276,#1278,.T.);
#1276 = VERTEX_POINT('',#1277);
#1277 = CARTESIAN_POINT('',(47.080147320295,-45.50019050038,    1.586156972314));
#1278 = CIRCLE('',#1279,0.550012700025);
#1279 = AXIS2_PLACEMENT_3D('',#1280,#1281,#1282);
#1280 = CARTESIAN_POINT('',(47.63016002032,-45.50019050038,    1.586156972314));
#1281 = DIRECTION('',(0.,0.,1.));
#1282 = DIRECTION('',(1.,1.110223024625E-16,-0.));
#1283 = ORIENTED_EDGE('',*,*,#1284,.F.);
#1284 = EDGE_CURVE('',#1285,#1276,#1287,.T.);
#1285 = VERTEX_POINT('',#1286);
#1286 = CARTESIAN_POINT('',(47.080147320295,-45.50019050038,0.));
#1287 = LINE('',#1288,#1289);
#1288 = CARTESIAN_POINT('',(47.080147320295,-45.50019050038,0.));
#1289 = VECTOR('',#1290,1.);
#1290 = DIRECTION('',(0.,0.,1.));
#1291 = ORIENTED_EDGE('',*,*,#1292,.F.);
#1292 = EDGE_CURVE('',#1266,#1285,#1293,.T.);
#1293 = CIRCLE('',#1294,0.550012700025);
#1294 = AXIS2_PLACEMENT_3D('',#1295,#1296,#1297);
#1295 = CARTESIAN_POINT('',(47.63016002032,-45.50019050038,0.));
#1296 = DIRECTION('',(0.,0.,1.));
#1297 = DIRECTION('',(1.,1.110223024625E-16,-0.));
#1298 = CYLINDRICAL_SURFACE('',#1299,0.550012700025);
#1299 = AXIS2_PLACEMENT_3D('',#1300,#1301,#1302);
#1300 = CARTESIAN_POINT('',(47.63016002032,-45.50019050038,0.));
#1301 = DIRECTION('',(-0.,-0.,-1.));
#1302 = DIRECTION('',(1.,1.110223024625E-16,-0.));
#1303 = ADVANCED_FACE('',(#1304),#1322,.F.);
#1304 = FACE_BOUND('',#1305,.T.);
#1305 = EDGE_LOOP('',(#1306,#1307,#1314,#1315));
#1306 = ORIENTED_EDGE('',*,*,#1284,.T.);
#1307 = ORIENTED_EDGE('',*,*,#1308,.T.);
#1308 = EDGE_CURVE('',#1276,#1268,#1309,.T.);
#1309 = CIRCLE('',#1310,0.550012700025);
#1310 = AXIS2_PLACEMENT_3D('',#1311,#1312,#1313);
#1311 = CARTESIAN_POINT('',(47.63016002032,-45.50019050038,    1.586156972314));
#1312 = DIRECTION('',(0.,0.,1.));
#1313 = DIRECTION('',(-1.,-1.110223024625E-16,0.));
#1314 = ORIENTED_EDGE('',*,*,#1265,.F.);
#1315 = ORIENTED_EDGE('',*,*,#1316,.F.);
#1316 = EDGE_CURVE('',#1285,#1266,#1317,.T.);
#1317 = CIRCLE('',#1318,0.550012700025);
#1318 = AXIS2_PLACEMENT_3D('',#1319,#1320,#1321);
#1319 = CARTESIAN_POINT('',(47.63016002032,-45.50019050038,0.));
#1320 = DIRECTION('',(0.,0.,1.));
#1321 = DIRECTION('',(-1.,-1.110223024625E-16,0.));
#1322 = CYLINDRICAL_SURFACE('',#1323,0.550012700025);
#1323 = AXIS2_PLACEMENT_3D('',#1324,#1325,#1326);
#1324 = CARTESIAN_POINT('',(47.63016002032,-45.50019050038,0.));
#1325 = DIRECTION('',(-0.,-0.,-1.));
#1326 = DIRECTION('',(-1.,-1.110223024625E-16,0.));
#1327 = ADVANCED_FACE('',(#1328),#1364,.F.);
#1328 = FACE_BOUND('',#1329,.T.);
#1329 = EDGE_LOOP('',(#1330,#1340,#1349,#1357));
#1330 = ORIENTED_EDGE('',*,*,#1331,.T.);
#1331 = EDGE_CURVE('',#1332,#1334,#1336,.T.);
#1332 = VERTEX_POINT('',#1333);
#1333 = CARTESIAN_POINT('',(50.680172720345,-45.50019050038,0.));
#1334 = VERTEX_POINT('',#1335);
#1335 = CARTESIAN_POINT('',(50.680172720345,-45.50019050038,    1.586156972314));
#1336 = LINE('',#1337,#1338);
#1337 = CARTESIAN_POINT('',(50.680172720345,-45.50019050038,0.));
#1338 = VECTOR('',#1339,1.);
#1339 = DIRECTION('',(0.,0.,1.));
#1340 = ORIENTED_EDGE('',*,*,#1341,.T.);
#1341 = EDGE_CURVE('',#1334,#1342,#1344,.T.);
#1342 = VERTEX_POINT('',#1343);
#1343 = CARTESIAN_POINT('',(49.580147320295,-45.50019050038,    1.586156972314));
#1344 = CIRCLE('',#1345,0.550012700025);
#1345 = AXIS2_PLACEMENT_3D('',#1346,#1347,#1348);
#1346 = CARTESIAN_POINT('',(50.13016002032,-45.50019050038,    1.586156972314));
#1347 = DIRECTION('',(0.,0.,1.));
#1348 = DIRECTION('',(1.,1.110223024625E-16,-0.));
#1349 = ORIENTED_EDGE('',*,*,#1350,.F.);
#1350 = EDGE_CURVE('',#1351,#1342,#1353,.T.);
#1351 = VERTEX_POINT('',#1352);
#1352 = CARTESIAN_POINT('',(49.580147320295,-45.50019050038,0.));
#1353 = LINE('',#1354,#1355);
#1354 = CARTESIAN_POINT('',(49.580147320295,-45.50019050038,0.));
#1355 = VECTOR('',#1356,1.);
#1356 = DIRECTION('',(0.,0.,1.));
#1357 = ORIENTED_EDGE('',*,*,#1358,.F.);
#1358 = EDGE_CURVE('',#1332,#1351,#1359,.T.);
#1359 = CIRCLE('',#1360,0.550012700025);
#1360 = AXIS2_PLACEMENT_3D('',#1361,#1362,#1363);
#1361 = CARTESIAN_POINT('',(50.13016002032,-45.50019050038,0.));
#1362 = DIRECTION('',(0.,0.,1.));
#1363 = DIRECTION('',(1.,1.110223024625E-16,-0.));
#1364 = CYLINDRICAL_SURFACE('',#1365,0.550012700025);
#1365 = AXIS2_PLACEMENT_3D('',#1366,#1367,#1368);
#1366 = CARTESIAN_POINT('',(50.13016002032,-45.50019050038,0.));
#1367 = DIRECTION('',(-0.,-0.,-1.));
#1368 = DIRECTION('',(1.,1.110223024625E-16,-0.));
#1369 = ADVANCED_FACE('',(#1370),#1388,.F.);
#1370 = FACE_BOUND('',#1371,.T.);
#1371 = EDGE_LOOP('',(#1372,#1373,#1380,#1381));
#1372 = ORIENTED_EDGE('',*,*,#1350,.T.);
#1373 = ORIENTED_EDGE('',*,*,#1374,.T.);
#1374 = EDGE_CURVE('',#1342,#1334,#1375,.T.);
#1375 = CIRCLE('',#1376,0.550012700025);
#1376 = AXIS2_PLACEMENT_3D('',#1377,#1378,#1379);
#1377 = CARTESIAN_POINT('',(50.13016002032,-45.50019050038,    1.586156972314));
#1378 = DIRECTION('',(0.,0.,1.));
#1379 = DIRECTION('',(-1.,-1.110223024625E-16,0.));
#1380 = ORIENTED_EDGE('',*,*,#1331,.F.);
#1381 = ORIENTED_EDGE('',*,*,#1382,.F.);
#1382 = EDGE_CURVE('',#1351,#1332,#1383,.T.);
#1383 = CIRCLE('',#1384,0.550012700025);
#1384 = AXIS2_PLACEMENT_3D('',#1385,#1386,#1387);
#1385 = CARTESIAN_POINT('',(50.13016002032,-45.50019050038,0.));
#1386 = DIRECTION('',(0.,0.,1.));
#1387 = DIRECTION('',(-1.,-1.110223024625E-16,0.));
#1388 = CYLINDRICAL_SURFACE('',#1389,0.550012700025);
#1389 = AXIS2_PLACEMENT_3D('',#1390,#1391,#1392);
#1390 = CARTESIAN_POINT('',(50.13016002032,-45.50019050038,0.));
#1391 = DIRECTION('',(-0.,-0.,-1.));
#1392 = DIRECTION('',(-1.,-1.110223024625E-16,0.));
#1393 = ADVANCED_FACE('',(#1394),#1430,.F.);
#1394 = FACE_BOUND('',#1395,.T.);
#1395 = EDGE_LOOP('',(#1396,#1406,#1415,#1423));
#1396 = ORIENTED_EDGE('',*,*,#1397,.T.);
#1397 = EDGE_CURVE('',#1398,#1400,#1402,.T.);
#1398 = VERTEX_POINT('',#1399);
#1399 = CARTESIAN_POINT('',(53.180172720345,-45.50019050038,0.));
#1400 = VERTEX_POINT('',#1401);
#1401 = CARTESIAN_POINT('',(53.180172720345,-45.50019050038,    1.586156972314));
#1402 = LINE('',#1403,#1404);
#1403 = CARTESIAN_POINT('',(53.180172720345,-45.50019050038,0.));
#1404 = VECTOR('',#1405,1.);
#1405 = DIRECTION('',(0.,0.,1.));
#1406 = ORIENTED_EDGE('',*,*,#1407,.T.);
#1407 = EDGE_CURVE('',#1400,#1408,#1410,.T.);
#1408 = VERTEX_POINT('',#1409);
#1409 = CARTESIAN_POINT('',(52.080147320295,-45.50019050038,    1.586156972314));
#1410 = CIRCLE('',#1411,0.550012700025);
#1411 = AXIS2_PLACEMENT_3D('',#1412,#1413,#1414);
#1412 = CARTESIAN_POINT('',(52.63016002032,-45.50019050038,    1.586156972314));
#1413 = DIRECTION('',(0.,0.,1.));
#1414 = DIRECTION('',(1.,1.110223024625E-16,-0.));
#1415 = ORIENTED_EDGE('',*,*,#1416,.F.);
#1416 = EDGE_CURVE('',#1417,#1408,#1419,.T.);
#1417 = VERTEX_POINT('',#1418);
#1418 = CARTESIAN_POINT('',(52.080147320295,-45.50019050038,0.));
#1419 = LINE('',#1420,#1421);
#1420 = CARTESIAN_POINT('',(52.080147320295,-45.50019050038,0.));
#1421 = VECTOR('',#1422,1.);
#1422 = DIRECTION('',(0.,0.,1.));
#1423 = ORIENTED_EDGE('',*,*,#1424,.F.);
#1424 = EDGE_CURVE('',#1398,#1417,#1425,.T.);
#1425 = CIRCLE('',#1426,0.550012700025);
#1426 = AXIS2_PLACEMENT_3D('',#1427,#1428,#1429);
#1427 = CARTESIAN_POINT('',(52.63016002032,-45.50019050038,0.));
#1428 = DIRECTION('',(0.,0.,1.));
#1429 = DIRECTION('',(1.,1.110223024625E-16,-0.));
#1430 = CYLINDRICAL_SURFACE('',#1431,0.550012700025);
#1431 = AXIS2_PLACEMENT_3D('',#1432,#1433,#1434);
#1432 = CARTESIAN_POINT('',(52.63016002032,-45.50019050038,0.));
#1433 = DIRECTION('',(-0.,-0.,-1.));
#1434 = DIRECTION('',(1.,1.110223024625E-16,-0.));
#1435 = ADVANCED_FACE('',(#1436),#1454,.F.);
#1436 = FACE_BOUND('',#1437,.T.);
#1437 = EDGE_LOOP('',(#1438,#1439,#1446,#1447));
#1438 = ORIENTED_EDGE('',*,*,#1416,.T.);
#1439 = ORIENTED_EDGE('',*,*,#1440,.T.);
#1440 = EDGE_CURVE('',#1408,#1400,#1441,.T.);
#1441 = CIRCLE('',#1442,0.550012700025);
#1442 = AXIS2_PLACEMENT_3D('',#1443,#1444,#1445);
#1443 = CARTESIAN_POINT('',(52.63016002032,-45.50019050038,    1.586156972314));
#1444 = DIRECTION('',(0.,0.,1.));
#1445 = DIRECTION('',(-1.,-1.110223024625E-16,0.));
#1446 = ORIENTED_EDGE('',*,*,#1397,.F.);
#1447 = ORIENTED_EDGE('',*,*,#1448,.F.);
#1448 = EDGE_CURVE('',#1417,#1398,#1449,.T.);
#1449 = CIRCLE('',#1450,0.550012700025);
#1450 = AXIS2_PLACEMENT_3D('',#1451,#1452,#1453);
#1451 = CARTESIAN_POINT('',(52.63016002032,-45.50019050038,0.));
#1452 = DIRECTION('',(0.,0.,1.));
#1453 = DIRECTION('',(-1.,-1.110223024625E-16,0.));
#1454 = CYLINDRICAL_SURFACE('',#1455,0.550012700025);
#1455 = AXIS2_PLACEMENT_3D('',#1456,#1457,#1458);
#1456 = CARTESIAN_POINT('',(52.63016002032,-45.50019050038,0.));
#1457 = DIRECTION('',(-0.,-0.,-1.));
#1458 = DIRECTION('',(-1.,-1.110223024625E-16,0.));
#1459 = ADVANCED_FACE('',(#1460),#1496,.F.);
#1460 = FACE_BOUND('',#1461,.T.);
#1461 = EDGE_LOOP('',(#1462,#1472,#1481,#1489));
#1462 = ORIENTED_EDGE('',*,*,#1463,.T.);
#1463 = EDGE_CURVE('',#1464,#1466,#1468,.T.);
#1464 = VERTEX_POINT('',#1465);
#1465 = CARTESIAN_POINT('',(69.183322326645,-45.47629159258,0.));
#1466 = VERTEX_POINT('',#1467);
#1467 = CARTESIAN_POINT('',(69.183322326645,-45.47629159258,    1.586156972314));
#1468 = LINE('',#1469,#1470);
#1469 = CARTESIAN_POINT('',(69.183322326645,-45.47629159258,0.));
#1470 = VECTOR('',#1471,1.);
#1471 = DIRECTION('',(0.,0.,1.));
#1472 = ORIENTED_EDGE('',*,*,#1473,.T.);
#1473 = EDGE_CURVE('',#1466,#1474,#1476,.T.);
#1474 = VERTEX_POINT('',#1475);
#1475 = CARTESIAN_POINT('',(68.083296926594,-45.47629159258,    1.586156972314));
#1476 = CIRCLE('',#1477,0.550012700025);
#1477 = AXIS2_PLACEMENT_3D('',#1478,#1479,#1480);
#1478 = CARTESIAN_POINT('',(68.633309626619,-45.47629159258,    1.586156972314));
#1479 = DIRECTION('',(0.,0.,1.));
#1480 = DIRECTION('',(1.,1.110223024625E-16,-0.));
#1481 = ORIENTED_EDGE('',*,*,#1482,.F.);
#1482 = EDGE_CURVE('',#1483,#1474,#1485,.T.);
#1483 = VERTEX_POINT('',#1484);
#1484 = CARTESIAN_POINT('',(68.083296926594,-45.47629159258,0.));
#1485 = LINE('',#1486,#1487);
#1486 = CARTESIAN_POINT('',(68.083296926594,-45.47629159258,0.));
#1487 = VECTOR('',#1488,1.);
#1488 = DIRECTION('',(0.,0.,1.));
#1489 = ORIENTED_EDGE('',*,*,#1490,.F.);
#1490 = EDGE_CURVE('',#1464,#1483,#1491,.T.);
#1491 = CIRCLE('',#1492,0.550012700025);
#1492 = AXIS2_PLACEMENT_3D('',#1493,#1494,#1495);
#1493 = CARTESIAN_POINT('',(68.633309626619,-45.47629159258,0.));
#1494 = DIRECTION('',(0.,0.,1.));
#1495 = DIRECTION('',(1.,1.110223024625E-16,-0.));
#1496 = CYLINDRICAL_SURFACE('',#1497,0.550012700025);
#1497 = AXIS2_PLACEMENT_3D('',#1498,#1499,#1500);
#1498 = CARTESIAN_POINT('',(68.633309626619,-45.47629159258,0.));
#1499 = DIRECTION('',(-0.,-0.,-1.));
#1500 = DIRECTION('',(1.,1.110223024625E-16,-0.));
#1501 = ADVANCED_FACE('',(#1502),#1520,.F.);
#1502 = FACE_BOUND('',#1503,.T.);
#1503 = EDGE_LOOP('',(#1504,#1505,#1512,#1513));
#1504 = ORIENTED_EDGE('',*,*,#1482,.T.);
#1505 = ORIENTED_EDGE('',*,*,#1506,.T.);
#1506 = EDGE_CURVE('',#1474,#1466,#1507,.T.);
#1507 = CIRCLE('',#1508,0.550012700025);
#1508 = AXIS2_PLACEMENT_3D('',#1509,#1510,#1511);
#1509 = CARTESIAN_POINT('',(68.633309626619,-45.47629159258,    1.586156972314));
#1510 = DIRECTION('',(0.,0.,1.));
#1511 = DIRECTION('',(-1.,-1.110223024625E-16,0.));
#1512 = ORIENTED_EDGE('',*,*,#1463,.F.);
#1513 = ORIENTED_EDGE('',*,*,#1514,.F.);
#1514 = EDGE_CURVE('',#1483,#1464,#1515,.T.);
#1515 = CIRCLE('',#1516,0.550012700025);
#1516 = AXIS2_PLACEMENT_3D('',#1517,#1518,#1519);
#1517 = CARTESIAN_POINT('',(68.633309626619,-45.47629159258,0.));
#1518 = DIRECTION('',(0.,0.,1.));
#1519 = DIRECTION('',(-1.,-1.110223024625E-16,0.));
#1520 = CYLINDRICAL_SURFACE('',#1521,0.550012700025);
#1521 = AXIS2_PLACEMENT_3D('',#1522,#1523,#1524);
#1522 = CARTESIAN_POINT('',(68.633309626619,-45.47629159258,0.));
#1523 = DIRECTION('',(-0.,-0.,-1.));
#1524 = DIRECTION('',(-1.,-1.110223024625E-16,0.));
#1525 = ADVANCED_FACE('',(#1526),#1562,.F.);
#1526 = FACE_BOUND('',#1527,.T.);
#1527 = EDGE_LOOP('',(#1528,#1538,#1547,#1555));
#1528 = ORIENTED_EDGE('',*,*,#1529,.T.);
#1529 = EDGE_CURVE('',#1530,#1532,#1534,.T.);
#1530 = VERTEX_POINT('',#1531);
#1531 = CARTESIAN_POINT('',(71.683322326645,-45.47629159258,0.));
#1532 = VERTEX_POINT('',#1533);
#1533 = CARTESIAN_POINT('',(71.683322326645,-45.47629159258,    1.586156972314));
#1534 = LINE('',#1535,#1536);
#1535 = CARTESIAN_POINT('',(71.683322326645,-45.47629159258,0.));
#1536 = VECTOR('',#1537,1.);
#1537 = DIRECTION('',(0.,0.,1.));
#1538 = ORIENTED_EDGE('',*,*,#1539,.T.);
#1539 = EDGE_CURVE('',#1532,#1540,#1542,.T.);
#1540 = VERTEX_POINT('',#1541);
#1541 = CARTESIAN_POINT('',(70.583296926594,-45.47629159258,    1.586156972314));
#1542 = CIRCLE('',#1543,0.550012700025);
#1543 = AXIS2_PLACEMENT_3D('',#1544,#1545,#1546);
#1544 = CARTESIAN_POINT('',(71.133309626619,-45.47629159258,    1.586156972314));
#1545 = DIRECTION('',(0.,0.,1.));
#1546 = DIRECTION('',(1.,1.110223024625E-16,-0.));
#1547 = ORIENTED_EDGE('',*,*,#1548,.F.);
#1548 = EDGE_CURVE('',#1549,#1540,#1551,.T.);
#1549 = VERTEX_POINT('',#1550);
#1550 = CARTESIAN_POINT('',(70.583296926594,-45.47629159258,0.));
#1551 = LINE('',#1552,#1553);
#1552 = CARTESIAN_POINT('',(70.583296926594,-45.47629159258,0.));
#1553 = VECTOR('',#1554,1.);
#1554 = DIRECTION('',(0.,0.,1.));
#1555 = ORIENTED_EDGE('',*,*,#1556,.F.);
#1556 = EDGE_CURVE('',#1530,#1549,#1557,.T.);
#1557 = CIRCLE('',#1558,0.550012700025);
#1558 = AXIS2_PLACEMENT_3D('',#1559,#1560,#1561);
#1559 = CARTESIAN_POINT('',(71.133309626619,-45.47629159258,0.));
#1560 = DIRECTION('',(0.,0.,1.));
#1561 = DIRECTION('',(1.,1.110223024625E-16,-0.));
#1562 = CYLINDRICAL_SURFACE('',#1563,0.550012700025);
#1563 = AXIS2_PLACEMENT_3D('',#1564,#1565,#1566);
#1564 = CARTESIAN_POINT('',(71.133309626619,-45.47629159258,0.));
#1565 = DIRECTION('',(-0.,-0.,-1.));
#1566 = DIRECTION('',(1.,1.110223024625E-16,-0.));
#1567 = ADVANCED_FACE('',(#1568),#1586,.F.);
#1568 = FACE_BOUND('',#1569,.T.);
#1569 = EDGE_LOOP('',(#1570,#1571,#1578,#1579));
#1570 = ORIENTED_EDGE('',*,*,#1548,.T.);
#1571 = ORIENTED_EDGE('',*,*,#1572,.T.);
#1572 = EDGE_CURVE('',#1540,#1532,#1573,.T.);
#1573 = CIRCLE('',#1574,0.550012700025);
#1574 = AXIS2_PLACEMENT_3D('',#1575,#1576,#1577);
#1575 = CARTESIAN_POINT('',(71.133309626619,-45.47629159258,    1.586156972314));
#1576 = DIRECTION('',(0.,0.,1.));
#1577 = DIRECTION('',(-1.,-1.110223024625E-16,0.));
#1578 = ORIENTED_EDGE('',*,*,#1529,.F.);
#1579 = ORIENTED_EDGE('',*,*,#1580,.F.);
#1580 = EDGE_CURVE('',#1549,#1530,#1581,.T.);
#1581 = CIRCLE('',#1582,0.550012700025);
#1582 = AXIS2_PLACEMENT_3D('',#1583,#1584,#1585);
#1583 = CARTESIAN_POINT('',(71.133309626619,-45.47629159258,0.));
#1584 = DIRECTION('',(0.,0.,1.));
#1585 = DIRECTION('',(-1.,-1.110223024625E-16,0.));
#1586 = CYLINDRICAL_SURFACE('',#1587,0.550012700025);
#1587 = AXIS2_PLACEMENT_3D('',#1588,#1589,#1590);
#1588 = CARTESIAN_POINT('',(71.133309626619,-45.47629159258,0.));
#1589 = DIRECTION('',(-0.,-0.,-1.));
#1590 = DIRECTION('',(-1.,-1.110223024625E-16,0.));
#1591 = ADVANCED_FACE('',(#1592),#1628,.F.);
#1592 = FACE_BOUND('',#1593,.T.);
#1593 = EDGE_LOOP('',(#1594,#1604,#1613,#1621));
#1594 = ORIENTED_EDGE('',*,*,#1595,.T.);
#1595 = EDGE_CURVE('',#1596,#1598,#1600,.T.);
#1596 = VERTEX_POINT('',#1597);
#1597 = CARTESIAN_POINT('',(74.183322326645,-45.47629159258,0.));
#1598 = VERTEX_POINT('',#1599);
#1599 = CARTESIAN_POINT('',(74.183322326645,-45.47629159258,    1.586156972314));
#1600 = LINE('',#1601,#1602);
#1601 = CARTESIAN_POINT('',(74.183322326645,-45.47629159258,0.));
#1602 = VECTOR('',#1603,1.);
#1603 = DIRECTION('',(0.,0.,1.));
#1604 = ORIENTED_EDGE('',*,*,#1605,.T.);
#1605 = EDGE_CURVE('',#1598,#1606,#1608,.T.);
#1606 = VERTEX_POINT('',#1607);
#1607 = CARTESIAN_POINT('',(73.083296926594,-45.47629159258,    1.586156972314));
#1608 = CIRCLE('',#1609,0.550012700025);
#1609 = AXIS2_PLACEMENT_3D('',#1610,#1611,#1612);
#1610 = CARTESIAN_POINT('',(73.633309626619,-45.47629159258,    1.586156972314));
#1611 = DIRECTION('',(0.,0.,1.));
#1612 = DIRECTION('',(1.,1.110223024625E-16,-0.));
#1613 = ORIENTED_EDGE('',*,*,#1614,.F.);
#1614 = EDGE_CURVE('',#1615,#1606,#1617,.T.);
#1615 = VERTEX_POINT('',#1616);
#1616 = CARTESIAN_POINT('',(73.083296926594,-45.47629159258,0.));
#1617 = LINE('',#1618,#1619);
#1618 = CARTESIAN_POINT('',(73.083296926594,-45.47629159258,0.));
#1619 = VECTOR('',#1620,1.);
#1620 = DIRECTION('',(0.,0.,1.));
#1621 = ORIENTED_EDGE('',*,*,#1622,.F.);
#1622 = EDGE_CURVE('',#1596,#1615,#1623,.T.);
#1623 = CIRCLE('',#1624,0.550012700025);
#1624 = AXIS2_PLACEMENT_3D('',#1625,#1626,#1627);
#1625 = CARTESIAN_POINT('',(73.633309626619,-45.47629159258,0.));
#1626 = DIRECTION('',(0.,0.,1.));
#1627 = DIRECTION('',(1.,1.110223024625E-16,-0.));
#1628 = CYLINDRICAL_SURFACE('',#1629,0.550012700025);
#1629 = AXIS2_PLACEMENT_3D('',#1630,#1631,#1632);
#1630 = CARTESIAN_POINT('',(73.633309626619,-45.47629159258,0.));
#1631 = DIRECTION('',(-0.,-0.,-1.));
#1632 = DIRECTION('',(1.,1.110223024625E-16,-0.));
#1633 = ADVANCED_FACE('',(#1634),#1652,.F.);
#1634 = FACE_BOUND('',#1635,.T.);
#1635 = EDGE_LOOP('',(#1636,#1637,#1644,#1645));
#1636 = ORIENTED_EDGE('',*,*,#1614,.T.);
#1637 = ORIENTED_EDGE('',*,*,#1638,.T.);
#1638 = EDGE_CURVE('',#1606,#1598,#1639,.T.);
#1639 = CIRCLE('',#1640,0.550012700025);
#1640 = AXIS2_PLACEMENT_3D('',#1641,#1642,#1643);
#1641 = CARTESIAN_POINT('',(73.633309626619,-45.47629159258,    1.586156972314));
#1642 = DIRECTION('',(0.,0.,1.));
#1643 = DIRECTION('',(-1.,-1.110223024625E-16,0.));
#1644 = ORIENTED_EDGE('',*,*,#1595,.F.);
#1645 = ORIENTED_EDGE('',*,*,#1646,.F.);
#1646 = EDGE_CURVE('',#1615,#1596,#1647,.T.);
#1647 = CIRCLE('',#1648,0.550012700025);
#1648 = AXIS2_PLACEMENT_3D('',#1649,#1650,#1651);
#1649 = CARTESIAN_POINT('',(73.633309626619,-45.47629159258,0.));
#1650 = DIRECTION('',(0.,0.,1.));
#1651 = DIRECTION('',(-1.,-1.110223024625E-16,0.));
#1652 = CYLINDRICAL_SURFACE('',#1653,0.550012700025);
#1653 = AXIS2_PLACEMENT_3D('',#1654,#1655,#1656);
#1654 = CARTESIAN_POINT('',(73.633309626619,-45.47629159258,0.));
#1655 = DIRECTION('',(-0.,-0.,-1.));
#1656 = DIRECTION('',(-1.,-1.110223024625E-16,0.));
#1657 = ADVANCED_FACE('',(#1658),#1694,.F.);
#1658 = FACE_BOUND('',#1659,.T.);
#1659 = EDGE_LOOP('',(#1660,#1670,#1679,#1687));
#1660 = ORIENTED_EDGE('',*,*,#1661,.T.);
#1661 = EDGE_CURVE('',#1662,#1664,#1666,.T.);
#1662 = VERTEX_POINT('',#1663);
#1663 = CARTESIAN_POINT('',(76.683322326645,-45.47629159258,0.));
#1664 = VERTEX_POINT('',#1665);
#1665 = CARTESIAN_POINT('',(76.683322326645,-45.47629159258,    1.586156972314));
#1666 = LINE('',#1667,#1668);
#1667 = CARTESIAN_POINT('',(76.683322326645,-45.47629159258,0.));
#1668 = VECTOR('',#1669,1.);
#1669 = DIRECTION('',(0.,0.,1.));
#1670 = ORIENTED_EDGE('',*,*,#1671,.T.);
#1671 = EDGE_CURVE('',#1664,#1672,#1674,.T.);
#1672 = VERTEX_POINT('',#1673);
#1673 = CARTESIAN_POINT('',(75.583296926594,-45.47629159258,    1.586156972314));
#1674 = CIRCLE('',#1675,0.550012700025);
#1675 = AXIS2_PLACEMENT_3D('',#1676,#1677,#1678);
#1676 = CARTESIAN_POINT('',(76.133309626619,-45.47629159258,    1.586156972314));
#1677 = DIRECTION('',(0.,0.,1.));
#1678 = DIRECTION('',(1.,1.110223024625E-16,-0.));
#1679 = ORIENTED_EDGE('',*,*,#1680,.F.);
#1680 = EDGE_CURVE('',#1681,#1672,#1683,.T.);
#1681 = VERTEX_POINT('',#1682);
#1682 = CARTESIAN_POINT('',(75.583296926594,-45.47629159258,0.));
#1683 = LINE('',#1684,#1685);
#1684 = CARTESIAN_POINT('',(75.583296926594,-45.47629159258,0.));
#1685 = VECTOR('',#1686,1.);
#1686 = DIRECTION('',(0.,0.,1.));
#1687 = ORIENTED_EDGE('',*,*,#1688,.F.);
#1688 = EDGE_CURVE('',#1662,#1681,#1689,.T.);
#1689 = CIRCLE('',#1690,0.550012700025);
#1690 = AXIS2_PLACEMENT_3D('',#1691,#1692,#1693);
#1691 = CARTESIAN_POINT('',(76.133309626619,-45.47629159258,0.));
#1692 = DIRECTION('',(0.,0.,1.));
#1693 = DIRECTION('',(1.,1.110223024625E-16,-0.));
#1694 = CYLINDRICAL_SURFACE('',#1695,0.550012700025);
#1695 = AXIS2_PLACEMENT_3D('',#1696,#1697,#1698);
#1696 = CARTESIAN_POINT('',(76.133309626619,-45.47629159258,0.));
#1697 = DIRECTION('',(-0.,-0.,-1.));
#1698 = DIRECTION('',(1.,1.110223024625E-16,-0.));
#1699 = ADVANCED_FACE('',(#1700),#1718,.F.);
#1700 = FACE_BOUND('',#1701,.T.);
#1701 = EDGE_LOOP('',(#1702,#1703,#1710,#1711));
#1702 = ORIENTED_EDGE('',*,*,#1680,.T.);
#1703 = ORIENTED_EDGE('',*,*,#1704,.T.);
#1704 = EDGE_CURVE('',#1672,#1664,#1705,.T.);
#1705 = CIRCLE('',#1706,0.550012700025);
#1706 = AXIS2_PLACEMENT_3D('',#1707,#1708,#1709);
#1707 = CARTESIAN_POINT('',(76.133309626619,-45.47629159258,    1.586156972314));
#1708 = DIRECTION('',(0.,0.,1.));
#1709 = DIRECTION('',(-1.,-1.110223024625E-16,0.));
#1710 = ORIENTED_EDGE('',*,*,#1661,.F.);
#1711 = ORIENTED_EDGE('',*,*,#1712,.F.);
#1712 = EDGE_CURVE('',#1681,#1662,#1713,.T.);
#1713 = CIRCLE('',#1714,0.550012700025);
#1714 = AXIS2_PLACEMENT_3D('',#1715,#1716,#1717);
#1715 = CARTESIAN_POINT('',(76.133309626619,-45.47629159258,0.));
#1716 = DIRECTION('',(0.,0.,1.));
#1717 = DIRECTION('',(-1.,-1.110223024625E-16,0.));
#1718 = CYLINDRICAL_SURFACE('',#1719,0.550012700025);
#1719 = AXIS2_PLACEMENT_3D('',#1720,#1721,#1722);
#1720 = CARTESIAN_POINT('',(76.133309626619,-45.47629159258,0.));
#1721 = DIRECTION('',(-0.,-0.,-1.));
#1722 = DIRECTION('',(-1.,-1.110223024625E-16,0.));
#1723 = ADVANCED_FACE('',(#1724),#1760,.F.);
#1724 = FACE_BOUND('',#1725,.T.);
#1725 = EDGE_LOOP('',(#1726,#1736,#1745,#1753));
#1726 = ORIENTED_EDGE('',*,*,#1727,.T.);
#1727 = EDGE_CURVE('',#1728,#1730,#1732,.T.);
#1728 = VERTEX_POINT('',#1729);
#1729 = CARTESIAN_POINT('',(99.000198120396,-47.50009398018,0.));
#1730 = VERTEX_POINT('',#1731);
#1731 = CARTESIAN_POINT('',(99.000198120396,-47.50009398018,    1.586156972314));
#1732 = LINE('',#1733,#1734);
#1733 = CARTESIAN_POINT('',(99.000198120396,-47.50009398018,0.));
#1734 = VECTOR('',#1735,1.);
#1735 = DIRECTION('',(0.,0.,1.));
#1736 = ORIENTED_EDGE('',*,*,#1737,.T.);
#1737 = EDGE_CURVE('',#1730,#1738,#1740,.T.);
#1738 = VERTEX_POINT('',#1739);
#1739 = CARTESIAN_POINT('',(96.000193040386,-47.50009398018,    1.586156972314));
#1740 = CIRCLE('',#1741,1.500002540005);
#1741 = AXIS2_PLACEMENT_3D('',#1742,#1743,#1744);
#1742 = CARTESIAN_POINT('',(97.500195580391,-47.50009398018,    1.586156972314));
#1743 = DIRECTION('',(0.,0.,1.));
#1744 = DIRECTION('',(1.,1.110223024625E-16,-0.));
#1745 = ORIENTED_EDGE('',*,*,#1746,.F.);
#1746 = EDGE_CURVE('',#1747,#1738,#1749,.T.);
#1747 = VERTEX_POINT('',#1748);
#1748 = CARTESIAN_POINT('',(96.000193040386,-47.50009398018,0.));
#1749 = LINE('',#1750,#1751);
#1750 = CARTESIAN_POINT('',(96.000193040386,-47.50009398018,0.));
#1751 = VECTOR('',#1752,1.);
#1752 = DIRECTION('',(0.,0.,1.));
#1753 = ORIENTED_EDGE('',*,*,#1754,.F.);
#1754 = EDGE_CURVE('',#1728,#1747,#1755,.T.);
#1755 = CIRCLE('',#1756,1.500002540005);
#1756 = AXIS2_PLACEMENT_3D('',#1757,#1758,#1759);
#1757 = CARTESIAN_POINT('',(97.500195580391,-47.50009398018,0.));
#1758 = DIRECTION('',(0.,0.,1.));
#1759 = DIRECTION('',(1.,1.110223024625E-16,-0.));
#1760 = CYLINDRICAL_SURFACE('',#1761,1.500002540005);
#1761 = AXIS2_PLACEMENT_3D('',#1762,#1763,#1764);
#1762 = CARTESIAN_POINT('',(97.500195580391,-47.50009398018,0.));
#1763 = DIRECTION('',(-0.,-0.,-1.));
#1764 = DIRECTION('',(1.,1.110223024625E-16,-0.));
#1765 = ADVANCED_FACE('',(#1766),#1784,.F.);
#1766 = FACE_BOUND('',#1767,.T.);
#1767 = EDGE_LOOP('',(#1768,#1769,#1776,#1777));
#1768 = ORIENTED_EDGE('',*,*,#1746,.T.);
#1769 = ORIENTED_EDGE('',*,*,#1770,.T.);
#1770 = EDGE_CURVE('',#1738,#1730,#1771,.T.);
#1771 = CIRCLE('',#1772,1.500002540005);
#1772 = AXIS2_PLACEMENT_3D('',#1773,#1774,#1775);
#1773 = CARTESIAN_POINT('',(97.500195580391,-47.50009398018,    1.586156972314));
#1774 = DIRECTION('',(0.,0.,1.));
#1775 = DIRECTION('',(-1.,-1.110223024625E-16,0.));
#1776 = ORIENTED_EDGE('',*,*,#1727,.F.);
#1777 = ORIENTED_EDGE('',*,*,#1778,.F.);
#1778 = EDGE_CURVE('',#1747,#1728,#1779,.T.);
#1779 = CIRCLE('',#1780,1.500002540005);
#1780 = AXIS2_PLACEMENT_3D('',#1781,#1782,#1783);
#1781 = CARTESIAN_POINT('',(97.500195580391,-47.50009398018,0.));
#1782 = DIRECTION('',(0.,0.,1.));
#1783 = DIRECTION('',(-1.,-1.110223024625E-16,0.));
#1784 = CYLINDRICAL_SURFACE('',#1785,1.500002540005);
#1785 = AXIS2_PLACEMENT_3D('',#1786,#1787,#1788);
#1786 = CARTESIAN_POINT('',(97.500195580391,-47.50009398018,0.));
#1787 = DIRECTION('',(-0.,-0.,-1.));
#1788 = DIRECTION('',(-1.,-1.110223024625E-16,0.));
#1789 = ADVANCED_FACE('',(#1790),#1826,.F.);
#1790 = FACE_BOUND('',#1791,.T.);
#1791 = EDGE_LOOP('',(#1792,#1802,#1811,#1819));
#1792 = ORIENTED_EDGE('',*,*,#1793,.T.);
#1793 = EDGE_CURVE('',#1794,#1796,#1798,.T.);
#1794 = VERTEX_POINT('',#1795);
#1795 = CARTESIAN_POINT('',(99.000198120396,-2.50000508001,0.));
#1796 = VERTEX_POINT('',#1797);
#1797 = CARTESIAN_POINT('',(99.000198120396,-2.50000508001,    1.586156972314));
#1798 = LINE('',#1799,#1800);
#1799 = CARTESIAN_POINT('',(99.000198120396,-2.50000508001,0.));
#1800 = VECTOR('',#1801,1.);
#1801 = DIRECTION('',(0.,0.,1.));
#1802 = ORIENTED_EDGE('',*,*,#1803,.T.);
#1803 = EDGE_CURVE('',#1796,#1804,#1806,.T.);
#1804 = VERTEX_POINT('',#1805);
#1805 = CARTESIAN_POINT('',(96.000193040386,-2.50000508001,    1.586156972314));
#1806 = CIRCLE('',#1807,1.500002540005);
#1807 = AXIS2_PLACEMENT_3D('',#1808,#1809,#1810);
#1808 = CARTESIAN_POINT('',(97.500195580391,-2.50000508001,    1.586156972314));
#1809 = DIRECTION('',(0.,0.,1.));
#1810 = DIRECTION('',(1.,1.110223024625E-16,-0.));
#1811 = ORIENTED_EDGE('',*,*,#1812,.F.);
#1812 = EDGE_CURVE('',#1813,#1804,#1815,.T.);
#1813 = VERTEX_POINT('',#1814);
#1814 = CARTESIAN_POINT('',(96.000193040386,-2.50000508001,0.));
#1815 = LINE('',#1816,#1817);
#1816 = CARTESIAN_POINT('',(96.000193040386,-2.50000508001,0.));
#1817 = VECTOR('',#1818,1.);
#1818 = DIRECTION('',(0.,0.,1.));
#1819 = ORIENTED_EDGE('',*,*,#1820,.F.);
#1820 = EDGE_CURVE('',#1794,#1813,#1821,.T.);
#1821 = CIRCLE('',#1822,1.500002540005);
#1822 = AXIS2_PLACEMENT_3D('',#1823,#1824,#1825);
#1823 = CARTESIAN_POINT('',(97.500195580391,-2.50000508001,0.));
#1824 = DIRECTION('',(0.,0.,1.));
#1825 = DIRECTION('',(1.,1.110223024625E-16,-0.));
#1826 = CYLINDRICAL_SURFACE('',#1827,1.500002540005);
#1827 = AXIS2_PLACEMENT_3D('',#1828,#1829,#1830);
#1828 = CARTESIAN_POINT('',(97.500195580391,-2.50000508001,0.));
#1829 = DIRECTION('',(-0.,-0.,-1.));
#1830 = DIRECTION('',(1.,1.110223024625E-16,-0.));
#1831 = ADVANCED_FACE('',(#1832),#1850,.F.);
#1832 = FACE_BOUND('',#1833,.T.);
#1833 = EDGE_LOOP('',(#1834,#1835,#1842,#1843));
#1834 = ORIENTED_EDGE('',*,*,#1812,.T.);
#1835 = ORIENTED_EDGE('',*,*,#1836,.T.);
#1836 = EDGE_CURVE('',#1804,#1796,#1837,.T.);
#1837 = CIRCLE('',#1838,1.500002540005);
#1838 = AXIS2_PLACEMENT_3D('',#1839,#1840,#1841);
#1839 = CARTESIAN_POINT('',(97.500195580391,-2.50000508001,    1.586156972314));
#1840 = DIRECTION('',(0.,0.,1.));
#1841 = DIRECTION('',(-1.,-1.110223024625E-16,0.));
#1842 = ORIENTED_EDGE('',*,*,#1793,.F.);
#1843 = ORIENTED_EDGE('',*,*,#1844,.F.);
#1844 = EDGE_CURVE('',#1813,#1794,#1845,.T.);
#1845 = CIRCLE('',#1846,1.500002540005);
#1846 = AXIS2_PLACEMENT_3D('',#1847,#1848,#1849);
#1847 = CARTESIAN_POINT('',(97.500195580391,-2.50000508001,0.));
#1848 = DIRECTION('',(0.,0.,1.));
#1849 = DIRECTION('',(-1.,-1.110223024625E-16,0.));
#1850 = CYLINDRICAL_SURFACE('',#1851,1.500002540005);
#1851 = AXIS2_PLACEMENT_3D('',#1852,#1853,#1854);
#1852 = CARTESIAN_POINT('',(97.500195580391,-2.50000508001,0.));
#1853 = DIRECTION('',(-0.,-0.,-1.));
#1854 = DIRECTION('',(-1.,-1.110223024625E-16,0.));
#1855 = ADVANCED_FACE('',(#1856,#1866,#1870,#1874,#1878,#1882,#1886,    #1890,#1894,#1898,#1902,#1906,#1910,#1914,#1918,#1922,#1926,#1930,    #1934,#1938,#1942),#1946,.T.);
#1856 = FACE_BOUND('',#1857,.T.);
#1857 = EDGE_LOOP('',(#1858,#1859,#1860,#1861,#1862,#1863,#1864,#1865));
#1858 = ORIENTED_EDGE('',*,*,#309,.T.);
#1859 = ORIENTED_EDGE('',*,*,#341,.T.);
#1860 = ORIENTED_EDGE('',*,*,#373,.T.);
#1861 = ORIENTED_EDGE('',*,*,#405,.T.);
#1862 = ORIENTED_EDGE('',*,*,#437,.T.);
#1863 = ORIENTED_EDGE('',*,*,#469,.T.);
#1864 = ORIENTED_EDGE('',*,*,#501,.T.);
#1865 = ORIENTED_EDGE('',*,*,#524,.T.);
#1866 = FACE_BOUND('',#1867,.T.);
#1867 = EDGE_LOOP('',(#1868,#1869));
#1868 = ORIENTED_EDGE('',*,*,#566,.T.);
#1869 = ORIENTED_EDGE('',*,*,#590,.T.);
#1870 = FACE_BOUND('',#1871,.T.);
#1871 = EDGE_LOOP('',(#1872,#1873));
#1872 = ORIENTED_EDGE('',*,*,#632,.T.);
#1873 = ORIENTED_EDGE('',*,*,#656,.T.);
#1874 = FACE_BOUND('',#1875,.T.);
#1875 = EDGE_LOOP('',(#1876,#1877));
#1876 = ORIENTED_EDGE('',*,*,#698,.T.);
#1877 = ORIENTED_EDGE('',*,*,#722,.T.);
#1878 = FACE_BOUND('',#1879,.T.);
#1879 = EDGE_LOOP('',(#1880,#1881));
#1880 = ORIENTED_EDGE('',*,*,#764,.T.);
#1881 = ORIENTED_EDGE('',*,*,#788,.T.);
#1882 = FACE_BOUND('',#1883,.T.);
#1883 = EDGE_LOOP('',(#1884,#1885));
#1884 = ORIENTED_EDGE('',*,*,#830,.T.);
#1885 = ORIENTED_EDGE('',*,*,#854,.T.);
#1886 = FACE_BOUND('',#1887,.T.);
#1887 = EDGE_LOOP('',(#1888,#1889));
#1888 = ORIENTED_EDGE('',*,*,#896,.T.);
#1889 = ORIENTED_EDGE('',*,*,#920,.T.);
#1890 = FACE_BOUND('',#1891,.T.);
#1891 = EDGE_LOOP('',(#1892,#1893));
#1892 = ORIENTED_EDGE('',*,*,#962,.T.);
#1893 = ORIENTED_EDGE('',*,*,#986,.T.);
#1894 = FACE_BOUND('',#1895,.T.);
#1895 = EDGE_LOOP('',(#1896,#1897));
#1896 = ORIENTED_EDGE('',*,*,#1028,.T.);
#1897 = ORIENTED_EDGE('',*,*,#1052,.T.);
#1898 = FACE_BOUND('',#1899,.T.);
#1899 = EDGE_LOOP('',(#1900,#1901));
#1900 = ORIENTED_EDGE('',*,*,#1094,.T.);
#1901 = ORIENTED_EDGE('',*,*,#1118,.T.);
#1902 = FACE_BOUND('',#1903,.T.);
#1903 = EDGE_LOOP('',(#1904,#1905));
#1904 = ORIENTED_EDGE('',*,*,#1160,.T.);
#1905 = ORIENTED_EDGE('',*,*,#1184,.T.);
#1906 = FACE_BOUND('',#1907,.T.);
#1907 = EDGE_LOOP('',(#1908,#1909));
#1908 = ORIENTED_EDGE('',*,*,#1226,.T.);
#1909 = ORIENTED_EDGE('',*,*,#1250,.T.);
#1910 = FACE_BOUND('',#1911,.T.);
#1911 = EDGE_LOOP('',(#1912,#1913));
#1912 = ORIENTED_EDGE('',*,*,#1292,.T.);
#1913 = ORIENTED_EDGE('',*,*,#1316,.T.);
#1914 = FACE_BOUND('',#1915,.T.);
#1915 = EDGE_LOOP('',(#1916,#1917));
#1916 = ORIENTED_EDGE('',*,*,#1358,.T.);
#1917 = ORIENTED_EDGE('',*,*,#1382,.T.);
#1918 = FACE_BOUND('',#1919,.T.);
#1919 = EDGE_LOOP('',(#1920,#1921));
#1920 = ORIENTED_EDGE('',*,*,#1424,.T.);
#1921 = ORIENTED_EDGE('',*,*,#1448,.T.);
#1922 = FACE_BOUND('',#1923,.T.);
#1923 = EDGE_LOOP('',(#1924,#1925));
#1924 = ORIENTED_EDGE('',*,*,#1490,.T.);
#1925 = ORIENTED_EDGE('',*,*,#1514,.T.);
#1926 = FACE_BOUND('',#1927,.T.);
#1927 = EDGE_LOOP('',(#1928,#1929));
#1928 = ORIENTED_EDGE('',*,*,#1556,.T.);
#1929 = ORIENTED_EDGE('',*,*,#1580,.T.);
#1930 = FACE_BOUND('',#1931,.T.);
#1931 = EDGE_LOOP('',(#1932,#1933));
#1932 = ORIENTED_EDGE('',*,*,#1622,.T.);
#1933 = ORIENTED_EDGE('',*,*,#1646,.T.);
#1934 = FACE_BOUND('',#1935,.T.);
#1935 = EDGE_LOOP('',(#1936,#1937));
#1936 = ORIENTED_EDGE('',*,*,#1688,.T.);
#1937 = ORIENTED_EDGE('',*,*,#1712,.T.);
#1938 = FACE_BOUND('',#1939,.T.);
#1939 = EDGE_LOOP('',(#1940,#1941));
#1940 = ORIENTED_EDGE('',*,*,#1754,.T.);
#1941 = ORIENTED_EDGE('',*,*,#1778,.T.);
#1942 = FACE_BOUND('',#1943,.T.);
#1943 = EDGE_LOOP('',(#1944,#1945));
#1944 = ORIENTED_EDGE('',*,*,#1820,.T.);
#1945 = ORIENTED_EDGE('',*,*,#1844,.T.);
#1946 = PLANE('',#1947);
#1947 = AXIS2_PLACEMENT_3D('',#1948,#1949,#1950);
#1948 = CARTESIAN_POINT('',(50.000100330201,-25.00004953009,0.));
#1949 = DIRECTION('',(-0.,-0.,-1.));
#1950 = DIRECTION('',(-1.,0.,0.));
#1951 = ADVANCED_FACE('',(#1952,#1962,#1966,#1970,#1974,#1978,#1982,    #1986,#1990,#1994,#1998,#2002,#2006,#2010,#2014,#2018,#2022,#2026,    #2030,#2034,#2038),#2042,.F.);
#1952 = FACE_BOUND('',#1953,.F.);
#1953 = EDGE_LOOP('',(#1954,#1955,#1956,#1957,#1958,#1959,#1960,#1961));
#1954 = ORIENTED_EDGE('',*,*,#293,.T.);
#1955 = ORIENTED_EDGE('',*,*,#324,.T.);
#1956 = ORIENTED_EDGE('',*,*,#357,.T.);
#1957 = ORIENTED_EDGE('',*,*,#388,.T.);
#1958 = ORIENTED_EDGE('',*,*,#421,.T.);
#1959 = ORIENTED_EDGE('',*,*,#452,.T.);
#1960 = ORIENTED_EDGE('',*,*,#485,.T.);
#1961 = ORIENTED_EDGE('',*,*,#516,.T.);
#1962 = FACE_BOUND('',#1963,.F.);
#1963 = EDGE_LOOP('',(#1964,#1965));
#1964 = ORIENTED_EDGE('',*,*,#549,.T.);
#1965 = ORIENTED_EDGE('',*,*,#582,.T.);
#1966 = FACE_BOUND('',#1967,.F.);
#1967 = EDGE_LOOP('',(#1968,#1969));
#1968 = ORIENTED_EDGE('',*,*,#615,.T.);
#1969 = ORIENTED_EDGE('',*,*,#648,.T.);
#1970 = FACE_BOUND('',#1971,.F.);
#1971 = EDGE_LOOP('',(#1972,#1973));
#1972 = ORIENTED_EDGE('',*,*,#681,.T.);
#1973 = ORIENTED_EDGE('',*,*,#714,.T.);
#1974 = FACE_BOUND('',#1975,.F.);
#1975 = EDGE_LOOP('',(#1976,#1977));
#1976 = ORIENTED_EDGE('',*,*,#747,.T.);
#1977 = ORIENTED_EDGE('',*,*,#780,.T.);
#1978 = FACE_BOUND('',#1979,.F.);
#1979 = EDGE_LOOP('',(#1980,#1981));
#1980 = ORIENTED_EDGE('',*,*,#813,.T.);
#1981 = ORIENTED_EDGE('',*,*,#846,.T.);
#1982 = FACE_BOUND('',#1983,.F.);
#1983 = EDGE_LOOP('',(#1984,#1985));
#1984 = ORIENTED_EDGE('',*,*,#879,.T.);
#1985 = ORIENTED_EDGE('',*,*,#912,.T.);
#1986 = FACE_BOUND('',#1987,.F.);
#1987 = EDGE_LOOP('',(#1988,#1989));
#1988 = ORIENTED_EDGE('',*,*,#945,.T.);
#1989 = ORIENTED_EDGE('',*,*,#978,.T.);
#1990 = FACE_BOUND('',#1991,.F.);
#1991 = EDGE_LOOP('',(#1992,#1993));
#1992 = ORIENTED_EDGE('',*,*,#1011,.T.);
#1993 = ORIENTED_EDGE('',*,*,#1044,.T.);
#1994 = FACE_BOUND('',#1995,.F.);
#1995 = EDGE_LOOP('',(#1996,#1997));
#1996 = ORIENTED_EDGE('',*,*,#1077,.T.);
#1997 = ORIENTED_EDGE('',*,*,#1110,.T.);
#1998 = FACE_BOUND('',#1999,.F.);
#1999 = EDGE_LOOP('',(#2000,#2001));
#2000 = ORIENTED_EDGE('',*,*,#1143,.T.);
#2001 = ORIENTED_EDGE('',*,*,#1176,.T.);
#2002 = FACE_BOUND('',#2003,.F.);
#2003 = EDGE_LOOP('',(#2004,#2005));
#2004 = ORIENTED_EDGE('',*,*,#1209,.T.);
#2005 = ORIENTED_EDGE('',*,*,#1242,.T.);
#2006 = FACE_BOUND('',#2007,.F.);
#2007 = EDGE_LOOP('',(#2008,#2009));
#2008 = ORIENTED_EDGE('',*,*,#1275,.T.);
#2009 = ORIENTED_EDGE('',*,*,#1308,.T.);
#2010 = FACE_BOUND('',#2011,.F.);
#2011 = EDGE_LOOP('',(#2012,#2013));
#2012 = ORIENTED_EDGE('',*,*,#1341,.T.);
#2013 = ORIENTED_EDGE('',*,*,#1374,.T.);
#2014 = FACE_BOUND('',#2015,.F.);
#2015 = EDGE_LOOP('',(#2016,#2017));
#2016 = ORIENTED_EDGE('',*,*,#1407,.T.);
#2017 = ORIENTED_EDGE('',*,*,#1440,.T.);
#2018 = FACE_BOUND('',#2019,.F.);
#2019 = EDGE_LOOP('',(#2020,#2021));
#2020 = ORIENTED_EDGE('',*,*,#1473,.T.);
#2021 = ORIENTED_EDGE('',*,*,#1506,.T.);
#2022 = FACE_BOUND('',#2023,.F.);
#2023 = EDGE_LOOP('',(#2024,#2025));
#2024 = ORIENTED_EDGE('',*,*,#1539,.T.);
#2025 = ORIENTED_EDGE('',*,*,#1572,.T.);
#2026 = FACE_BOUND('',#2027,.F.);
#2027 = EDGE_LOOP('',(#2028,#2029));
#2028 = ORIENTED_EDGE('',*,*,#1605,.T.);
#2029 = ORIENTED_EDGE('',*,*,#1638,.T.);
#2030 = FACE_BOUND('',#2031,.F.);
#2031 = EDGE_LOOP('',(#2032,#2033));
#2032 = ORIENTED_EDGE('',*,*,#1671,.T.);
#2033 = ORIENTED_EDGE('',*,*,#1704,.T.);
#2034 = FACE_BOUND('',#2035,.F.);
#2035 = EDGE_LOOP('',(#2036,#2037));
#2036 = ORIENTED_EDGE('',*,*,#1737,.T.);
#2037 = ORIENTED_EDGE('',*,*,#1770,.T.);
#2038 = FACE_BOUND('',#2039,.F.);
#2039 = EDGE_LOOP('',(#2040,#2041));
#2040 = ORIENTED_EDGE('',*,*,#1803,.T.);
#2041 = ORIENTED_EDGE('',*,*,#1836,.T.);
#2042 = PLANE('',#2043);
#2043 = AXIS2_PLACEMENT_3D('',#2044,#2045,#2046);
#2044 = CARTESIAN_POINT('',(50.000100330201,-25.00004953009,    1.586156972314));
#2045 = DIRECTION('',(-0.,-0.,-1.));
#2046 = DIRECTION('',(-1.,0.,0.));
#2047 = ( GEOMETRIC_REPRESENTATION_CONTEXT(3) GLOBAL_UNCERTAINTY_ASSIGNED_CONTEXT((#2051)) GLOBAL_UNIT_ASSIGNED_CONTEXT((#2048,#2049,#2050)) REPRESENTATION_CONTEXT('Context #1','3D Context with UNIT and UNCERTAINTY') );
#2048 = ( LENGTH_UNIT() NAMED_UNIT(*) SI_UNIT(.MILLI.,.METRE.) );
#2049 = ( NAMED_UNIT(*) PLANE_ANGLE_UNIT() SI_UNIT($,.RADIAN.) );
#2050 = ( NAMED_UNIT(*) SI_UNIT($,.STERADIAN.) SOLID_ANGLE_UNIT() );
#2051 = UNCERTAINTY_MEASURE_WITH_UNIT(LENGTH_MEASURE(1.E-07),#2048,  'distance_accuracy_value','confusion accuracy');
#2052 = CONTEXT_DEPENDENT_SHAPE_REPRESENTATION(#2053,#2055);
#2053 = ( REPRESENTATION_RELATIONSHIP('','',#276,#10) REPRESENTATION_RELATIONSHIP_WITH_TRANSFORMATION(#2054) SHAPE_REPRESENTATION_RELATIONSHIP() );
#2054 = ITEM_DEFINED_TRANSFORMATION('','',#11,#15);
#2055 = PRODUCT_DEFINITION_SHAPE('Placement','Placement of an item',  #2056);
#2056 = NEXT_ASSEMBLY_USAGE_OCCURRENCE('1','=>[0:1:1:2]','',#5,#271,$);
#2057 = PRODUCT_RELATED_PRODUCT_CATEGORY('part',$,(#273));
#2058 = SHAPE_DEFINITION_REPRESENTATION(#2059,#2065);
#2059 = PRODUCT_DEFINITION_SHAPE('','',#2060);
#2060 = PRODUCT_DEFINITION('design','',#2061,#2064);
#2061 = PRODUCT_DEFINITION_FORMATION('','',#2062);
#2062 = PRODUCT('TopCopper~Dprc','TopCopper~Dprc','',(#2063));
#2063 = PRODUCT_CONTEXT('',#2,'mechanical');
#2064 = PRODUCT_DEFINITION_CONTEXT('part definition',#2,'design');
#2065 = SHAPE_REPRESENTATION('',(#11),#2066);
#2066 = ( GEOMETRIC_REPRESENTATION_CONTEXT(3) GLOBAL_UNCERTAINTY_ASSIGNED_CONTEXT((#2070)) GLOBAL_UNIT_ASSIGNED_CONTEXT((#2067,#2068,#2069)) REPRESENTATION_CONTEXT('Context #1','3D Context with UNIT and UNCERTAINTY') );
#2067 = ( LENGTH_UNIT() NAMED_UNIT(*) SI_UNIT(.MILLI.,.METRE.) );
#2068 = ( NAMED_UNIT(*) PLANE_ANGLE_UNIT() SI_UNIT($,.RADIAN.) );
#2069 = ( NAMED_UNIT(*) SI_UNIT($,.STERADIAN.) SOLID_ANGLE_UNIT() );
#2070 = UNCERTAINTY_MEASURE_WITH_UNIT(LENGTH_MEASURE(1.E-07),#2067,  'distance_accuracy_value','confusion accuracy');
#2071 = CONTEXT_DEPENDENT_SHAPE_REPRESENTATION(#2072,#2074);
#2072 = ( REPRESENTATION_RELATIONSHIP('','',#2065,#10) REPRESENTATION_RELATIONSHIP_WITH_TRANSFORMATION(#2073) SHAPE_REPRESENTATION_RELATIONSHIP() );
#2073 = ITEM_DEFINED_TRANSFORMATION('','',#11,#19);
#2074 = PRODUCT_DEFINITION_SHAPE('Placement','Placement of an item',  #2075);
#2075 = NEXT_ASSEMBLY_USAGE_OCCURRENCE('2','=>[0:1:1:3]','',#5,#2060,$);
#2076 = PRODUCT_RELATED_PRODUCT_CATEGORY('part',$,(#2062));
#2077 = SHAPE_DEFINITION_REPRESENTATION(#2078,#2084);
#2078 = PRODUCT_DEFINITION_SHAPE('','',#2079);
#2079 = PRODUCT_DEFINITION('design','',#2080,#2083);
#2080 = PRODUCT_DEFINITION_FORMATION('','',#2081);
#2081 = PRODUCT('BottomCopper~Dprc','BottomCopper~Dprc','',(#2082));
#2082 = PRODUCT_CONTEXT('',#2,'mechanical');
#2083 = PRODUCT_DEFINITION_CONTEXT('part definition',#2,'design');
#2084 = SHAPE_REPRESENTATION('',(#11),#2085);
#2085 = ( GEOMETRIC_REPRESENTATION_CONTEXT(3) GLOBAL_UNCERTAINTY_ASSIGNED_CONTEXT((#2089)) GLOBAL_UNIT_ASSIGNED_CONTEXT((#2086,#2087,#2088)) REPRESENTATION_CONTEXT('Context #1','3D Context with UNIT and UNCERTAINTY') );
#2086 = ( LENGTH_UNIT() NAMED_UNIT(*) SI_UNIT(.MILLI.,.METRE.) );
#2087 = ( NAMED_UNIT(*) PLANE_ANGLE_UNIT() SI_UNIT($,.RADIAN.) );
#2088 = ( NAMED_UNIT(*) SI_UNIT($,.STERADIAN.) SOLID_ANGLE_UNIT() );
#2089 = UNCERTAINTY_MEASURE_WITH_UNIT(LENGTH_MEASURE(1.E-07),#2086,  'distance_accuracy_value','confusion accuracy');
#2090 = CONTEXT_DEPENDENT_SHAPE_REPRESENTATION(#2091,#2093);
#2091 = ( REPRESENTATION_RELATIONSHIP('','',#2084,#10) REPRESENTATION_RELATIONSHIP_WITH_TRANSFORMATION(#2092) SHAPE_REPRESENTATION_RELATIONSHIP() );
#2092 = ITEM_DEFINED_TRANSFORMATION('','',#11,#23);
#2093 = PRODUCT_DEFINITION_SHAPE('Placement','Placement of an item',  #2094);
#2094 = NEXT_ASSEMBLY_USAGE_OCCURRENCE('3','=>[0:1:1:4]','',#5,#2079,$);
#2095 = PRODUCT_RELATED_PRODUCT_CATEGORY('part',$,(#2081));
#2096 = SHAPE_DEFINITION_REPRESENTATION(#2097,#2103);
#2097 = PRODUCT_DEFINITION_SHAPE('','',#2098);
#2098 = PRODUCT_DEFINITION('design','',#2099,#2102);
#2099 = PRODUCT_DEFINITION_FORMATION('','',#2100);
#2100 = PRODUCT('TopFpcStiffener~Dprc','TopFpcStiffener~Dprc','',(#2101)  );
#2101 = PRODUCT_CONTEXT('',#2,'mechanical');
#2102 = PRODUCT_DEFINITION_CONTEXT('part definition',#2,'design');
#2103 = SHAPE_REPRESENTATION('',(#11),#2104);
#2104 = ( GEOMETRIC_REPRESENTATION_CONTEXT(3) GLOBAL_UNCERTAINTY_ASSIGNED_CONTEXT((#2108)) GLOBAL_UNIT_ASSIGNED_CONTEXT((#2105,#2106,#2107)) REPRESENTATION_CONTEXT('Context #1','3D Context with UNIT and UNCERTAINTY') );
#2105 = ( LENGTH_UNIT() NAMED_UNIT(*) SI_UNIT(.MILLI.,.METRE.) );
#2106 = ( NAMED_UNIT(*) PLANE_ANGLE_UNIT() SI_UNIT($,.RADIAN.) );
#2107 = ( NAMED_UNIT(*) SI_UNIT($,.STERADIAN.) SOLID_ANGLE_UNIT() );
#2108 = UNCERTAINTY_MEASURE_WITH_UNIT(LENGTH_MEASURE(1.E-07),#2105,  'distance_accuracy_value','confusion accuracy');
#2109 = CONTEXT_DEPENDENT_SHAPE_REPRESENTATION(#2110,#2112);
#2110 = ( REPRESENTATION_RELATIONSHIP('','',#2103,#10) REPRESENTATION_RELATIONSHIP_WITH_TRANSFORMATION(#2111) SHAPE_REPRESENTATION_RELATIONSHIP() );
#2111 = ITEM_DEFINED_TRANSFORMATION('','',#11,#27);
#2112 = PRODUCT_DEFINITION_SHAPE('Placement','Placement of an item',  #2113);
#2113 = NEXT_ASSEMBLY_USAGE_OCCURRENCE('4','=>[0:1:1:5]','',#5,#2098,$);
#2114 = PRODUCT_RELATED_PRODUCT_CATEGORY('part',$,(#2100));
#2115 = SHAPE_DEFINITION_REPRESENTATION(#2116,#2122);
#2116 = PRODUCT_DEFINITION_SHAPE('','',#2117);
#2117 = PRODUCT_DEFINITION('design','',#2118,#2121);
#2118 = PRODUCT_DEFINITION_FORMATION('','',#2119);
#2119 = PRODUCT('BottomFpcStiffener~Dprc','BottomFpcStiffener~Dprc','',(    #2120));
#2120 = PRODUCT_CONTEXT('',#2,'mechanical');
#2121 = PRODUCT_DEFINITION_CONTEXT('part definition',#2,'design');
#2122 = SHAPE_REPRESENTATION('',(#11),#2123);
#2123 = ( GEOMETRIC_REPRESENTATION_CONTEXT(3) GLOBAL_UNCERTAINTY_ASSIGNED_CONTEXT((#2127)) GLOBAL_UNIT_ASSIGNED_CONTEXT((#2124,#2125,#2126)) REPRESENTATION_CONTEXT('Context #1','3D Context with UNIT and UNCERTAINTY') );
#2124 = ( LENGTH_UNIT() NAMED_UNIT(*) SI_UNIT(.MILLI.,.METRE.) );
#2125 = ( NAMED_UNIT(*) PLANE_ANGLE_UNIT() SI_UNIT($,.RADIAN.) );
#2126 = ( NAMED_UNIT(*) SI_UNIT($,.STERADIAN.) SOLID_ANGLE_UNIT() );
#2127 = UNCERTAINTY_MEASURE_WITH_UNIT(LENGTH_MEASURE(1.E-07),#2124,  'distance_accuracy_value','confusion accuracy');
#2128 = CONTEXT_DEPENDENT_SHAPE_REPRESENTATION(#2129,#2131);
#2129 = ( REPRESENTATION_RELATIONSHIP('','',#2122,#10) REPRESENTATION_RELATIONSHIP_WITH_TRANSFORMATION(#2130) SHAPE_REPRESENTATION_RELATIONSHIP() );
#2130 = ITEM_DEFINED_TRANSFORMATION('','',#11,#31);
#2131 = PRODUCT_DEFINITION_SHAPE('Placement','Placement of an item',  #2132);
#2132 = NEXT_ASSEMBLY_USAGE_OCCURRENCE('5','=>[0:1:1:6]','',#5,#2117,$);
#2133 = PRODUCT_RELATED_PRODUCT_CATEGORY('part',$,(#2119));
#2134 = SHAPE_DEFINITION_REPRESENTATION(#2135,#2141);
#2135 = PRODUCT_DEFINITION_SHAPE('','',#2136);
#2136 = PRODUCT_DEFINITION('design','',#2137,#2140);
#2137 = PRODUCT_DEFINITION_FORMATION('','',#2138);
#2138 = PRODUCT('RA8P1-FPC~FPC-SMD_40P-P0.50_XUNPU_FPC-05FB-40PH20~FPC-SMD_40P-P0.50_XUNPU_FPC-05FB-40PH20~Dprc','RA8P1-FPC~FPC-SMD_40P-P0.50_XUNPU_FPC-05FB-40PH20~FPC-SMD_40P-P0.50_XUNPU_FPC-05FB-40PH20~Dprc','',(#2139));
#2139 = PRODUCT_CONTEXT('',#2,'mechanical');
#2140 = PRODUCT_DEFINITION_CONTEXT('part definition',#2,'design');
#2141 = SHAPE_REPRESENTATION('',(#11,#2142),#2146);
#2142 = AXIS2_PLACEMENT_3D('',#2143,#2144,#2145);
#2143 = CARTESIAN_POINT('',(0.,0.,0.));
#2144 = DIRECTION('',(0.,0.,1.));
#2145 = DIRECTION('',(1.,0.,-0.));
#2146 = ( GEOMETRIC_REPRESENTATION_CONTEXT(3) GLOBAL_UNCERTAINTY_ASSIGNED_CONTEXT((#2150)) GLOBAL_UNIT_ASSIGNED_CONTEXT((#2147,#2148,#2149)) REPRESENTATION_CONTEXT('Context #1','3D Context with UNIT and UNCERTAINTY') );
#2147 = ( LENGTH_UNIT() NAMED_UNIT(*) SI_UNIT(.MILLI.,.METRE.) );
#2148 = ( NAMED_UNIT(*) PLANE_ANGLE_UNIT() SI_UNIT($,.RADIAN.) );
#2149 = ( NAMED_UNIT(*) SI_UNIT($,.STERADIAN.) SOLID_ANGLE_UNIT() );
#2150 = UNCERTAINTY_MEASURE_WITH_UNIT(LENGTH_MEASURE(2.E-06),#2147,  'distance_accuracy_value','confusion accuracy');
#2151 = CONTEXT_DEPENDENT_SHAPE_REPRESENTATION(#2152,#2154);
#2152 = ( REPRESENTATION_RELATIONSHIP('','',#2141,#10) REPRESENTATION_RELATIONSHIP_WITH_TRANSFORMATION(#2153) SHAPE_REPRESENTATION_RELATIONSHIP() );
#2153 = ITEM_DEFINED_TRANSFORMATION('','',#11,#35);
#2154 = PRODUCT_DEFINITION_SHAPE('Placement','Placement of an item',  #2155);
#2155 = NEXT_ASSEMBLY_USAGE_OCCURRENCE('7','=>[0:1:1:8]','',#5,#2136,$);
#2156 = PRODUCT_RELATED_PRODUCT_CATEGORY('part',$,(#2138));
#2157 = SHAPE_DEFINITION_REPRESENTATION(#2158,#2164);
#2158 = PRODUCT_DEFINITION_SHAPE('','',#2159);
#2159 = PRODUCT_DEFINITION('design','',#2160,#2163);
#2160 = PRODUCT_DEFINITION_FORMATION('','',#2161);
#2161 = PRODUCT('FPC-SMD_40P-P0.50_XUNPU_FPC-05FB-40PH20~FPC-SMD_40P-P0.50_XUNPU_FPC-05FB-40PH20~Dprc','FPC-SMD_40P-P0.50_XUNPU_FPC-05FB-40PH20~FPC-SMD_40P-P0.50_XUNPU_FPC-05FB-40PH20~Dprc','',(#2162));
#2162 = PRODUCT_CONTEXT('',#2,'mechanical');
#2163 = PRODUCT_DEFINITION_CONTEXT('part definition',#2,'design');
#2164 = ADVANCED_BREP_SHAPE_REPRESENTATION('',(#11,#2165),#2303);
#2165 = MANIFOLD_SOLID_BREP('',#2166);
#2166 = CLOSED_SHELL('',(#2167,#2203,#2239,#2259,#2279,#2291));
#2167 = ADVANCED_FACE('',(#2168),#2198,.F.);
#2168 = FACE_BOUND('',#2169,.F.);
#2169 = EDGE_LOOP('',(#2170,#2179,#2186,#2193));
#2170 = ORIENTED_EDGE('',*,*,#2171,.F.);
#2171 = EDGE_CURVE('',#2172,#2174,#2176,.T.);
#2172 = VERTEX_POINT('',#2173);
#2173 = CARTESIAN_POINT('',(-11.74997459994,-3.524993649987,0.));
#2174 = VERTEX_POINT('',#2175);
#2175 = CARTESIAN_POINT('',(-11.74997459994,-3.524993649987,    0.762001524003));
#2176 = B_SPLINE_CURVE_WITH_KNOTS('',1,(#2177,#2178),.UNSPECIFIED.,.F.,  .F.,(2,2),(0.,0.762001524003),.PIECEWISE_BEZIER_KNOTS.);
#2177 = CARTESIAN_POINT('',(-11.74997459994,-3.524993649987,0.));
#2178 = CARTESIAN_POINT('',(-11.74997459994,-3.524993649987,    0.762001524003));
#2179 = ORIENTED_EDGE('',*,*,#2180,.T.);
#2180 = EDGE_CURVE('',#2172,#2181,#2183,.T.);
#2181 = VERTEX_POINT('',#2182);
#2182 = CARTESIAN_POINT('',(-11.74997459994,1.875006350013,0.));
#2183 = B_SPLINE_CURVE_WITH_KNOTS('',1,(#2184,#2185),.UNSPECIFIED.,.F.,  .F.,(2,2),(0.,0.762001524003),.PIECEWISE_BEZIER_KNOTS.);
#2184 = CARTESIAN_POINT('',(-11.74997459994,-3.524993649987,0.));
#2185 = CARTESIAN_POINT('',(-11.74997459994,1.875006350013,0.));
#2186 = ORIENTED_EDGE('',*,*,#2187,.T.);
#2187 = EDGE_CURVE('',#2181,#2188,#2190,.T.);
#2188 = VERTEX_POINT('',#2189);
#2189 = CARTESIAN_POINT('',(-11.74997459994,1.875006350013,    0.762001524003));
#2190 = B_SPLINE_CURVE_WITH_KNOTS('',1,(#2191,#2192),.UNSPECIFIED.,.F.,  .F.,(2,2),(0.,0.762001524003),.PIECEWISE_BEZIER_KNOTS.);
#2191 = CARTESIAN_POINT('',(-11.74997459994,1.875006350013,0.));
#2192 = CARTESIAN_POINT('',(-11.74997459994,1.875006350013,    0.762001524003));
#2193 = ORIENTED_EDGE('',*,*,#2194,.F.);
#2194 = EDGE_CURVE('',#2174,#2188,#2195,.T.);
#2195 = B_SPLINE_CURVE_WITH_KNOTS('',1,(#2196,#2197),.UNSPECIFIED.,.F.,  .F.,(2,2),(0.,0.762001524003),.PIECEWISE_BEZIER_KNOTS.);
#2196 = CARTESIAN_POINT('',(-11.74997459994,-3.524993649987,    0.762001524003));
#2197 = CARTESIAN_POINT('',(-11.74997459994,1.875006350013,    0.762001524003));
#2198 = B_SPLINE_SURFACE_WITH_KNOTS('',1,1,(    (#2199,#2200)    ,(#2201,#2202    )),.UNSPECIFIED.,.F.,.F.,.F.,(2,2),(2,2),(0.,0.762001524003),(    -0.762001524003,0.),.PIECEWISE_BEZIER_KNOTS.);
#2199 = CARTESIAN_POINT('',(-11.74997459994,1.875006350013,0.));
#2200 = CARTESIAN_POINT('',(-11.74997459994,-3.524993649987,0.));
#2201 = CARTESIAN_POINT('',(-11.74997459994,1.875006350013,    0.762001524003));
#2202 = CARTESIAN_POINT('',(-11.74997459994,-3.524993649987,    0.762001524003));
#2203 = ADVANCED_FACE('',(#2204),#2234,.T.);
#2204 = FACE_BOUND('',#2205,.T.);
#2205 = EDGE_LOOP('',(#2206,#2215,#2222,#2229));
#2206 = ORIENTED_EDGE('',*,*,#2207,.F.);
#2207 = EDGE_CURVE('',#2208,#2210,#2212,.T.);
#2208 = VERTEX_POINT('',#2209);
#2209 = CARTESIAN_POINT('',(11.750025400051,-3.524993649987,0.));
#2210 = VERTEX_POINT('',#2211);
#2211 = CARTESIAN_POINT('',(11.750025400051,-3.524993649987,    0.762001524003));
#2212 = B_SPLINE_CURVE_WITH_KNOTS('',1,(#2213,#2214),.UNSPECIFIED.,.F.,  .F.,(2,2),(0.,0.762001524003),.PIECEWISE_BEZIER_KNOTS.);
#2213 = CARTESIAN_POINT('',(11.750025400051,-3.524993649987,0.));
#2214 = CARTESIAN_POINT('',(11.750025400051,-3.524993649987,    0.762001524003));
#2215 = ORIENTED_EDGE('',*,*,#2216,.T.);
#2216 = EDGE_CURVE('',#2208,#2217,#2219,.T.);
#2217 = VERTEX_POINT('',#2218);
#2218 = CARTESIAN_POINT('',(11.750025400051,1.875006350013,0.));
#2219 = B_SPLINE_CURVE_WITH_KNOTS('',1,(#2220,#2221),.UNSPECIFIED.,.F.,  .F.,(2,2),(0.,0.762001524003),.PIECEWISE_BEZIER_KNOTS.);
#2220 = CARTESIAN_POINT('',(11.750025400051,-3.524993649987,0.));
#2221 = CARTESIAN_POINT('',(11.750025400051,1.875006350013,0.));
#2222 = ORIENTED_EDGE('',*,*,#2223,.T.);
#2223 = EDGE_CURVE('',#2217,#2224,#2226,.T.);
#2224 = VERTEX_POINT('',#2225);
#2225 = CARTESIAN_POINT('',(11.750025400051,1.875006350013,    0.762001524003));
#2226 = B_SPLINE_CURVE_WITH_KNOTS('',1,(#2227,#2228),.UNSPECIFIED.,.F.,  .F.,(2,2),(0.,0.762001524003),.PIECEWISE_BEZIER_KNOTS.);
#2227 = CARTESIAN_POINT('',(11.750025400051,1.875006350013,0.));
#2228 = CARTESIAN_POINT('',(11.750025400051,1.875006350013,    0.762001524003));
#2229 = ORIENTED_EDGE('',*,*,#2230,.F.);
#2230 = EDGE_CURVE('',#2210,#2224,#2231,.T.);
#2231 = B_SPLINE_CURVE_WITH_KNOTS('',1,(#2232,#2233),.UNSPECIFIED.,.F.,  .F.,(2,2),(0.,0.762001524003),.PIECEWISE_BEZIER_KNOTS.);
#2232 = CARTESIAN_POINT('',(11.750025400051,-3.524993649987,    0.762001524003));
#2233 = CARTESIAN_POINT('',(11.750025400051,1.875006350013,    0.762001524003));
#2234 = B_SPLINE_SURFACE_WITH_KNOTS('',1,1,(    (#2235,#2236)    ,(#2237,#2238    )),.UNSPECIFIED.,.F.,.F.,.F.,(2,2),(2,2),(0.,0.762001524003),(    -0.762001524003,0.),.PIECEWISE_BEZIER_KNOTS.);
#2235 = CARTESIAN_POINT('',(11.750025400051,1.875006350013,0.));
#2236 = CARTESIAN_POINT('',(11.750025400051,-3.524993649987,0.));
#2237 = CARTESIAN_POINT('',(11.750025400051,1.875006350013,    0.762001524003));
#2238 = CARTESIAN_POINT('',(11.750025400051,-3.524993649987,    0.762001524003));
#2239 = ADVANCED_FACE('',(#2240),#2254,.F.);
#2240 = FACE_BOUND('',#2241,.F.);
#2241 = EDGE_LOOP('',(#2242,#2247,#2248,#2253));
#2242 = ORIENTED_EDGE('',*,*,#2243,.F.);
#2243 = EDGE_CURVE('',#2172,#2208,#2244,.T.);
#2244 = B_SPLINE_CURVE_WITH_KNOTS('',1,(#2245,#2246),.UNSPECIFIED.,.F.,  .F.,(2,2),(0.,0.762001524003),.PIECEWISE_BEZIER_KNOTS.);
#2245 = CARTESIAN_POINT('',(-11.74997459994,-3.524993649987,0.));
#2246 = CARTESIAN_POINT('',(11.750025400051,-3.524993649987,0.));
#2247 = ORIENTED_EDGE('',*,*,#2171,.T.);
#2248 = ORIENTED_EDGE('',*,*,#2249,.T.);
#2249 = EDGE_CURVE('',#2174,#2210,#2250,.T.);
#2250 = B_SPLINE_CURVE_WITH_KNOTS('',1,(#2251,#2252),.UNSPECIFIED.,.F.,  .F.,(2,2),(0.,0.762001524003),.PIECEWISE_BEZIER_KNOTS.);
#2251 = CARTESIAN_POINT('',(-11.74997459994,-3.524993649987,    0.762001524003));
#2252 = CARTESIAN_POINT('',(11.750025400051,-3.524993649987,    0.762001524003));
#2253 = ORIENTED_EDGE('',*,*,#2207,.F.);
#2254 = B_SPLINE_SURFACE_WITH_KNOTS('',1,1,(    (#2255,#2256)    ,(#2257,#2258    )),.UNSPECIFIED.,.F.,.F.,.F.,(2,2),(2,2),(0.,0.762001524003),(0.,    0.762001524003),.PIECEWISE_BEZIER_KNOTS.);
#2255 = CARTESIAN_POINT('',(-11.74997459994,-3.524993649987,0.));
#2256 = CARTESIAN_POINT('',(11.750025400051,-3.524993649987,0.));
#2257 = CARTESIAN_POINT('',(-11.74997459994,-3.524993649987,    0.762001524003));
#2258 = CARTESIAN_POINT('',(11.750025400051,-3.524993649987,    0.762001524003));
#2259 = ADVANCED_FACE('',(#2260),#2274,.T.);
#2260 = FACE_BOUND('',#2261,.T.);
#2261 = EDGE_LOOP('',(#2262,#2267,#2268,#2273));
#2262 = ORIENTED_EDGE('',*,*,#2263,.F.);
#2263 = EDGE_CURVE('',#2181,#2217,#2264,.T.);
#2264 = B_SPLINE_CURVE_WITH_KNOTS('',1,(#2265,#2266),.UNSPECIFIED.,.F.,  .F.,(2,2),(0.,0.762001524003),.PIECEWISE_BEZIER_KNOTS.);
#2265 = CARTESIAN_POINT('',(-11.74997459994,1.875006350013,0.));
#2266 = CARTESIAN_POINT('',(11.750025400051,1.875006350013,0.));
#2267 = ORIENTED_EDGE('',*,*,#2187,.T.);
#2268 = ORIENTED_EDGE('',*,*,#2269,.T.);
#2269 = EDGE_CURVE('',#2188,#2224,#2270,.T.);
#2270 = B_SPLINE_CURVE_WITH_KNOTS('',1,(#2271,#2272),.UNSPECIFIED.,.F.,  .F.,(2,2),(0.,0.762001524003),.PIECEWISE_BEZIER_KNOTS.);
#2271 = CARTESIAN_POINT('',(-11.74997459994,1.875006350013,    0.762001524003));
#2272 = CARTESIAN_POINT('',(11.750025400051,1.875006350013,    0.762001524003));
#2273 = ORIENTED_EDGE('',*,*,#2223,.F.);
#2274 = B_SPLINE_SURFACE_WITH_KNOTS('',1,1,(    (#2275,#2276)    ,(#2277,#2278    )),.UNSPECIFIED.,.F.,.F.,.F.,(2,2),(2,2),(0.,0.762001524003),(0.,    0.762001524003),.PIECEWISE_BEZIER_KNOTS.);
#2275 = CARTESIAN_POINT('',(-11.74997459994,1.875006350013,0.));
#2276 = CARTESIAN_POINT('',(11.750025400051,1.875006350013,0.));
#2277 = CARTESIAN_POINT('',(-11.74997459994,1.875006350013,    0.762001524003));
#2278 = CARTESIAN_POINT('',(11.750025400051,1.875006350013,    0.762001524003));
#2279 = ADVANCED_FACE('',(#2280),#2286,.F.);
#2280 = FACE_BOUND('',#2281,.F.);
#2281 = EDGE_LOOP('',(#2282,#2283,#2284,#2285));
#2282 = ORIENTED_EDGE('',*,*,#2180,.F.);
#2283 = ORIENTED_EDGE('',*,*,#2243,.T.);
#2284 = ORIENTED_EDGE('',*,*,#2216,.T.);
#2285 = ORIENTED_EDGE('',*,*,#2263,.F.);
#2286 = B_SPLINE_SURFACE_WITH_KNOTS('',1,1,(    (#2287,#2288)    ,(#2289,#2290    )),.UNSPECIFIED.,.F.,.F.,.F.,(2,2),(2,2),(0.,0.762001524003),(0.,    0.762001524003),.PIECEWISE_BEZIER_KNOTS.);
#2287 = CARTESIAN_POINT('',(-11.74997459994,-3.524993649987,0.));
#2288 = CARTESIAN_POINT('',(-11.74997459994,1.875006350013,0.));
#2289 = CARTESIAN_POINT('',(11.750025400051,-3.524993649987,0.));
#2290 = CARTESIAN_POINT('',(11.750025400051,1.875006350013,0.));
#2291 = ADVANCED_FACE('',(#2292),#2298,.T.);
#2292 = FACE_BOUND('',#2293,.T.);
#2293 = EDGE_LOOP('',(#2294,#2295,#2296,#2297));
#2294 = ORIENTED_EDGE('',*,*,#2194,.F.);
#2295 = ORIENTED_EDGE('',*,*,#2249,.T.);
#2296 = ORIENTED_EDGE('',*,*,#2230,.T.);
#2297 = ORIENTED_EDGE('',*,*,#2269,.F.);
#2298 = B_SPLINE_SURFACE_WITH_KNOTS('',1,1,(    (#2299,#2300)    ,(#2301,#2302    )),.UNSPECIFIED.,.F.,.F.,.F.,(2,2),(2,2),(0.,0.762001524003),(0.,    0.762001524003),.PIECEWISE_BEZIER_KNOTS.);
#2299 = CARTESIAN_POINT('',(-11.74997459994,-3.524993649987,    0.762001524003));
#2300 = CARTESIAN_POINT('',(-11.74997459994,1.875006350013,    0.762001524003));
#2301 = CARTESIAN_POINT('',(11.750025400051,-3.524993649987,    0.762001524003));
#2302 = CARTESIAN_POINT('',(11.750025400051,1.875006350013,    0.762001524003));
#2303 = ( GEOMETRIC_REPRESENTATION_CONTEXT(3) GLOBAL_UNCERTAINTY_ASSIGNED_CONTEXT((#2307)) GLOBAL_UNIT_ASSIGNED_CONTEXT((#2304,#2305,#2306)) REPRESENTATION_CONTEXT('Context #1','3D Context with UNIT and UNCERTAINTY') );
#2304 = ( LENGTH_UNIT() NAMED_UNIT(*) SI_UNIT(.MILLI.,.METRE.) );
#2305 = ( NAMED_UNIT(*) PLANE_ANGLE_UNIT() SI_UNIT($,.RADIAN.) );
#2306 = ( NAMED_UNIT(*) SI_UNIT($,.STERADIAN.) SOLID_ANGLE_UNIT() );
#2307 = UNCERTAINTY_MEASURE_WITH_UNIT(LENGTH_MEASURE(2.E-06),#2304,  'distance_accuracy_value','confusion accuracy');
#2308 = CONTEXT_DEPENDENT_SHAPE_REPRESENTATION(#2309,#2311);
#2309 = ( REPRESENTATION_RELATIONSHIP('','',#2164,#2141) REPRESENTATION_RELATIONSHIP_WITH_TRANSFORMATION(#2310) SHAPE_REPRESENTATION_RELATIONSHIP() );
#2310 = ITEM_DEFINED_TRANSFORMATION('','',#11,#2142);
#2311 = PRODUCT_DEFINITION_SHAPE('Placement','Placement of an item',  #2312);
#2312 = NEXT_ASSEMBLY_USAGE_OCCURRENCE('6','=>[0:1:1:7]','',#2136,#2159,  $);
#2313 = PRODUCT_RELATED_PRODUCT_CATEGORY('part',$,(#2161));
#2314 = SHAPE_DEFINITION_REPRESENTATION(#2315,#2321);
#2315 = PRODUCT_DEFINITION_SHAPE('','',#2316);
#2316 = PRODUCT_DEFINITION('design','',#2317,#2320);
#2317 = PRODUCT_DEFINITION_FORMATION('','',#2318);
#2318 = PRODUCT('Q1~SOT-363_L2.0-W1.3-P0.65-LS2.1-BL~SOT-363-6P_L2.0-W1.3-H1.1-LS2.0-P0.65~Dprc','Q1~SOT-363_L2.0-W1.3-P0.65-LS2.1-BL~SOT-363-6P_L2.0-W1.3-H1.1-LS2.0-P0.65~Dprc','',(#2319));
#2319 = PRODUCT_CONTEXT('',#2,'mechanical');
#2320 = PRODUCT_DEFINITION_CONTEXT('part definition',#2,'design');
#2321 = SHAPE_REPRESENTATION('',(#11,#2322),#2326);
#2322 = AXIS2_PLACEMENT_3D('',#2323,#2324,#2325);
#2323 = CARTESIAN_POINT('',(0.,0.,0.));
#2324 = DIRECTION('',(0.,0.,1.));
#2325 = DIRECTION('',(1.,0.,-0.));
#2326 = ( GEOMETRIC_REPRESENTATION_CONTEXT(3) GLOBAL_UNCERTAINTY_ASSIGNED_CONTEXT((#2330)) GLOBAL_UNIT_ASSIGNED_CONTEXT((#2327,#2328,#2329)) REPRESENTATION_CONTEXT('Context #1','3D Context with UNIT and UNCERTAINTY') );
#2327 = ( LENGTH_UNIT() NAMED_UNIT(*) SI_UNIT(.MILLI.,.METRE.) );
#2328 = ( NAMED_UNIT(*) PLANE_ANGLE_UNIT() SI_UNIT($,.RADIAN.) );
#2329 = ( NAMED_UNIT(*) SI_UNIT($,.STERADIAN.) SOLID_ANGLE_UNIT() );
#2330 = UNCERTAINTY_MEASURE_WITH_UNIT(LENGTH_MEASURE(2.E-07),#2327,  'distance_accuracy_value','confusion accuracy');
#2331 = CONTEXT_DEPENDENT_SHAPE_REPRESENTATION(#2332,#2334);
#2332 = ( REPRESENTATION_RELATIONSHIP('','',#2321,#10) REPRESENTATION_RELATIONSHIP_WITH_TRANSFORMATION(#2333) SHAPE_REPRESENTATION_RELATIONSHIP() );
#2333 = ITEM_DEFINED_TRANSFORMATION('','',#11,#39);
#2334 = PRODUCT_DEFINITION_SHAPE('Placement','Placement of an item',  #2335);
#2335 = NEXT_ASSEMBLY_USAGE_OCCURRENCE('9','=>[0:1:1:10]','',#5,#2316,$  );
#2336 = PRODUCT_RELATED_PRODUCT_CATEGORY('part',$,(#2318));
#2337 = SHAPE_DEFINITION_REPRESENTATION(#2338,#2344);
#2338 = PRODUCT_DEFINITION_SHAPE('','',#2339);
#2339 = PRODUCT_DEFINITION('design','',#2340,#2343);
#2340 = PRODUCT_DEFINITION_FORMATION('','',#2341);
#2341 = PRODUCT('SOT-363_L2.0-W1.3-P0.65-LS2.1-BL~SOT-363-6P_L2.0-W1.3-H1.1-LS2.0-P0.65~Dprc','SOT-363_L2.0-W1.3-P0.65-LS2.1-BL~SOT-363-6P_L2.0-W1.3-H1.1-LS2.0-P0.65~Dprc','',(#2342));
#2342 = PRODUCT_CONTEXT('',#2,'mechanical');
#2343 = PRODUCT_DEFINITION_CONTEXT('part definition',#2,'design');
#2344 = ADVANCED_BREP_SHAPE_REPRESENTATION('',(#11,#2345),#2483);
#2345 = MANIFOLD_SOLID_BREP('',#2346);
#2346 = CLOSED_SHELL('',(#2347,#2383,#2419,#2439,#2459,#2471));
#2347 = ADVANCED_FACE('',(#2348),#2378,.F.);
#2348 = FACE_BOUND('',#2349,.F.);
#2349 = EDGE_LOOP('',(#2350,#2359,#2366,#2373));
#2350 = ORIENTED_EDGE('',*,*,#2351,.F.);
#2351 = EDGE_CURVE('',#2352,#2354,#2356,.T.);
#2352 = VERTEX_POINT('',#2353);
#2353 = CARTESIAN_POINT('',(1.,-1.056278003556,0.));
#2354 = VERTEX_POINT('',#2355);
#2355 = CARTESIAN_POINT('',(1.,-1.056278003556,0.762001524003));
#2356 = B_SPLINE_CURVE_WITH_KNOTS('',1,(#2357,#2358),.UNSPECIFIED.,.F.,  .F.,(2,2),(0.,0.762001524003),.PIECEWISE_BEZIER_KNOTS.);
#2357 = CARTESIAN_POINT('',(1.,-1.056278003556,0.));
#2358 = CARTESIAN_POINT('',(1.,-1.056278003556,0.762001524003));
#2359 = ORIENTED_EDGE('',*,*,#2360,.T.);
#2360 = EDGE_CURVE('',#2352,#2361,#2363,.T.);
#2361 = VERTEX_POINT('',#2362);
#2362 = CARTESIAN_POINT('',(-1.,-1.056278003556,0.));
#2363 = B_SPLINE_CURVE_WITH_KNOTS('',1,(#2364,#2365),.UNSPECIFIED.,.F.,  .F.,(2,2),(0.,0.762001524003),.PIECEWISE_BEZIER_KNOTS.);
#2364 = CARTESIAN_POINT('',(1.,-1.056278003556,0.));
#2365 = CARTESIAN_POINT('',(-1.,-1.056278003556,0.));
#2366 = ORIENTED_EDGE('',*,*,#2367,.T.);
#2367 = EDGE_CURVE('',#2361,#2368,#2370,.T.);
#2368 = VERTEX_POINT('',#2369);
#2369 = CARTESIAN_POINT('',(-1.,-1.056278003556,0.762001524003));
#2370 = B_SPLINE_CURVE_WITH_KNOTS('',1,(#2371,#2372),.UNSPECIFIED.,.F.,  .F.,(2,2),(0.,0.762001524003),.PIECEWISE_BEZIER_KNOTS.);
#2371 = CARTESIAN_POINT('',(-1.,-1.056278003556,0.));
#2372 = CARTESIAN_POINT('',(-1.,-1.056278003556,0.762001524003));
#2373 = ORIENTED_EDGE('',*,*,#2374,.F.);
#2374 = EDGE_CURVE('',#2354,#2368,#2375,.T.);
#2375 = B_SPLINE_CURVE_WITH_KNOTS('',1,(#2376,#2377),.UNSPECIFIED.,.F.,  .F.,(2,2),(0.,0.762001524003),.PIECEWISE_BEZIER_KNOTS.);
#2376 = CARTESIAN_POINT('',(1.,-1.056278003556,0.762001524003));
#2377 = CARTESIAN_POINT('',(-1.,-1.056278003556,0.762001524003));
#2378 = B_SPLINE_SURFACE_WITH_KNOTS('',1,1,(    (#2379,#2380)    ,(#2381,#2382    )),.UNSPECIFIED.,.F.,.F.,.F.,(2,2),(2,2),(0.,0.762001524003),(    -0.762001524003,0.),.PIECEWISE_BEZIER_KNOTS.);
#2379 = CARTESIAN_POINT('',(-1.,-1.056278003556,0.));
#2380 = CARTESIAN_POINT('',(1.,-1.056278003556,0.));
#2381 = CARTESIAN_POINT('',(-1.,-1.056278003556,0.762001524003));
#2382 = CARTESIAN_POINT('',(1.,-1.056278003556,0.762001524003));
#2383 = ADVANCED_FACE('',(#2384),#2414,.T.);
#2384 = FACE_BOUND('',#2385,.T.);
#2385 = EDGE_LOOP('',(#2386,#2395,#2402,#2409));
#2386 = ORIENTED_EDGE('',*,*,#2387,.F.);
#2387 = EDGE_CURVE('',#2388,#2390,#2392,.T.);
#2388 = VERTEX_POINT('',#2389);
#2389 = CARTESIAN_POINT('',(1.,1.056278003556,0.));
#2390 = VERTEX_POINT('',#2391);
#2391 = CARTESIAN_POINT('',(1.,1.056278003556,0.762001524003));
#2392 = B_SPLINE_CURVE_WITH_KNOTS('',1,(#2393,#2394),.UNSPECIFIED.,.F.,  .F.,(2,2),(0.,0.762001524003),.PIECEWISE_BEZIER_KNOTS.);
#2393 = CARTESIAN_POINT('',(1.,1.056278003556,0.));
#2394 = CARTESIAN_POINT('',(1.,1.056278003556,0.762001524003));
#2395 = ORIENTED_EDGE('',*,*,#2396,.T.);
#2396 = EDGE_CURVE('',#2388,#2397,#2399,.T.);
#2397 = VERTEX_POINT('',#2398);
#2398 = CARTESIAN_POINT('',(-1.,1.056278003556,0.));
#2399 = B_SPLINE_CURVE_WITH_KNOTS('',1,(#2400,#2401),.UNSPECIFIED.,.F.,  .F.,(2,2),(0.,0.762001524003),.PIECEWISE_BEZIER_KNOTS.);
#2400 = CARTESIAN_POINT('',(1.,1.056278003556,0.));
#2401 = CARTESIAN_POINT('',(-1.,1.056278003556,0.));
#2402 = ORIENTED_EDGE('',*,*,#2403,.T.);
#2403 = EDGE_CURVE('',#2397,#2404,#2406,.T.);
#2404 = VERTEX_POINT('',#2405);
#2405 = CARTESIAN_POINT('',(-1.,1.056278003556,0.762001524003));
#2406 = B_SPLINE_CURVE_WITH_KNOTS('',1,(#2407,#2408),.UNSPECIFIED.,.F.,  .F.,(2,2),(0.,0.762001524003),.PIECEWISE_BEZIER_KNOTS.);
#2407 = CARTESIAN_POINT('',(-1.,1.056278003556,0.));
#2408 = CARTESIAN_POINT('',(-1.,1.056278003556,0.762001524003));
#2409 = ORIENTED_EDGE('',*,*,#2410,.F.);
#2410 = EDGE_CURVE('',#2390,#2404,#2411,.T.);
#2411 = B_SPLINE_CURVE_WITH_KNOTS('',1,(#2412,#2413),.UNSPECIFIED.,.F.,  .F.,(2,2),(0.,0.762001524003),.PIECEWISE_BEZIER_KNOTS.);
#2412 = CARTESIAN_POINT('',(1.,1.056278003556,0.762001524003));
#2413 = CARTESIAN_POINT('',(-1.,1.056278003556,0.762001524003));
#2414 = B_SPLINE_SURFACE_WITH_KNOTS('',1,1,(    (#2415,#2416)    ,(#2417,#2418    )),.UNSPECIFIED.,.F.,.F.,.F.,(2,2),(2,2),(0.,0.762001524003),(    -0.762001524003,0.),.PIECEWISE_BEZIER_KNOTS.);
#2415 = CARTESIAN_POINT('',(-1.,1.056278003556,0.));
#2416 = CARTESIAN_POINT('',(1.,1.056278003556,0.));
#2417 = CARTESIAN_POINT('',(-1.,1.056278003556,0.762001524003));
#2418 = CARTESIAN_POINT('',(1.,1.056278003556,0.762001524003));
#2419 = ADVANCED_FACE('',(#2420),#2434,.F.);
#2420 = FACE_BOUND('',#2421,.F.);
#2421 = EDGE_LOOP('',(#2422,#2427,#2428,#2433));
#2422 = ORIENTED_EDGE('',*,*,#2423,.F.);
#2423 = EDGE_CURVE('',#2352,#2388,#2424,.T.);
#2424 = B_SPLINE_CURVE_WITH_KNOTS('',1,(#2425,#2426),.UNSPECIFIED.,.F.,  .F.,(2,2),(0.,0.762001524003),.PIECEWISE_BEZIER_KNOTS.);
#2425 = CARTESIAN_POINT('',(1.,-1.056278003556,0.));
#2426 = CARTESIAN_POINT('',(1.,1.056278003556,0.));
#2427 = ORIENTED_EDGE('',*,*,#2351,.T.);
#2428 = ORIENTED_EDGE('',*,*,#2429,.T.);
#2429 = EDGE_CURVE('',#2354,#2390,#2430,.T.);
#2430 = B_SPLINE_CURVE_WITH_KNOTS('',1,(#2431,#2432),.UNSPECIFIED.,.F.,  .F.,(2,2),(0.,0.762001524003),.PIECEWISE_BEZIER_KNOTS.);
#2431 = CARTESIAN_POINT('',(1.,-1.056278003556,0.762001524003));
#2432 = CARTESIAN_POINT('',(1.,1.056278003556,0.762001524003));
#2433 = ORIENTED_EDGE('',*,*,#2387,.F.);
#2434 = B_SPLINE_SURFACE_WITH_KNOTS('',1,1,(    (#2435,#2436)    ,(#2437,#2438    )),.UNSPECIFIED.,.F.,.F.,.F.,(2,2),(2,2),(0.,0.762001524003),(0.,    0.762001524003),.PIECEWISE_BEZIER_KNOTS.);
#2435 = CARTESIAN_POINT('',(1.,-1.056278003556,0.));
#2436 = CARTESIAN_POINT('',(1.,1.056278003556,0.));
#2437 = CARTESIAN_POINT('',(1.,-1.056278003556,0.762001524003));
#2438 = CARTESIAN_POINT('',(1.,1.056278003556,0.762001524003));
#2439 = ADVANCED_FACE('',(#2440),#2454,.T.);
#2440 = FACE_BOUND('',#2441,.T.);
#2441 = EDGE_LOOP('',(#2442,#2447,#2448,#2453));
#2442 = ORIENTED_EDGE('',*,*,#2443,.F.);
#2443 = EDGE_CURVE('',#2361,#2397,#2444,.T.);
#2444 = B_SPLINE_CURVE_WITH_KNOTS('',1,(#2445,#2446),.UNSPECIFIED.,.F.,  .F.,(2,2),(0.,0.762001524003),.PIECEWISE_BEZIER_KNOTS.);
#2445 = CARTESIAN_POINT('',(-1.,-1.056278003556,0.));
#2446 = CARTESIAN_POINT('',(-1.,1.056278003556,0.));
#2447 = ORIENTED_EDGE('',*,*,#2367,.T.);
#2448 = ORIENTED_EDGE('',*,*,#2449,.T.);
#2449 = EDGE_CURVE('',#2368,#2404,#2450,.T.);
#2450 = B_SPLINE_CURVE_WITH_KNOTS('',1,(#2451,#2452),.UNSPECIFIED.,.F.,  .F.,(2,2),(0.,0.762001524003),.PIECEWISE_BEZIER_KNOTS.);
#2451 = CARTESIAN_POINT('',(-1.,-1.056278003556,0.762001524003));
#2452 = CARTESIAN_POINT('',(-1.,1.056278003556,0.762001524003));
#2453 = ORIENTED_EDGE('',*,*,#2403,.F.);
#2454 = B_SPLINE_SURFACE_WITH_KNOTS('',1,1,(    (#2455,#2456)    ,(#2457,#2458    )),.UNSPECIFIED.,.F.,.F.,.F.,(2,2),(2,2),(0.,0.762001524003),(0.,    0.762001524003),.PIECEWISE_BEZIER_KNOTS.);
#2455 = CARTESIAN_POINT('',(-1.,-1.056278003556,0.));
#2456 = CARTESIAN_POINT('',(-1.,1.056278003556,0.));
#2457 = CARTESIAN_POINT('',(-1.,-1.056278003556,0.762001524003));
#2458 = CARTESIAN_POINT('',(-1.,1.056278003556,0.762001524003));
#2459 = ADVANCED_FACE('',(#2460),#2466,.F.);
#2460 = FACE_BOUND('',#2461,.F.);
#2461 = EDGE_LOOP('',(#2462,#2463,#2464,#2465));
#2462 = ORIENTED_EDGE('',*,*,#2360,.F.);
#2463 = ORIENTED_EDGE('',*,*,#2423,.T.);
#2464 = ORIENTED_EDGE('',*,*,#2396,.T.);
#2465 = ORIENTED_EDGE('',*,*,#2443,.F.);
#2466 = B_SPLINE_SURFACE_WITH_KNOTS('',1,1,(    (#2467,#2468)    ,(#2469,#2470    )),.UNSPECIFIED.,.F.,.F.,.F.,(2,2),(2,2),(0.,0.762001524003),(0.,    0.762001524003),.PIECEWISE_BEZIER_KNOTS.);
#2467 = CARTESIAN_POINT('',(1.,-1.056278003556,0.));
#2468 = CARTESIAN_POINT('',(-1.,-1.056278003556,0.));
#2469 = CARTESIAN_POINT('',(1.,1.056278003556,0.));
#2470 = CARTESIAN_POINT('',(-1.,1.056278003556,0.));
#2471 = ADVANCED_FACE('',(#2472),#2478,.T.);
#2472 = FACE_BOUND('',#2473,.T.);
#2473 = EDGE_LOOP('',(#2474,#2475,#2476,#2477));
#2474 = ORIENTED_EDGE('',*,*,#2374,.F.);
#2475 = ORIENTED_EDGE('',*,*,#2429,.T.);
#2476 = ORIENTED_EDGE('',*,*,#2410,.T.);
#2477 = ORIENTED_EDGE('',*,*,#2449,.F.);
#2478 = B_SPLINE_SURFACE_WITH_KNOTS('',1,1,(    (#2479,#2480)    ,(#2481,#2482    )),.UNSPECIFIED.,.F.,.F.,.F.,(2,2),(2,2),(0.,0.762001524003),(0.,    0.762001524003),.PIECEWISE_BEZIER_KNOTS.);
#2479 = CARTESIAN_POINT('',(1.,-1.056278003556,0.762001524003));
#2480 = CARTESIAN_POINT('',(-1.,-1.056278003556,0.762001524003));
#2481 = CARTESIAN_POINT('',(1.,1.056278003556,0.762001524003));
#2482 = CARTESIAN_POINT('',(-1.,1.056278003556,0.762001524003));
#2483 = ( GEOMETRIC_REPRESENTATION_CONTEXT(3) GLOBAL_UNCERTAINTY_ASSIGNED_CONTEXT((#2487)) GLOBAL_UNIT_ASSIGNED_CONTEXT((#2484,#2485,#2486)) REPRESENTATION_CONTEXT('Context #1','3D Context with UNIT and UNCERTAINTY') );
#2484 = ( LENGTH_UNIT() NAMED_UNIT(*) SI_UNIT(.MILLI.,.METRE.) );
#2485 = ( NAMED_UNIT(*) PLANE_ANGLE_UNIT() SI_UNIT($,.RADIAN.) );
#2486 = ( NAMED_UNIT(*) SI_UNIT($,.STERADIAN.) SOLID_ANGLE_UNIT() );
#2487 = UNCERTAINTY_MEASURE_WITH_UNIT(LENGTH_MEASURE(2.E-07),#2484,  'distance_accuracy_value','confusion accuracy');
#2488 = CONTEXT_DEPENDENT_SHAPE_REPRESENTATION(#2489,#2491);
#2489 = ( REPRESENTATION_RELATIONSHIP('','',#2344,#2321) REPRESENTATION_RELATIONSHIP_WITH_TRANSFORMATION(#2490) SHAPE_REPRESENTATION_RELATIONSHIP() );
#2490 = ITEM_DEFINED_TRANSFORMATION('','',#11,#2322);
#2491 = PRODUCT_DEFINITION_SHAPE('Placement','Placement of an item',  #2492);
#2492 = NEXT_ASSEMBLY_USAGE_OCCURRENCE('8','=>[0:1:1:9]','',#2316,#2339,  $);
#2493 = PRODUCT_RELATED_PRODUCT_CATEGORY('part',$,(#2341));
#2494 = SHAPE_DEFINITION_REPRESENTATION(#2495,#2501);
#2495 = PRODUCT_DEFINITION_SHAPE('','',#2496);
#2496 = PRODUCT_DEFINITION('design','',#2497,#2500);
#2497 = PRODUCT_DEFINITION_FORMATION('','',#2498);
#2498 = PRODUCT('BTB~HDR-SMD_20P-P2.54-V-M-R2-C10-S7.4~HDR-SMD_20P-P2.54-V-M-R2-C10-S7.4~Dprc','BTB~HDR-SMD_20P-P2.54-V-M-R2-C10-S7.4~HDR-SMD_20P-P2.54-V-M-R2-C10-S7.4~Dprc','',(#2499));
#2499 = PRODUCT_CONTEXT('',#2,'mechanical');
#2500 = PRODUCT_DEFINITION_CONTEXT('part definition',#2,'design');
#2501 = SHAPE_REPRESENTATION('',(#11,#2502),#2506);
#2502 = AXIS2_PLACEMENT_3D('',#2503,#2504,#2505);
#2503 = CARTESIAN_POINT('',(0.,0.,0.));
#2504 = DIRECTION('',(0.,0.,1.));
#2505 = DIRECTION('',(1.,0.,-0.));
#2506 = ( GEOMETRIC_REPRESENTATION_CONTEXT(3) GLOBAL_UNCERTAINTY_ASSIGNED_CONTEXT((#2510)) GLOBAL_UNIT_ASSIGNED_CONTEXT((#2507,#2508,#2509)) REPRESENTATION_CONTEXT('Context #1','3D Context with UNIT and UNCERTAINTY') );
#2507 = ( LENGTH_UNIT() NAMED_UNIT(*) SI_UNIT(.MILLI.,.METRE.) );
#2508 = ( NAMED_UNIT(*) PLANE_ANGLE_UNIT() SI_UNIT($,.RADIAN.) );
#2509 = ( NAMED_UNIT(*) SI_UNIT($,.STERADIAN.) SOLID_ANGLE_UNIT() );
#2510 = UNCERTAINTY_MEASURE_WITH_UNIT(LENGTH_MEASURE(2.E-06),#2507,  'distance_accuracy_value','confusion accuracy');
#2511 = CONTEXT_DEPENDENT_SHAPE_REPRESENTATION(#2512,#2514);
#2512 = ( REPRESENTATION_RELATIONSHIP('','',#2501,#10) REPRESENTATION_RELATIONSHIP_WITH_TRANSFORMATION(#2513) SHAPE_REPRESENTATION_RELATIONSHIP() );
#2513 = ITEM_DEFINED_TRANSFORMATION('','',#11,#43);
#2514 = PRODUCT_DEFINITION_SHAPE('Placement','Placement of an item',  #2515);
#2515 = NEXT_ASSEMBLY_USAGE_OCCURRENCE('11','=>[0:1:1:12]','',#5,#2496,$  );
#2516 = PRODUCT_RELATED_PRODUCT_CATEGORY('part',$,(#2498));
#2517 = SHAPE_DEFINITION_REPRESENTATION(#2518,#2524);
#2518 = PRODUCT_DEFINITION_SHAPE('','',#2519);
#2519 = PRODUCT_DEFINITION('design','',#2520,#2523);
#2520 = PRODUCT_DEFINITION_FORMATION('','',#2521);
#2521 = PRODUCT('HDR-SMD_20P-P2.54-V-M-R2-C10-S7.4~HDR-SMD_20P-P2.54-V-M-R2-C10-S7.4~Dprc','HDR-SMD_20P-P2.54-V-M-R2-C10-S7.4~HDR-SMD_20P-P2.54-V-M-R2-C10-S7.4~Dprc','',(#2522));
#2522 = PRODUCT_CONTEXT('',#2,'mechanical');
#2523 = PRODUCT_DEFINITION_CONTEXT('part definition',#2,'design');
#2524 = ADVANCED_BREP_SHAPE_REPRESENTATION('',(#11,#2525),#2663);
#2525 = MANIFOLD_SOLID_BREP('',#2526);
#2526 = CLOSED_SHELL('',(#2527,#2563,#2599,#2619,#2639,#2651));
#2527 = ADVANCED_FACE('',(#2528),#2558,.F.);
#2528 = FACE_BOUND('',#2529,.F.);
#2529 = EDGE_LOOP('',(#2530,#2539,#2546,#2553));
#2530 = ORIENTED_EDGE('',*,*,#2531,.F.);
#2531 = EDGE_CURVE('',#2532,#2534,#2536,.T.);
#2532 = VERTEX_POINT('',#2533);
#2533 = CARTESIAN_POINT('',(-12.7,-3.7,0.));
#2534 = VERTEX_POINT('',#2535);
#2535 = CARTESIAN_POINT('',(-12.7,-3.7,0.762001524003));
#2536 = B_SPLINE_CURVE_WITH_KNOTS('',1,(#2537,#2538),.UNSPECIFIED.,.F.,  .F.,(2,2),(0.,0.762001524003),.PIECEWISE_BEZIER_KNOTS.);
#2537 = CARTESIAN_POINT('',(-12.7,-3.7,0.));
#2538 = CARTESIAN_POINT('',(-12.7,-3.7,0.762001524003));
#2539 = ORIENTED_EDGE('',*,*,#2540,.T.);
#2540 = EDGE_CURVE('',#2532,#2541,#2543,.T.);
#2541 = VERTEX_POINT('',#2542);
#2542 = CARTESIAN_POINT('',(-12.7,3.7,0.));
#2543 = B_SPLINE_CURVE_WITH_KNOTS('',1,(#2544,#2545),.UNSPECIFIED.,.F.,  .F.,(2,2),(0.,0.762001524003),.PIECEWISE_BEZIER_KNOTS.);
#2544 = CARTESIAN_POINT('',(-12.7,-3.7,0.));
#2545 = CARTESIAN_POINT('',(-12.7,3.7,0.));
#2546 = ORIENTED_EDGE('',*,*,#2547,.T.);
#2547 = EDGE_CURVE('',#2541,#2548,#2550,.T.);
#2548 = VERTEX_POINT('',#2549);
#2549 = CARTESIAN_POINT('',(-12.7,3.7,0.762001524003));
#2550 = B_SPLINE_CURVE_WITH_KNOTS('',1,(#2551,#2552),.UNSPECIFIED.,.F.,  .F.,(2,2),(0.,0.762001524003),.PIECEWISE_BEZIER_KNOTS.);
#2551 = CARTESIAN_POINT('',(-12.7,3.7,0.));
#2552 = CARTESIAN_POINT('',(-12.7,3.7,0.762001524003));
#2553 = ORIENTED_EDGE('',*,*,#2554,.F.);
#2554 = EDGE_CURVE('',#2534,#2548,#2555,.T.);
#2555 = B_SPLINE_CURVE_WITH_KNOTS('',1,(#2556,#2557),.UNSPECIFIED.,.F.,  .F.,(2,2),(0.,0.762001524003),.PIECEWISE_BEZIER_KNOTS.);
#2556 = CARTESIAN_POINT('',(-12.7,-3.7,0.762001524003));
#2557 = CARTESIAN_POINT('',(-12.7,3.7,0.762001524003));
#2558 = B_SPLINE_SURFACE_WITH_KNOTS('',1,1,(    (#2559,#2560)    ,(#2561,#2562    )),.UNSPECIFIED.,.F.,.F.,.F.,(2,2),(2,2),(0.,0.762001524003),(    -0.762001524003,0.),.PIECEWISE_BEZIER_KNOTS.);
#2559 = CARTESIAN_POINT('',(-12.7,3.7,0.));
#2560 = CARTESIAN_POINT('',(-12.7,-3.7,0.));
#2561 = CARTESIAN_POINT('',(-12.7,3.7,0.762001524003));
#2562 = CARTESIAN_POINT('',(-12.7,-3.7,0.762001524003));
#2563 = ADVANCED_FACE('',(#2564),#2594,.T.);
#2564 = FACE_BOUND('',#2565,.T.);
#2565 = EDGE_LOOP('',(#2566,#2575,#2582,#2589));
#2566 = ORIENTED_EDGE('',*,*,#2567,.F.);
#2567 = EDGE_CURVE('',#2568,#2570,#2572,.T.);
#2568 = VERTEX_POINT('',#2569);
#2569 = CARTESIAN_POINT('',(12.7,-3.7,0.));
#2570 = VERTEX_POINT('',#2571);
#2571 = CARTESIAN_POINT('',(12.7,-3.7,0.762001524003));
#2572 = B_SPLINE_CURVE_WITH_KNOTS('',1,(#2573,#2574),.UNSPECIFIED.,.F.,  .F.,(2,2),(0.,0.762001524003),.PIECEWISE_BEZIER_KNOTS.);
#2573 = CARTESIAN_POINT('',(12.7,-3.7,0.));
#2574 = CARTESIAN_POINT('',(12.7,-3.7,0.762001524003));
#2575 = ORIENTED_EDGE('',*,*,#2576,.T.);
#2576 = EDGE_CURVE('',#2568,#2577,#2579,.T.);
#2577 = VERTEX_POINT('',#2578);
#2578 = CARTESIAN_POINT('',(12.7,3.7,0.));
#2579 = B_SPLINE_CURVE_WITH_KNOTS('',1,(#2580,#2581),.UNSPECIFIED.,.F.,  .F.,(2,2),(0.,0.762001524003),.PIECEWISE_BEZIER_KNOTS.);
#2580 = CARTESIAN_POINT('',(12.7,-3.7,0.));
#2581 = CARTESIAN_POINT('',(12.7,3.7,0.));
#2582 = ORIENTED_EDGE('',*,*,#2583,.T.);
#2583 = EDGE_CURVE('',#2577,#2584,#2586,.T.);
#2584 = VERTEX_POINT('',#2585);
#2585 = CARTESIAN_POINT('',(12.7,3.7,0.762001524003));
#2586 = B_SPLINE_CURVE_WITH_KNOTS('',1,(#2587,#2588),.UNSPECIFIED.,.F.,  .F.,(2,2),(0.,0.762001524003),.PIECEWISE_BEZIER_KNOTS.);
#2587 = CARTESIAN_POINT('',(12.7,3.7,0.));
#2588 = CARTESIAN_POINT('',(12.7,3.7,0.762001524003));
#2589 = ORIENTED_EDGE('',*,*,#2590,.F.);
#2590 = EDGE_CURVE('',#2570,#2584,#2591,.T.);
#2591 = B_SPLINE_CURVE_WITH_KNOTS('',1,(#2592,#2593),.UNSPECIFIED.,.F.,  .F.,(2,2),(0.,0.762001524003),.PIECEWISE_BEZIER_KNOTS.);
#2592 = CARTESIAN_POINT('',(12.7,-3.7,0.762001524003));
#2593 = CARTESIAN_POINT('',(12.7,3.7,0.762001524003));
#2594 = B_SPLINE_SURFACE_WITH_KNOTS('',1,1,(    (#2595,#2596)    ,(#2597,#2598    )),.UNSPECIFIED.,.F.,.F.,.F.,(2,2),(2,2),(0.,0.762001524003),(    -0.762001524003,0.),.PIECEWISE_BEZIER_KNOTS.);
#2595 = CARTESIAN_POINT('',(12.7,3.7,0.));
#2596 = CARTESIAN_POINT('',(12.7,-3.7,0.));
#2597 = CARTESIAN_POINT('',(12.7,3.7,0.762001524003));
#2598 = CARTESIAN_POINT('',(12.7,-3.7,0.762001524003));
#2599 = ADVANCED_FACE('',(#2600),#2614,.F.);
#2600 = FACE_BOUND('',#2601,.F.);
#2601 = EDGE_LOOP('',(#2602,#2607,#2608,#2613));
#2602 = ORIENTED_EDGE('',*,*,#2603,.F.);
#2603 = EDGE_CURVE('',#2532,#2568,#2604,.T.);
#2604 = B_SPLINE_CURVE_WITH_KNOTS('',1,(#2605,#2606),.UNSPECIFIED.,.F.,  .F.,(2,2),(0.,0.762001524003),.PIECEWISE_BEZIER_KNOTS.);
#2605 = CARTESIAN_POINT('',(-12.7,-3.7,0.));
#2606 = CARTESIAN_POINT('',(12.7,-3.7,0.));
#2607 = ORIENTED_EDGE('',*,*,#2531,.T.);
#2608 = ORIENTED_EDGE('',*,*,#2609,.T.);
#2609 = EDGE_CURVE('',#2534,#2570,#2610,.T.);
#2610 = B_SPLINE_CURVE_WITH_KNOTS('',1,(#2611,#2612),.UNSPECIFIED.,.F.,  .F.,(2,2),(0.,0.762001524003),.PIECEWISE_BEZIER_KNOTS.);
#2611 = CARTESIAN_POINT('',(-12.7,-3.7,0.762001524003));
#2612 = CARTESIAN_POINT('',(12.7,-3.7,0.762001524003));
#2613 = ORIENTED_EDGE('',*,*,#2567,.F.);
#2614 = B_SPLINE_SURFACE_WITH_KNOTS('',1,1,(    (#2615,#2616)    ,(#2617,#2618    )),.UNSPECIFIED.,.F.,.F.,.F.,(2,2),(2,2),(0.,0.762001524003),(0.,    0.762001524003),.PIECEWISE_BEZIER_KNOTS.);
#2615 = CARTESIAN_POINT('',(-12.7,-3.7,0.));
#2616 = CARTESIAN_POINT('',(12.7,-3.7,0.));
#2617 = CARTESIAN_POINT('',(-12.7,-3.7,0.762001524003));
#2618 = CARTESIAN_POINT('',(12.7,-3.7,0.762001524003));
#2619 = ADVANCED_FACE('',(#2620),#2634,.T.);
#2620 = FACE_BOUND('',#2621,.T.);
#2621 = EDGE_LOOP('',(#2622,#2627,#2628,#2633));
#2622 = ORIENTED_EDGE('',*,*,#2623,.F.);
#2623 = EDGE_CURVE('',#2541,#2577,#2624,.T.);
#2624 = B_SPLINE_CURVE_WITH_KNOTS('',1,(#2625,#2626),.UNSPECIFIED.,.F.,  .F.,(2,2),(0.,0.762001524003),.PIECEWISE_BEZIER_KNOTS.);
#2625 = CARTESIAN_POINT('',(-12.7,3.7,0.));
#2626 = CARTESIAN_POINT('',(12.7,3.7,0.));
#2627 = ORIENTED_EDGE('',*,*,#2547,.T.);
#2628 = ORIENTED_EDGE('',*,*,#2629,.T.);
#2629 = EDGE_CURVE('',#2548,#2584,#2630,.T.);
#2630 = B_SPLINE_CURVE_WITH_KNOTS('',1,(#2631,#2632),.UNSPECIFIED.,.F.,  .F.,(2,2),(0.,0.762001524003),.PIECEWISE_BEZIER_KNOTS.);
#2631 = CARTESIAN_POINT('',(-12.7,3.7,0.762001524003));
#2632 = CARTESIAN_POINT('',(12.7,3.7,0.762001524003));
#2633 = ORIENTED_EDGE('',*,*,#2583,.F.);
#2634 = B_SPLINE_SURFACE_WITH_KNOTS('',1,1,(    (#2635,#2636)    ,(#2637,#2638    )),.UNSPECIFIED.,.F.,.F.,.F.,(2,2),(2,2),(0.,0.762001524003),(0.,    0.762001524003),.PIECEWISE_BEZIER_KNOTS.);
#2635 = CARTESIAN_POINT('',(-12.7,3.7,0.));
#2636 = CARTESIAN_POINT('',(12.7,3.7,0.));
#2637 = CARTESIAN_POINT('',(-12.7,3.7,0.762001524003));
#2638 = CARTESIAN_POINT('',(12.7,3.7,0.762001524003));
#2639 = ADVANCED_FACE('',(#2640),#2646,.F.);
#2640 = FACE_BOUND('',#2641,.F.);
#2641 = EDGE_LOOP('',(#2642,#2643,#2644,#2645));
#2642 = ORIENTED_EDGE('',*,*,#2540,.F.);
#2643 = ORIENTED_EDGE('',*,*,#2603,.T.);
#2644 = ORIENTED_EDGE('',*,*,#2576,.T.);
#2645 = ORIENTED_EDGE('',*,*,#2623,.F.);
#2646 = B_SPLINE_SURFACE_WITH_KNOTS('',1,1,(    (#2647,#2648)    ,(#2649,#2650    )),.UNSPECIFIED.,.F.,.F.,.F.,(2,2),(2,2),(0.,0.762001524003),(0.,    0.762001524003),.PIECEWISE_BEZIER_KNOTS.);
#2647 = CARTESIAN_POINT('',(-12.7,-3.7,0.));
#2648 = CARTESIAN_POINT('',(-12.7,3.7,0.));
#2649 = CARTESIAN_POINT('',(12.7,-3.7,0.));
#2650 = CARTESIAN_POINT('',(12.7,3.7,0.));
#2651 = ADVANCED_FACE('',(#2652),#2658,.T.);
#2652 = FACE_BOUND('',#2653,.T.);
#2653 = EDGE_LOOP('',(#2654,#2655,#2656,#2657));
#2654 = ORIENTED_EDGE('',*,*,#2554,.F.);
#2655 = ORIENTED_EDGE('',*,*,#2609,.T.);
#2656 = ORIENTED_EDGE('',*,*,#2590,.T.);
#2657 = ORIENTED_EDGE('',*,*,#2629,.F.);
#2658 = B_SPLINE_SURFACE_WITH_KNOTS('',1,1,(    (#2659,#2660)    ,(#2661,#2662    )),.UNSPECIFIED.,.F.,.F.,.F.,(2,2),(2,2),(0.,0.762001524003),(0.,    0.762001524003),.PIECEWISE_BEZIER_KNOTS.);
#2659 = CARTESIAN_POINT('',(-12.7,-3.7,0.762001524003));
#2660 = CARTESIAN_POINT('',(-12.7,3.7,0.762001524003));
#2661 = CARTESIAN_POINT('',(12.7,-3.7,0.762001524003));
#2662 = CARTESIAN_POINT('',(12.7,3.7,0.762001524003));
#2663 = ( GEOMETRIC_REPRESENTATION_CONTEXT(3) GLOBAL_UNCERTAINTY_ASSIGNED_CONTEXT((#2667)) GLOBAL_UNIT_ASSIGNED_CONTEXT((#2664,#2665,#2666)) REPRESENTATION_CONTEXT('Context #1','3D Context with UNIT and UNCERTAINTY') );
#2664 = ( LENGTH_UNIT() NAMED_UNIT(*) SI_UNIT(.MILLI.,.METRE.) );
#2665 = ( NAMED_UNIT(*) PLANE_ANGLE_UNIT() SI_UNIT($,.RADIAN.) );
#2666 = ( NAMED_UNIT(*) SI_UNIT($,.STERADIAN.) SOLID_ANGLE_UNIT() );
#2667 = UNCERTAINTY_MEASURE_WITH_UNIT(LENGTH_MEASURE(2.E-06),#2664,  'distance_accuracy_value','confusion accuracy');
#2668 = CONTEXT_DEPENDENT_SHAPE_REPRESENTATION(#2669,#2671);
#2669 = ( REPRESENTATION_RELATIONSHIP('','',#2524,#2501) REPRESENTATION_RELATIONSHIP_WITH_TRANSFORMATION(#2670) SHAPE_REPRESENTATION_RELATIONSHIP() );
#2670 = ITEM_DEFINED_TRANSFORMATION('','',#11,#2502);
#2671 = PRODUCT_DEFINITION_SHAPE('Placement','Placement of an item',  #2672);
#2672 = NEXT_ASSEMBLY_USAGE_OCCURRENCE('10','=>[0:1:1:11]','',#2496,  #2519,$);
#2673 = PRODUCT_RELATED_PRODUCT_CATEGORY('part',$,(#2521));
#2674 = SHAPE_DEFINITION_REPRESENTATION(#2675,#2681);
#2675 = PRODUCT_DEFINITION_SHAPE('','',#2676);
#2676 = PRODUCT_DEFINITION('design','',#2677,#2680);
#2677 = PRODUCT_DEFINITION_FORMATION('','',#2678);
#2678 = PRODUCT('C1~C0603~C0603_L1.6-W0.8-H0.8~Dprc',  'C1~C0603~C0603_L1.6-W0.8-H0.8~Dprc','',(#2679));
#2679 = PRODUCT_CONTEXT('',#2,'mechanical');
#2680 = PRODUCT_DEFINITION_CONTEXT('part definition',#2,'design');
#2681 = SHAPE_REPRESENTATION('',(#11,#2682),#2686);
#2682 = AXIS2_PLACEMENT_3D('',#2683,#2684,#2685);
#2683 = CARTESIAN_POINT('',(0.,0.,0.));
#2684 = DIRECTION('',(0.,0.,1.));
#2685 = DIRECTION('',(1.,0.,-0.));
#2686 = ( GEOMETRIC_REPRESENTATION_CONTEXT(3) GLOBAL_UNCERTAINTY_ASSIGNED_CONTEXT((#2690)) GLOBAL_UNIT_ASSIGNED_CONTEXT((#2687,#2688,#2689)) REPRESENTATION_CONTEXT('Context #1','3D Context with UNIT and UNCERTAINTY') );
#2687 = ( LENGTH_UNIT() NAMED_UNIT(*) SI_UNIT(.MILLI.,.METRE.) );
#2688 = ( NAMED_UNIT(*) PLANE_ANGLE_UNIT() SI_UNIT($,.RADIAN.) );
#2689 = ( NAMED_UNIT(*) SI_UNIT($,.STERADIAN.) SOLID_ANGLE_UNIT() );
#2690 = UNCERTAINTY_MEASURE_WITH_UNIT(LENGTH_MEASURE(2.E-07),#2687,  'distance_accuracy_value','confusion accuracy');
#2691 = CONTEXT_DEPENDENT_SHAPE_REPRESENTATION(#2692,#2694);
#2692 = ( REPRESENTATION_RELATIONSHIP('','',#2681,#10) REPRESENTATION_RELATIONSHIP_WITH_TRANSFORMATION(#2693) SHAPE_REPRESENTATION_RELATIONSHIP() );
#2693 = ITEM_DEFINED_TRANSFORMATION('','',#11,#47);
#2694 = PRODUCT_DEFINITION_SHAPE('Placement','Placement of an item',  #2695);
#2695 = NEXT_ASSEMBLY_USAGE_OCCURRENCE('13','=>[0:1:1:14]','',#5,#2676,$  );
#2696 = PRODUCT_RELATED_PRODUCT_CATEGORY('part',$,(#2678));
#2697 = SHAPE_DEFINITION_REPRESENTATION(#2698,#2704);
#2698 = PRODUCT_DEFINITION_SHAPE('','',#2699);
#2699 = PRODUCT_DEFINITION('design','',#2700,#2703);
#2700 = PRODUCT_DEFINITION_FORMATION('','',#2701);
#2701 = PRODUCT('C0603~C0603_L1.6-W0.8-H0.8~Dprc',  'C0603~C0603_L1.6-W0.8-H0.8~Dprc','',(#2702));
#2702 = PRODUCT_CONTEXT('',#2,'mechanical');
#2703 = PRODUCT_DEFINITION_CONTEXT('part definition',#2,'design');
#2704 = ADVANCED_BREP_SHAPE_REPRESENTATION('',(#11,#2705),#2843);
#2705 = MANIFOLD_SOLID_BREP('',#2706);
#2706 = CLOSED_SHELL('',(#2707,#2743,#2779,#2799,#2819,#2831));
#2707 = ADVANCED_FACE('',(#2708),#2738,.F.);
#2708 = FACE_BOUND('',#2709,.F.);
#2709 = EDGE_LOOP('',(#2710,#2719,#2726,#2733));
#2710 = ORIENTED_EDGE('',*,*,#2711,.F.);
#2711 = EDGE_CURVE('',#2712,#2714,#2716,.T.);
#2712 = VERTEX_POINT('',#2713);
#2713 = CARTESIAN_POINT('',(-0.8,-0.4,0.));
#2714 = VERTEX_POINT('',#2715);
#2715 = CARTESIAN_POINT('',(-0.8,-0.4,0.762001524003));
#2716 = B_SPLINE_CURVE_WITH_KNOTS('',1,(#2717,#2718),.UNSPECIFIED.,.F.,  .F.,(2,2),(0.,0.762001524003),.PIECEWISE_BEZIER_KNOTS.);
#2717 = CARTESIAN_POINT('',(-0.8,-0.4,0.));
#2718 = CARTESIAN_POINT('',(-0.8,-0.4,0.762001524003));
#2719 = ORIENTED_EDGE('',*,*,#2720,.T.);
#2720 = EDGE_CURVE('',#2712,#2721,#2723,.T.);
#2721 = VERTEX_POINT('',#2722);
#2722 = CARTESIAN_POINT('',(-0.8,0.4,0.));
#2723 = B_SPLINE_CURVE_WITH_KNOTS('',1,(#2724,#2725),.UNSPECIFIED.,.F.,  .F.,(2,2),(0.,0.762001524003),.PIECEWISE_BEZIER_KNOTS.);
#2724 = CARTESIAN_POINT('',(-0.8,-0.4,0.));
#2725 = CARTESIAN_POINT('',(-0.8,0.4,0.));
#2726 = ORIENTED_EDGE('',*,*,#2727,.T.);
#2727 = EDGE_CURVE('',#2721,#2728,#2730,.T.);
#2728 = VERTEX_POINT('',#2729);
#2729 = CARTESIAN_POINT('',(-0.8,0.4,0.762001524003));
#2730 = B_SPLINE_CURVE_WITH_KNOTS('',1,(#2731,#2732),.UNSPECIFIED.,.F.,  .F.,(2,2),(0.,0.762001524003),.PIECEWISE_BEZIER_KNOTS.);
#2731 = CARTESIAN_POINT('',(-0.8,0.4,0.));
#2732 = CARTESIAN_POINT('',(-0.8,0.4,0.762001524003));
#2733 = ORIENTED_EDGE('',*,*,#2734,.F.);
#2734 = EDGE_CURVE('',#2714,#2728,#2735,.T.);
#2735 = B_SPLINE_CURVE_WITH_KNOTS('',1,(#2736,#2737),.UNSPECIFIED.,.F.,  .F.,(2,2),(0.,0.762001524003),.PIECEWISE_BEZIER_KNOTS.);
#2736 = CARTESIAN_POINT('',(-0.8,-0.4,0.762001524003));
#2737 = CARTESIAN_POINT('',(-0.8,0.4,0.762001524003));
#2738 = B_SPLINE_SURFACE_WITH_KNOTS('',1,1,(    (#2739,#2740)    ,(#2741,#2742    )),.UNSPECIFIED.,.F.,.F.,.F.,(2,2),(2,2),(0.,0.762001524003),(    -0.762001524003,0.),.PIECEWISE_BEZIER_KNOTS.);
#2739 = CARTESIAN_POINT('',(-0.8,0.4,0.));
#2740 = CARTESIAN_POINT('',(-0.8,-0.4,0.));
#2741 = CARTESIAN_POINT('',(-0.8,0.4,0.762001524003));
#2742 = CARTESIAN_POINT('',(-0.8,-0.4,0.762001524003));
#2743 = ADVANCED_FACE('',(#2744),#2774,.T.);
#2744 = FACE_BOUND('',#2745,.T.);
#2745 = EDGE_LOOP('',(#2746,#2755,#2762,#2769));
#2746 = ORIENTED_EDGE('',*,*,#2747,.F.);
#2747 = EDGE_CURVE('',#2748,#2750,#2752,.T.);
#2748 = VERTEX_POINT('',#2749);
#2749 = CARTESIAN_POINT('',(0.8,-0.4,0.));
#2750 = VERTEX_POINT('',#2751);
#2751 = CARTESIAN_POINT('',(0.8,-0.4,0.762001524003));
#2752 = B_SPLINE_CURVE_WITH_KNOTS('',1,(#2753,#2754),.UNSPECIFIED.,.F.,  .F.,(2,2),(0.,0.762001524003),.PIECEWISE_BEZIER_KNOTS.);
#2753 = CARTESIAN_POINT('',(0.8,-0.4,0.));
#2754 = CARTESIAN_POINT('',(0.8,-0.4,0.762001524003));
#2755 = ORIENTED_EDGE('',*,*,#2756,.T.);
#2756 = EDGE_CURVE('',#2748,#2757,#2759,.T.);
#2757 = VERTEX_POINT('',#2758);
#2758 = CARTESIAN_POINT('',(0.8,0.4,0.));
#2759 = B_SPLINE_CURVE_WITH_KNOTS('',1,(#2760,#2761),.UNSPECIFIED.,.F.,  .F.,(2,2),(0.,0.762001524003),.PIECEWISE_BEZIER_KNOTS.);
#2760 = CARTESIAN_POINT('',(0.8,-0.4,0.));
#2761 = CARTESIAN_POINT('',(0.8,0.4,0.));
#2762 = ORIENTED_EDGE('',*,*,#2763,.T.);
#2763 = EDGE_CURVE('',#2757,#2764,#2766,.T.);
#2764 = VERTEX_POINT('',#2765);
#2765 = CARTESIAN_POINT('',(0.8,0.4,0.762001524003));
#2766 = B_SPLINE_CURVE_WITH_KNOTS('',1,(#2767,#2768),.UNSPECIFIED.,.F.,  .F.,(2,2),(0.,0.762001524003),.PIECEWISE_BEZIER_KNOTS.);
#2767 = CARTESIAN_POINT('',(0.8,0.4,0.));
#2768 = CARTESIAN_POINT('',(0.8,0.4,0.762001524003));
#2769 = ORIENTED_EDGE('',*,*,#2770,.F.);
#2770 = EDGE_CURVE('',#2750,#2764,#2771,.T.);
#2771 = B_SPLINE_CURVE_WITH_KNOTS('',1,(#2772,#2773),.UNSPECIFIED.,.F.,  .F.,(2,2),(0.,0.762001524003),.PIECEWISE_BEZIER_KNOTS.);
#2772 = CARTESIAN_POINT('',(0.8,-0.4,0.762001524003));
#2773 = CARTESIAN_POINT('',(0.8,0.4,0.762001524003));
#2774 = B_SPLINE_SURFACE_WITH_KNOTS('',1,1,(    (#2775,#2776)    ,(#2777,#2778    )),.UNSPECIFIED.,.F.,.F.,.F.,(2,2),(2,2),(0.,0.762001524003),(    -0.762001524003,0.),.PIECEWISE_BEZIER_KNOTS.);
#2775 = CARTESIAN_POINT('',(0.8,0.4,0.));
#2776 = CARTESIAN_POINT('',(0.8,-0.4,0.));
#2777 = CARTESIAN_POINT('',(0.8,0.4,0.762001524003));
#2778 = CARTESIAN_POINT('',(0.8,-0.4,0.762001524003));
#2779 = ADVANCED_FACE('',(#2780),#2794,.F.);
#2780 = FACE_BOUND('',#2781,.F.);
#2781 = EDGE_LOOP('',(#2782,#2787,#2788,#2793));
#2782 = ORIENTED_EDGE('',*,*,#2783,.F.);
#2783 = EDGE_CURVE('',#2712,#2748,#2784,.T.);
#2784 = B_SPLINE_CURVE_WITH_KNOTS('',1,(#2785,#2786),.UNSPECIFIED.,.F.,  .F.,(2,2),(0.,0.762001524003),.PIECEWISE_BEZIER_KNOTS.);
#2785 = CARTESIAN_POINT('',(-0.8,-0.4,0.));
#2786 = CARTESIAN_POINT('',(0.8,-0.4,0.));
#2787 = ORIENTED_EDGE('',*,*,#2711,.T.);
#2788 = ORIENTED_EDGE('',*,*,#2789,.T.);
#2789 = EDGE_CURVE('',#2714,#2750,#2790,.T.);
#2790 = B_SPLINE_CURVE_WITH_KNOTS('',1,(#2791,#2792),.UNSPECIFIED.,.F.,  .F.,(2,2),(0.,0.762001524003),.PIECEWISE_BEZIER_KNOTS.);
#2791 = CARTESIAN_POINT('',(-0.8,-0.4,0.762001524003));
#2792 = CARTESIAN_POINT('',(0.8,-0.4,0.762001524003));
#2793 = ORIENTED_EDGE('',*,*,#2747,.F.);
#2794 = B_SPLINE_SURFACE_WITH_KNOTS('',1,1,(    (#2795,#2796)    ,(#2797,#2798    )),.UNSPECIFIED.,.F.,.F.,.F.,(2,2),(2,2),(0.,0.762001524003),(0.,    0.762001524003),.PIECEWISE_BEZIER_KNOTS.);
#2795 = CARTESIAN_POINT('',(-0.8,-0.4,0.));
#2796 = CARTESIAN_POINT('',(0.8,-0.4,0.));
#2797 = CARTESIAN_POINT('',(-0.8,-0.4,0.762001524003));
#2798 = CARTESIAN_POINT('',(0.8,-0.4,0.762001524003));
#2799 = ADVANCED_FACE('',(#2800),#2814,.T.);
#2800 = FACE_BOUND('',#2801,.T.);
#2801 = EDGE_LOOP('',(#2802,#2807,#2808,#2813));
#2802 = ORIENTED_EDGE('',*,*,#2803,.F.);
#2803 = EDGE_CURVE('',#2721,#2757,#2804,.T.);
#2804 = B_SPLINE_CURVE_WITH_KNOTS('',1,(#2805,#2806),.UNSPECIFIED.,.F.,  .F.,(2,2),(0.,0.762001524003),.PIECEWISE_BEZIER_KNOTS.);
#2805 = CARTESIAN_POINT('',(-0.8,0.4,0.));
#2806 = CARTESIAN_POINT('',(0.8,0.4,0.));
#2807 = ORIENTED_EDGE('',*,*,#2727,.T.);
#2808 = ORIENTED_EDGE('',*,*,#2809,.T.);
#2809 = EDGE_CURVE('',#2728,#2764,#2810,.T.);
#2810 = B_SPLINE_CURVE_WITH_KNOTS('',1,(#2811,#2812),.UNSPECIFIED.,.F.,  .F.,(2,2),(0.,0.762001524003),.PIECEWISE_BEZIER_KNOTS.);
#2811 = CARTESIAN_POINT('',(-0.8,0.4,0.762001524003));
#2812 = CARTESIAN_POINT('',(0.8,0.4,0.762001524003));
#2813 = ORIENTED_EDGE('',*,*,#2763,.F.);
#2814 = B_SPLINE_SURFACE_WITH_KNOTS('',1,1,(    (#2815,#2816)    ,(#2817,#2818    )),.UNSPECIFIED.,.F.,.F.,.F.,(2,2),(2,2),(0.,0.762001524003),(0.,    0.762001524003),.PIECEWISE_BEZIER_KNOTS.);
#2815 = CARTESIAN_POINT('',(-0.8,0.4,0.));
#2816 = CARTESIAN_POINT('',(0.8,0.4,0.));
#2817 = CARTESIAN_POINT('',(-0.8,0.4,0.762001524003));
#2818 = CARTESIAN_POINT('',(0.8,0.4,0.762001524003));
#2819 = ADVANCED_FACE('',(#2820),#2826,.F.);
#2820 = FACE_BOUND('',#2821,.F.);
#2821 = EDGE_LOOP('',(#2822,#2823,#2824,#2825));
#2822 = ORIENTED_EDGE('',*,*,#2720,.F.);
#2823 = ORIENTED_EDGE('',*,*,#2783,.T.);
#2824 = ORIENTED_EDGE('',*,*,#2756,.T.);
#2825 = ORIENTED_EDGE('',*,*,#2803,.F.);
#2826 = B_SPLINE_SURFACE_WITH_KNOTS('',1,1,(    (#2827,#2828)    ,(#2829,#2830    )),.UNSPECIFIED.,.F.,.F.,.F.,(2,2),(2,2),(0.,0.762001524003),(0.,    0.762001524003),.PIECEWISE_BEZIER_KNOTS.);
#2827 = CARTESIAN_POINT('',(-0.8,-0.4,0.));
#2828 = CARTESIAN_POINT('',(-0.8,0.4,0.));
#2829 = CARTESIAN_POINT('',(0.8,-0.4,0.));
#2830 = CARTESIAN_POINT('',(0.8,0.4,0.));
#2831 = ADVANCED_FACE('',(#2832),#2838,.T.);
#2832 = FACE_BOUND('',#2833,.T.);
#2833 = EDGE_LOOP('',(#2834,#2835,#2836,#2837));
#2834 = ORIENTED_EDGE('',*,*,#2734,.F.);
#2835 = ORIENTED_EDGE('',*,*,#2789,.T.);
#2836 = ORIENTED_EDGE('',*,*,#2770,.T.);
#2837 = ORIENTED_EDGE('',*,*,#2809,.F.);
#2838 = B_SPLINE_SURFACE_WITH_KNOTS('',1,1,(    (#2839,#2840)    ,(#2841,#2842    )),.UNSPECIFIED.,.F.,.F.,.F.,(2,2),(2,2),(0.,0.762001524003),(0.,    0.762001524003),.PIECEWISE_BEZIER_KNOTS.);
#2839 = CARTESIAN_POINT('',(-0.8,-0.4,0.762001524003));
#2840 = CARTESIAN_POINT('',(-0.8,0.4,0.762001524003));
#2841 = CARTESIAN_POINT('',(0.8,-0.4,0.762001524003));
#2842 = CARTESIAN_POINT('',(0.8,0.4,0.762001524003));
#2843 = ( GEOMETRIC_REPRESENTATION_CONTEXT(3) GLOBAL_UNCERTAINTY_ASSIGNED_CONTEXT((#2847)) GLOBAL_UNIT_ASSIGNED_CONTEXT((#2844,#2845,#2846)) REPRESENTATION_CONTEXT('Context #1','3D Context with UNIT and UNCERTAINTY') );
#2844 = ( LENGTH_UNIT() NAMED_UNIT(*) SI_UNIT(.MILLI.,.METRE.) );
#2845 = ( NAMED_UNIT(*) PLANE_ANGLE_UNIT() SI_UNIT($,.RADIAN.) );
#2846 = ( NAMED_UNIT(*) SI_UNIT($,.STERADIAN.) SOLID_ANGLE_UNIT() );
#2847 = UNCERTAINTY_MEASURE_WITH_UNIT(LENGTH_MEASURE(2.E-07),#2844,  'distance_accuracy_value','confusion accuracy');
#2848 = CONTEXT_DEPENDENT_SHAPE_REPRESENTATION(#2849,#2851);
#2849 = ( REPRESENTATION_RELATIONSHIP('','',#2704,#2681) REPRESENTATION_RELATIONSHIP_WITH_TRANSFORMATION(#2850) SHAPE_REPRESENTATION_RELATIONSHIP() );
#2850 = ITEM_DEFINED_TRANSFORMATION('','',#11,#2682);
#2851 = PRODUCT_DEFINITION_SHAPE('Placement','Placement of an item',  #2852);
#2852 = NEXT_ASSEMBLY_USAGE_OCCURRENCE('12','=>[0:1:1:13]','',#2676,  #2699,$);
#2853 = PRODUCT_RELATED_PRODUCT_CATEGORY('part',$,(#2701));
#2854 = SHAPE_DEFINITION_REPRESENTATION(#2855,#2861);
#2855 = PRODUCT_DEFINITION_SHAPE('','',#2856);
#2856 = PRODUCT_DEFINITION('design','',#2857,#2860);
#2857 = PRODUCT_DEFINITION_FORMATION('','',#2858);
#2858 = PRODUCT('C2~C0603~C0603_L1.6-W0.8-H0.8~Dprc',  'C2~C0603~C0603_L1.6-W0.8-H0.8~Dprc','',(#2859));
#2859 = PRODUCT_CONTEXT('',#2,'mechanical');
#2860 = PRODUCT_DEFINITION_CONTEXT('part definition',#2,'design');
#2861 = SHAPE_REPRESENTATION('',(#11,#2862),#2866);
#2862 = AXIS2_PLACEMENT_3D('',#2863,#2864,#2865);
#2863 = CARTESIAN_POINT('',(0.,0.,0.));
#2864 = DIRECTION('',(0.,0.,1.));
#2865 = DIRECTION('',(1.,0.,-0.));
#2866 = ( GEOMETRIC_REPRESENTATION_CONTEXT(3) GLOBAL_UNCERTAINTY_ASSIGNED_CONTEXT((#2870)) GLOBAL_UNIT_ASSIGNED_CONTEXT((#2867,#2868,#2869)) REPRESENTATION_CONTEXT('Context #1','3D Context with UNIT and UNCERTAINTY') );
#2867 = ( LENGTH_UNIT() NAMED_UNIT(*) SI_UNIT(.MILLI.,.METRE.) );
#2868 = ( NAMED_UNIT(*) PLANE_ANGLE_UNIT() SI_UNIT($,.RADIAN.) );
#2869 = ( NAMED_UNIT(*) SI_UNIT($,.STERADIAN.) SOLID_ANGLE_UNIT() );
#2870 = UNCERTAINTY_MEASURE_WITH_UNIT(LENGTH_MEASURE(2.E-07),#2867,  'distance_accuracy_value','confusion accuracy');
#2871 = CONTEXT_DEPENDENT_SHAPE_REPRESENTATION(#2872,#2874);
#2872 = ( REPRESENTATION_RELATIONSHIP('','',#2861,#10) REPRESENTATION_RELATIONSHIP_WITH_TRANSFORMATION(#2873) SHAPE_REPRESENTATION_RELATIONSHIP() );
#2873 = ITEM_DEFINED_TRANSFORMATION('','',#11,#51);
#2874 = PRODUCT_DEFINITION_SHAPE('Placement','Placement of an item',  #2875);
#2875 = NEXT_ASSEMBLY_USAGE_OCCURRENCE('15','=>[0:1:1:15]','',#5,#2856,$  );
#2876 = PRODUCT_RELATED_PRODUCT_CATEGORY('part',$,(#2858));
#2877 = CONTEXT_DEPENDENT_SHAPE_REPRESENTATION(#2878,#2880);
#2878 = ( REPRESENTATION_RELATIONSHIP('','',#2704,#2861) REPRESENTATION_RELATIONSHIP_WITH_TRANSFORMATION(#2879) SHAPE_REPRESENTATION_RELATIONSHIP() );
#2879 = ITEM_DEFINED_TRANSFORMATION('','',#11,#2862);
#2880 = PRODUCT_DEFINITION_SHAPE('Placement','Placement of an item',  #2881);
#2881 = NEXT_ASSEMBLY_USAGE_OCCURRENCE('14','','',#2856,#2699,$);
#2882 = SHAPE_DEFINITION_REPRESENTATION(#2883,#2889);
#2883 = PRODUCT_DEFINITION_SHAPE('','',#2884);
#2884 = PRODUCT_DEFINITION('design','',#2885,#2888);
#2885 = PRODUCT_DEFINITION_FORMATION('','',#2886);
#2886 = PRODUCT('C3~C0603~C0603_L1.6-W0.8-H0.8~Dprc',  'C3~C0603~C0603_L1.6-W0.8-H0.8~Dprc','',(#2887));
#2887 = PRODUCT_CONTEXT('',#2,'mechanical');
#2888 = PRODUCT_DEFINITION_CONTEXT('part definition',#2,'design');
#2889 = SHAPE_REPRESENTATION('',(#11,#2890),#2894);
#2890 = AXIS2_PLACEMENT_3D('',#2891,#2892,#2893);
#2891 = CARTESIAN_POINT('',(0.,0.,0.));
#2892 = DIRECTION('',(0.,0.,1.));
#2893 = DIRECTION('',(1.,0.,-0.));
#2894 = ( GEOMETRIC_REPRESENTATION_CONTEXT(3) GLOBAL_UNCERTAINTY_ASSIGNED_CONTEXT((#2898)) GLOBAL_UNIT_ASSIGNED_CONTEXT((#2895,#2896,#2897)) REPRESENTATION_CONTEXT('Context #1','3D Context with UNIT and UNCERTAINTY') );
#2895 = ( LENGTH_UNIT() NAMED_UNIT(*) SI_UNIT(.MILLI.,.METRE.) );
#2896 = ( NAMED_UNIT(*) PLANE_ANGLE_UNIT() SI_UNIT($,.RADIAN.) );
#2897 = ( NAMED_UNIT(*) SI_UNIT($,.STERADIAN.) SOLID_ANGLE_UNIT() );
#2898 = UNCERTAINTY_MEASURE_WITH_UNIT(LENGTH_MEASURE(2.E-07),#2895,  'distance_accuracy_value','confusion accuracy');
#2899 = CONTEXT_DEPENDENT_SHAPE_REPRESENTATION(#2900,#2902);
#2900 = ( REPRESENTATION_RELATIONSHIP('','',#2889,#10) REPRESENTATION_RELATIONSHIP_WITH_TRANSFORMATION(#2901) SHAPE_REPRESENTATION_RELATIONSHIP() );
#2901 = ITEM_DEFINED_TRANSFORMATION('','',#11,#55);
#2902 = PRODUCT_DEFINITION_SHAPE('Placement','Placement of an item',  #2903);
#2903 = NEXT_ASSEMBLY_USAGE_OCCURRENCE('17','=>[0:1:1:16]','',#5,#2884,$  );
#2904 = PRODUCT_RELATED_PRODUCT_CATEGORY('part',$,(#2886));
#2905 = CONTEXT_DEPENDENT_SHAPE_REPRESENTATION(#2906,#2908);
#2906 = ( REPRESENTATION_RELATIONSHIP('','',#2704,#2889) REPRESENTATION_RELATIONSHIP_WITH_TRANSFORMATION(#2907) SHAPE_REPRESENTATION_RELATIONSHIP() );
#2907 = ITEM_DEFINED_TRANSFORMATION('','',#11,#2890);
#2908 = PRODUCT_DEFINITION_SHAPE('Placement','Placement of an item',  #2909);
#2909 = NEXT_ASSEMBLY_USAGE_OCCURRENCE('16','','',#2884,#2699,$);
#2910 = SHAPE_DEFINITION_REPRESENTATION(#2911,#2917);
#2911 = PRODUCT_DEFINITION_SHAPE('','',#2912);
#2912 = PRODUCT_DEFINITION('design','',#2913,#2916);
#2913 = PRODUCT_DEFINITION_FORMATION('','',#2914);
#2914 = PRODUCT('C4~C0603~C0603_L1.6-W0.8-H0.8~Dprc',  'C4~C0603~C0603_L1.6-W0.8-H0.8~Dprc','',(#2915));
#2915 = PRODUCT_CONTEXT('',#2,'mechanical');
#2916 = PRODUCT_DEFINITION_CONTEXT('part definition',#2,'design');
#2917 = SHAPE_REPRESENTATION('',(#11,#2918),#2922);
#2918 = AXIS2_PLACEMENT_3D('',#2919,#2920,#2921);
#2919 = CARTESIAN_POINT('',(0.,0.,0.));
#2920 = DIRECTION('',(0.,0.,1.));
#2921 = DIRECTION('',(1.,0.,-0.));
#2922 = ( GEOMETRIC_REPRESENTATION_CONTEXT(3) GLOBAL_UNCERTAINTY_ASSIGNED_CONTEXT((#2926)) GLOBAL_UNIT_ASSIGNED_CONTEXT((#2923,#2924,#2925)) REPRESENTATION_CONTEXT('Context #1','3D Context with UNIT and UNCERTAINTY') );
#2923 = ( LENGTH_UNIT() NAMED_UNIT(*) SI_UNIT(.MILLI.,.METRE.) );
#2924 = ( NAMED_UNIT(*) PLANE_ANGLE_UNIT() SI_UNIT($,.RADIAN.) );
#2925 = ( NAMED_UNIT(*) SI_UNIT($,.STERADIAN.) SOLID_ANGLE_UNIT() );
#2926 = UNCERTAINTY_MEASURE_WITH_UNIT(LENGTH_MEASURE(2.E-07),#2923,  'distance_accuracy_value','confusion accuracy');
#2927 = CONTEXT_DEPENDENT_SHAPE_REPRESENTATION(#2928,#2930);
#2928 = ( REPRESENTATION_RELATIONSHIP('','',#2917,#10) REPRESENTATION_RELATIONSHIP_WITH_TRANSFORMATION(#2929) SHAPE_REPRESENTATION_RELATIONSHIP() );
#2929 = ITEM_DEFINED_TRANSFORMATION('','',#11,#59);
#2930 = PRODUCT_DEFINITION_SHAPE('Placement','Placement of an item',  #2931);
#2931 = NEXT_ASSEMBLY_USAGE_OCCURRENCE('19','=>[0:1:1:17]','',#5,#2912,$  );
#2932 = PRODUCT_RELATED_PRODUCT_CATEGORY('part',$,(#2914));
#2933 = CONTEXT_DEPENDENT_SHAPE_REPRESENTATION(#2934,#2936);
#2934 = ( REPRESENTATION_RELATIONSHIP('','',#2704,#2917) REPRESENTATION_RELATIONSHIP_WITH_TRANSFORMATION(#2935) SHAPE_REPRESENTATION_RELATIONSHIP() );
#2935 = ITEM_DEFINED_TRANSFORMATION('','',#11,#2918);
#2936 = PRODUCT_DEFINITION_SHAPE('Placement','Placement of an item',  #2937);
#2937 = NEXT_ASSEMBLY_USAGE_OCCURRENCE('18','','',#2912,#2699,$);
#2938 = SHAPE_DEFINITION_REPRESENTATION(#2939,#2945);
#2939 = PRODUCT_DEFINITION_SHAPE('','',#2940);
#2940 = PRODUCT_DEFINITION('design','',#2941,#2944);
#2941 = PRODUCT_DEFINITION_FORMATION('','',#2942);
#2942 = PRODUCT('C5~C0603~C0603_L1.6-W0.8-H0.8~Dprc',  'C5~C0603~C0603_L1.6-W0.8-H0.8~Dprc','',(#2943));
#2943 = PRODUCT_CONTEXT('',#2,'mechanical');
#2944 = PRODUCT_DEFINITION_CONTEXT('part definition',#2,'design');
#2945 = SHAPE_REPRESENTATION('',(#11,#2946),#2950);
#2946 = AXIS2_PLACEMENT_3D('',#2947,#2948,#2949);
#2947 = CARTESIAN_POINT('',(0.,0.,0.));
#2948 = DIRECTION('',(0.,0.,1.));
#2949 = DIRECTION('',(1.,0.,-0.));
#2950 = ( GEOMETRIC_REPRESENTATION_CONTEXT(3) GLOBAL_UNCERTAINTY_ASSIGNED_CONTEXT((#2954)) GLOBAL_UNIT_ASSIGNED_CONTEXT((#2951,#2952,#2953)) REPRESENTATION_CONTEXT('Context #1','3D Context with UNIT and UNCERTAINTY') );
#2951 = ( LENGTH_UNIT() NAMED_UNIT(*) SI_UNIT(.MILLI.,.METRE.) );
#2952 = ( NAMED_UNIT(*) PLANE_ANGLE_UNIT() SI_UNIT($,.RADIAN.) );
#2953 = ( NAMED_UNIT(*) SI_UNIT($,.STERADIAN.) SOLID_ANGLE_UNIT() );
#2954 = UNCERTAINTY_MEASURE_WITH_UNIT(LENGTH_MEASURE(2.E-07),#2951,  'distance_accuracy_value','confusion accuracy');
#2955 = CONTEXT_DEPENDENT_SHAPE_REPRESENTATION(#2956,#2958);
#2956 = ( REPRESENTATION_RELATIONSHIP('','',#2945,#10) REPRESENTATION_RELATIONSHIP_WITH_TRANSFORMATION(#2957) SHAPE_REPRESENTATION_RELATIONSHIP() );
#2957 = ITEM_DEFINED_TRANSFORMATION('','',#11,#63);
#2958 = PRODUCT_DEFINITION_SHAPE('Placement','Placement of an item',  #2959);
#2959 = NEXT_ASSEMBLY_USAGE_OCCURRENCE('21','=>[0:1:1:18]','',#5,#2940,$  );
#2960 = PRODUCT_RELATED_PRODUCT_CATEGORY('part',$,(#2942));
#2961 = CONTEXT_DEPENDENT_SHAPE_REPRESENTATION(#2962,#2964);
#2962 = ( REPRESENTATION_RELATIONSHIP('','',#2704,#2945) REPRESENTATION_RELATIONSHIP_WITH_TRANSFORMATION(#2963) SHAPE_REPRESENTATION_RELATIONSHIP() );
#2963 = ITEM_DEFINED_TRANSFORMATION('','',#11,#2946);
#2964 = PRODUCT_DEFINITION_SHAPE('Placement','Placement of an item',  #2965);
#2965 = NEXT_ASSEMBLY_USAGE_OCCURRENCE('20','','',#2940,#2699,$);
#2966 = SHAPE_DEFINITION_REPRESENTATION(#2967,#2973);
#2967 = PRODUCT_DEFINITION_SHAPE('','',#2968);
#2968 = PRODUCT_DEFINITION('design','',#2969,#2972);
#2969 = PRODUCT_DEFINITION_FORMATION('','',#2970);
#2970 = PRODUCT('C6~C0603~C0603_L1.6-W0.8-H0.8~Dprc',  'C6~C0603~C0603_L1.6-W0.8-H0.8~Dprc','',(#2971));
#2971 = PRODUCT_CONTEXT('',#2,'mechanical');
#2972 = PRODUCT_DEFINITION_CONTEXT('part definition',#2,'design');
#2973 = SHAPE_REPRESENTATION('',(#11,#2974),#2978);
#2974 = AXIS2_PLACEMENT_3D('',#2975,#2976,#2977);
#2975 = CARTESIAN_POINT('',(0.,0.,0.));
#2976 = DIRECTION('',(0.,0.,1.));
#2977 = DIRECTION('',(1.,0.,-0.));
#2978 = ( GEOMETRIC_REPRESENTATION_CONTEXT(3) GLOBAL_UNCERTAINTY_ASSIGNED_CONTEXT((#2982)) GLOBAL_UNIT_ASSIGNED_CONTEXT((#2979,#2980,#2981)) REPRESENTATION_CONTEXT('Context #1','3D Context with UNIT and UNCERTAINTY') );
#2979 = ( LENGTH_UNIT() NAMED_UNIT(*) SI_UNIT(.MILLI.,.METRE.) );
#2980 = ( NAMED_UNIT(*) PLANE_ANGLE_UNIT() SI_UNIT($,.RADIAN.) );
#2981 = ( NAMED_UNIT(*) SI_UNIT($,.STERADIAN.) SOLID_ANGLE_UNIT() );
#2982 = UNCERTAINTY_MEASURE_WITH_UNIT(LENGTH_MEASURE(2.E-07),#2979,  'distance_accuracy_value','confusion accuracy');
#2983 = CONTEXT_DEPENDENT_SHAPE_REPRESENTATION(#2984,#2986);
#2984 = ( REPRESENTATION_RELATIONSHIP('','',#2973,#10) REPRESENTATION_RELATIONSHIP_WITH_TRANSFORMATION(#2985) SHAPE_REPRESENTATION_RELATIONSHIP() );
#2985 = ITEM_DEFINED_TRANSFORMATION('','',#11,#67);
#2986 = PRODUCT_DEFINITION_SHAPE('Placement','Placement of an item',  #2987);
#2987 = NEXT_ASSEMBLY_USAGE_OCCURRENCE('23','=>[0:1:1:19]','',#5,#2968,$  );
#2988 = PRODUCT_RELATED_PRODUCT_CATEGORY('part',$,(#2970));
#2989 = CONTEXT_DEPENDENT_SHAPE_REPRESENTATION(#2990,#2992);
#2990 = ( REPRESENTATION_RELATIONSHIP('','',#2704,#2973) REPRESENTATION_RELATIONSHIP_WITH_TRANSFORMATION(#2991) SHAPE_REPRESENTATION_RELATIONSHIP() );
#2991 = ITEM_DEFINED_TRANSFORMATION('','',#11,#2974);
#2992 = PRODUCT_DEFINITION_SHAPE('Placement','Placement of an item',  #2993);
#2993 = NEXT_ASSEMBLY_USAGE_OCCURRENCE('22','','',#2968,#2699,$);
#2994 = SHAPE_DEFINITION_REPRESENTATION(#2995,#3001);
#2995 = PRODUCT_DEFINITION_SHAPE('','',#2996);
#2996 = PRODUCT_DEFINITION('design','',#2997,#3000);
#2997 = PRODUCT_DEFINITION_FORMATION('','',#2998);
#2998 = PRODUCT('C7~C0603~C0603_L1.6-W0.8-H0.8~Dprc',  'C7~C0603~C0603_L1.6-W0.8-H0.8~Dprc','',(#2999));
#2999 = PRODUCT_CONTEXT('',#2,'mechanical');
#3000 = PRODUCT_DEFINITION_CONTEXT('part definition',#2,'design');
#3001 = SHAPE_REPRESENTATION('',(#11,#3002),#3006);
#3002 = AXIS2_PLACEMENT_3D('',#3003,#3004,#3005);
#3003 = CARTESIAN_POINT('',(0.,0.,0.));
#3004 = DIRECTION('',(0.,0.,1.));
#3005 = DIRECTION('',(1.,0.,-0.));
#3006 = ( GEOMETRIC_REPRESENTATION_CONTEXT(3) GLOBAL_UNCERTAINTY_ASSIGNED_CONTEXT((#3010)) GLOBAL_UNIT_ASSIGNED_CONTEXT((#3007,#3008,#3009)) REPRESENTATION_CONTEXT('Context #1','3D Context with UNIT and UNCERTAINTY') );
#3007 = ( LENGTH_UNIT() NAMED_UNIT(*) SI_UNIT(.MILLI.,.METRE.) );
#3008 = ( NAMED_UNIT(*) PLANE_ANGLE_UNIT() SI_UNIT($,.RADIAN.) );
#3009 = ( NAMED_UNIT(*) SI_UNIT($,.STERADIAN.) SOLID_ANGLE_UNIT() );
#3010 = UNCERTAINTY_MEASURE_WITH_UNIT(LENGTH_MEASURE(2.E-07),#3007,  'distance_accuracy_value','confusion accuracy');
#3011 = CONTEXT_DEPENDENT_SHAPE_REPRESENTATION(#3012,#3014);
#3012 = ( REPRESENTATION_RELATIONSHIP('','',#3001,#10) REPRESENTATION_RELATIONSHIP_WITH_TRANSFORMATION(#3013) SHAPE_REPRESENTATION_RELATIONSHIP() );
#3013 = ITEM_DEFINED_TRANSFORMATION('','',#11,#71);
#3014 = PRODUCT_DEFINITION_SHAPE('Placement','Placement of an item',  #3015);
#3015 = NEXT_ASSEMBLY_USAGE_OCCURRENCE('25','=>[0:1:1:20]','',#5,#2996,$  );
#3016 = PRODUCT_RELATED_PRODUCT_CATEGORY('part',$,(#2998));
#3017 = CONTEXT_DEPENDENT_SHAPE_REPRESENTATION(#3018,#3020);
#3018 = ( REPRESENTATION_RELATIONSHIP('','',#2704,#3001) REPRESENTATION_RELATIONSHIP_WITH_TRANSFORMATION(#3019) SHAPE_REPRESENTATION_RELATIONSHIP() );
#3019 = ITEM_DEFINED_TRANSFORMATION('','',#11,#3002);
#3020 = PRODUCT_DEFINITION_SHAPE('Placement','Placement of an item',  #3021);
#3021 = NEXT_ASSEMBLY_USAGE_OCCURRENCE('24','','',#2996,#2699,$);
#3022 = SHAPE_DEFINITION_REPRESENTATION(#3023,#3029);
#3023 = PRODUCT_DEFINITION_SHAPE('','',#3024);
#3024 = PRODUCT_DEFINITION('design','',#3025,#3028);
#3025 = PRODUCT_DEFINITION_FORMATION('','',#3026);
#3026 = PRODUCT('C8~C0603~C0603_L1.6-W0.8-H0.8~Dprc',  'C8~C0603~C0603_L1.6-W0.8-H0.8~Dprc','',(#3027));
#3027 = PRODUCT_CONTEXT('',#2,'mechanical');
#3028 = PRODUCT_DEFINITION_CONTEXT('part definition',#2,'design');
#3029 = SHAPE_REPRESENTATION('',(#11,#3030),#3034);
#3030 = AXIS2_PLACEMENT_3D('',#3031,#3032,#3033);
#3031 = CARTESIAN_POINT('',(0.,0.,0.));
#3032 = DIRECTION('',(0.,0.,1.));
#3033 = DIRECTION('',(1.,0.,-0.));
#3034 = ( GEOMETRIC_REPRESENTATION_CONTEXT(3) GLOBAL_UNCERTAINTY_ASSIGNED_CONTEXT((#3038)) GLOBAL_UNIT_ASSIGNED_CONTEXT((#3035,#3036,#3037)) REPRESENTATION_CONTEXT('Context #1','3D Context with UNIT and UNCERTAINTY') );
#3035 = ( LENGTH_UNIT() NAMED_UNIT(*) SI_UNIT(.MILLI.,.METRE.) );
#3036 = ( NAMED_UNIT(*) PLANE_ANGLE_UNIT() SI_UNIT($,.RADIAN.) );
#3037 = ( NAMED_UNIT(*) SI_UNIT($,.STERADIAN.) SOLID_ANGLE_UNIT() );
#3038 = UNCERTAINTY_MEASURE_WITH_UNIT(LENGTH_MEASURE(2.E-07),#3035,  'distance_accuracy_value','confusion accuracy');
#3039 = CONTEXT_DEPENDENT_SHAPE_REPRESENTATION(#3040,#3042);
#3040 = ( REPRESENTATION_RELATIONSHIP('','',#3029,#10) REPRESENTATION_RELATIONSHIP_WITH_TRANSFORMATION(#3041) SHAPE_REPRESENTATION_RELATIONSHIP() );
#3041 = ITEM_DEFINED_TRANSFORMATION('','',#11,#75);
#3042 = PRODUCT_DEFINITION_SHAPE('Placement','Placement of an item',  #3043);
#3043 = NEXT_ASSEMBLY_USAGE_OCCURRENCE('27','=>[0:1:1:21]','',#5,#3024,$  );
#3044 = PRODUCT_RELATED_PRODUCT_CATEGORY('part',$,(#3026));
#3045 = CONTEXT_DEPENDENT_SHAPE_REPRESENTATION(#3046,#3048);
#3046 = ( REPRESENTATION_RELATIONSHIP('','',#2704,#3029) REPRESENTATION_RELATIONSHIP_WITH_TRANSFORMATION(#3047) SHAPE_REPRESENTATION_RELATIONSHIP() );
#3047 = ITEM_DEFINED_TRANSFORMATION('','',#11,#3030);
#3048 = PRODUCT_DEFINITION_SHAPE('Placement','Placement of an item',  #3049);
#3049 = NEXT_ASSEMBLY_USAGE_OCCURRENCE('26','','',#3024,#2699,$);
#3050 = SHAPE_DEFINITION_REPRESENTATION(#3051,#3057);
#3051 = PRODUCT_DEFINITION_SHAPE('','',#3052);
#3052 = PRODUCT_DEFINITION('design','',#3053,#3056);
#3053 = PRODUCT_DEFINITION_FORMATION('','',#3054);
#3054 = PRODUCT('WiFi~WIRELM-SMD_E103-W12X~WIRELM-SMD_E103-W12X~Dprc',  'WiFi~WIRELM-SMD_E103-W12X~WIRELM-SMD_E103-W12X~Dprc','',(#3055));
#3055 = PRODUCT_CONTEXT('',#2,'mechanical');
#3056 = PRODUCT_DEFINITION_CONTEXT('part definition',#2,'design');
#3057 = SHAPE_REPRESENTATION('',(#11,#3058),#3062);
#3058 = AXIS2_PLACEMENT_3D('',#3059,#3060,#3061);
#3059 = CARTESIAN_POINT('',(0.,0.,0.));
#3060 = DIRECTION('',(0.,0.,1.));
#3061 = DIRECTION('',(1.,0.,-0.));
#3062 = ( GEOMETRIC_REPRESENTATION_CONTEXT(3) GLOBAL_UNCERTAINTY_ASSIGNED_CONTEXT((#3066)) GLOBAL_UNIT_ASSIGNED_CONTEXT((#3063,#3064,#3065)) REPRESENTATION_CONTEXT('Context #1','3D Context with UNIT and UNCERTAINTY') );
#3063 = ( LENGTH_UNIT() NAMED_UNIT(*) SI_UNIT(.MILLI.,.METRE.) );
#3064 = ( NAMED_UNIT(*) PLANE_ANGLE_UNIT() SI_UNIT($,.RADIAN.) );
#3065 = ( NAMED_UNIT(*) SI_UNIT($,.STERADIAN.) SOLID_ANGLE_UNIT() );
#3066 = UNCERTAINTY_MEASURE_WITH_UNIT(LENGTH_MEASURE(2.E-06),#3063,  'distance_accuracy_value','confusion accuracy');
#3067 = CONTEXT_DEPENDENT_SHAPE_REPRESENTATION(#3068,#3070);
#3068 = ( REPRESENTATION_RELATIONSHIP('','',#3057,#10) REPRESENTATION_RELATIONSHIP_WITH_TRANSFORMATION(#3069) SHAPE_REPRESENTATION_RELATIONSHIP() );
#3069 = ITEM_DEFINED_TRANSFORMATION('','',#11,#79);
#3070 = PRODUCT_DEFINITION_SHAPE('Placement','Placement of an item',  #3071);
#3071 = NEXT_ASSEMBLY_USAGE_OCCURRENCE('29','=>[0:1:1:23]','',#5,#3052,$  );
#3072 = PRODUCT_RELATED_PRODUCT_CATEGORY('part',$,(#3054));
#3073 = SHAPE_DEFINITION_REPRESENTATION(#3074,#3080);
#3074 = PRODUCT_DEFINITION_SHAPE('','',#3075);
#3075 = PRODUCT_DEFINITION('design','',#3076,#3079);
#3076 = PRODUCT_DEFINITION_FORMATION('','',#3077);
#3077 = PRODUCT('WIRELM-SMD_E103-W12X~WIRELM-SMD_E103-W12X~Dprc',  'WIRELM-SMD_E103-W12X~WIRELM-SMD_E103-W12X~Dprc','',(#3078));
#3078 = PRODUCT_CONTEXT('',#2,'mechanical');
#3079 = PRODUCT_DEFINITION_CONTEXT('part definition',#2,'design');
#3080 = ADVANCED_BREP_SHAPE_REPRESENTATION('',(#11,#3081),#3219);
#3081 = MANIFOLD_SOLID_BREP('',#3082);
#3082 = CLOSED_SHELL('',(#3083,#3119,#3155,#3175,#3195,#3207));
#3083 = ADVANCED_FACE('',(#3084),#3114,.F.);
#3084 = FACE_BOUND('',#3085,.F.);
#3085 = EDGE_LOOP('',(#3086,#3095,#3102,#3109));
#3086 = ORIENTED_EDGE('',*,*,#3087,.F.);
#3087 = EDGE_CURVE('',#3088,#3090,#3092,.T.);
#3088 = VERTEX_POINT('',#3089);
#3089 = CARTESIAN_POINT('',(-6.501025400051,-6.612433324867,0.));
#3090 = VERTEX_POINT('',#3091);
#3091 = CARTESIAN_POINT('',(-6.501025400051,-6.612433324867,    0.762001524003));
#3092 = B_SPLINE_CURVE_WITH_KNOTS('',1,(#3093,#3094),.UNSPECIFIED.,.F.,  .F.,(2,2),(0.,0.762001524003),.PIECEWISE_BEZIER_KNOTS.);
#3093 = CARTESIAN_POINT('',(-6.501025400051,-6.612433324867,0.));
#3094 = CARTESIAN_POINT('',(-6.501025400051,-6.612433324867,    0.762001524003));
#3095 = ORIENTED_EDGE('',*,*,#3096,.T.);
#3096 = EDGE_CURVE('',#3088,#3097,#3099,.T.);
#3097 = VERTEX_POINT('',#3098);
#3098 = CARTESIAN_POINT('',(-6.501025400051,9.388557277115,0.));
#3099 = B_SPLINE_CURVE_WITH_KNOTS('',1,(#3100,#3101),.UNSPECIFIED.,.F.,  .F.,(2,2),(0.,0.762001524003),.PIECEWISE_BEZIER_KNOTS.);
#3100 = CARTESIAN_POINT('',(-6.501025400051,-6.612433324867,0.));
#3101 = CARTESIAN_POINT('',(-6.501025400051,9.388557277115,0.));
#3102 = ORIENTED_EDGE('',*,*,#3103,.T.);
#3103 = EDGE_CURVE('',#3097,#3104,#3106,.T.);
#3104 = VERTEX_POINT('',#3105);
#3105 = CARTESIAN_POINT('',(-6.501025400051,9.388557277115,    0.762001524003));
#3106 = B_SPLINE_CURVE_WITH_KNOTS('',1,(#3107,#3108),.UNSPECIFIED.,.F.,  .F.,(2,2),(0.,0.762001524003),.PIECEWISE_BEZIER_KNOTS.);
#3107 = CARTESIAN_POINT('',(-6.501025400051,9.388557277115,0.));
#3108 = CARTESIAN_POINT('',(-6.501025400051,9.388557277115,    0.762001524003));
#3109 = ORIENTED_EDGE('',*,*,#3110,.F.);
#3110 = EDGE_CURVE('',#3090,#3104,#3111,.T.);
#3111 = B_SPLINE_CURVE_WITH_KNOTS('',1,(#3112,#3113),.UNSPECIFIED.,.F.,  .F.,(2,2),(0.,0.762001524003),.PIECEWISE_BEZIER_KNOTS.);
#3112 = CARTESIAN_POINT('',(-6.501025400051,-6.612433324867,    0.762001524003));
#3113 = CARTESIAN_POINT('',(-6.501025400051,9.388557277115,    0.762001524003));
#3114 = B_SPLINE_SURFACE_WITH_KNOTS('',1,1,(    (#3115,#3116)    ,(#3117,#3118    )),.UNSPECIFIED.,.F.,.F.,.F.,(2,2),(2,2),(0.,0.762001524003),(    -0.762001524003,0.),.PIECEWISE_BEZIER_KNOTS.);
#3115 = CARTESIAN_POINT('',(-6.501025400051,9.388557277115,0.));
#3116 = CARTESIAN_POINT('',(-6.501025400051,-6.612433324867,0.));
#3117 = CARTESIAN_POINT('',(-6.501025400051,9.388557277115,    0.762001524003));
#3118 = CARTESIAN_POINT('',(-6.501025400051,-6.612433324867,    0.762001524003));
#3119 = ADVANCED_FACE('',(#3120),#3150,.T.);
#3120 = FACE_BOUND('',#3121,.T.);
#3121 = EDGE_LOOP('',(#3122,#3131,#3138,#3145));
#3122 = ORIENTED_EDGE('',*,*,#3123,.F.);
#3123 = EDGE_CURVE('',#3124,#3126,#3128,.T.);
#3124 = VERTEX_POINT('',#3125);
#3125 = CARTESIAN_POINT('',(6.500974599949,-6.612433324867,0.));
#3126 = VERTEX_POINT('',#3127);
#3127 = CARTESIAN_POINT('',(6.500974599949,-6.612433324867,    0.762001524003));
#3128 = B_SPLINE_CURVE_WITH_KNOTS('',1,(#3129,#3130),.UNSPECIFIED.,.F.,  .F.,(2,2),(0.,0.762001524003),.PIECEWISE_BEZIER_KNOTS.);
#3129 = CARTESIAN_POINT('',(6.500974599949,-6.612433324867,0.));
#3130 = CARTESIAN_POINT('',(6.500974599949,-6.612433324867,    0.762001524003));
#3131 = ORIENTED_EDGE('',*,*,#3132,.T.);
#3132 = EDGE_CURVE('',#3124,#3133,#3135,.T.);
#3133 = VERTEX_POINT('',#3134);
#3134 = CARTESIAN_POINT('',(6.500974599949,9.388557277115,0.));
#3135 = B_SPLINE_CURVE_WITH_KNOTS('',1,(#3136,#3137),.UNSPECIFIED.,.F.,  .F.,(2,2),(0.,0.762001524003),.PIECEWISE_BEZIER_KNOTS.);
#3136 = CARTESIAN_POINT('',(6.500974599949,-6.612433324867,0.));
#3137 = CARTESIAN_POINT('',(6.500974599949,9.388557277115,0.));
#3138 = ORIENTED_EDGE('',*,*,#3139,.T.);
#3139 = EDGE_CURVE('',#3133,#3140,#3142,.T.);
#3140 = VERTEX_POINT('',#3141);
#3141 = CARTESIAN_POINT('',(6.500974599949,9.388557277115,0.762001524003    ));
#3142 = B_SPLINE_CURVE_WITH_KNOTS('',1,(#3143,#3144),.UNSPECIFIED.,.F.,  .F.,(2,2),(0.,0.762001524003),.PIECEWISE_BEZIER_KNOTS.);
#3143 = CARTESIAN_POINT('',(6.500974599949,9.388557277115,0.));
#3144 = CARTESIAN_POINT('',(6.500974599949,9.388557277115,0.762001524003    ));
#3145 = ORIENTED_EDGE('',*,*,#3146,.F.);
#3146 = EDGE_CURVE('',#3126,#3140,#3147,.T.);
#3147 = B_SPLINE_CURVE_WITH_KNOTS('',1,(#3148,#3149),.UNSPECIFIED.,.F.,  .F.,(2,2),(0.,0.762001524003),.PIECEWISE_BEZIER_KNOTS.);
#3148 = CARTESIAN_POINT('',(6.500974599949,-6.612433324867,    0.762001524003));
#3149 = CARTESIAN_POINT('',(6.500974599949,9.388557277115,0.762001524003    ));
#3150 = B_SPLINE_SURFACE_WITH_KNOTS('',1,1,(    (#3151,#3152)    ,(#3153,#3154    )),.UNSPECIFIED.,.F.,.F.,.F.,(2,2),(2,2),(0.,0.762001524003),(    -0.762001524003,0.),.PIECEWISE_BEZIER_KNOTS.);
#3151 = CARTESIAN_POINT('',(6.500974599949,9.388557277115,0.));
#3152 = CARTESIAN_POINT('',(6.500974599949,-6.612433324867,0.));
#3153 = CARTESIAN_POINT('',(6.500974599949,9.388557277115,0.762001524003    ));
#3154 = CARTESIAN_POINT('',(6.500974599949,-6.612433324867,    0.762001524003));
#3155 = ADVANCED_FACE('',(#3156),#3170,.F.);
#3156 = FACE_BOUND('',#3157,.F.);
#3157 = EDGE_LOOP('',(#3158,#3163,#3164,#3169));
#3158 = ORIENTED_EDGE('',*,*,#3159,.F.);
#3159 = EDGE_CURVE('',#3088,#3124,#3160,.T.);
#3160 = B_SPLINE_CURVE_WITH_KNOTS('',1,(#3161,#3162),.UNSPECIFIED.,.F.,  .F.,(2,2),(0.,0.762001524003),.PIECEWISE_BEZIER_KNOTS.);
#3161 = CARTESIAN_POINT('',(-6.501025400051,-6.612433324867,0.));
#3162 = CARTESIAN_POINT('',(6.500974599949,-6.612433324867,0.));
#3163 = ORIENTED_EDGE('',*,*,#3087,.T.);
#3164 = ORIENTED_EDGE('',*,*,#3165,.T.);
#3165 = EDGE_CURVE('',#3090,#3126,#3166,.T.);
#3166 = B_SPLINE_CURVE_WITH_KNOTS('',1,(#3167,#3168),.UNSPECIFIED.,.F.,  .F.,(2,2),(0.,0.762001524003),.PIECEWISE_BEZIER_KNOTS.);
#3167 = CARTESIAN_POINT('',(-6.501025400051,-6.612433324867,    0.762001524003));
#3168 = CARTESIAN_POINT('',(6.500974599949,-6.612433324867,    0.762001524003));
#3169 = ORIENTED_EDGE('',*,*,#3123,.F.);
#3170 = B_SPLINE_SURFACE_WITH_KNOTS('',1,1,(    (#3171,#3172)    ,(#3173,#3174    )),.UNSPECIFIED.,.F.,.F.,.F.,(2,2),(2,2),(0.,0.762001524003),(0.,    0.762001524003),.PIECEWISE_BEZIER_KNOTS.);
#3171 = CARTESIAN_POINT('',(-6.501025400051,-6.612433324867,0.));
#3172 = CARTESIAN_POINT('',(6.500974599949,-6.612433324867,0.));
#3173 = CARTESIAN_POINT('',(-6.501025400051,-6.612433324867,    0.762001524003));
#3174 = CARTESIAN_POINT('',(6.500974599949,-6.612433324867,    0.762001524003));
#3175 = ADVANCED_FACE('',(#3176),#3190,.T.);
#3176 = FACE_BOUND('',#3177,.T.);
#3177 = EDGE_LOOP('',(#3178,#3183,#3184,#3189));
#3178 = ORIENTED_EDGE('',*,*,#3179,.F.);
#3179 = EDGE_CURVE('',#3097,#3133,#3180,.T.);
#3180 = B_SPLINE_CURVE_WITH_KNOTS('',1,(#3181,#3182),.UNSPECIFIED.,.F.,  .F.,(2,2),(0.,0.762001524003),.PIECEWISE_BEZIER_KNOTS.);
#3181 = CARTESIAN_POINT('',(-6.501025400051,9.388557277115,0.));
#3182 = CARTESIAN_POINT('',(6.500974599949,9.388557277115,0.));
#3183 = ORIENTED_EDGE('',*,*,#3103,.T.);
#3184 = ORIENTED_EDGE('',*,*,#3185,.T.);
#3185 = EDGE_CURVE('',#3104,#3140,#3186,.T.);
#3186 = B_SPLINE_CURVE_WITH_KNOTS('',1,(#3187,#3188),.UNSPECIFIED.,.F.,  .F.,(2,2),(0.,0.762001524003),.PIECEWISE_BEZIER_KNOTS.);
#3187 = CARTESIAN_POINT('',(-6.501025400051,9.388557277115,    0.762001524003));
#3188 = CARTESIAN_POINT('',(6.500974599949,9.388557277115,0.762001524003    ));
#3189 = ORIENTED_EDGE('',*,*,#3139,.F.);
#3190 = B_SPLINE_SURFACE_WITH_KNOTS('',1,1,(    (#3191,#3192)    ,(#3193,#3194    )),.UNSPECIFIED.,.F.,.F.,.F.,(2,2),(2,2),(0.,0.762001524003),(0.,    0.762001524003),.PIECEWISE_BEZIER_KNOTS.);
#3191 = CARTESIAN_POINT('',(-6.501025400051,9.388557277115,0.));
#3192 = CARTESIAN_POINT('',(6.500974599949,9.388557277115,0.));
#3193 = CARTESIAN_POINT('',(-6.501025400051,9.388557277115,    0.762001524003));
#3194 = CARTESIAN_POINT('',(6.500974599949,9.388557277115,0.762001524003    ));
#3195 = ADVANCED_FACE('',(#3196),#3202,.F.);
#3196 = FACE_BOUND('',#3197,.F.);
#3197 = EDGE_LOOP('',(#3198,#3199,#3200,#3201));
#3198 = ORIENTED_EDGE('',*,*,#3096,.F.);
#3199 = ORIENTED_EDGE('',*,*,#3159,.T.);
#3200 = ORIENTED_EDGE('',*,*,#3132,.T.);
#3201 = ORIENTED_EDGE('',*,*,#3179,.F.);
#3202 = B_SPLINE_SURFACE_WITH_KNOTS('',1,1,(    (#3203,#3204)    ,(#3205,#3206    )),.UNSPECIFIED.,.F.,.F.,.F.,(2,2),(2,2),(0.,0.762001524003),(0.,    0.762001524003),.PIECEWISE_BEZIER_KNOTS.);
#3203 = CARTESIAN_POINT('',(-6.501025400051,-6.612433324867,0.));
#3204 = CARTESIAN_POINT('',(-6.501025400051,9.388557277115,0.));
#3205 = CARTESIAN_POINT('',(6.500974599949,-6.612433324867,0.));
#3206 = CARTESIAN_POINT('',(6.500974599949,9.388557277115,0.));
#3207 = ADVANCED_FACE('',(#3208),#3214,.T.);
#3208 = FACE_BOUND('',#3209,.T.);
#3209 = EDGE_LOOP('',(#3210,#3211,#3212,#3213));
#3210 = ORIENTED_EDGE('',*,*,#3110,.F.);
#3211 = ORIENTED_EDGE('',*,*,#3165,.T.);
#3212 = ORIENTED_EDGE('',*,*,#3146,.T.);
#3213 = ORIENTED_EDGE('',*,*,#3185,.F.);
#3214 = B_SPLINE_SURFACE_WITH_KNOTS('',1,1,(    (#3215,#3216)    ,(#3217,#3218    )),.UNSPECIFIED.,.F.,.F.,.F.,(2,2),(2,2),(0.,0.762001524003),(0.,    0.762001524003),.PIECEWISE_BEZIER_KNOTS.);
#3215 = CARTESIAN_POINT('',(-6.501025400051,-6.612433324867,    0.762001524003));
#3216 = CARTESIAN_POINT('',(-6.501025400051,9.388557277115,    0.762001524003));
#3217 = CARTESIAN_POINT('',(6.500974599949,-6.612433324867,    0.762001524003));
#3218 = CARTESIAN_POINT('',(6.500974599949,9.388557277115,0.762001524003    ));
#3219 = ( GEOMETRIC_REPRESENTATION_CONTEXT(3) GLOBAL_UNCERTAINTY_ASSIGNED_CONTEXT((#3223)) GLOBAL_UNIT_ASSIGNED_CONTEXT((#3220,#3221,#3222)) REPRESENTATION_CONTEXT('Context #1','3D Context with UNIT and UNCERTAINTY') );
#3220 = ( LENGTH_UNIT() NAMED_UNIT(*) SI_UNIT(.MILLI.,.METRE.) );
#3221 = ( NAMED_UNIT(*) PLANE_ANGLE_UNIT() SI_UNIT($,.RADIAN.) );
#3222 = ( NAMED_UNIT(*) SI_UNIT($,.STERADIAN.) SOLID_ANGLE_UNIT() );
#3223 = UNCERTAINTY_MEASURE_WITH_UNIT(LENGTH_MEASURE(2.E-06),#3220,  'distance_accuracy_value','confusion accuracy');
#3224 = CONTEXT_DEPENDENT_SHAPE_REPRESENTATION(#3225,#3227);
#3225 = ( REPRESENTATION_RELATIONSHIP('','',#3080,#3057) REPRESENTATION_RELATIONSHIP_WITH_TRANSFORMATION(#3226) SHAPE_REPRESENTATION_RELATIONSHIP() );
#3226 = ITEM_DEFINED_TRANSFORMATION('','',#11,#3058);
#3227 = PRODUCT_DEFINITION_SHAPE('Placement','Placement of an item',  #3228);
#3228 = NEXT_ASSEMBLY_USAGE_OCCURRENCE('28','=>[0:1:1:22]','',#3052,  #3075,$);
#3229 = PRODUCT_RELATED_PRODUCT_CATEGORY('part',$,(#3077));
#3230 = SHAPE_DEFINITION_REPRESENTATION(#3231,#3237);
#3231 = PRODUCT_DEFINITION_SHAPE('','',#3232);
#3232 = PRODUCT_DEFINITION('design','',#3233,#3236);
#3233 = PRODUCT_DEFINITION_FORMATION('','',#3234);
#3234 = PRODUCT('RX~COMM-SMD_E01C-ML01SP2~COMM-SMD_E01C-ML01SP2~Dprc',  'RX~COMM-SMD_E01C-ML01SP2~COMM-SMD_E01C-ML01SP2~Dprc','',(#3235));
#3235 = PRODUCT_CONTEXT('',#2,'mechanical');
#3236 = PRODUCT_DEFINITION_CONTEXT('part definition',#2,'design');
#3237 = SHAPE_REPRESENTATION('',(#11,#3238),#3242);
#3238 = AXIS2_PLACEMENT_3D('',#3239,#3240,#3241);
#3239 = CARTESIAN_POINT('',(0.,0.,0.));
#3240 = DIRECTION('',(0.,0.,1.));
#3241 = DIRECTION('',(1.,0.,-0.));
#3242 = ( GEOMETRIC_REPRESENTATION_CONTEXT(3) GLOBAL_UNCERTAINTY_ASSIGNED_CONTEXT((#3246)) GLOBAL_UNIT_ASSIGNED_CONTEXT((#3243,#3244,#3245)) REPRESENTATION_CONTEXT('Context #1','3D Context with UNIT and UNCERTAINTY') );
#3243 = ( LENGTH_UNIT() NAMED_UNIT(*) SI_UNIT(.MILLI.,.METRE.) );
#3244 = ( NAMED_UNIT(*) PLANE_ANGLE_UNIT() SI_UNIT($,.RADIAN.) );
#3245 = ( NAMED_UNIT(*) SI_UNIT($,.STERADIAN.) SOLID_ANGLE_UNIT() );
#3246 = UNCERTAINTY_MEASURE_WITH_UNIT(LENGTH_MEASURE(2.E-06),#3243,  'distance_accuracy_value','confusion accuracy');
#3247 = CONTEXT_DEPENDENT_SHAPE_REPRESENTATION(#3248,#3250);
#3248 = ( REPRESENTATION_RELATIONSHIP('','',#3237,#10) REPRESENTATION_RELATIONSHIP_WITH_TRANSFORMATION(#3249) SHAPE_REPRESENTATION_RELATIONSHIP() );
#3249 = ITEM_DEFINED_TRANSFORMATION('','',#11,#83);
#3250 = PRODUCT_DEFINITION_SHAPE('Placement','Placement of an item',  #3251);
#3251 = NEXT_ASSEMBLY_USAGE_OCCURRENCE('31','=>[0:1:1:25]','',#5,#3232,$  );
#3252 = PRODUCT_RELATED_PRODUCT_CATEGORY('part',$,(#3234));
#3253 = SHAPE_DEFINITION_REPRESENTATION(#3254,#3260);
#3254 = PRODUCT_DEFINITION_SHAPE('','',#3255);
#3255 = PRODUCT_DEFINITION('design','',#3256,#3259);
#3256 = PRODUCT_DEFINITION_FORMATION('','',#3257);
#3257 = PRODUCT('COMM-SMD_E01C-ML01SP2~COMM-SMD_E01C-ML01SP2~Dprc',  'COMM-SMD_E01C-ML01SP2~COMM-SMD_E01C-ML01SP2~Dprc','',(#3258));
#3258 = PRODUCT_CONTEXT('',#2,'mechanical');
#3259 = PRODUCT_DEFINITION_CONTEXT('part definition',#2,'design');
#3260 = ADVANCED_BREP_SHAPE_REPRESENTATION('',(#11,#3261),#3399);
#3261 = MANIFOLD_SOLID_BREP('',#3262);
#3262 = CLOSED_SHELL('',(#3263,#3299,#3335,#3355,#3375,#3387));
#3263 = ADVANCED_FACE('',(#3264),#3294,.F.);
#3264 = FACE_BOUND('',#3265,.F.);
#3265 = EDGE_LOOP('',(#3266,#3275,#3282,#3289));
#3266 = ORIENTED_EDGE('',*,*,#3267,.F.);
#3267 = EDGE_CURVE('',#3268,#3270,#3272,.T.);
#3268 = VERTEX_POINT('',#3269);
#3269 = CARTESIAN_POINT('',(-6.401003302007,-16.73549657099,0.));
#3270 = VERTEX_POINT('',#3271);
#3271 = CARTESIAN_POINT('',(-6.401003302007,-16.73549657099,    0.762001524003));
#3272 = B_SPLINE_CURVE_WITH_KNOTS('',1,(#3273,#3274),.UNSPECIFIED.,.F.,  .F.,(2,2),(0.,0.762001524003),.PIECEWISE_BEZIER_KNOTS.);
#3273 = CARTESIAN_POINT('',(-6.401003302007,-16.73549657099,0.));
#3274 = CARTESIAN_POINT('',(-6.401003302007,-16.73549657099,    0.762001524003));
#3275 = ORIENTED_EDGE('',*,*,#3276,.T.);
#3276 = EDGE_CURVE('',#3268,#3277,#3279,.T.);
#3277 = VERTEX_POINT('',#3278);
#3278 = CARTESIAN_POINT('',(-6.401003302007,8.265494030988,0.));
#3279 = B_SPLINE_CURVE_WITH_KNOTS('',1,(#3280,#3281),.UNSPECIFIED.,.F.,  .F.,(2,2),(0.,0.762001524003),.PIECEWISE_BEZIER_KNOTS.);
#3280 = CARTESIAN_POINT('',(-6.401003302007,-16.73549657099,0.));
#3281 = CARTESIAN_POINT('',(-6.401003302007,8.265494030988,0.));
#3282 = ORIENTED_EDGE('',*,*,#3283,.T.);
#3283 = EDGE_CURVE('',#3277,#3284,#3286,.T.);
#3284 = VERTEX_POINT('',#3285);
#3285 = CARTESIAN_POINT('',(-6.401003302007,8.265494030988,    0.762001524003));
#3286 = B_SPLINE_CURVE_WITH_KNOTS('',1,(#3287,#3288),.UNSPECIFIED.,.F.,  .F.,(2,2),(0.,0.762001524003),.PIECEWISE_BEZIER_KNOTS.);
#3287 = CARTESIAN_POINT('',(-6.401003302007,8.265494030988,0.));
#3288 = CARTESIAN_POINT('',(-6.401003302007,8.265494030988,    0.762001524003));
#3289 = ORIENTED_EDGE('',*,*,#3290,.F.);
#3290 = EDGE_CURVE('',#3270,#3284,#3291,.T.);
#3291 = B_SPLINE_CURVE_WITH_KNOTS('',1,(#3292,#3293),.UNSPECIFIED.,.F.,  .F.,(2,2),(0.,0.762001524003),.PIECEWISE_BEZIER_KNOTS.);
#3292 = CARTESIAN_POINT('',(-6.401003302007,-16.73549657099,    0.762001524003));
#3293 = CARTESIAN_POINT('',(-6.401003302007,8.265494030988,    0.762001524003));
#3294 = B_SPLINE_SURFACE_WITH_KNOTS('',1,1,(    (#3295,#3296)    ,(#3297,#3298    )),.UNSPECIFIED.,.F.,.F.,.F.,(2,2),(2,2),(0.,0.762001524003),(    -0.762001524003,0.),.PIECEWISE_BEZIER_KNOTS.);
#3295 = CARTESIAN_POINT('',(-6.401003302007,8.265494030988,0.));
#3296 = CARTESIAN_POINT('',(-6.401003302007,-16.73549657099,0.));
#3297 = CARTESIAN_POINT('',(-6.401003302007,8.265494030988,    0.762001524003));
#3298 = CARTESIAN_POINT('',(-6.401003302007,-16.73549657099,    0.762001524003));
#3299 = ADVANCED_FACE('',(#3300),#3330,.T.);
#3300 = FACE_BOUND('',#3301,.T.);
#3301 = EDGE_LOOP('',(#3302,#3311,#3318,#3325));
#3302 = ORIENTED_EDGE('',*,*,#3303,.F.);
#3303 = EDGE_CURVE('',#3304,#3306,#3308,.T.);
#3304 = VERTEX_POINT('',#3305);
#3305 = CARTESIAN_POINT('',(6.401003302007,-16.73549657099,0.));
#3306 = VERTEX_POINT('',#3307);
#3307 = CARTESIAN_POINT('',(6.401003302007,-16.73549657099,    0.762001524003));
#3308 = B_SPLINE_CURVE_WITH_KNOTS('',1,(#3309,#3310),.UNSPECIFIED.,.F.,  .F.,(2,2),(0.,0.762001524003),.PIECEWISE_BEZIER_KNOTS.);
#3309 = CARTESIAN_POINT('',(6.401003302007,-16.73549657099,0.));
#3310 = CARTESIAN_POINT('',(6.401003302007,-16.73549657099,    0.762001524003));
#3311 = ORIENTED_EDGE('',*,*,#3312,.T.);
#3312 = EDGE_CURVE('',#3304,#3313,#3315,.T.);
#3313 = VERTEX_POINT('',#3314);
#3314 = CARTESIAN_POINT('',(6.401003302007,8.265494030988,0.));
#3315 = B_SPLINE_CURVE_WITH_KNOTS('',1,(#3316,#3317),.UNSPECIFIED.,.F.,  .F.,(2,2),(0.,0.762001524003),.PIECEWISE_BEZIER_KNOTS.);
#3316 = CARTESIAN_POINT('',(6.401003302007,-16.73549657099,0.));
#3317 = CARTESIAN_POINT('',(6.401003302007,8.265494030988,0.));
#3318 = ORIENTED_EDGE('',*,*,#3319,.T.);
#3319 = EDGE_CURVE('',#3313,#3320,#3322,.T.);
#3320 = VERTEX_POINT('',#3321);
#3321 = CARTESIAN_POINT('',(6.401003302007,8.265494030988,0.762001524003    ));
#3322 = B_SPLINE_CURVE_WITH_KNOTS('',1,(#3323,#3324),.UNSPECIFIED.,.F.,  .F.,(2,2),(0.,0.762001524003),.PIECEWISE_BEZIER_KNOTS.);
#3323 = CARTESIAN_POINT('',(6.401003302007,8.265494030988,0.));
#3324 = CARTESIAN_POINT('',(6.401003302007,8.265494030988,0.762001524003    ));
#3325 = ORIENTED_EDGE('',*,*,#3326,.F.);
#3326 = EDGE_CURVE('',#3306,#3320,#3327,.T.);
#3327 = B_SPLINE_CURVE_WITH_KNOTS('',1,(#3328,#3329),.UNSPECIFIED.,.F.,  .F.,(2,2),(0.,0.762001524003),.PIECEWISE_BEZIER_KNOTS.);
#3328 = CARTESIAN_POINT('',(6.401003302007,-16.73549657099,    0.762001524003));
#3329 = CARTESIAN_POINT('',(6.401003302007,8.265494030988,0.762001524003    ));
#3330 = B_SPLINE_SURFACE_WITH_KNOTS('',1,1,(    (#3331,#3332)    ,(#3333,#3334    )),.UNSPECIFIED.,.F.,.F.,.F.,(2,2),(2,2),(0.,0.762001524003),(    -0.762001524003,0.),.PIECEWISE_BEZIER_KNOTS.);
#3331 = CARTESIAN_POINT('',(6.401003302007,8.265494030988,0.));
#3332 = CARTESIAN_POINT('',(6.401003302007,-16.73549657099,0.));
#3333 = CARTESIAN_POINT('',(6.401003302007,8.265494030988,0.762001524003    ));
#3334 = CARTESIAN_POINT('',(6.401003302007,-16.73549657099,    0.762001524003));
#3335 = ADVANCED_FACE('',(#3336),#3350,.F.);
#3336 = FACE_BOUND('',#3337,.F.);
#3337 = EDGE_LOOP('',(#3338,#3343,#3344,#3349));
#3338 = ORIENTED_EDGE('',*,*,#3339,.F.);
#3339 = EDGE_CURVE('',#3268,#3304,#3340,.T.);
#3340 = B_SPLINE_CURVE_WITH_KNOTS('',1,(#3341,#3342),.UNSPECIFIED.,.F.,  .F.,(2,2),(0.,0.762001524003),.PIECEWISE_BEZIER_KNOTS.);
#3341 = CARTESIAN_POINT('',(-6.401003302007,-16.73549657099,0.));
#3342 = CARTESIAN_POINT('',(6.401003302007,-16.73549657099,0.));
#3343 = ORIENTED_EDGE('',*,*,#3267,.T.);
#3344 = ORIENTED_EDGE('',*,*,#3345,.T.);
#3345 = EDGE_CURVE('',#3270,#3306,#3346,.T.);
#3346 = B_SPLINE_CURVE_WITH_KNOTS('',1,(#3347,#3348),.UNSPECIFIED.,.F.,  .F.,(2,2),(0.,0.762001524003),.PIECEWISE_BEZIER_KNOTS.);
#3347 = CARTESIAN_POINT('',(-6.401003302007,-16.73549657099,    0.762001524003));
#3348 = CARTESIAN_POINT('',(6.401003302007,-16.73549657099,    0.762001524003));
#3349 = ORIENTED_EDGE('',*,*,#3303,.F.);
#3350 = B_SPLINE_SURFACE_WITH_KNOTS('',1,1,(    (#3351,#3352)    ,(#3353,#3354    )),.UNSPECIFIED.,.F.,.F.,.F.,(2,2),(2,2),(0.,0.762001524003),(0.,    0.762001524003),.PIECEWISE_BEZIER_KNOTS.);
#3351 = CARTESIAN_POINT('',(-6.401003302007,-16.73549657099,0.));
#3352 = CARTESIAN_POINT('',(6.401003302007,-16.73549657099,0.));
#3353 = CARTESIAN_POINT('',(-6.401003302007,-16.73549657099,    0.762001524003));
#3354 = CARTESIAN_POINT('',(6.401003302007,-16.73549657099,    0.762001524003));
#3355 = ADVANCED_FACE('',(#3356),#3370,.T.);
#3356 = FACE_BOUND('',#3357,.T.);
#3357 = EDGE_LOOP('',(#3358,#3363,#3364,#3369));
#3358 = ORIENTED_EDGE('',*,*,#3359,.F.);
#3359 = EDGE_CURVE('',#3277,#3313,#3360,.T.);
#3360 = B_SPLINE_CURVE_WITH_KNOTS('',1,(#3361,#3362),.UNSPECIFIED.,.F.,  .F.,(2,2),(0.,0.762001524003),.PIECEWISE_BEZIER_KNOTS.);
#3361 = CARTESIAN_POINT('',(-6.401003302007,8.265494030988,0.));
#3362 = CARTESIAN_POINT('',(6.401003302007,8.265494030988,0.));
#3363 = ORIENTED_EDGE('',*,*,#3283,.T.);
#3364 = ORIENTED_EDGE('',*,*,#3365,.T.);
#3365 = EDGE_CURVE('',#3284,#3320,#3366,.T.);
#3366 = B_SPLINE_CURVE_WITH_KNOTS('',1,(#3367,#3368),.UNSPECIFIED.,.F.,  .F.,(2,2),(0.,0.762001524003),.PIECEWISE_BEZIER_KNOTS.);
#3367 = CARTESIAN_POINT('',(-6.401003302007,8.265494030988,    0.762001524003));
#3368 = CARTESIAN_POINT('',(6.401003302007,8.265494030988,0.762001524003    ));
#3369 = ORIENTED_EDGE('',*,*,#3319,.F.);
#3370 = B_SPLINE_SURFACE_WITH_KNOTS('',1,1,(    (#3371,#3372)    ,(#3373,#3374    )),.UNSPECIFIED.,.F.,.F.,.F.,(2,2),(2,2),(0.,0.762001524003),(0.,    0.762001524003),.PIECEWISE_BEZIER_KNOTS.);
#3371 = CARTESIAN_POINT('',(-6.401003302007,8.265494030988,0.));
#3372 = CARTESIAN_POINT('',(6.401003302007,8.265494030988,0.));
#3373 = CARTESIAN_POINT('',(-6.401003302007,8.265494030988,    0.762001524003));
#3374 = CARTESIAN_POINT('',(6.401003302007,8.265494030988,0.762001524003    ));
#3375 = ADVANCED_FACE('',(#3376),#3382,.F.);
#3376 = FACE_BOUND('',#3377,.F.);
#3377 = EDGE_LOOP('',(#3378,#3379,#3380,#3381));
#3378 = ORIENTED_EDGE('',*,*,#3276,.F.);
#3379 = ORIENTED_EDGE('',*,*,#3339,.T.);
#3380 = ORIENTED_EDGE('',*,*,#3312,.T.);
#3381 = ORIENTED_EDGE('',*,*,#3359,.F.);
#3382 = B_SPLINE_SURFACE_WITH_KNOTS('',1,1,(    (#3383,#3384)    ,(#3385,#3386    )),.UNSPECIFIED.,.F.,.F.,.F.,(2,2),(2,2),(0.,0.762001524003),(0.,    0.762001524003),.PIECEWISE_BEZIER_KNOTS.);
#3383 = CARTESIAN_POINT('',(-6.401003302007,-16.73549657099,0.));
#3384 = CARTESIAN_POINT('',(-6.401003302007,8.265494030988,0.));
#3385 = CARTESIAN_POINT('',(6.401003302007,-16.73549657099,0.));
#3386 = CARTESIAN_POINT('',(6.401003302007,8.265494030988,0.));
#3387 = ADVANCED_FACE('',(#3388),#3394,.T.);
#3388 = FACE_BOUND('',#3389,.T.);
#3389 = EDGE_LOOP('',(#3390,#3391,#3392,#3393));
#3390 = ORIENTED_EDGE('',*,*,#3290,.F.);
#3391 = ORIENTED_EDGE('',*,*,#3345,.T.);
#3392 = ORIENTED_EDGE('',*,*,#3326,.T.);
#3393 = ORIENTED_EDGE('',*,*,#3365,.F.);
#3394 = B_SPLINE_SURFACE_WITH_KNOTS('',1,1,(    (#3395,#3396)    ,(#3397,#3398    )),.UNSPECIFIED.,.F.,.F.,.F.,(2,2),(2,2),(0.,0.762001524003),(0.,    0.762001524003),.PIECEWISE_BEZIER_KNOTS.);
#3395 = CARTESIAN_POINT('',(-6.401003302007,-16.73549657099,    0.762001524003));
#3396 = CARTESIAN_POINT('',(-6.401003302007,8.265494030988,    0.762001524003));
#3397 = CARTESIAN_POINT('',(6.401003302007,-16.73549657099,    0.762001524003));
#3398 = CARTESIAN_POINT('',(6.401003302007,8.265494030988,0.762001524003    ));
#3399 = ( GEOMETRIC_REPRESENTATION_CONTEXT(3) GLOBAL_UNCERTAINTY_ASSIGNED_CONTEXT((#3403)) GLOBAL_UNIT_ASSIGNED_CONTEXT((#3400,#3401,#3402)) REPRESENTATION_CONTEXT('Context #1','3D Context with UNIT and UNCERTAINTY') );
#3400 = ( LENGTH_UNIT() NAMED_UNIT(*) SI_UNIT(.MILLI.,.METRE.) );
#3401 = ( NAMED_UNIT(*) PLANE_ANGLE_UNIT() SI_UNIT($,.RADIAN.) );
#3402 = ( NAMED_UNIT(*) SI_UNIT($,.STERADIAN.) SOLID_ANGLE_UNIT() );
#3403 = UNCERTAINTY_MEASURE_WITH_UNIT(LENGTH_MEASURE(2.E-06),#3400,  'distance_accuracy_value','confusion accuracy');
#3404 = CONTEXT_DEPENDENT_SHAPE_REPRESENTATION(#3405,#3407);
#3405 = ( REPRESENTATION_RELATIONSHIP('','',#3260,#3237) REPRESENTATION_RELATIONSHIP_WITH_TRANSFORMATION(#3406) SHAPE_REPRESENTATION_RELATIONSHIP() );
#3406 = ITEM_DEFINED_TRANSFORMATION('','',#11,#3238);
#3407 = PRODUCT_DEFINITION_SHAPE('Placement','Placement of an item',  #3408);
#3408 = NEXT_ASSEMBLY_USAGE_OCCURRENCE('30','=>[0:1:1:24]','',#3232,  #3255,$);
#3409 = PRODUCT_RELATED_PRODUCT_CATEGORY('part',$,(#3257));
#3410 = SHAPE_DEFINITION_REPRESENTATION(#3411,#3417);
#3411 = PRODUCT_DEFINITION_SHAPE('','',#3412);
#3412 = PRODUCT_DEFINITION('design','',#3413,#3416);
#3413 = PRODUCT_DEFINITION_FORMATION('','',#3414);
#3414 = PRODUCT('TX~COMM-SMD_E01C-ML01SP2~COMM-SMD_E01C-ML01SP2~Dprc',  'TX~COMM-SMD_E01C-ML01SP2~COMM-SMD_E01C-ML01SP2~Dprc','',(#3415));
#3415 = PRODUCT_CONTEXT('',#2,'mechanical');
#3416 = PRODUCT_DEFINITION_CONTEXT('part definition',#2,'design');
#3417 = SHAPE_REPRESENTATION('',(#11,#3418),#3422);
#3418 = AXIS2_PLACEMENT_3D('',#3419,#3420,#3421);
#3419 = CARTESIAN_POINT('',(0.,0.,0.));
#3420 = DIRECTION('',(0.,0.,1.));
#3421 = DIRECTION('',(1.,0.,-0.));
#3422 = ( GEOMETRIC_REPRESENTATION_CONTEXT(3) GLOBAL_UNCERTAINTY_ASSIGNED_CONTEXT((#3426)) GLOBAL_UNIT_ASSIGNED_CONTEXT((#3423,#3424,#3425)) REPRESENTATION_CONTEXT('Context #1','3D Context with UNIT and UNCERTAINTY') );
#3423 = ( LENGTH_UNIT() NAMED_UNIT(*) SI_UNIT(.MILLI.,.METRE.) );
#3424 = ( NAMED_UNIT(*) PLANE_ANGLE_UNIT() SI_UNIT($,.RADIAN.) );
#3425 = ( NAMED_UNIT(*) SI_UNIT($,.STERADIAN.) SOLID_ANGLE_UNIT() );
#3426 = UNCERTAINTY_MEASURE_WITH_UNIT(LENGTH_MEASURE(2.E-06),#3423,  'distance_accuracy_value','confusion accuracy');
#3427 = CONTEXT_DEPENDENT_SHAPE_REPRESENTATION(#3428,#3430);
#3428 = ( REPRESENTATION_RELATIONSHIP('','',#3417,#10) REPRESENTATION_RELATIONSHIP_WITH_TRANSFORMATION(#3429) SHAPE_REPRESENTATION_RELATIONSHIP() );
#3429 = ITEM_DEFINED_TRANSFORMATION('','',#11,#87);
#3430 = PRODUCT_DEFINITION_SHAPE('Placement','Placement of an item',  #3431);
#3431 = NEXT_ASSEMBLY_USAGE_OCCURRENCE('33','=>[0:1:1:26]','',#5,#3412,$  );
#3432 = PRODUCT_RELATED_PRODUCT_CATEGORY('part',$,(#3414));
#3433 = CONTEXT_DEPENDENT_SHAPE_REPRESENTATION(#3434,#3436);
#3434 = ( REPRESENTATION_RELATIONSHIP('','',#3260,#3417) REPRESENTATION_RELATIONSHIP_WITH_TRANSFORMATION(#3435) SHAPE_REPRESENTATION_RELATIONSHIP() );
#3435 = ITEM_DEFINED_TRANSFORMATION('','',#11,#3418);
#3436 = PRODUCT_DEFINITION_SHAPE('Placement','Placement of an item',  #3437);
#3437 = NEXT_ASSEMBLY_USAGE_OCCURRENCE('32','','',#3412,#3255,$);
#3438 = SHAPE_DEFINITION_REPRESENTATION(#3439,#3445);
#3439 = PRODUCT_DEFINITION_SHAPE('','',#3440);
#3440 = PRODUCT_DEFINITION('design','',#3441,#3444);
#3441 = PRODUCT_DEFINITION_FORMATION('','',#3442);
#3442 = PRODUCT('MPU-6050~QFN-24_L4.0-W4.0-P0.50-BL-EP2.7~QFN-24_L4.0-W4.0-P0.50-BL-EP2.7~Dprc','MPU-6050~QFN-24_L4.0-W4.0-P0.50-BL-EP2.7~QFN-24_L4.0-W4.0-P0.50-BL-EP2.7~Dprc','',(#3443));
#3443 = PRODUCT_CONTEXT('',#2,'mechanical');
#3444 = PRODUCT_DEFINITION_CONTEXT('part definition',#2,'design');
#3445 = SHAPE_REPRESENTATION('',(#11,#3446),#3450);
#3446 = AXIS2_PLACEMENT_3D('',#3447,#3448,#3449);
#3447 = CARTESIAN_POINT('',(0.,0.,0.));
#3448 = DIRECTION('',(0.,0.,1.));
#3449 = DIRECTION('',(1.,0.,-0.));
#3450 = ( GEOMETRIC_REPRESENTATION_CONTEXT(3) GLOBAL_UNCERTAINTY_ASSIGNED_CONTEXT((#3454)) GLOBAL_UNIT_ASSIGNED_CONTEXT((#3451,#3452,#3453)) REPRESENTATION_CONTEXT('Context #1','3D Context with UNIT and UNCERTAINTY') );
#3451 = ( LENGTH_UNIT() NAMED_UNIT(*) SI_UNIT(.MILLI.,.METRE.) );
#3452 = ( NAMED_UNIT(*) PLANE_ANGLE_UNIT() SI_UNIT($,.RADIAN.) );
#3453 = ( NAMED_UNIT(*) SI_UNIT($,.STERADIAN.) SOLID_ANGLE_UNIT() );
#3454 = UNCERTAINTY_MEASURE_WITH_UNIT(LENGTH_MEASURE(5.E-07),#3451,  'distance_accuracy_value','confusion accuracy');
#3455 = CONTEXT_DEPENDENT_SHAPE_REPRESENTATION(#3456,#3458);
#3456 = ( REPRESENTATION_RELATIONSHIP('','',#3445,#10) REPRESENTATION_RELATIONSHIP_WITH_TRANSFORMATION(#3457) SHAPE_REPRESENTATION_RELATIONSHIP() );
#3457 = ITEM_DEFINED_TRANSFORMATION('','',#11,#91);
#3458 = PRODUCT_DEFINITION_SHAPE('Placement','Placement of an item',  #3459);
#3459 = NEXT_ASSEMBLY_USAGE_OCCURRENCE('35','=>[0:1:1:28]','',#5,#3440,$  );
#3460 = PRODUCT_RELATED_PRODUCT_CATEGORY('part',$,(#3442));
#3461 = SHAPE_DEFINITION_REPRESENTATION(#3462,#3468);
#3462 = PRODUCT_DEFINITION_SHAPE('','',#3463);
#3463 = PRODUCT_DEFINITION('design','',#3464,#3467);
#3464 = PRODUCT_DEFINITION_FORMATION('','',#3465);
#3465 = PRODUCT(  'QFN-24_L4.0-W4.0-P0.50-BL-EP2.7~QFN-24_L4.0-W4.0-P0.50-BL-EP2.7~Dprc'  ,  'QFN-24_L4.0-W4.0-P0.50-BL-EP2.7~QFN-24_L4.0-W4.0-P0.50-BL-EP2.7~Dprc'  ,'',(#3466));
#3466 = PRODUCT_CONTEXT('',#2,'mechanical');
#3467 = PRODUCT_DEFINITION_CONTEXT('part definition',#2,'design');
#3468 = ADVANCED_BREP_SHAPE_REPRESENTATION('',(#11,#3469),#3607);
#3469 = MANIFOLD_SOLID_BREP('',#3470);
#3470 = CLOSED_SHELL('',(#3471,#3507,#3543,#3563,#3583,#3595));
#3471 = ADVANCED_FACE('',(#3472),#3502,.F.);
#3472 = FACE_BOUND('',#3473,.F.);
#3473 = EDGE_LOOP('',(#3474,#3483,#3490,#3497));
#3474 = ORIENTED_EDGE('',*,*,#3475,.F.);
#3475 = EDGE_CURVE('',#3476,#3478,#3480,.T.);
#3476 = VERTEX_POINT('',#3477);
#3477 = CARTESIAN_POINT('',(-2.00999491999,-2.00999491999,0.));
#3478 = VERTEX_POINT('',#3479);
#3479 = CARTESIAN_POINT('',(-2.00999491999,-2.00999491999,0.762001524003    ));
#3480 = B_SPLINE_CURVE_WITH_KNOTS('',1,(#3481,#3482),.UNSPECIFIED.,.F.,  .F.,(2,2),(0.,0.762001524003),.PIECEWISE_BEZIER_KNOTS.);
#3481 = CARTESIAN_POINT('',(-2.00999491999,-2.00999491999,0.));
#3482 = CARTESIAN_POINT('',(-2.00999491999,-2.00999491999,0.762001524003    ));
#3483 = ORIENTED_EDGE('',*,*,#3484,.T.);
#3484 = EDGE_CURVE('',#3476,#3485,#3487,.T.);
#3485 = VERTEX_POINT('',#3486);
#3486 = CARTESIAN_POINT('',(-2.00999491999,2.00999491999,0.));
#3487 = B_SPLINE_CURVE_WITH_KNOTS('',1,(#3488,#3489),.UNSPECIFIED.,.F.,  .F.,(2,2),(0.,0.762001524003),.PIECEWISE_BEZIER_KNOTS.);
#3488 = CARTESIAN_POINT('',(-2.00999491999,-2.00999491999,0.));
#3489 = CARTESIAN_POINT('',(-2.00999491999,2.00999491999,0.));
#3490 = ORIENTED_EDGE('',*,*,#3491,.T.);
#3491 = EDGE_CURVE('',#3485,#3492,#3494,.T.);
#3492 = VERTEX_POINT('',#3493);
#3493 = CARTESIAN_POINT('',(-2.00999491999,2.00999491999,0.762001524003)  );
#3494 = B_SPLINE_CURVE_WITH_KNOTS('',1,(#3495,#3496),.UNSPECIFIED.,.F.,  .F.,(2,2),(0.,0.762001524003),.PIECEWISE_BEZIER_KNOTS.);
#3495 = CARTESIAN_POINT('',(-2.00999491999,2.00999491999,0.));
#3496 = CARTESIAN_POINT('',(-2.00999491999,2.00999491999,0.762001524003)  );
#3497 = ORIENTED_EDGE('',*,*,#3498,.F.);
#3498 = EDGE_CURVE('',#3478,#3492,#3499,.T.);
#3499 = B_SPLINE_CURVE_WITH_KNOTS('',1,(#3500,#3501),.UNSPECIFIED.,.F.,  .F.,(2,2),(0.,0.762001524003),.PIECEWISE_BEZIER_KNOTS.);
#3500 = CARTESIAN_POINT('',(-2.00999491999,-2.00999491999,0.762001524003    ));
#3501 = CARTESIAN_POINT('',(-2.00999491999,2.00999491999,0.762001524003)  );
#3502 = B_SPLINE_SURFACE_WITH_KNOTS('',1,1,(    (#3503,#3504)    ,(#3505,#3506    )),.UNSPECIFIED.,.F.,.F.,.F.,(2,2),(2,2),(0.,0.762001524003),(    -0.762001524003,0.),.PIECEWISE_BEZIER_KNOTS.);
#3503 = CARTESIAN_POINT('',(-2.00999491999,2.00999491999,0.));
#3504 = CARTESIAN_POINT('',(-2.00999491999,-2.00999491999,0.));
#3505 = CARTESIAN_POINT('',(-2.00999491999,2.00999491999,0.762001524003)  );
#3506 = CARTESIAN_POINT('',(-2.00999491999,-2.00999491999,0.762001524003    ));
#3507 = ADVANCED_FACE('',(#3508),#3538,.T.);
#3508 = FACE_BOUND('',#3509,.T.);
#3509 = EDGE_LOOP('',(#3510,#3519,#3526,#3533));
#3510 = ORIENTED_EDGE('',*,*,#3511,.F.);
#3511 = EDGE_CURVE('',#3512,#3514,#3516,.T.);
#3512 = VERTEX_POINT('',#3513);
#3513 = CARTESIAN_POINT('',(2.00999491999,-2.00999491999,0.));
#3514 = VERTEX_POINT('',#3515);
#3515 = CARTESIAN_POINT('',(2.00999491999,-2.00999491999,0.762001524003)  );
#3516 = B_SPLINE_CURVE_WITH_KNOTS('',1,(#3517,#3518),.UNSPECIFIED.,.F.,  .F.,(2,2),(0.,0.762001524003),.PIECEWISE_BEZIER_KNOTS.);
#3517 = CARTESIAN_POINT('',(2.00999491999,-2.00999491999,0.));
#3518 = CARTESIAN_POINT('',(2.00999491999,-2.00999491999,0.762001524003)  );
#3519 = ORIENTED_EDGE('',*,*,#3520,.T.);
#3520 = EDGE_CURVE('',#3512,#3521,#3523,.T.);
#3521 = VERTEX_POINT('',#3522);
#3522 = CARTESIAN_POINT('',(2.00999491999,2.00999491999,0.));
#3523 = B_SPLINE_CURVE_WITH_KNOTS('',1,(#3524,#3525),.UNSPECIFIED.,.F.,  .F.,(2,2),(0.,0.762001524003),.PIECEWISE_BEZIER_KNOTS.);
#3524 = CARTESIAN_POINT('',(2.00999491999,-2.00999491999,0.));
#3525 = CARTESIAN_POINT('',(2.00999491999,2.00999491999,0.));
#3526 = ORIENTED_EDGE('',*,*,#3527,.T.);
#3527 = EDGE_CURVE('',#3521,#3528,#3530,.T.);
#3528 = VERTEX_POINT('',#3529);
#3529 = CARTESIAN_POINT('',(2.00999491999,2.00999491999,0.762001524003)  );
#3530 = B_SPLINE_CURVE_WITH_KNOTS('',1,(#3531,#3532),.UNSPECIFIED.,.F.,  .F.,(2,2),(0.,0.762001524003),.PIECEWISE_BEZIER_KNOTS.);
#3531 = CARTESIAN_POINT('',(2.00999491999,2.00999491999,0.));
#3532 = CARTESIAN_POINT('',(2.00999491999,2.00999491999,0.762001524003)  );
#3533 = ORIENTED_EDGE('',*,*,#3534,.F.);
#3534 = EDGE_CURVE('',#3514,#3528,#3535,.T.);
#3535 = B_SPLINE_CURVE_WITH_KNOTS('',1,(#3536,#3537),.UNSPECIFIED.,.F.,  .F.,(2,2),(0.,0.762001524003),.PIECEWISE_BEZIER_KNOTS.);
#3536 = CARTESIAN_POINT('',(2.00999491999,-2.00999491999,0.762001524003)  );
#3537 = CARTESIAN_POINT('',(2.00999491999,2.00999491999,0.762001524003)  );
#3538 = B_SPLINE_SURFACE_WITH_KNOTS('',1,1,(    (#3539,#3540)    ,(#3541,#3542    )),.UNSPECIFIED.,.F.,.F.,.F.,(2,2),(2,2),(0.,0.762001524003),(    -0.762001524003,0.),.PIECEWISE_BEZIER_KNOTS.);
#3539 = CARTESIAN_POINT('',(2.00999491999,2.00999491999,0.));
#3540 = CARTESIAN_POINT('',(2.00999491999,-2.00999491999,0.));
#3541 = CARTESIAN_POINT('',(2.00999491999,2.00999491999,0.762001524003)  );
#3542 = CARTESIAN_POINT('',(2.00999491999,-2.00999491999,0.762001524003)  );
#3543 = ADVANCED_FACE('',(#3544),#3558,.F.);
#3544 = FACE_BOUND('',#3545,.F.);
#3545 = EDGE_LOOP('',(#3546,#3551,#3552,#3557));
#3546 = ORIENTED_EDGE('',*,*,#3547,.F.);
#3547 = EDGE_CURVE('',#3476,#3512,#3548,.T.);
#3548 = B_SPLINE_CURVE_WITH_KNOTS('',1,(#3549,#3550),.UNSPECIFIED.,.F.,  .F.,(2,2),(0.,0.762001524003),.PIECEWISE_BEZIER_KNOTS.);
#3549 = CARTESIAN_POINT('',(-2.00999491999,-2.00999491999,0.));
#3550 = CARTESIAN_POINT('',(2.00999491999,-2.00999491999,0.));
#3551 = ORIENTED_EDGE('',*,*,#3475,.T.);
#3552 = ORIENTED_EDGE('',*,*,#3553,.T.);
#3553 = EDGE_CURVE('',#3478,#3514,#3554,.T.);
#3554 = B_SPLINE_CURVE_WITH_KNOTS('',1,(#3555,#3556),.UNSPECIFIED.,.F.,  .F.,(2,2),(0.,0.762001524003),.PIECEWISE_BEZIER_KNOTS.);
#3555 = CARTESIAN_POINT('',(-2.00999491999,-2.00999491999,0.762001524003    ));
#3556 = CARTESIAN_POINT('',(2.00999491999,-2.00999491999,0.762001524003)  );
#3557 = ORIENTED_EDGE('',*,*,#3511,.F.);
#3558 = B_SPLINE_SURFACE_WITH_KNOTS('',1,1,(    (#3559,#3560)    ,(#3561,#3562    )),.UNSPECIFIED.,.F.,.F.,.F.,(2,2),(2,2),(0.,0.762001524003),(0.,    0.762001524003),.PIECEWISE_BEZIER_KNOTS.);
#3559 = CARTESIAN_POINT('',(-2.00999491999,-2.00999491999,0.));
#3560 = CARTESIAN_POINT('',(2.00999491999,-2.00999491999,0.));
#3561 = CARTESIAN_POINT('',(-2.00999491999,-2.00999491999,0.762001524003    ));
#3562 = CARTESIAN_POINT('',(2.00999491999,-2.00999491999,0.762001524003)  );
#3563 = ADVANCED_FACE('',(#3564),#3578,.T.);
#3564 = FACE_BOUND('',#3565,.T.);
#3565 = EDGE_LOOP('',(#3566,#3571,#3572,#3577));
#3566 = ORIENTED_EDGE('',*,*,#3567,.F.);
#3567 = EDGE_CURVE('',#3485,#3521,#3568,.T.);
#3568 = B_SPLINE_CURVE_WITH_KNOTS('',1,(#3569,#3570),.UNSPECIFIED.,.F.,  .F.,(2,2),(0.,0.762001524003),.PIECEWISE_BEZIER_KNOTS.);
#3569 = CARTESIAN_POINT('',(-2.00999491999,2.00999491999,0.));
#3570 = CARTESIAN_POINT('',(2.00999491999,2.00999491999,0.));
#3571 = ORIENTED_EDGE('',*,*,#3491,.T.);
#3572 = ORIENTED_EDGE('',*,*,#3573,.T.);
#3573 = EDGE_CURVE('',#3492,#3528,#3574,.T.);
#3574 = B_SPLINE_CURVE_WITH_KNOTS('',1,(#3575,#3576),.UNSPECIFIED.,.F.,  .F.,(2,2),(0.,0.762001524003),.PIECEWISE_BEZIER_KNOTS.);
#3575 = CARTESIAN_POINT('',(-2.00999491999,2.00999491999,0.762001524003)  );
#3576 = CARTESIAN_POINT('',(2.00999491999,2.00999491999,0.762001524003)  );
#3577 = ORIENTED_EDGE('',*,*,#3527,.F.);
#3578 = B_SPLINE_SURFACE_WITH_KNOTS('',1,1,(    (#3579,#3580)    ,(#3581,#3582    )),.UNSPECIFIED.,.F.,.F.,.F.,(2,2),(2,2),(0.,0.762001524003),(0.,    0.762001524003),.PIECEWISE_BEZIER_KNOTS.);
#3579 = CARTESIAN_POINT('',(-2.00999491999,2.00999491999,0.));
#3580 = CARTESIAN_POINT('',(2.00999491999,2.00999491999,0.));
#3581 = CARTESIAN_POINT('',(-2.00999491999,2.00999491999,0.762001524003)  );
#3582 = CARTESIAN_POINT('',(2.00999491999,2.00999491999,0.762001524003)  );
#3583 = ADVANCED_FACE('',(#3584),#3590,.F.);
#3584 = FACE_BOUND('',#3585,.F.);
#3585 = EDGE_LOOP('',(#3586,#3587,#3588,#3589));
#3586 = ORIENTED_EDGE('',*,*,#3484,.F.);
#3587 = ORIENTED_EDGE('',*,*,#3547,.T.);
#3588 = ORIENTED_EDGE('',*,*,#3520,.T.);
#3589 = ORIENTED_EDGE('',*,*,#3567,.F.);
#3590 = B_SPLINE_SURFACE_WITH_KNOTS('',1,1,(    (#3591,#3592)    ,(#3593,#3594    )),.UNSPECIFIED.,.F.,.F.,.F.,(2,2),(2,2),(0.,0.762001524003),(0.,    0.762001524003),.PIECEWISE_BEZIER_KNOTS.);
#3591 = CARTESIAN_POINT('',(-2.00999491999,-2.00999491999,0.));
#3592 = CARTESIAN_POINT('',(-2.00999491999,2.00999491999,0.));
#3593 = CARTESIAN_POINT('',(2.00999491999,-2.00999491999,0.));
#3594 = CARTESIAN_POINT('',(2.00999491999,2.00999491999,0.));
#3595 = ADVANCED_FACE('',(#3596),#3602,.T.);
#3596 = FACE_BOUND('',#3597,.T.);
#3597 = EDGE_LOOP('',(#3598,#3599,#3600,#3601));
#3598 = ORIENTED_EDGE('',*,*,#3498,.F.);
#3599 = ORIENTED_EDGE('',*,*,#3553,.T.);
#3600 = ORIENTED_EDGE('',*,*,#3534,.T.);
#3601 = ORIENTED_EDGE('',*,*,#3573,.F.);
#3602 = B_SPLINE_SURFACE_WITH_KNOTS('',1,1,(    (#3603,#3604)    ,(#3605,#3606    )),.UNSPECIFIED.,.F.,.F.,.F.,(2,2),(2,2),(0.,0.762001524003),(0.,    0.762001524003),.PIECEWISE_BEZIER_KNOTS.);
#3603 = CARTESIAN_POINT('',(-2.00999491999,-2.00999491999,0.762001524003    ));
#3604 = CARTESIAN_POINT('',(-2.00999491999,2.00999491999,0.762001524003)  );
#3605 = CARTESIAN_POINT('',(2.00999491999,-2.00999491999,0.762001524003)  );
#3606 = CARTESIAN_POINT('',(2.00999491999,2.00999491999,0.762001524003)  );
#3607 = ( GEOMETRIC_REPRESENTATION_CONTEXT(3) GLOBAL_UNCERTAINTY_ASSIGNED_CONTEXT((#3611)) GLOBAL_UNIT_ASSIGNED_CONTEXT((#3608,#3609,#3610)) REPRESENTATION_CONTEXT('Context #1','3D Context with UNIT and UNCERTAINTY') );
#3608 = ( LENGTH_UNIT() NAMED_UNIT(*) SI_UNIT(.MILLI.,.METRE.) );
#3609 = ( NAMED_UNIT(*) PLANE_ANGLE_UNIT() SI_UNIT($,.RADIAN.) );
#3610 = ( NAMED_UNIT(*) SI_UNIT($,.STERADIAN.) SOLID_ANGLE_UNIT() );
#3611 = UNCERTAINTY_MEASURE_WITH_UNIT(LENGTH_MEASURE(5.E-07),#3608,  'distance_accuracy_value','confusion accuracy');
#3612 = CONTEXT_DEPENDENT_SHAPE_REPRESENTATION(#3613,#3615);
#3613 = ( REPRESENTATION_RELATIONSHIP('','',#3468,#3445) REPRESENTATION_RELATIONSHIP_WITH_TRANSFORMATION(#3614) SHAPE_REPRESENTATION_RELATIONSHIP() );
#3614 = ITEM_DEFINED_TRANSFORMATION('','',#11,#3446);
#3615 = PRODUCT_DEFINITION_SHAPE('Placement','Placement of an item',  #3616);
#3616 = NEXT_ASSEMBLY_USAGE_OCCURRENCE('34','=>[0:1:1:27]','',#3440,  #3463,$);
#3617 = PRODUCT_RELATED_PRODUCT_CATEGORY('part',$,(#3465));
#3618 = SHAPE_DEFINITION_REPRESENTATION(#3619,#3625);
#3619 = PRODUCT_DEFINITION_SHAPE('','',#3620);
#3620 = PRODUCT_DEFINITION('design','',#3621,#3624);
#3621 = PRODUCT_DEFINITION_FORMATION('','',#3622);
#3622 = PRODUCT('Q2~SOT-23-3_L2.9-W1.3-P1.90-LS2.4-BR~SOT-23-3P_L2.9-W1.3-H1.0-LS2.4-P0.95~Dprc','Q2~SOT-23-3_L2.9-W1.3-P1.90-LS2.4-BR~SOT-23-3P_L2.9-W1.3-H1.0-LS2.4-P0.95~Dprc','',(#3623));
#3623 = PRODUCT_CONTEXT('',#2,'mechanical');
#3624 = PRODUCT_DEFINITION_CONTEXT('part definition',#2,'design');
#3625 = SHAPE_REPRESENTATION('',(#11,#3626),#3630);
#3626 = AXIS2_PLACEMENT_3D('',#3627,#3628,#3629);
#3627 = CARTESIAN_POINT('',(0.,0.,0.));
#3628 = DIRECTION('',(0.,0.,1.));
#3629 = DIRECTION('',(1.,0.,-0.));
#3630 = ( GEOMETRIC_REPRESENTATION_CONTEXT(3) GLOBAL_UNCERTAINTY_ASSIGNED_CONTEXT((#3634)) GLOBAL_UNIT_ASSIGNED_CONTEXT((#3631,#3632,#3633)) REPRESENTATION_CONTEXT('Context #1','3D Context with UNIT and UNCERTAINTY') );
#3631 = ( LENGTH_UNIT() NAMED_UNIT(*) SI_UNIT(.MILLI.,.METRE.) );
#3632 = ( NAMED_UNIT(*) PLANE_ANGLE_UNIT() SI_UNIT($,.RADIAN.) );
#3633 = ( NAMED_UNIT(*) SI_UNIT($,.STERADIAN.) SOLID_ANGLE_UNIT() );
#3634 = UNCERTAINTY_MEASURE_WITH_UNIT(LENGTH_MEASURE(5.E-07),#3631,  'distance_accuracy_value','confusion accuracy');
#3635 = CONTEXT_DEPENDENT_SHAPE_REPRESENTATION(#3636,#3638);
#3636 = ( REPRESENTATION_RELATIONSHIP('','',#3625,#10) REPRESENTATION_RELATIONSHIP_WITH_TRANSFORMATION(#3637) SHAPE_REPRESENTATION_RELATIONSHIP() );
#3637 = ITEM_DEFINED_TRANSFORMATION('','',#11,#95);
#3638 = PRODUCT_DEFINITION_SHAPE('Placement','Placement of an item',  #3639);
#3639 = NEXT_ASSEMBLY_USAGE_OCCURRENCE('37','=>[0:1:1:30]','',#5,#3620,$  );
#3640 = PRODUCT_RELATED_PRODUCT_CATEGORY('part',$,(#3622));
#3641 = SHAPE_DEFINITION_REPRESENTATION(#3642,#3648);
#3642 = PRODUCT_DEFINITION_SHAPE('','',#3643);
#3643 = PRODUCT_DEFINITION('design','',#3644,#3647);
#3644 = PRODUCT_DEFINITION_FORMATION('','',#3645);
#3645 = PRODUCT('SOT-23-3_L2.9-W1.3-P1.90-LS2.4-BR~SOT-23-3P_L2.9-W1.3-H1.0-LS2.4-P0.95~Dprc','SOT-23-3_L2.9-W1.3-P1.90-LS2.4-BR~SOT-23-3P_L2.9-W1.3-H1.0-LS2.4-P0.95~Dprc','',(#3646));
#3646 = PRODUCT_CONTEXT('',#2,'mechanical');
#3647 = PRODUCT_DEFINITION_CONTEXT('part definition',#2,'design');
#3648 = ADVANCED_BREP_SHAPE_REPRESENTATION('',(#11,#3649),#3787);
#3649 = MANIFOLD_SOLID_BREP('',#3650);
#3650 = CLOSED_SHELL('',(#3651,#3687,#3723,#3743,#3763,#3775));
#3651 = ADVANCED_FACE('',(#3652),#3682,.F.);
#3652 = FACE_BOUND('',#3653,.F.);
#3653 = EDGE_LOOP('',(#3654,#3663,#3670,#3677));
#3654 = ORIENTED_EDGE('',*,*,#3655,.F.);
#3655 = EDGE_CURVE('',#3656,#3658,#3660,.T.);
#3656 = VERTEX_POINT('',#3657);
#3657 = CARTESIAN_POINT('',(1.250012700025,1.449987299975,0.));
#3658 = VERTEX_POINT('',#3659);
#3659 = CARTESIAN_POINT('',(1.250012700025,1.449987299975,0.762001524003    ));
#3660 = B_SPLINE_CURVE_WITH_KNOTS('',1,(#3661,#3662),.UNSPECIFIED.,.F.,  .F.,(2,2),(0.,0.762001524003),.PIECEWISE_BEZIER_KNOTS.);
#3661 = CARTESIAN_POINT('',(1.250012700025,1.449987299975,0.));
#3662 = CARTESIAN_POINT('',(1.250012700025,1.449987299975,0.762001524003    ));
#3663 = ORIENTED_EDGE('',*,*,#3664,.T.);
#3664 = EDGE_CURVE('',#3656,#3665,#3667,.T.);
#3665 = VERTEX_POINT('',#3666);
#3666 = CARTESIAN_POINT('',(1.250012700025,-1.450012700025,0.));
#3667 = B_SPLINE_CURVE_WITH_KNOTS('',1,(#3668,#3669),.UNSPECIFIED.,.F.,  .F.,(2,2),(0.,0.762001524003),.PIECEWISE_BEZIER_KNOTS.);
#3668 = CARTESIAN_POINT('',(1.250012700025,1.449987299975,0.));
#3669 = CARTESIAN_POINT('',(1.250012700025,-1.450012700025,0.));
#3670 = ORIENTED_EDGE('',*,*,#3671,.T.);
#3671 = EDGE_CURVE('',#3665,#3672,#3674,.T.);
#3672 = VERTEX_POINT('',#3673);
#3673 = CARTESIAN_POINT('',(1.250012700025,-1.450012700025,    0.762001524003));
#3674 = B_SPLINE_CURVE_WITH_KNOTS('',1,(#3675,#3676),.UNSPECIFIED.,.F.,  .F.,(2,2),(0.,0.762001524003),.PIECEWISE_BEZIER_KNOTS.);
#3675 = CARTESIAN_POINT('',(1.250012700025,-1.450012700025,0.));
#3676 = CARTESIAN_POINT('',(1.250012700025,-1.450012700025,    0.762001524003));
#3677 = ORIENTED_EDGE('',*,*,#3678,.F.);
#3678 = EDGE_CURVE('',#3658,#3672,#3679,.T.);
#3679 = B_SPLINE_CURVE_WITH_KNOTS('',1,(#3680,#3681),.UNSPECIFIED.,.F.,  .F.,(2,2),(0.,0.762001524003),.PIECEWISE_BEZIER_KNOTS.);
#3680 = CARTESIAN_POINT('',(1.250012700025,1.449987299975,0.762001524003    ));
#3681 = CARTESIAN_POINT('',(1.250012700025,-1.450012700025,    0.762001524003));
#3682 = B_SPLINE_SURFACE_WITH_KNOTS('',1,1,(    (#3683,#3684)    ,(#3685,#3686    )),.UNSPECIFIED.,.F.,.F.,.F.,(2,2),(2,2),(0.,0.762001524003),(    -0.762001524003,0.),.PIECEWISE_BEZIER_KNOTS.);
#3683 = CARTESIAN_POINT('',(1.250012700025,-1.450012700025,0.));
#3684 = CARTESIAN_POINT('',(1.250012700025,1.449987299975,0.));
#3685 = CARTESIAN_POINT('',(1.250012700025,-1.450012700025,    0.762001524003));
#3686 = CARTESIAN_POINT('',(1.250012700025,1.449987299975,0.762001524003    ));
#3687 = ADVANCED_FACE('',(#3688),#3718,.T.);
#3688 = FACE_BOUND('',#3689,.T.);
#3689 = EDGE_LOOP('',(#3690,#3699,#3706,#3713));
#3690 = ORIENTED_EDGE('',*,*,#3691,.F.);
#3691 = EDGE_CURVE('',#3692,#3694,#3696,.T.);
#3692 = VERTEX_POINT('',#3693);
#3693 = CARTESIAN_POINT('',(-1.249987299975,1.449987299975,0.));
#3694 = VERTEX_POINT('',#3695);
#3695 = CARTESIAN_POINT('',(-1.249987299975,1.449987299975,    0.762001524003));
#3696 = B_SPLINE_CURVE_WITH_KNOTS('',1,(#3697,#3698),.UNSPECIFIED.,.F.,  .F.,(2,2),(0.,0.762001524003),.PIECEWISE_BEZIER_KNOTS.);
#3697 = CARTESIAN_POINT('',(-1.249987299975,1.449987299975,0.));
#3698 = CARTESIAN_POINT('',(-1.249987299975,1.449987299975,    0.762001524003));
#3699 = ORIENTED_EDGE('',*,*,#3700,.T.);
#3700 = EDGE_CURVE('',#3692,#3701,#3703,.T.);
#3701 = VERTEX_POINT('',#3702);
#3702 = CARTESIAN_POINT('',(-1.249987299975,-1.450012700025,0.));
#3703 = B_SPLINE_CURVE_WITH_KNOTS('',1,(#3704,#3705),.UNSPECIFIED.,.F.,  .F.,(2,2),(0.,0.762001524003),.PIECEWISE_BEZIER_KNOTS.);
#3704 = CARTESIAN_POINT('',(-1.249987299975,1.449987299975,0.));
#3705 = CARTESIAN_POINT('',(-1.249987299975,-1.450012700025,0.));
#3706 = ORIENTED_EDGE('',*,*,#3707,.T.);
#3707 = EDGE_CURVE('',#3701,#3708,#3710,.T.);
#3708 = VERTEX_POINT('',#3709);
#3709 = CARTESIAN_POINT('',(-1.249987299975,-1.450012700025,    0.762001524003));
#3710 = B_SPLINE_CURVE_WITH_KNOTS('',1,(#3711,#3712),.UNSPECIFIED.,.F.,  .F.,(2,2),(0.,0.762001524003),.PIECEWISE_BEZIER_KNOTS.);
#3711 = CARTESIAN_POINT('',(-1.249987299975,-1.450012700025,0.));
#3712 = CARTESIAN_POINT('',(-1.249987299975,-1.450012700025,    0.762001524003));
#3713 = ORIENTED_EDGE('',*,*,#3714,.F.);
#3714 = EDGE_CURVE('',#3694,#3708,#3715,.T.);
#3715 = B_SPLINE_CURVE_WITH_KNOTS('',1,(#3716,#3717),.UNSPECIFIED.,.F.,  .F.,(2,2),(0.,0.762001524003),.PIECEWISE_BEZIER_KNOTS.);
#3716 = CARTESIAN_POINT('',(-1.249987299975,1.449987299975,    0.762001524003));
#3717 = CARTESIAN_POINT('',(-1.249987299975,-1.450012700025,    0.762001524003));
#3718 = B_SPLINE_SURFACE_WITH_KNOTS('',1,1,(    (#3719,#3720)    ,(#3721,#3722    )),.UNSPECIFIED.,.F.,.F.,.F.,(2,2),(2,2),(0.,0.762001524003),(    -0.762001524003,0.),.PIECEWISE_BEZIER_KNOTS.);
#3719 = CARTESIAN_POINT('',(-1.249987299975,-1.450012700025,0.));
#3720 = CARTESIAN_POINT('',(-1.249987299975,1.449987299975,0.));
#3721 = CARTESIAN_POINT('',(-1.249987299975,-1.450012700025,    0.762001524003));
#3722 = CARTESIAN_POINT('',(-1.249987299975,1.449987299975,    0.762001524003));
#3723 = ADVANCED_FACE('',(#3724),#3738,.F.);
#3724 = FACE_BOUND('',#3725,.F.);
#3725 = EDGE_LOOP('',(#3726,#3731,#3732,#3737));
#3726 = ORIENTED_EDGE('',*,*,#3727,.F.);
#3727 = EDGE_CURVE('',#3656,#3692,#3728,.T.);
#3728 = B_SPLINE_CURVE_WITH_KNOTS('',1,(#3729,#3730),.UNSPECIFIED.,.F.,  .F.,(2,2),(0.,0.762001524003),.PIECEWISE_BEZIER_KNOTS.);
#3729 = CARTESIAN_POINT('',(1.250012700025,1.449987299975,0.));
#3730 = CARTESIAN_POINT('',(-1.249987299975,1.449987299975,0.));
#3731 = ORIENTED_EDGE('',*,*,#3655,.T.);
#3732 = ORIENTED_EDGE('',*,*,#3733,.T.);
#3733 = EDGE_CURVE('',#3658,#3694,#3734,.T.);
#3734 = B_SPLINE_CURVE_WITH_KNOTS('',1,(#3735,#3736),.UNSPECIFIED.,.F.,  .F.,(2,2),(0.,0.762001524003),.PIECEWISE_BEZIER_KNOTS.);
#3735 = CARTESIAN_POINT('',(1.250012700025,1.449987299975,0.762001524003    ));
#3736 = CARTESIAN_POINT('',(-1.249987299975,1.449987299975,    0.762001524003));
#3737 = ORIENTED_EDGE('',*,*,#3691,.F.);
#3738 = B_SPLINE_SURFACE_WITH_KNOTS('',1,1,(    (#3739,#3740)    ,(#3741,#3742    )),.UNSPECIFIED.,.F.,.F.,.F.,(2,2),(2,2),(0.,0.762001524003),(0.,    0.762001524003),.PIECEWISE_BEZIER_KNOTS.);
#3739 = CARTESIAN_POINT('',(1.250012700025,1.449987299975,0.));
#3740 = CARTESIAN_POINT('',(-1.249987299975,1.449987299975,0.));
#3741 = CARTESIAN_POINT('',(1.250012700025,1.449987299975,0.762001524003    ));
#3742 = CARTESIAN_POINT('',(-1.249987299975,1.449987299975,    0.762001524003));
#3743 = ADVANCED_FACE('',(#3744),#3758,.T.);
#3744 = FACE_BOUND('',#3745,.T.);
#3745 = EDGE_LOOP('',(#3746,#3751,#3752,#3757));
#3746 = ORIENTED_EDGE('',*,*,#3747,.F.);
#3747 = EDGE_CURVE('',#3665,#3701,#3748,.T.);
#3748 = B_SPLINE_CURVE_WITH_KNOTS('',1,(#3749,#3750),.UNSPECIFIED.,.F.,  .F.,(2,2),(0.,0.762001524003),.PIECEWISE_BEZIER_KNOTS.);
#3749 = CARTESIAN_POINT('',(1.250012700025,-1.450012700025,0.));
#3750 = CARTESIAN_POINT('',(-1.249987299975,-1.450012700025,0.));
#3751 = ORIENTED_EDGE('',*,*,#3671,.T.);
#3752 = ORIENTED_EDGE('',*,*,#3753,.T.);
#3753 = EDGE_CURVE('',#3672,#3708,#3754,.T.);
#3754 = B_SPLINE_CURVE_WITH_KNOTS('',1,(#3755,#3756),.UNSPECIFIED.,.F.,  .F.,(2,2),(0.,0.762001524003),.PIECEWISE_BEZIER_KNOTS.);
#3755 = CARTESIAN_POINT('',(1.250012700025,-1.450012700025,    0.762001524003));
#3756 = CARTESIAN_POINT('',(-1.249987299975,-1.450012700025,    0.762001524003));
#3757 = ORIENTED_EDGE('',*,*,#3707,.F.);
#3758 = B_SPLINE_SURFACE_WITH_KNOTS('',1,1,(    (#3759,#3760)    ,(#3761,#3762    )),.UNSPECIFIED.,.F.,.F.,.F.,(2,2),(2,2),(0.,0.762001524003),(0.,    0.762001524003),.PIECEWISE_BEZIER_KNOTS.);
#3759 = CARTESIAN_POINT('',(1.250012700025,-1.450012700025,0.));
#3760 = CARTESIAN_POINT('',(-1.249987299975,-1.450012700025,0.));
#3761 = CARTESIAN_POINT('',(1.250012700025,-1.450012700025,    0.762001524003));
#3762 = CARTESIAN_POINT('',(-1.249987299975,-1.450012700025,    0.762001524003));
#3763 = ADVANCED_FACE('',(#3764),#3770,.F.);
#3764 = FACE_BOUND('',#3765,.F.);
#3765 = EDGE_LOOP('',(#3766,#3767,#3768,#3769));
#3766 = ORIENTED_EDGE('',*,*,#3664,.F.);
#3767 = ORIENTED_EDGE('',*,*,#3727,.T.);
#3768 = ORIENTED_EDGE('',*,*,#3700,.T.);
#3769 = ORIENTED_EDGE('',*,*,#3747,.F.);
#3770 = B_SPLINE_SURFACE_WITH_KNOTS('',1,1,(    (#3771,#3772)    ,(#3773,#3774    )),.UNSPECIFIED.,.F.,.F.,.F.,(2,2),(2,2),(0.,0.762001524003),(0.,    0.762001524003),.PIECEWISE_BEZIER_KNOTS.);
#3771 = CARTESIAN_POINT('',(1.250012700025,1.449987299975,0.));
#3772 = CARTESIAN_POINT('',(1.250012700025,-1.450012700025,0.));
#3773 = CARTESIAN_POINT('',(-1.249987299975,1.449987299975,0.));
#3774 = CARTESIAN_POINT('',(-1.249987299975,-1.450012700025,0.));
#3775 = ADVANCED_FACE('',(#3776),#3782,.T.);
#3776 = FACE_BOUND('',#3777,.T.);
#3777 = EDGE_LOOP('',(#3778,#3779,#3780,#3781));
#3778 = ORIENTED_EDGE('',*,*,#3678,.F.);
#3779 = ORIENTED_EDGE('',*,*,#3733,.T.);
#3780 = ORIENTED_EDGE('',*,*,#3714,.T.);
#3781 = ORIENTED_EDGE('',*,*,#3753,.F.);
#3782 = B_SPLINE_SURFACE_WITH_KNOTS('',1,1,(    (#3783,#3784)    ,(#3785,#3786    )),.UNSPECIFIED.,.F.,.F.,.F.,(2,2),(2,2),(0.,0.762001524003),(0.,    0.762001524003),.PIECEWISE_BEZIER_KNOTS.);
#3783 = CARTESIAN_POINT('',(1.250012700025,1.449987299975,0.762001524003    ));
#3784 = CARTESIAN_POINT('',(1.250012700025,-1.450012700025,    0.762001524003));
#3785 = CARTESIAN_POINT('',(-1.249987299975,1.449987299975,    0.762001524003));
#3786 = CARTESIAN_POINT('',(-1.249987299975,-1.450012700025,    0.762001524003));
#3787 = ( GEOMETRIC_REPRESENTATION_CONTEXT(3) GLOBAL_UNCERTAINTY_ASSIGNED_CONTEXT((#3791)) GLOBAL_UNIT_ASSIGNED_CONTEXT((#3788,#3789,#3790)) REPRESENTATION_CONTEXT('Context #1','3D Context with UNIT and UNCERTAINTY') );
#3788 = ( LENGTH_UNIT() NAMED_UNIT(*) SI_UNIT(.MILLI.,.METRE.) );
#3789 = ( NAMED_UNIT(*) PLANE_ANGLE_UNIT() SI_UNIT($,.RADIAN.) );
#3790 = ( NAMED_UNIT(*) SI_UNIT($,.STERADIAN.) SOLID_ANGLE_UNIT() );
#3791 = UNCERTAINTY_MEASURE_WITH_UNIT(LENGTH_MEASURE(5.E-07),#3788,  'distance_accuracy_value','confusion accuracy');
#3792 = CONTEXT_DEPENDENT_SHAPE_REPRESENTATION(#3793,#3795);
#3793 = ( REPRESENTATION_RELATIONSHIP('','',#3648,#3625) REPRESENTATION_RELATIONSHIP_WITH_TRANSFORMATION(#3794) SHAPE_REPRESENTATION_RELATIONSHIP() );
#3794 = ITEM_DEFINED_TRANSFORMATION('','',#11,#3626);
#3795 = PRODUCT_DEFINITION_SHAPE('Placement','Placement of an item',  #3796);
#3796 = NEXT_ASSEMBLY_USAGE_OCCURRENCE('36','=>[0:1:1:29]','',#3620,  #3643,$);
#3797 = PRODUCT_RELATED_PRODUCT_CATEGORY('part',$,(#3645));
#3798 = SHAPE_DEFINITION_REPRESENTATION(#3799,#3805);
#3799 = PRODUCT_DEFINITION_SHAPE('','',#3800);
#3800 = PRODUCT_DEFINITION('design','',#3801,#3804);
#3801 = PRODUCT_DEFINITION_FORMATION('','',#3802);
#3802 = PRODUCT('Q3~SOT-23-3_L2.9-W1.3-P1.90-LS2.4-BR~SOT-23-3P_L2.9-W1.3-H1.0-LS2.4-P0.95~Dprc','Q3~SOT-23-3_L2.9-W1.3-P1.90-LS2.4-BR~SOT-23-3P_L2.9-W1.3-H1.0-LS2.4-P0.95~Dprc','',(#3803));
#3803 = PRODUCT_CONTEXT('',#2,'mechanical');
#3804 = PRODUCT_DEFINITION_CONTEXT('part definition',#2,'design');
#3805 = SHAPE_REPRESENTATION('',(#11,#3806),#3810);
#3806 = AXIS2_PLACEMENT_3D('',#3807,#3808,#3809);
#3807 = CARTESIAN_POINT('',(0.,0.,0.));
#3808 = DIRECTION('',(0.,0.,1.));
#3809 = DIRECTION('',(1.,0.,-0.));
#3810 = ( GEOMETRIC_REPRESENTATION_CONTEXT(3) GLOBAL_UNCERTAINTY_ASSIGNED_CONTEXT((#3814)) GLOBAL_UNIT_ASSIGNED_CONTEXT((#3811,#3812,#3813)) REPRESENTATION_CONTEXT('Context #1','3D Context with UNIT and UNCERTAINTY') );
#3811 = ( LENGTH_UNIT() NAMED_UNIT(*) SI_UNIT(.MILLI.,.METRE.) );
#3812 = ( NAMED_UNIT(*) PLANE_ANGLE_UNIT() SI_UNIT($,.RADIAN.) );
#3813 = ( NAMED_UNIT(*) SI_UNIT($,.STERADIAN.) SOLID_ANGLE_UNIT() );
#3814 = UNCERTAINTY_MEASURE_WITH_UNIT(LENGTH_MEASURE(5.E-07),#3811,  'distance_accuracy_value','confusion accuracy');
#3815 = CONTEXT_DEPENDENT_SHAPE_REPRESENTATION(#3816,#3818);
#3816 = ( REPRESENTATION_RELATIONSHIP('','',#3805,#10) REPRESENTATION_RELATIONSHIP_WITH_TRANSFORMATION(#3817) SHAPE_REPRESENTATION_RELATIONSHIP() );
#3817 = ITEM_DEFINED_TRANSFORMATION('','',#11,#99);
#3818 = PRODUCT_DEFINITION_SHAPE('Placement','Placement of an item',  #3819);
#3819 = NEXT_ASSEMBLY_USAGE_OCCURRENCE('39','=>[0:1:1:31]','',#5,#3800,$  );
#3820 = PRODUCT_RELATED_PRODUCT_CATEGORY('part',$,(#3802));
#3821 = CONTEXT_DEPENDENT_SHAPE_REPRESENTATION(#3822,#3824);
#3822 = ( REPRESENTATION_RELATIONSHIP('','',#3648,#3805) REPRESENTATION_RELATIONSHIP_WITH_TRANSFORMATION(#3823) SHAPE_REPRESENTATION_RELATIONSHIP() );
#3823 = ITEM_DEFINED_TRANSFORMATION('','',#11,#3806);
#3824 = PRODUCT_DEFINITION_SHAPE('Placement','Placement of an item',  #3825);
#3825 = NEXT_ASSEMBLY_USAGE_OCCURRENCE('38','','',#3800,#3643,$);
#3826 = SHAPE_DEFINITION_REPRESENTATION(#3827,#3833);
#3827 = PRODUCT_DEFINITION_SHAPE('','',#3828);
#3828 = PRODUCT_DEFINITION('design','',#3829,#3832);
#3829 = PRODUCT_DEFINITION_FORMATION('','',#3830);
#3830 = PRODUCT('R1~R0805~R0805_L2.0-W1.3-H0.6~Dprc',  'R1~R0805~R0805_L2.0-W1.3-H0.6~Dprc','',(#3831));
#3831 = PRODUCT_CONTEXT('',#2,'mechanical');
#3832 = PRODUCT_DEFINITION_CONTEXT('part definition',#2,'design');
#3833 = SHAPE_REPRESENTATION('',(#11,#3834),#3838);
#3834 = AXIS2_PLACEMENT_3D('',#3835,#3836,#3837);
#3835 = CARTESIAN_POINT('',(0.,0.,0.));
#3836 = DIRECTION('',(0.,0.,1.));
#3837 = DIRECTION('',(1.,0.,-0.));
#3838 = ( GEOMETRIC_REPRESENTATION_CONTEXT(3) GLOBAL_UNCERTAINTY_ASSIGNED_CONTEXT((#3842)) GLOBAL_UNIT_ASSIGNED_CONTEXT((#3839,#3840,#3841)) REPRESENTATION_CONTEXT('Context #1','3D Context with UNIT and UNCERTAINTY') );
#3839 = ( LENGTH_UNIT() NAMED_UNIT(*) SI_UNIT(.MILLI.,.METRE.) );
#3840 = ( NAMED_UNIT(*) PLANE_ANGLE_UNIT() SI_UNIT($,.RADIAN.) );
#3841 = ( NAMED_UNIT(*) SI_UNIT($,.STERADIAN.) SOLID_ANGLE_UNIT() );
#3842 = UNCERTAINTY_MEASURE_WITH_UNIT(LENGTH_MEASURE(2.E-07),#3839,  'distance_accuracy_value','confusion accuracy');
#3843 = CONTEXT_DEPENDENT_SHAPE_REPRESENTATION(#3844,#3846);
#3844 = ( REPRESENTATION_RELATIONSHIP('','',#3833,#10) REPRESENTATION_RELATIONSHIP_WITH_TRANSFORMATION(#3845) SHAPE_REPRESENTATION_RELATIONSHIP() );
#3845 = ITEM_DEFINED_TRANSFORMATION('','',#11,#103);
#3846 = PRODUCT_DEFINITION_SHAPE('Placement','Placement of an item',  #3847);
#3847 = NEXT_ASSEMBLY_USAGE_OCCURRENCE('41','=>[0:1:1:33]','',#5,#3828,$  );
#3848 = PRODUCT_RELATED_PRODUCT_CATEGORY('part',$,(#3830));
#3849 = SHAPE_DEFINITION_REPRESENTATION(#3850,#3856);
#3850 = PRODUCT_DEFINITION_SHAPE('','',#3851);
#3851 = PRODUCT_DEFINITION('design','',#3852,#3855);
#3852 = PRODUCT_DEFINITION_FORMATION('','',#3853);
#3853 = PRODUCT('R0805~R0805_L2.0-W1.3-H0.6~Dprc',  'R0805~R0805_L2.0-W1.3-H0.6~Dprc','',(#3854));
#3854 = PRODUCT_CONTEXT('',#2,'mechanical');
#3855 = PRODUCT_DEFINITION_CONTEXT('part definition',#2,'design');
#3856 = ADVANCED_BREP_SHAPE_REPRESENTATION('',(#11,#3857),#3995);
#3857 = MANIFOLD_SOLID_BREP('',#3858);
#3858 = CLOSED_SHELL('',(#3859,#3895,#3931,#3951,#3971,#3983));
#3859 = ADVANCED_FACE('',(#3860),#3890,.F.);
#3860 = FACE_BOUND('',#3861,.F.);
#3861 = EDGE_LOOP('',(#3862,#3871,#3878,#3885));
#3862 = ORIENTED_EDGE('',*,*,#3863,.F.);
#3863 = EDGE_CURVE('',#3864,#3866,#3868,.T.);
#3864 = VERTEX_POINT('',#3865);
#3865 = CARTESIAN_POINT('',(-1.,-0.650012700025,0.));
#3866 = VERTEX_POINT('',#3867);
#3867 = CARTESIAN_POINT('',(-1.,-0.650012700025,0.762001524003));
#3868 = B_SPLINE_CURVE_WITH_KNOTS('',1,(#3869,#3870),.UNSPECIFIED.,.F.,  .F.,(2,2),(0.,0.762001524003),.PIECEWISE_BEZIER_KNOTS.);
#3869 = CARTESIAN_POINT('',(-1.,-0.650012700025,0.));
#3870 = CARTESIAN_POINT('',(-1.,-0.650012700025,0.762001524003));
#3871 = ORIENTED_EDGE('',*,*,#3872,.T.);
#3872 = EDGE_CURVE('',#3864,#3873,#3875,.T.);
#3873 = VERTEX_POINT('',#3874);
#3874 = CARTESIAN_POINT('',(-1.,0.649987299975,0.));
#3875 = B_SPLINE_CURVE_WITH_KNOTS('',1,(#3876,#3877),.UNSPECIFIED.,.F.,  .F.,(2,2),(0.,0.762001524003),.PIECEWISE_BEZIER_KNOTS.);
#3876 = CARTESIAN_POINT('',(-1.,-0.650012700025,0.));
#3877 = CARTESIAN_POINT('',(-1.,0.649987299975,0.));
#3878 = ORIENTED_EDGE('',*,*,#3879,.T.);
#3879 = EDGE_CURVE('',#3873,#3880,#3882,.T.);
#3880 = VERTEX_POINT('',#3881);
#3881 = CARTESIAN_POINT('',(-1.,0.649987299975,0.762001524003));
#3882 = B_SPLINE_CURVE_WITH_KNOTS('',1,(#3883,#3884),.UNSPECIFIED.,.F.,  .F.,(2,2),(0.,0.762001524003),.PIECEWISE_BEZIER_KNOTS.);
#3883 = CARTESIAN_POINT('',(-1.,0.649987299975,0.));
#3884 = CARTESIAN_POINT('',(-1.,0.649987299975,0.762001524003));
#3885 = ORIENTED_EDGE('',*,*,#3886,.F.);
#3886 = EDGE_CURVE('',#3866,#3880,#3887,.T.);
#3887 = B_SPLINE_CURVE_WITH_KNOTS('',1,(#3888,#3889),.UNSPECIFIED.,.F.,  .F.,(2,2),(0.,0.762001524003),.PIECEWISE_BEZIER_KNOTS.);
#3888 = CARTESIAN_POINT('',(-1.,-0.650012700025,0.762001524003));
#3889 = CARTESIAN_POINT('',(-1.,0.649987299975,0.762001524003));
#3890 = B_SPLINE_SURFACE_WITH_KNOTS('',1,1,(    (#3891,#3892)    ,(#3893,#3894    )),.UNSPECIFIED.,.F.,.F.,.F.,(2,2),(2,2),(0.,0.762001524003),(    -0.762001524003,0.),.PIECEWISE_BEZIER_KNOTS.);
#3891 = CARTESIAN_POINT('',(-1.,0.649987299975,0.));
#3892 = CARTESIAN_POINT('',(-1.,-0.650012700025,0.));
#3893 = CARTESIAN_POINT('',(-1.,0.649987299975,0.762001524003));
#3894 = CARTESIAN_POINT('',(-1.,-0.650012700025,0.762001524003));
#3895 = ADVANCED_FACE('',(#3896),#3926,.T.);
#3896 = FACE_BOUND('',#3897,.T.);
#3897 = EDGE_LOOP('',(#3898,#3907,#3914,#3921));
#3898 = ORIENTED_EDGE('',*,*,#3899,.F.);
#3899 = EDGE_CURVE('',#3900,#3902,#3904,.T.);
#3900 = VERTEX_POINT('',#3901);
#3901 = CARTESIAN_POINT('',(1.,-0.650012700025,0.));
#3902 = VERTEX_POINT('',#3903);
#3903 = CARTESIAN_POINT('',(1.,-0.650012700025,0.762001524003));
#3904 = B_SPLINE_CURVE_WITH_KNOTS('',1,(#3905,#3906),.UNSPECIFIED.,.F.,  .F.,(2,2),(0.,0.762001524003),.PIECEWISE_BEZIER_KNOTS.);
#3905 = CARTESIAN_POINT('',(1.,-0.650012700025,0.));
#3906 = CARTESIAN_POINT('',(1.,-0.650012700025,0.762001524003));
#3907 = ORIENTED_EDGE('',*,*,#3908,.T.);
#3908 = EDGE_CURVE('',#3900,#3909,#3911,.T.);
#3909 = VERTEX_POINT('',#3910);
#3910 = CARTESIAN_POINT('',(1.,0.649987299975,0.));
#3911 = B_SPLINE_CURVE_WITH_KNOTS('',1,(#3912,#3913),.UNSPECIFIED.,.F.,  .F.,(2,2),(0.,0.762001524003),.PIECEWISE_BEZIER_KNOTS.);
#3912 = CARTESIAN_POINT('',(1.,-0.650012700025,0.));
#3913 = CARTESIAN_POINT('',(1.,0.649987299975,0.));
#3914 = ORIENTED_EDGE('',*,*,#3915,.T.);
#3915 = EDGE_CURVE('',#3909,#3916,#3918,.T.);
#3916 = VERTEX_POINT('',#3917);
#3917 = CARTESIAN_POINT('',(1.,0.649987299975,0.762001524003));
#3918 = B_SPLINE_CURVE_WITH_KNOTS('',1,(#3919,#3920),.UNSPECIFIED.,.F.,  .F.,(2,2),(0.,0.762001524003),.PIECEWISE_BEZIER_KNOTS.);
#3919 = CARTESIAN_POINT('',(1.,0.649987299975,0.));
#3920 = CARTESIAN_POINT('',(1.,0.649987299975,0.762001524003));
#3921 = ORIENTED_EDGE('',*,*,#3922,.F.);
#3922 = EDGE_CURVE('',#3902,#3916,#3923,.T.);
#3923 = B_SPLINE_CURVE_WITH_KNOTS('',1,(#3924,#3925),.UNSPECIFIED.,.F.,  .F.,(2,2),(0.,0.762001524003),.PIECEWISE_BEZIER_KNOTS.);
#3924 = CARTESIAN_POINT('',(1.,-0.650012700025,0.762001524003));
#3925 = CARTESIAN_POINT('',(1.,0.649987299975,0.762001524003));
#3926 = B_SPLINE_SURFACE_WITH_KNOTS('',1,1,(    (#3927,#3928)    ,(#3929,#3930    )),.UNSPECIFIED.,.F.,.F.,.F.,(2,2),(2,2),(0.,0.762001524003),(    -0.762001524003,0.),.PIECEWISE_BEZIER_KNOTS.);
#3927 = CARTESIAN_POINT('',(1.,0.649987299975,0.));
#3928 = CARTESIAN_POINT('',(1.,-0.650012700025,0.));
#3929 = CARTESIAN_POINT('',(1.,0.649987299975,0.762001524003));
#3930 = CARTESIAN_POINT('',(1.,-0.650012700025,0.762001524003));
#3931 = ADVANCED_FACE('',(#3932),#3946,.F.);
#3932 = FACE_BOUND('',#3933,.F.);
#3933 = EDGE_LOOP('',(#3934,#3939,#3940,#3945));
#3934 = ORIENTED_EDGE('',*,*,#3935,.F.);
#3935 = EDGE_CURVE('',#3864,#3900,#3936,.T.);
#3936 = B_SPLINE_CURVE_WITH_KNOTS('',1,(#3937,#3938),.UNSPECIFIED.,.F.,  .F.,(2,2),(0.,0.762001524003),.PIECEWISE_BEZIER_KNOTS.);
#3937 = CARTESIAN_POINT('',(-1.,-0.650012700025,0.));
#3938 = CARTESIAN_POINT('',(1.,-0.650012700025,0.));
#3939 = ORIENTED_EDGE('',*,*,#3863,.T.);
#3940 = ORIENTED_EDGE('',*,*,#3941,.T.);
#3941 = EDGE_CURVE('',#3866,#3902,#3942,.T.);
#3942 = B_SPLINE_CURVE_WITH_KNOTS('',1,(#3943,#3944),.UNSPECIFIED.,.F.,  .F.,(2,2),(0.,0.762001524003),.PIECEWISE_BEZIER_KNOTS.);
#3943 = CARTESIAN_POINT('',(-1.,-0.650012700025,0.762001524003));
#3944 = CARTESIAN_POINT('',(1.,-0.650012700025,0.762001524003));
#3945 = ORIENTED_EDGE('',*,*,#3899,.F.);
#3946 = B_SPLINE_SURFACE_WITH_KNOTS('',1,1,(    (#3947,#3948)    ,(#3949,#3950    )),.UNSPECIFIED.,.F.,.F.,.F.,(2,2),(2,2),(0.,0.762001524003),(0.,    0.762001524003),.PIECEWISE_BEZIER_KNOTS.);
#3947 = CARTESIAN_POINT('',(-1.,-0.650012700025,0.));
#3948 = CARTESIAN_POINT('',(1.,-0.650012700025,0.));
#3949 = CARTESIAN_POINT('',(-1.,-0.650012700025,0.762001524003));
#3950 = CARTESIAN_POINT('',(1.,-0.650012700025,0.762001524003));
#3951 = ADVANCED_FACE('',(#3952),#3966,.T.);
#3952 = FACE_BOUND('',#3953,.T.);
#3953 = EDGE_LOOP('',(#3954,#3959,#3960,#3965));
#3954 = ORIENTED_EDGE('',*,*,#3955,.F.);
#3955 = EDGE_CURVE('',#3873,#3909,#3956,.T.);
#3956 = B_SPLINE_CURVE_WITH_KNOTS('',1,(#3957,#3958),.UNSPECIFIED.,.F.,  .F.,(2,2),(0.,0.762001524003),.PIECEWISE_BEZIER_KNOTS.);
#3957 = CARTESIAN_POINT('',(-1.,0.649987299975,0.));
#3958 = CARTESIAN_POINT('',(1.,0.649987299975,0.));
#3959 = ORIENTED_EDGE('',*,*,#3879,.T.);
#3960 = ORIENTED_EDGE('',*,*,#3961,.T.);
#3961 = EDGE_CURVE('',#3880,#3916,#3962,.T.);
#3962 = B_SPLINE_CURVE_WITH_KNOTS('',1,(#3963,#3964),.UNSPECIFIED.,.F.,  .F.,(2,2),(0.,0.762001524003),.PIECEWISE_BEZIER_KNOTS.);
#3963 = CARTESIAN_POINT('',(-1.,0.649987299975,0.762001524003));
#3964 = CARTESIAN_POINT('',(1.,0.649987299975,0.762001524003));
#3965 = ORIENTED_EDGE('',*,*,#3915,.F.);
#3966 = B_SPLINE_SURFACE_WITH_KNOTS('',1,1,(    (#3967,#3968)    ,(#3969,#3970    )),.UNSPECIFIED.,.F.,.F.,.F.,(2,2),(2,2),(0.,0.762001524003),(0.,    0.762001524003),.PIECEWISE_BEZIER_KNOTS.);
#3967 = CARTESIAN_POINT('',(-1.,0.649987299975,0.));
#3968 = CARTESIAN_POINT('',(1.,0.649987299975,0.));
#3969 = CARTESIAN_POINT('',(-1.,0.649987299975,0.762001524003));
#3970 = CARTESIAN_POINT('',(1.,0.649987299975,0.762001524003));
#3971 = ADVANCED_FACE('',(#3972),#3978,.F.);
#3972 = FACE_BOUND('',#3973,.F.);
#3973 = EDGE_LOOP('',(#3974,#3975,#3976,#3977));
#3974 = ORIENTED_EDGE('',*,*,#3872,.F.);
#3975 = ORIENTED_EDGE('',*,*,#3935,.T.);
#3976 = ORIENTED_EDGE('',*,*,#3908,.T.);
#3977 = ORIENTED_EDGE('',*,*,#3955,.F.);
#3978 = B_SPLINE_SURFACE_WITH_KNOTS('',1,1,(    (#3979,#3980)    ,(#3981,#3982    )),.UNSPECIFIED.,.F.,.F.,.F.,(2,2),(2,2),(0.,0.762001524003),(0.,    0.762001524003),.PIECEWISE_BEZIER_KNOTS.);
#3979 = CARTESIAN_POINT('',(-1.,-0.650012700025,0.));
#3980 = CARTESIAN_POINT('',(-1.,0.649987299975,0.));
#3981 = CARTESIAN_POINT('',(1.,-0.650012700025,0.));
#3982 = CARTESIAN_POINT('',(1.,0.649987299975,0.));
#3983 = ADVANCED_FACE('',(#3984),#3990,.T.);
#3984 = FACE_BOUND('',#3985,.T.);
#3985 = EDGE_LOOP('',(#3986,#3987,#3988,#3989));
#3986 = ORIENTED_EDGE('',*,*,#3886,.F.);
#3987 = ORIENTED_EDGE('',*,*,#3941,.T.);
#3988 = ORIENTED_EDGE('',*,*,#3922,.T.);
#3989 = ORIENTED_EDGE('',*,*,#3961,.F.);
#3990 = B_SPLINE_SURFACE_WITH_KNOTS('',1,1,(    (#3991,#3992)    ,(#3993,#3994    )),.UNSPECIFIED.,.F.,.F.,.F.,(2,2),(2,2),(0.,0.762001524003),(0.,    0.762001524003),.PIECEWISE_BEZIER_KNOTS.);
#3991 = CARTESIAN_POINT('',(-1.,-0.650012700025,0.762001524003));
#3992 = CARTESIAN_POINT('',(-1.,0.649987299975,0.762001524003));
#3993 = CARTESIAN_POINT('',(1.,-0.650012700025,0.762001524003));
#3994 = CARTESIAN_POINT('',(1.,0.649987299975,0.762001524003));
#3995 = ( GEOMETRIC_REPRESENTATION_CONTEXT(3) GLOBAL_UNCERTAINTY_ASSIGNED_CONTEXT((#3999)) GLOBAL_UNIT_ASSIGNED_CONTEXT((#3996,#3997,#3998)) REPRESENTATION_CONTEXT('Context #1','3D Context with UNIT and UNCERTAINTY') );
#3996 = ( LENGTH_UNIT() NAMED_UNIT(*) SI_UNIT(.MILLI.,.METRE.) );
#3997 = ( NAMED_UNIT(*) PLANE_ANGLE_UNIT() SI_UNIT($,.RADIAN.) );
#3998 = ( NAMED_UNIT(*) SI_UNIT($,.STERADIAN.) SOLID_ANGLE_UNIT() );
#3999 = UNCERTAINTY_MEASURE_WITH_UNIT(LENGTH_MEASURE(2.E-07),#3996,  'distance_accuracy_value','confusion accuracy');
#4000 = CONTEXT_DEPENDENT_SHAPE_REPRESENTATION(#4001,#4003);
#4001 = ( REPRESENTATION_RELATIONSHIP('','',#3856,#3833) REPRESENTATION_RELATIONSHIP_WITH_TRANSFORMATION(#4002) SHAPE_REPRESENTATION_RELATIONSHIP() );
#4002 = ITEM_DEFINED_TRANSFORMATION('','',#11,#3834);
#4003 = PRODUCT_DEFINITION_SHAPE('Placement','Placement of an item',  #4004);
#4004 = NEXT_ASSEMBLY_USAGE_OCCURRENCE('40','=>[0:1:1:32]','',#3828,  #3851,$);
#4005 = PRODUCT_RELATED_PRODUCT_CATEGORY('part',$,(#3853));
#4006 = SHAPE_DEFINITION_REPRESENTATION(#4007,#4013);
#4007 = PRODUCT_DEFINITION_SHAPE('','',#4008);
#4008 = PRODUCT_DEFINITION('design','',#4009,#4012);
#4009 = PRODUCT_DEFINITION_FORMATION('','',#4010);
#4010 = PRODUCT('R2~R0805~R0805_L2.0-W1.3-H0.6~Dprc',  'R2~R0805~R0805_L2.0-W1.3-H0.6~Dprc','',(#4011));
#4011 = PRODUCT_CONTEXT('',#2,'mechanical');
#4012 = PRODUCT_DEFINITION_CONTEXT('part definition',#2,'design');
#4013 = SHAPE_REPRESENTATION('',(#11,#4014),#4018);
#4014 = AXIS2_PLACEMENT_3D('',#4015,#4016,#4017);
#4015 = CARTESIAN_POINT('',(0.,0.,0.));
#4016 = DIRECTION('',(0.,0.,1.));
#4017 = DIRECTION('',(1.,0.,-0.));
#4018 = ( GEOMETRIC_REPRESENTATION_CONTEXT(3) GLOBAL_UNCERTAINTY_ASSIGNED_CONTEXT((#4022)) GLOBAL_UNIT_ASSIGNED_CONTEXT((#4019,#4020,#4021)) REPRESENTATION_CONTEXT('Context #1','3D Context with UNIT and UNCERTAINTY') );
#4019 = ( LENGTH_UNIT() NAMED_UNIT(*) SI_UNIT(.MILLI.,.METRE.) );
#4020 = ( NAMED_UNIT(*) PLANE_ANGLE_UNIT() SI_UNIT($,.RADIAN.) );
#4021 = ( NAMED_UNIT(*) SI_UNIT($,.STERADIAN.) SOLID_ANGLE_UNIT() );
#4022 = UNCERTAINTY_MEASURE_WITH_UNIT(LENGTH_MEASURE(2.E-07),#4019,  'distance_accuracy_value','confusion accuracy');
#4023 = CONTEXT_DEPENDENT_SHAPE_REPRESENTATION(#4024,#4026);
#4024 = ( REPRESENTATION_RELATIONSHIP('','',#4013,#10) REPRESENTATION_RELATIONSHIP_WITH_TRANSFORMATION(#4025) SHAPE_REPRESENTATION_RELATIONSHIP() );
#4025 = ITEM_DEFINED_TRANSFORMATION('','',#11,#107);
#4026 = PRODUCT_DEFINITION_SHAPE('Placement','Placement of an item',  #4027);
#4027 = NEXT_ASSEMBLY_USAGE_OCCURRENCE('43','=>[0:1:1:34]','',#5,#4008,$  );
#4028 = PRODUCT_RELATED_PRODUCT_CATEGORY('part',$,(#4010));
#4029 = CONTEXT_DEPENDENT_SHAPE_REPRESENTATION(#4030,#4032);
#4030 = ( REPRESENTATION_RELATIONSHIP('','',#3856,#4013) REPRESENTATION_RELATIONSHIP_WITH_TRANSFORMATION(#4031) SHAPE_REPRESENTATION_RELATIONSHIP() );
#4031 = ITEM_DEFINED_TRANSFORMATION('','',#11,#4014);
#4032 = PRODUCT_DEFINITION_SHAPE('Placement','Placement of an item',  #4033);
#4033 = NEXT_ASSEMBLY_USAGE_OCCURRENCE('42','','',#4008,#3851,$);
#4034 = SHAPE_DEFINITION_REPRESENTATION(#4035,#4041);
#4035 = PRODUCT_DEFINITION_SHAPE('','',#4036);
#4036 = PRODUCT_DEFINITION('design','',#4037,#4040);
#4037 = PRODUCT_DEFINITION_FORMATION('','',#4038);
#4038 = PRODUCT('R3~R0805~R0805_L2.0-W1.3-H0.6~Dprc',  'R3~R0805~R0805_L2.0-W1.3-H0.6~Dprc','',(#4039));
#4039 = PRODUCT_CONTEXT('',#2,'mechanical');
#4040 = PRODUCT_DEFINITION_CONTEXT('part definition',#2,'design');
#4041 = SHAPE_REPRESENTATION('',(#11,#4042),#4046);
#4042 = AXIS2_PLACEMENT_3D('',#4043,#4044,#4045);
#4043 = CARTESIAN_POINT('',(0.,0.,0.));
#4044 = DIRECTION('',(0.,0.,1.));
#4045 = DIRECTION('',(1.,0.,-0.));
#4046 = ( GEOMETRIC_REPRESENTATION_CONTEXT(3) GLOBAL_UNCERTAINTY_ASSIGNED_CONTEXT((#4050)) GLOBAL_UNIT_ASSIGNED_CONTEXT((#4047,#4048,#4049)) REPRESENTATION_CONTEXT('Context #1','3D Context with UNIT and UNCERTAINTY') );
#4047 = ( LENGTH_UNIT() NAMED_UNIT(*) SI_UNIT(.MILLI.,.METRE.) );
#4048 = ( NAMED_UNIT(*) PLANE_ANGLE_UNIT() SI_UNIT($,.RADIAN.) );
#4049 = ( NAMED_UNIT(*) SI_UNIT($,.STERADIAN.) SOLID_ANGLE_UNIT() );
#4050 = UNCERTAINTY_MEASURE_WITH_UNIT(LENGTH_MEASURE(2.E-07),#4047,  'distance_accuracy_value','confusion accuracy');
#4051 = CONTEXT_DEPENDENT_SHAPE_REPRESENTATION(#4052,#4054);
#4052 = ( REPRESENTATION_RELATIONSHIP('','',#4041,#10) REPRESENTATION_RELATIONSHIP_WITH_TRANSFORMATION(#4053) SHAPE_REPRESENTATION_RELATIONSHIP() );
#4053 = ITEM_DEFINED_TRANSFORMATION('','',#11,#111);
#4054 = PRODUCT_DEFINITION_SHAPE('Placement','Placement of an item',  #4055);
#4055 = NEXT_ASSEMBLY_USAGE_OCCURRENCE('45','=>[0:1:1:35]','',#5,#4036,$  );
#4056 = PRODUCT_RELATED_PRODUCT_CATEGORY('part',$,(#4038));
#4057 = CONTEXT_DEPENDENT_SHAPE_REPRESENTATION(#4058,#4060);
#4058 = ( REPRESENTATION_RELATIONSHIP('','',#3856,#4041) REPRESENTATION_RELATIONSHIP_WITH_TRANSFORMATION(#4059) SHAPE_REPRESENTATION_RELATIONSHIP() );
#4059 = ITEM_DEFINED_TRANSFORMATION('','',#11,#4042);
#4060 = PRODUCT_DEFINITION_SHAPE('Placement','Placement of an item',  #4061);
#4061 = NEXT_ASSEMBLY_USAGE_OCCURRENCE('44','','',#4036,#3851,$);
#4062 = SHAPE_DEFINITION_REPRESENTATION(#4063,#4069);
#4063 = PRODUCT_DEFINITION_SHAPE('','',#4064);
#4064 = PRODUCT_DEFINITION('design','',#4065,#4068);
#4065 = PRODUCT_DEFINITION_FORMATION('','',#4066);
#4066 = PRODUCT('R4~R0805~R0805_L2.0-W1.3-H0.6~Dprc',  'R4~R0805~R0805_L2.0-W1.3-H0.6~Dprc','',(#4067));
#4067 = PRODUCT_CONTEXT('',#2,'mechanical');
#4068 = PRODUCT_DEFINITION_CONTEXT('part definition',#2,'design');
#4069 = SHAPE_REPRESENTATION('',(#11,#4070),#4074);
#4070 = AXIS2_PLACEMENT_3D('',#4071,#4072,#4073);
#4071 = CARTESIAN_POINT('',(0.,0.,0.));
#4072 = DIRECTION('',(0.,0.,1.));
#4073 = DIRECTION('',(1.,0.,-0.));
#4074 = ( GEOMETRIC_REPRESENTATION_CONTEXT(3) GLOBAL_UNCERTAINTY_ASSIGNED_CONTEXT((#4078)) GLOBAL_UNIT_ASSIGNED_CONTEXT((#4075,#4076,#4077)) REPRESENTATION_CONTEXT('Context #1','3D Context with UNIT and UNCERTAINTY') );
#4075 = ( LENGTH_UNIT() NAMED_UNIT(*) SI_UNIT(.MILLI.,.METRE.) );
#4076 = ( NAMED_UNIT(*) PLANE_ANGLE_UNIT() SI_UNIT($,.RADIAN.) );
#4077 = ( NAMED_UNIT(*) SI_UNIT($,.STERADIAN.) SOLID_ANGLE_UNIT() );
#4078 = UNCERTAINTY_MEASURE_WITH_UNIT(LENGTH_MEASURE(2.E-07),#4075,  'distance_accuracy_value','confusion accuracy');
#4079 = CONTEXT_DEPENDENT_SHAPE_REPRESENTATION(#4080,#4082);
#4080 = ( REPRESENTATION_RELATIONSHIP('','',#4069,#10) REPRESENTATION_RELATIONSHIP_WITH_TRANSFORMATION(#4081) SHAPE_REPRESENTATION_RELATIONSHIP() );
#4081 = ITEM_DEFINED_TRANSFORMATION('','',#11,#115);
#4082 = PRODUCT_DEFINITION_SHAPE('Placement','Placement of an item',  #4083);
#4083 = NEXT_ASSEMBLY_USAGE_OCCURRENCE('47','=>[0:1:1:36]','',#5,#4064,$  );
#4084 = PRODUCT_RELATED_PRODUCT_CATEGORY('part',$,(#4066));
#4085 = CONTEXT_DEPENDENT_SHAPE_REPRESENTATION(#4086,#4088);
#4086 = ( REPRESENTATION_RELATIONSHIP('','',#3856,#4069) REPRESENTATION_RELATIONSHIP_WITH_TRANSFORMATION(#4087) SHAPE_REPRESENTATION_RELATIONSHIP() );
#4087 = ITEM_DEFINED_TRANSFORMATION('','',#11,#4070);
#4088 = PRODUCT_DEFINITION_SHAPE('Placement','Placement of an item',  #4089);
#4089 = NEXT_ASSEMBLY_USAGE_OCCURRENCE('46','','',#4064,#3851,$);
#4090 = SHAPE_DEFINITION_REPRESENTATION(#4091,#4097);
#4091 = PRODUCT_DEFINITION_SHAPE('','',#4092);
#4092 = PRODUCT_DEFINITION('design','',#4093,#4096);
#4093 = PRODUCT_DEFINITION_FORMATION('','',#4094);
#4094 = PRODUCT('R5~R0805~R0805_L2.0-W1.3-H0.6~Dprc',  'R5~R0805~R0805_L2.0-W1.3-H0.6~Dprc','',(#4095));
#4095 = PRODUCT_CONTEXT('',#2,'mechanical');
#4096 = PRODUCT_DEFINITION_CONTEXT('part definition',#2,'design');
#4097 = SHAPE_REPRESENTATION('',(#11,#4098),#4102);
#4098 = AXIS2_PLACEMENT_3D('',#4099,#4100,#4101);
#4099 = CARTESIAN_POINT('',(0.,0.,0.));
#4100 = DIRECTION('',(0.,0.,1.));
#4101 = DIRECTION('',(1.,0.,-0.));
#4102 = ( GEOMETRIC_REPRESENTATION_CONTEXT(3) GLOBAL_UNCERTAINTY_ASSIGNED_CONTEXT((#4106)) GLOBAL_UNIT_ASSIGNED_CONTEXT((#4103,#4104,#4105)) REPRESENTATION_CONTEXT('Context #1','3D Context with UNIT and UNCERTAINTY') );
#4103 = ( LENGTH_UNIT() NAMED_UNIT(*) SI_UNIT(.MILLI.,.METRE.) );
#4104 = ( NAMED_UNIT(*) PLANE_ANGLE_UNIT() SI_UNIT($,.RADIAN.) );
#4105 = ( NAMED_UNIT(*) SI_UNIT($,.STERADIAN.) SOLID_ANGLE_UNIT() );
#4106 = UNCERTAINTY_MEASURE_WITH_UNIT(LENGTH_MEASURE(2.E-07),#4103,  'distance_accuracy_value','confusion accuracy');
#4107 = CONTEXT_DEPENDENT_SHAPE_REPRESENTATION(#4108,#4110);
#4108 = ( REPRESENTATION_RELATIONSHIP('','',#4097,#10) REPRESENTATION_RELATIONSHIP_WITH_TRANSFORMATION(#4109) SHAPE_REPRESENTATION_RELATIONSHIP() );
#4109 = ITEM_DEFINED_TRANSFORMATION('','',#11,#119);
#4110 = PRODUCT_DEFINITION_SHAPE('Placement','Placement of an item',  #4111);
#4111 = NEXT_ASSEMBLY_USAGE_OCCURRENCE('49','=>[0:1:1:37]','',#5,#4092,$  );
#4112 = PRODUCT_RELATED_PRODUCT_CATEGORY('part',$,(#4094));
#4113 = CONTEXT_DEPENDENT_SHAPE_REPRESENTATION(#4114,#4116);
#4114 = ( REPRESENTATION_RELATIONSHIP('','',#3856,#4097) REPRESENTATION_RELATIONSHIP_WITH_TRANSFORMATION(#4115) SHAPE_REPRESENTATION_RELATIONSHIP() );
#4115 = ITEM_DEFINED_TRANSFORMATION('','',#11,#4098);
#4116 = PRODUCT_DEFINITION_SHAPE('Placement','Placement of an item',  #4117);
#4117 = NEXT_ASSEMBLY_USAGE_OCCURRENCE('48','','',#4092,#3851,$);
#4118 = SHAPE_DEFINITION_REPRESENTATION(#4119,#4125);
#4119 = PRODUCT_DEFINITION_SHAPE('','',#4120);
#4120 = PRODUCT_DEFINITION('design','',#4121,#4124);
#4121 = PRODUCT_DEFINITION_FORMATION('','',#4122);
#4122 = PRODUCT('R6~R0805~R0805_L2.0-W1.3-H0.6~Dprc',  'R6~R0805~R0805_L2.0-W1.3-H0.6~Dprc','',(#4123));
#4123 = PRODUCT_CONTEXT('',#2,'mechanical');
#4124 = PRODUCT_DEFINITION_CONTEXT('part definition',#2,'design');
#4125 = SHAPE_REPRESENTATION('',(#11,#4126),#4130);
#4126 = AXIS2_PLACEMENT_3D('',#4127,#4128,#4129);
#4127 = CARTESIAN_POINT('',(0.,0.,0.));
#4128 = DIRECTION('',(0.,0.,1.));
#4129 = DIRECTION('',(1.,0.,-0.));
#4130 = ( GEOMETRIC_REPRESENTATION_CONTEXT(3) GLOBAL_UNCERTAINTY_ASSIGNED_CONTEXT((#4134)) GLOBAL_UNIT_ASSIGNED_CONTEXT((#4131,#4132,#4133)) REPRESENTATION_CONTEXT('Context #1','3D Context with UNIT and UNCERTAINTY') );
#4131 = ( LENGTH_UNIT() NAMED_UNIT(*) SI_UNIT(.MILLI.,.METRE.) );
#4132 = ( NAMED_UNIT(*) PLANE_ANGLE_UNIT() SI_UNIT($,.RADIAN.) );
#4133 = ( NAMED_UNIT(*) SI_UNIT($,.STERADIAN.) SOLID_ANGLE_UNIT() );
#4134 = UNCERTAINTY_MEASURE_WITH_UNIT(LENGTH_MEASURE(2.E-07),#4131,  'distance_accuracy_value','confusion accuracy');
#4135 = CONTEXT_DEPENDENT_SHAPE_REPRESENTATION(#4136,#4138);
#4136 = ( REPRESENTATION_RELATIONSHIP('','',#4125,#10) REPRESENTATION_RELATIONSHIP_WITH_TRANSFORMATION(#4137) SHAPE_REPRESENTATION_RELATIONSHIP() );
#4137 = ITEM_DEFINED_TRANSFORMATION('','',#11,#123);
#4138 = PRODUCT_DEFINITION_SHAPE('Placement','Placement of an item',  #4139);
#4139 = NEXT_ASSEMBLY_USAGE_OCCURRENCE('51','=>[0:1:1:38]','',#5,#4120,$  );
#4140 = PRODUCT_RELATED_PRODUCT_CATEGORY('part',$,(#4122));
#4141 = CONTEXT_DEPENDENT_SHAPE_REPRESENTATION(#4142,#4144);
#4142 = ( REPRESENTATION_RELATIONSHIP('','',#3856,#4125) REPRESENTATION_RELATIONSHIP_WITH_TRANSFORMATION(#4143) SHAPE_REPRESENTATION_RELATIONSHIP() );
#4143 = ITEM_DEFINED_TRANSFORMATION('','',#11,#4126);
#4144 = PRODUCT_DEFINITION_SHAPE('Placement','Placement of an item',  #4145);
#4145 = NEXT_ASSEMBLY_USAGE_OCCURRENCE('50','','',#4120,#3851,$);
#4146 = SHAPE_DEFINITION_REPRESENTATION(#4147,#4153);
#4147 = PRODUCT_DEFINITION_SHAPE('','',#4148);
#4148 = PRODUCT_DEFINITION('design','',#4149,#4152);
#4149 = PRODUCT_DEFINITION_FORMATION('','',#4150);
#4150 = PRODUCT('R8~R0805~R0805_L2.0-W1.3-H0.6~Dprc',  'R8~R0805~R0805_L2.0-W1.3-H0.6~Dprc','',(#4151));
#4151 = PRODUCT_CONTEXT('',#2,'mechanical');
#4152 = PRODUCT_DEFINITION_CONTEXT('part definition',#2,'design');
#4153 = SHAPE_REPRESENTATION('',(#11,#4154),#4158);
#4154 = AXIS2_PLACEMENT_3D('',#4155,#4156,#4157);
#4155 = CARTESIAN_POINT('',(0.,0.,0.));
#4156 = DIRECTION('',(0.,0.,1.));
#4157 = DIRECTION('',(1.,0.,-0.));
#4158 = ( GEOMETRIC_REPRESENTATION_CONTEXT(3) GLOBAL_UNCERTAINTY_ASSIGNED_CONTEXT((#4162)) GLOBAL_UNIT_ASSIGNED_CONTEXT((#4159,#4160,#4161)) REPRESENTATION_CONTEXT('Context #1','3D Context with UNIT and UNCERTAINTY') );
#4159 = ( LENGTH_UNIT() NAMED_UNIT(*) SI_UNIT(.MILLI.,.METRE.) );
#4160 = ( NAMED_UNIT(*) PLANE_ANGLE_UNIT() SI_UNIT($,.RADIAN.) );
#4161 = ( NAMED_UNIT(*) SI_UNIT($,.STERADIAN.) SOLID_ANGLE_UNIT() );
#4162 = UNCERTAINTY_MEASURE_WITH_UNIT(LENGTH_MEASURE(2.E-07),#4159,  'distance_accuracy_value','confusion accuracy');
#4163 = CONTEXT_DEPENDENT_SHAPE_REPRESENTATION(#4164,#4166);
#4164 = ( REPRESENTATION_RELATIONSHIP('','',#4153,#10) REPRESENTATION_RELATIONSHIP_WITH_TRANSFORMATION(#4165) SHAPE_REPRESENTATION_RELATIONSHIP() );
#4165 = ITEM_DEFINED_TRANSFORMATION('','',#11,#127);
#4166 = PRODUCT_DEFINITION_SHAPE('Placement','Placement of an item',  #4167);
#4167 = NEXT_ASSEMBLY_USAGE_OCCURRENCE('53','=>[0:1:1:39]','',#5,#4148,$  );
#4168 = PRODUCT_RELATED_PRODUCT_CATEGORY('part',$,(#4150));
#4169 = CONTEXT_DEPENDENT_SHAPE_REPRESENTATION(#4170,#4172);
#4170 = ( REPRESENTATION_RELATIONSHIP('','',#3856,#4153) REPRESENTATION_RELATIONSHIP_WITH_TRANSFORMATION(#4171) SHAPE_REPRESENTATION_RELATIONSHIP() );
#4171 = ITEM_DEFINED_TRANSFORMATION('','',#11,#4154);
#4172 = PRODUCT_DEFINITION_SHAPE('Placement','Placement of an item',  #4173);
#4173 = NEXT_ASSEMBLY_USAGE_OCCURRENCE('52','','',#4148,#3851,$);
#4174 = SHAPE_DEFINITION_REPRESENTATION(#4175,#4181);
#4175 = PRODUCT_DEFINITION_SHAPE('','',#4176);
#4176 = PRODUCT_DEFINITION('design','',#4177,#4180);
#4177 = PRODUCT_DEFINITION_FORMATION('','',#4178);
#4178 = PRODUCT('R9~R0805~R0805_L2.0-W1.3-H0.6~Dprc',  'R9~R0805~R0805_L2.0-W1.3-H0.6~Dprc','',(#4179));
#4179 = PRODUCT_CONTEXT('',#2,'mechanical');
#4180 = PRODUCT_DEFINITION_CONTEXT('part definition',#2,'design');
#4181 = SHAPE_REPRESENTATION('',(#11,#4182),#4186);
#4182 = AXIS2_PLACEMENT_3D('',#4183,#4184,#4185);
#4183 = CARTESIAN_POINT('',(0.,0.,0.));
#4184 = DIRECTION('',(0.,0.,1.));
#4185 = DIRECTION('',(1.,0.,-0.));
#4186 = ( GEOMETRIC_REPRESENTATION_CONTEXT(3) GLOBAL_UNCERTAINTY_ASSIGNED_CONTEXT((#4190)) GLOBAL_UNIT_ASSIGNED_CONTEXT((#4187,#4188,#4189)) REPRESENTATION_CONTEXT('Context #1','3D Context with UNIT and UNCERTAINTY') );
#4187 = ( LENGTH_UNIT() NAMED_UNIT(*) SI_UNIT(.MILLI.,.METRE.) );
#4188 = ( NAMED_UNIT(*) PLANE_ANGLE_UNIT() SI_UNIT($,.RADIAN.) );
#4189 = ( NAMED_UNIT(*) SI_UNIT($,.STERADIAN.) SOLID_ANGLE_UNIT() );
#4190 = UNCERTAINTY_MEASURE_WITH_UNIT(LENGTH_MEASURE(2.E-07),#4187,  'distance_accuracy_value','confusion accuracy');
#4191 = CONTEXT_DEPENDENT_SHAPE_REPRESENTATION(#4192,#4194);
#4192 = ( REPRESENTATION_RELATIONSHIP('','',#4181,#10) REPRESENTATION_RELATIONSHIP_WITH_TRANSFORMATION(#4193) SHAPE_REPRESENTATION_RELATIONSHIP() );
#4193 = ITEM_DEFINED_TRANSFORMATION('','',#11,#131);
#4194 = PRODUCT_DEFINITION_SHAPE('Placement','Placement of an item',  #4195);
#4195 = NEXT_ASSEMBLY_USAGE_OCCURRENCE('55','=>[0:1:1:40]','',#5,#4176,$  );
#4196 = PRODUCT_RELATED_PRODUCT_CATEGORY('part',$,(#4178));
#4197 = CONTEXT_DEPENDENT_SHAPE_REPRESENTATION(#4198,#4200);
#4198 = ( REPRESENTATION_RELATIONSHIP('','',#3856,#4181) REPRESENTATION_RELATIONSHIP_WITH_TRANSFORMATION(#4199) SHAPE_REPRESENTATION_RELATIONSHIP() );
#4199 = ITEM_DEFINED_TRANSFORMATION('','',#11,#4182);
#4200 = PRODUCT_DEFINITION_SHAPE('Placement','Placement of an item',  #4201);
#4201 = NEXT_ASSEMBLY_USAGE_OCCURRENCE('54','','',#4176,#3851,$);
#4202 = SHAPE_DEFINITION_REPRESENTATION(#4203,#4209);
#4203 = PRODUCT_DEFINITION_SHAPE('','',#4204);
#4204 = PRODUCT_DEFINITION('design','',#4205,#4208);
#4205 = PRODUCT_DEFINITION_FORMATION('','',#4206);
#4206 = PRODUCT('R11~R0805~R0805_L2.0-W1.3-H0.6~Dprc',  'R11~R0805~R0805_L2.0-W1.3-H0.6~Dprc','',(#4207));
#4207 = PRODUCT_CONTEXT('',#2,'mechanical');
#4208 = PRODUCT_DEFINITION_CONTEXT('part definition',#2,'design');
#4209 = SHAPE_REPRESENTATION('',(#11,#4210),#4214);
#4210 = AXIS2_PLACEMENT_3D('',#4211,#4212,#4213);
#4211 = CARTESIAN_POINT('',(0.,0.,0.));
#4212 = DIRECTION('',(0.,0.,1.));
#4213 = DIRECTION('',(1.,0.,-0.));
#4214 = ( GEOMETRIC_REPRESENTATION_CONTEXT(3) GLOBAL_UNCERTAINTY_ASSIGNED_CONTEXT((#4218)) GLOBAL_UNIT_ASSIGNED_CONTEXT((#4215,#4216,#4217)) REPRESENTATION_CONTEXT('Context #1','3D Context with UNIT and UNCERTAINTY') );
#4215 = ( LENGTH_UNIT() NAMED_UNIT(*) SI_UNIT(.MILLI.,.METRE.) );
#4216 = ( NAMED_UNIT(*) PLANE_ANGLE_UNIT() SI_UNIT($,.RADIAN.) );
#4217 = ( NAMED_UNIT(*) SI_UNIT($,.STERADIAN.) SOLID_ANGLE_UNIT() );
#4218 = UNCERTAINTY_MEASURE_WITH_UNIT(LENGTH_MEASURE(2.E-07),#4215,  'distance_accuracy_value','confusion accuracy');
#4219 = CONTEXT_DEPENDENT_SHAPE_REPRESENTATION(#4220,#4222);
#4220 = ( REPRESENTATION_RELATIONSHIP('','',#4209,#10) REPRESENTATION_RELATIONSHIP_WITH_TRANSFORMATION(#4221) SHAPE_REPRESENTATION_RELATIONSHIP() );
#4221 = ITEM_DEFINED_TRANSFORMATION('','',#11,#135);
#4222 = PRODUCT_DEFINITION_SHAPE('Placement','Placement of an item',  #4223);
#4223 = NEXT_ASSEMBLY_USAGE_OCCURRENCE('57','=>[0:1:1:41]','',#5,#4204,$  );
#4224 = PRODUCT_RELATED_PRODUCT_CATEGORY('part',$,(#4206));
#4225 = CONTEXT_DEPENDENT_SHAPE_REPRESENTATION(#4226,#4228);
#4226 = ( REPRESENTATION_RELATIONSHIP('','',#3856,#4209) REPRESENTATION_RELATIONSHIP_WITH_TRANSFORMATION(#4227) SHAPE_REPRESENTATION_RELATIONSHIP() );
#4227 = ITEM_DEFINED_TRANSFORMATION('','',#11,#4210);
#4228 = PRODUCT_DEFINITION_SHAPE('Placement','Placement of an item',  #4229);
#4229 = NEXT_ASSEMBLY_USAGE_OCCURRENCE('56','','',#4204,#3851,$);
#4230 = SHAPE_DEFINITION_REPRESENTATION(#4231,#4237);
#4231 = PRODUCT_DEFINITION_SHAPE('','',#4232);
#4232 = PRODUCT_DEFINITION('design','',#4233,#4236);
#4233 = PRODUCT_DEFINITION_FORMATION('','',#4234);
#4234 = PRODUCT('R12~R0805~R0805_L2.0-W1.3-H0.6~Dprc',  'R12~R0805~R0805_L2.0-W1.3-H0.6~Dprc','',(#4235));
#4235 = PRODUCT_CONTEXT('',#2,'mechanical');
#4236 = PRODUCT_DEFINITION_CONTEXT('part definition',#2,'design');
#4237 = SHAPE_REPRESENTATION('',(#11,#4238),#4242);
#4238 = AXIS2_PLACEMENT_3D('',#4239,#4240,#4241);
#4239 = CARTESIAN_POINT('',(0.,0.,0.));
#4240 = DIRECTION('',(0.,0.,1.));
#4241 = DIRECTION('',(1.,0.,-0.));
#4242 = ( GEOMETRIC_REPRESENTATION_CONTEXT(3) GLOBAL_UNCERTAINTY_ASSIGNED_CONTEXT((#4246)) GLOBAL_UNIT_ASSIGNED_CONTEXT((#4243,#4244,#4245)) REPRESENTATION_CONTEXT('Context #1','3D Context with UNIT and UNCERTAINTY') );
#4243 = ( LENGTH_UNIT() NAMED_UNIT(*) SI_UNIT(.MILLI.,.METRE.) );
#4244 = ( NAMED_UNIT(*) PLANE_ANGLE_UNIT() SI_UNIT($,.RADIAN.) );
#4245 = ( NAMED_UNIT(*) SI_UNIT($,.STERADIAN.) SOLID_ANGLE_UNIT() );
#4246 = UNCERTAINTY_MEASURE_WITH_UNIT(LENGTH_MEASURE(2.E-07),#4243,  'distance_accuracy_value','confusion accuracy');
#4247 = CONTEXT_DEPENDENT_SHAPE_REPRESENTATION(#4248,#4250);
#4248 = ( REPRESENTATION_RELATIONSHIP('','',#4237,#10) REPRESENTATION_RELATIONSHIP_WITH_TRANSFORMATION(#4249) SHAPE_REPRESENTATION_RELATIONSHIP() );
#4249 = ITEM_DEFINED_TRANSFORMATION('','',#11,#139);
#4250 = PRODUCT_DEFINITION_SHAPE('Placement','Placement of an item',  #4251);
#4251 = NEXT_ASSEMBLY_USAGE_OCCURRENCE('59','=>[0:1:1:42]','',#5,#4232,$  );
#4252 = PRODUCT_RELATED_PRODUCT_CATEGORY('part',$,(#4234));
#4253 = CONTEXT_DEPENDENT_SHAPE_REPRESENTATION(#4254,#4256);
#4254 = ( REPRESENTATION_RELATIONSHIP('','',#3856,#4237) REPRESENTATION_RELATIONSHIP_WITH_TRANSFORMATION(#4255) SHAPE_REPRESENTATION_RELATIONSHIP() );
#4255 = ITEM_DEFINED_TRANSFORMATION('','',#11,#4238);
#4256 = PRODUCT_DEFINITION_SHAPE('Placement','Placement of an item',  #4257);
#4257 = NEXT_ASSEMBLY_USAGE_OCCURRENCE('58','','',#4232,#3851,$);
#4258 = SHAPE_DEFINITION_REPRESENTATION(#4259,#4265);
#4259 = PRODUCT_DEFINITION_SHAPE('','',#4260);
#4260 = PRODUCT_DEFINITION('design','',#4261,#4264);
#4261 = PRODUCT_DEFINITION_FORMATION('','',#4262);
#4262 = PRODUCT('R13~R0805~R0805_L2.0-W1.3-H0.6~Dprc',  'R13~R0805~R0805_L2.0-W1.3-H0.6~Dprc','',(#4263));
#4263 = PRODUCT_CONTEXT('',#2,'mechanical');
#4264 = PRODUCT_DEFINITION_CONTEXT('part definition',#2,'design');
#4265 = SHAPE_REPRESENTATION('',(#11,#4266),#4270);
#4266 = AXIS2_PLACEMENT_3D('',#4267,#4268,#4269);
#4267 = CARTESIAN_POINT('',(0.,0.,0.));
#4268 = DIRECTION('',(0.,0.,1.));
#4269 = DIRECTION('',(1.,0.,-0.));
#4270 = ( GEOMETRIC_REPRESENTATION_CONTEXT(3) GLOBAL_UNCERTAINTY_ASSIGNED_CONTEXT((#4274)) GLOBAL_UNIT_ASSIGNED_CONTEXT((#4271,#4272,#4273)) REPRESENTATION_CONTEXT('Context #1','3D Context with UNIT and UNCERTAINTY') );
#4271 = ( LENGTH_UNIT() NAMED_UNIT(*) SI_UNIT(.MILLI.,.METRE.) );
#4272 = ( NAMED_UNIT(*) PLANE_ANGLE_UNIT() SI_UNIT($,.RADIAN.) );
#4273 = ( NAMED_UNIT(*) SI_UNIT($,.STERADIAN.) SOLID_ANGLE_UNIT() );
#4274 = UNCERTAINTY_MEASURE_WITH_UNIT(LENGTH_MEASURE(2.E-07),#4271,  'distance_accuracy_value','confusion accuracy');
#4275 = CONTEXT_DEPENDENT_SHAPE_REPRESENTATION(#4276,#4278);
#4276 = ( REPRESENTATION_RELATIONSHIP('','',#4265,#10) REPRESENTATION_RELATIONSHIP_WITH_TRANSFORMATION(#4277) SHAPE_REPRESENTATION_RELATIONSHIP() );
#4277 = ITEM_DEFINED_TRANSFORMATION('','',#11,#143);
#4278 = PRODUCT_DEFINITION_SHAPE('Placement','Placement of an item',  #4279);
#4279 = NEXT_ASSEMBLY_USAGE_OCCURRENCE('61','=>[0:1:1:43]','',#5,#4260,$  );
#4280 = PRODUCT_RELATED_PRODUCT_CATEGORY('part',$,(#4262));
#4281 = CONTEXT_DEPENDENT_SHAPE_REPRESENTATION(#4282,#4284);
#4282 = ( REPRESENTATION_RELATIONSHIP('','',#3856,#4265) REPRESENTATION_RELATIONSHIP_WITH_TRANSFORMATION(#4283) SHAPE_REPRESENTATION_RELATIONSHIP() );
#4283 = ITEM_DEFINED_TRANSFORMATION('','',#11,#4266);
#4284 = PRODUCT_DEFINITION_SHAPE('Placement','Placement of an item',  #4285);
#4285 = NEXT_ASSEMBLY_USAGE_OCCURRENCE('60','','',#4260,#3851,$);
#4286 = SHAPE_DEFINITION_REPRESENTATION(#4287,#4293);
#4287 = PRODUCT_DEFINITION_SHAPE('','',#4288);
#4288 = PRODUCT_DEFINITION('design','',#4289,#4292);
#4289 = PRODUCT_DEFINITION_FORMATION('','',#4290);
#4290 = PRODUCT('R7~R0805~R0805_L2.0-W1.3-H0.6~Dprc',  'R7~R0805~R0805_L2.0-W1.3-H0.6~Dprc','',(#4291));
#4291 = PRODUCT_CONTEXT('',#2,'mechanical');
#4292 = PRODUCT_DEFINITION_CONTEXT('part definition',#2,'design');
#4293 = SHAPE_REPRESENTATION('',(#11,#4294),#4298);
#4294 = AXIS2_PLACEMENT_3D('',#4295,#4296,#4297);
#4295 = CARTESIAN_POINT('',(0.,0.,0.));
#4296 = DIRECTION('',(0.,0.,1.));
#4297 = DIRECTION('',(1.,0.,-0.));
#4298 = ( GEOMETRIC_REPRESENTATION_CONTEXT(3) GLOBAL_UNCERTAINTY_ASSIGNED_CONTEXT((#4302)) GLOBAL_UNIT_ASSIGNED_CONTEXT((#4299,#4300,#4301)) REPRESENTATION_CONTEXT('Context #1','3D Context with UNIT and UNCERTAINTY') );
#4299 = ( LENGTH_UNIT() NAMED_UNIT(*) SI_UNIT(.MILLI.,.METRE.) );
#4300 = ( NAMED_UNIT(*) PLANE_ANGLE_UNIT() SI_UNIT($,.RADIAN.) );
#4301 = ( NAMED_UNIT(*) SI_UNIT($,.STERADIAN.) SOLID_ANGLE_UNIT() );
#4302 = UNCERTAINTY_MEASURE_WITH_UNIT(LENGTH_MEASURE(2.E-07),#4299,  'distance_accuracy_value','confusion accuracy');
#4303 = CONTEXT_DEPENDENT_SHAPE_REPRESENTATION(#4304,#4306);
#4304 = ( REPRESENTATION_RELATIONSHIP('','',#4293,#10) REPRESENTATION_RELATIONSHIP_WITH_TRANSFORMATION(#4305) SHAPE_REPRESENTATION_RELATIONSHIP() );
#4305 = ITEM_DEFINED_TRANSFORMATION('','',#11,#147);
#4306 = PRODUCT_DEFINITION_SHAPE('Placement','Placement of an item',  #4307);
#4307 = NEXT_ASSEMBLY_USAGE_OCCURRENCE('63','=>[0:1:1:44]','',#5,#4288,$  );
#4308 = PRODUCT_RELATED_PRODUCT_CATEGORY('part',$,(#4290));
#4309 = CONTEXT_DEPENDENT_SHAPE_REPRESENTATION(#4310,#4312);
#4310 = ( REPRESENTATION_RELATIONSHIP('','',#3856,#4293) REPRESENTATION_RELATIONSHIP_WITH_TRANSFORMATION(#4311) SHAPE_REPRESENTATION_RELATIONSHIP() );
#4311 = ITEM_DEFINED_TRANSFORMATION('','',#11,#4294);
#4312 = PRODUCT_DEFINITION_SHAPE('Placement','Placement of an item',  #4313);
#4313 = NEXT_ASSEMBLY_USAGE_OCCURRENCE('62','','',#4288,#3851,$);
#4314 = SHAPE_DEFINITION_REPRESENTATION(#4315,#4321);
#4315 = PRODUCT_DEFINITION_SHAPE('','',#4316);
#4316 = PRODUCT_DEFINITION('design','',#4317,#4320);
#4317 = PRODUCT_DEFINITION_FORMATION('','',#4318);
#4318 = PRODUCT('R10~R0805~R0805_L2.0-W1.3-H0.6~Dprc',  'R10~R0805~R0805_L2.0-W1.3-H0.6~Dprc','',(#4319));
#4319 = PRODUCT_CONTEXT('',#2,'mechanical');
#4320 = PRODUCT_DEFINITION_CONTEXT('part definition',#2,'design');
#4321 = SHAPE_REPRESENTATION('',(#11,#4322),#4326);
#4322 = AXIS2_PLACEMENT_3D('',#4323,#4324,#4325);
#4323 = CARTESIAN_POINT('',(0.,0.,0.));
#4324 = DIRECTION('',(0.,0.,1.));
#4325 = DIRECTION('',(1.,0.,-0.));
#4326 = ( GEOMETRIC_REPRESENTATION_CONTEXT(3) GLOBAL_UNCERTAINTY_ASSIGNED_CONTEXT((#4330)) GLOBAL_UNIT_ASSIGNED_CONTEXT((#4327,#4328,#4329)) REPRESENTATION_CONTEXT('Context #1','3D Context with UNIT and UNCERTAINTY') );
#4327 = ( LENGTH_UNIT() NAMED_UNIT(*) SI_UNIT(.MILLI.,.METRE.) );
#4328 = ( NAMED_UNIT(*) PLANE_ANGLE_UNIT() SI_UNIT($,.RADIAN.) );
#4329 = ( NAMED_UNIT(*) SI_UNIT($,.STERADIAN.) SOLID_ANGLE_UNIT() );
#4330 = UNCERTAINTY_MEASURE_WITH_UNIT(LENGTH_MEASURE(2.E-07),#4327,  'distance_accuracy_value','confusion accuracy');
#4331 = CONTEXT_DEPENDENT_SHAPE_REPRESENTATION(#4332,#4334);
#4332 = ( REPRESENTATION_RELATIONSHIP('','',#4321,#10) REPRESENTATION_RELATIONSHIP_WITH_TRANSFORMATION(#4333) SHAPE_REPRESENTATION_RELATIONSHIP() );
#4333 = ITEM_DEFINED_TRANSFORMATION('','',#11,#151);
#4334 = PRODUCT_DEFINITION_SHAPE('Placement','Placement of an item',  #4335);
#4335 = NEXT_ASSEMBLY_USAGE_OCCURRENCE('65','=>[0:1:1:45]','',#5,#4316,$  );
#4336 = PRODUCT_RELATED_PRODUCT_CATEGORY('part',$,(#4318));
#4337 = CONTEXT_DEPENDENT_SHAPE_REPRESENTATION(#4338,#4340);
#4338 = ( REPRESENTATION_RELATIONSHIP('','',#3856,#4321) REPRESENTATION_RELATIONSHIP_WITH_TRANSFORMATION(#4339) SHAPE_REPRESENTATION_RELATIONSHIP() );
#4339 = ITEM_DEFINED_TRANSFORMATION('','',#11,#4322);
#4340 = PRODUCT_DEFINITION_SHAPE('Placement','Placement of an item',  #4341);
#4341 = NEXT_ASSEMBLY_USAGE_OCCURRENCE('64','','',#4316,#3851,$);
#4342 = SHAPE_DEFINITION_REPRESENTATION(#4343,#4349);
#4343 = PRODUCT_DEFINITION_SHAPE('','',#4344);
#4344 = PRODUCT_DEFINITION('design','',#4345,#4348);
#4345 = PRODUCT_DEFINITION_FORMATION('','',#4346);
#4346 = PRODUCT('R18~R0805~R0805_L2.0-W1.3-H0.6~Dprc',  'R18~R0805~R0805_L2.0-W1.3-H0.6~Dprc','',(#4347));
#4347 = PRODUCT_CONTEXT('',#2,'mechanical');
#4348 = PRODUCT_DEFINITION_CONTEXT('part definition',#2,'design');
#4349 = SHAPE_REPRESENTATION('',(#11,#4350),#4354);
#4350 = AXIS2_PLACEMENT_3D('',#4351,#4352,#4353);
#4351 = CARTESIAN_POINT('',(0.,0.,0.));
#4352 = DIRECTION('',(0.,0.,1.));
#4353 = DIRECTION('',(1.,0.,-0.));
#4354 = ( GEOMETRIC_REPRESENTATION_CONTEXT(3) GLOBAL_UNCERTAINTY_ASSIGNED_CONTEXT((#4358)) GLOBAL_UNIT_ASSIGNED_CONTEXT((#4355,#4356,#4357)) REPRESENTATION_CONTEXT('Context #1','3D Context with UNIT and UNCERTAINTY') );
#4355 = ( LENGTH_UNIT() NAMED_UNIT(*) SI_UNIT(.MILLI.,.METRE.) );
#4356 = ( NAMED_UNIT(*) PLANE_ANGLE_UNIT() SI_UNIT($,.RADIAN.) );
#4357 = ( NAMED_UNIT(*) SI_UNIT($,.STERADIAN.) SOLID_ANGLE_UNIT() );
#4358 = UNCERTAINTY_MEASURE_WITH_UNIT(LENGTH_MEASURE(2.E-07),#4355,  'distance_accuracy_value','confusion accuracy');
#4359 = CONTEXT_DEPENDENT_SHAPE_REPRESENTATION(#4360,#4362);
#4360 = ( REPRESENTATION_RELATIONSHIP('','',#4349,#10) REPRESENTATION_RELATIONSHIP_WITH_TRANSFORMATION(#4361) SHAPE_REPRESENTATION_RELATIONSHIP() );
#4361 = ITEM_DEFINED_TRANSFORMATION('','',#11,#155);
#4362 = PRODUCT_DEFINITION_SHAPE('Placement','Placement of an item',  #4363);
#4363 = NEXT_ASSEMBLY_USAGE_OCCURRENCE('67','=>[0:1:1:46]','',#5,#4344,$  );
#4364 = PRODUCT_RELATED_PRODUCT_CATEGORY('part',$,(#4346));
#4365 = CONTEXT_DEPENDENT_SHAPE_REPRESENTATION(#4366,#4368);
#4366 = ( REPRESENTATION_RELATIONSHIP('','',#3856,#4349) REPRESENTATION_RELATIONSHIP_WITH_TRANSFORMATION(#4367) SHAPE_REPRESENTATION_RELATIONSHIP() );
#4367 = ITEM_DEFINED_TRANSFORMATION('','',#11,#4350);
#4368 = PRODUCT_DEFINITION_SHAPE('Placement','Placement of an item',  #4369);
#4369 = NEXT_ASSEMBLY_USAGE_OCCURRENCE('66','','',#4344,#3851,$);
#4370 = SHAPE_DEFINITION_REPRESENTATION(#4371,#4377);
#4371 = PRODUCT_DEFINITION_SHAPE('','',#4372);
#4372 = PRODUCT_DEFINITION('design','',#4373,#4376);
#4373 = PRODUCT_DEFINITION_FORMATION('','',#4374);
#4374 = PRODUCT('R19~R0805~R0805_L2.0-W1.3-H0.6~Dprc',  'R19~R0805~R0805_L2.0-W1.3-H0.6~Dprc','',(#4375));
#4375 = PRODUCT_CONTEXT('',#2,'mechanical');
#4376 = PRODUCT_DEFINITION_CONTEXT('part definition',#2,'design');
#4377 = SHAPE_REPRESENTATION('',(#11,#4378),#4382);
#4378 = AXIS2_PLACEMENT_3D('',#4379,#4380,#4381);
#4379 = CARTESIAN_POINT('',(0.,0.,0.));
#4380 = DIRECTION('',(0.,0.,1.));
#4381 = DIRECTION('',(1.,0.,-0.));
#4382 = ( GEOMETRIC_REPRESENTATION_CONTEXT(3) GLOBAL_UNCERTAINTY_ASSIGNED_CONTEXT((#4386)) GLOBAL_UNIT_ASSIGNED_CONTEXT((#4383,#4384,#4385)) REPRESENTATION_CONTEXT('Context #1','3D Context with UNIT and UNCERTAINTY') );
#4383 = ( LENGTH_UNIT() NAMED_UNIT(*) SI_UNIT(.MILLI.,.METRE.) );
#4384 = ( NAMED_UNIT(*) PLANE_ANGLE_UNIT() SI_UNIT($,.RADIAN.) );
#4385 = ( NAMED_UNIT(*) SI_UNIT($,.STERADIAN.) SOLID_ANGLE_UNIT() );
#4386 = UNCERTAINTY_MEASURE_WITH_UNIT(LENGTH_MEASURE(2.E-07),#4383,  'distance_accuracy_value','confusion accuracy');
#4387 = CONTEXT_DEPENDENT_SHAPE_REPRESENTATION(#4388,#4390);
#4388 = ( REPRESENTATION_RELATIONSHIP('','',#4377,#10) REPRESENTATION_RELATIONSHIP_WITH_TRANSFORMATION(#4389) SHAPE_REPRESENTATION_RELATIONSHIP() );
#4389 = ITEM_DEFINED_TRANSFORMATION('','',#11,#159);
#4390 = PRODUCT_DEFINITION_SHAPE('Placement','Placement of an item',  #4391);
#4391 = NEXT_ASSEMBLY_USAGE_OCCURRENCE('69','=>[0:1:1:47]','',#5,#4372,$  );
#4392 = PRODUCT_RELATED_PRODUCT_CATEGORY('part',$,(#4374));
#4393 = CONTEXT_DEPENDENT_SHAPE_REPRESENTATION(#4394,#4396);
#4394 = ( REPRESENTATION_RELATIONSHIP('','',#3856,#4377) REPRESENTATION_RELATIONSHIP_WITH_TRANSFORMATION(#4395) SHAPE_REPRESENTATION_RELATIONSHIP() );
#4395 = ITEM_DEFINED_TRANSFORMATION('','',#11,#4378);
#4396 = PRODUCT_DEFINITION_SHAPE('Placement','Placement of an item',  #4397);
#4397 = NEXT_ASSEMBLY_USAGE_OCCURRENCE('68','','',#4372,#3851,$);
#4398 = SHAPE_DEFINITION_REPRESENTATION(#4399,#4405);
#4399 = PRODUCT_DEFINITION_SHAPE('','',#4400);
#4400 = PRODUCT_DEFINITION('design','',#4401,#4404);
#4401 = PRODUCT_DEFINITION_FORMATION('','',#4402);
#4402 = PRODUCT('R20~R0805~R0805_L2.0-W1.3-H0.6~Dprc',  'R20~R0805~R0805_L2.0-W1.3-H0.6~Dprc','',(#4403));
#4403 = PRODUCT_CONTEXT('',#2,'mechanical');
#4404 = PRODUCT_DEFINITION_CONTEXT('part definition',#2,'design');
#4405 = SHAPE_REPRESENTATION('',(#11,#4406),#4410);
#4406 = AXIS2_PLACEMENT_3D('',#4407,#4408,#4409);
#4407 = CARTESIAN_POINT('',(0.,0.,0.));
#4408 = DIRECTION('',(0.,0.,1.));
#4409 = DIRECTION('',(1.,0.,-0.));
#4410 = ( GEOMETRIC_REPRESENTATION_CONTEXT(3) GLOBAL_UNCERTAINTY_ASSIGNED_CONTEXT((#4414)) GLOBAL_UNIT_ASSIGNED_CONTEXT((#4411,#4412,#4413)) REPRESENTATION_CONTEXT('Context #1','3D Context with UNIT and UNCERTAINTY') );
#4411 = ( LENGTH_UNIT() NAMED_UNIT(*) SI_UNIT(.MILLI.,.METRE.) );
#4412 = ( NAMED_UNIT(*) PLANE_ANGLE_UNIT() SI_UNIT($,.RADIAN.) );
#4413 = ( NAMED_UNIT(*) SI_UNIT($,.STERADIAN.) SOLID_ANGLE_UNIT() );
#4414 = UNCERTAINTY_MEASURE_WITH_UNIT(LENGTH_MEASURE(2.E-07),#4411,  'distance_accuracy_value','confusion accuracy');
#4415 = CONTEXT_DEPENDENT_SHAPE_REPRESENTATION(#4416,#4418);
#4416 = ( REPRESENTATION_RELATIONSHIP('','',#4405,#10) REPRESENTATION_RELATIONSHIP_WITH_TRANSFORMATION(#4417) SHAPE_REPRESENTATION_RELATIONSHIP() );
#4417 = ITEM_DEFINED_TRANSFORMATION('','',#11,#163);
#4418 = PRODUCT_DEFINITION_SHAPE('Placement','Placement of an item',  #4419);
#4419 = NEXT_ASSEMBLY_USAGE_OCCURRENCE('71','=>[0:1:1:48]','',#5,#4400,$  );
#4420 = PRODUCT_RELATED_PRODUCT_CATEGORY('part',$,(#4402));
#4421 = CONTEXT_DEPENDENT_SHAPE_REPRESENTATION(#4422,#4424);
#4422 = ( REPRESENTATION_RELATIONSHIP('','',#3856,#4405) REPRESENTATION_RELATIONSHIP_WITH_TRANSFORMATION(#4423) SHAPE_REPRESENTATION_RELATIONSHIP() );
#4423 = ITEM_DEFINED_TRANSFORMATION('','',#11,#4406);
#4424 = PRODUCT_DEFINITION_SHAPE('Placement','Placement of an item',  #4425);
#4425 = NEXT_ASSEMBLY_USAGE_OCCURRENCE('70','','',#4400,#3851,$);
#4426 = SHAPE_DEFINITION_REPRESENTATION(#4427,#4433);
#4427 = PRODUCT_DEFINITION_SHAPE('','',#4428);
#4428 = PRODUCT_DEFINITION('design','',#4429,#4432);
#4429 = PRODUCT_DEFINITION_FORMATION('','',#4430);
#4430 = PRODUCT('R21~R0805~R0805_L2.0-W1.3-H0.6~Dprc',  'R21~R0805~R0805_L2.0-W1.3-H0.6~Dprc','',(#4431));
#4431 = PRODUCT_CONTEXT('',#2,'mechanical');
#4432 = PRODUCT_DEFINITION_CONTEXT('part definition',#2,'design');
#4433 = SHAPE_REPRESENTATION('',(#11,#4434),#4438);
#4434 = AXIS2_PLACEMENT_3D('',#4435,#4436,#4437);
#4435 = CARTESIAN_POINT('',(0.,0.,0.));
#4436 = DIRECTION('',(0.,0.,1.));
#4437 = DIRECTION('',(1.,0.,-0.));
#4438 = ( GEOMETRIC_REPRESENTATION_CONTEXT(3) GLOBAL_UNCERTAINTY_ASSIGNED_CONTEXT((#4442)) GLOBAL_UNIT_ASSIGNED_CONTEXT((#4439,#4440,#4441)) REPRESENTATION_CONTEXT('Context #1','3D Context with UNIT and UNCERTAINTY') );
#4439 = ( LENGTH_UNIT() NAMED_UNIT(*) SI_UNIT(.MILLI.,.METRE.) );
#4440 = ( NAMED_UNIT(*) PLANE_ANGLE_UNIT() SI_UNIT($,.RADIAN.) );
#4441 = ( NAMED_UNIT(*) SI_UNIT($,.STERADIAN.) SOLID_ANGLE_UNIT() );
#4442 = UNCERTAINTY_MEASURE_WITH_UNIT(LENGTH_MEASURE(2.E-07),#4439,  'distance_accuracy_value','confusion accuracy');
#4443 = CONTEXT_DEPENDENT_SHAPE_REPRESENTATION(#4444,#4446);
#4444 = ( REPRESENTATION_RELATIONSHIP('','',#4433,#10) REPRESENTATION_RELATIONSHIP_WITH_TRANSFORMATION(#4445) SHAPE_REPRESENTATION_RELATIONSHIP() );
#4445 = ITEM_DEFINED_TRANSFORMATION('','',#11,#167);
#4446 = PRODUCT_DEFINITION_SHAPE('Placement','Placement of an item',  #4447);
#4447 = NEXT_ASSEMBLY_USAGE_OCCURRENCE('73','=>[0:1:1:49]','',#5,#4428,$  );
#4448 = PRODUCT_RELATED_PRODUCT_CATEGORY('part',$,(#4430));
#4449 = CONTEXT_DEPENDENT_SHAPE_REPRESENTATION(#4450,#4452);
#4450 = ( REPRESENTATION_RELATIONSHIP('','',#3856,#4433) REPRESENTATION_RELATIONSHIP_WITH_TRANSFORMATION(#4451) SHAPE_REPRESENTATION_RELATIONSHIP() );
#4451 = ITEM_DEFINED_TRANSFORMATION('','',#11,#4434);
#4452 = PRODUCT_DEFINITION_SHAPE('Placement','Placement of an item',  #4453);
#4453 = NEXT_ASSEMBLY_USAGE_OCCURRENCE('72','','',#4428,#3851,$);
#4454 = SHAPE_DEFINITION_REPRESENTATION(#4455,#4461);
#4455 = PRODUCT_DEFINITION_SHAPE('','',#4456);
#4456 = PRODUCT_DEFINITION('design','',#4457,#4460);
#4457 = PRODUCT_DEFINITION_FORMATION('','',#4458);
#4458 = PRODUCT('LED1~LED0805-R-RD~LED0805-RD~Dprc',  'LED1~LED0805-R-RD~LED0805-RD~Dprc','',(#4459));
#4459 = PRODUCT_CONTEXT('',#2,'mechanical');
#4460 = PRODUCT_DEFINITION_CONTEXT('part definition',#2,'design');
#4461 = SHAPE_REPRESENTATION('',(#11,#4462),#4466);
#4462 = AXIS2_PLACEMENT_3D('',#4463,#4464,#4465);
#4463 = CARTESIAN_POINT('',(0.,0.,0.));
#4464 = DIRECTION('',(0.,0.,1.));
#4465 = DIRECTION('',(1.,0.,-0.));
#4466 = ( GEOMETRIC_REPRESENTATION_CONTEXT(3) GLOBAL_UNCERTAINTY_ASSIGNED_CONTEXT((#4470)) GLOBAL_UNIT_ASSIGNED_CONTEXT((#4467,#4468,#4469)) REPRESENTATION_CONTEXT('Context #1','3D Context with UNIT and UNCERTAINTY') );
#4467 = ( LENGTH_UNIT() NAMED_UNIT(*) SI_UNIT(.MILLI.,.METRE.) );
#4468 = ( NAMED_UNIT(*) PLANE_ANGLE_UNIT() SI_UNIT($,.RADIAN.) );
#4469 = ( NAMED_UNIT(*) SI_UNIT($,.STERADIAN.) SOLID_ANGLE_UNIT() );
#4470 = UNCERTAINTY_MEASURE_WITH_UNIT(LENGTH_MEASURE(2.E-07),#4467,  'distance_accuracy_value','confusion accuracy');
#4471 = CONTEXT_DEPENDENT_SHAPE_REPRESENTATION(#4472,#4474);
#4472 = ( REPRESENTATION_RELATIONSHIP('','',#4461,#10) REPRESENTATION_RELATIONSHIP_WITH_TRANSFORMATION(#4473) SHAPE_REPRESENTATION_RELATIONSHIP() );
#4473 = ITEM_DEFINED_TRANSFORMATION('','',#11,#171);
#4474 = PRODUCT_DEFINITION_SHAPE('Placement','Placement of an item',  #4475);
#4475 = NEXT_ASSEMBLY_USAGE_OCCURRENCE('75','=>[0:1:1:51]','',#5,#4456,$  );
#4476 = PRODUCT_RELATED_PRODUCT_CATEGORY('part',$,(#4458));
#4477 = SHAPE_DEFINITION_REPRESENTATION(#4478,#4484);
#4478 = PRODUCT_DEFINITION_SHAPE('','',#4479);
#4479 = PRODUCT_DEFINITION('design','',#4480,#4483);
#4480 = PRODUCT_DEFINITION_FORMATION('','',#4481);
#4481 = PRODUCT('LED0805-R-RD~LED0805-RD~Dprc',  'LED0805-R-RD~LED0805-RD~Dprc','',(#4482));
#4482 = PRODUCT_CONTEXT('',#2,'mechanical');
#4483 = PRODUCT_DEFINITION_CONTEXT('part definition',#2,'design');
#4484 = ADVANCED_BREP_SHAPE_REPRESENTATION('',(#11,#4485),#4623);
#4485 = MANIFOLD_SOLID_BREP('',#4486);
#4486 = CLOSED_SHELL('',(#4487,#4523,#4559,#4579,#4599,#4611));
#4487 = ADVANCED_FACE('',(#4488),#4518,.F.);
#4488 = FACE_BOUND('',#4489,.F.);
#4489 = EDGE_LOOP('',(#4490,#4499,#4506,#4513));
#4490 = ORIENTED_EDGE('',*,*,#4491,.F.);
#4491 = EDGE_CURVE('',#4492,#4494,#4496,.T.);
#4492 = VERTEX_POINT('',#4493);
#4493 = CARTESIAN_POINT('',(-1.00999491999,-0.625,0.));
#4494 = VERTEX_POINT('',#4495);
#4495 = CARTESIAN_POINT('',(-1.00999491999,-0.625,0.762001524003));
#4496 = B_SPLINE_CURVE_WITH_KNOTS('',1,(#4497,#4498),.UNSPECIFIED.,.F.,  .F.,(2,2),(0.,0.762001524003),.PIECEWISE_BEZIER_KNOTS.);
#4497 = CARTESIAN_POINT('',(-1.00999491999,-0.625,0.));
#4498 = CARTESIAN_POINT('',(-1.00999491999,-0.625,0.762001524003));
#4499 = ORIENTED_EDGE('',*,*,#4500,.T.);
#4500 = EDGE_CURVE('',#4492,#4501,#4503,.T.);
#4501 = VERTEX_POINT('',#4502);
#4502 = CARTESIAN_POINT('',(-1.00999491999,0.625,0.));
#4503 = B_SPLINE_CURVE_WITH_KNOTS('',1,(#4504,#4505),.UNSPECIFIED.,.F.,  .F.,(2,2),(0.,0.762001524003),.PIECEWISE_BEZIER_KNOTS.);
#4504 = CARTESIAN_POINT('',(-1.00999491999,-0.625,0.));
#4505 = CARTESIAN_POINT('',(-1.00999491999,0.625,0.));
#4506 = ORIENTED_EDGE('',*,*,#4507,.T.);
#4507 = EDGE_CURVE('',#4501,#4508,#4510,.T.);
#4508 = VERTEX_POINT('',#4509);
#4509 = CARTESIAN_POINT('',(-1.00999491999,0.625,0.762001524003));
#4510 = B_SPLINE_CURVE_WITH_KNOTS('',1,(#4511,#4512),.UNSPECIFIED.,.F.,  .F.,(2,2),(0.,0.762001524003),.PIECEWISE_BEZIER_KNOTS.);
#4511 = CARTESIAN_POINT('',(-1.00999491999,0.625,0.));
#4512 = CARTESIAN_POINT('',(-1.00999491999,0.625,0.762001524003));
#4513 = ORIENTED_EDGE('',*,*,#4514,.F.);
#4514 = EDGE_CURVE('',#4494,#4508,#4515,.T.);
#4515 = B_SPLINE_CURVE_WITH_KNOTS('',1,(#4516,#4517),.UNSPECIFIED.,.F.,  .F.,(2,2),(0.,0.762001524003),.PIECEWISE_BEZIER_KNOTS.);
#4516 = CARTESIAN_POINT('',(-1.00999491999,-0.625,0.762001524003));
#4517 = CARTESIAN_POINT('',(-1.00999491999,0.625,0.762001524003));
#4518 = B_SPLINE_SURFACE_WITH_KNOTS('',1,1,(    (#4519,#4520)    ,(#4521,#4522    )),.UNSPECIFIED.,.F.,.F.,.F.,(2,2),(2,2),(0.,0.762001524003),(    -0.762001524003,0.),.PIECEWISE_BEZIER_KNOTS.);
#4519 = CARTESIAN_POINT('',(-1.00999491999,0.625,0.));
#4520 = CARTESIAN_POINT('',(-1.00999491999,-0.625,0.));
#4521 = CARTESIAN_POINT('',(-1.00999491999,0.625,0.762001524003));
#4522 = CARTESIAN_POINT('',(-1.00999491999,-0.625,0.762001524003));
#4523 = ADVANCED_FACE('',(#4524),#4554,.T.);
#4524 = FACE_BOUND('',#4525,.T.);
#4525 = EDGE_LOOP('',(#4526,#4535,#4542,#4549));
#4526 = ORIENTED_EDGE('',*,*,#4527,.F.);
#4527 = EDGE_CURVE('',#4528,#4530,#4532,.T.);
#4528 = VERTEX_POINT('',#4529);
#4529 = CARTESIAN_POINT('',(1.00999491999,-0.625,0.));
#4530 = VERTEX_POINT('',#4531);
#4531 = CARTESIAN_POINT('',(1.00999491999,-0.625,0.762001524003));
#4532 = B_SPLINE_CURVE_WITH_KNOTS('',1,(#4533,#4534),.UNSPECIFIED.,.F.,  .F.,(2,2),(0.,0.762001524003),.PIECEWISE_BEZIER_KNOTS.);
#4533 = CARTESIAN_POINT('',(1.00999491999,-0.625,0.));
#4534 = CARTESIAN_POINT('',(1.00999491999,-0.625,0.762001524003));
#4535 = ORIENTED_EDGE('',*,*,#4536,.T.);
#4536 = EDGE_CURVE('',#4528,#4537,#4539,.T.);
#4537 = VERTEX_POINT('',#4538);
#4538 = CARTESIAN_POINT('',(1.00999491999,0.625,0.));
#4539 = B_SPLINE_CURVE_WITH_KNOTS('',1,(#4540,#4541),.UNSPECIFIED.,.F.,  .F.,(2,2),(0.,0.762001524003),.PIECEWISE_BEZIER_KNOTS.);
#4540 = CARTESIAN_POINT('',(1.00999491999,-0.625,0.));
#4541 = CARTESIAN_POINT('',(1.00999491999,0.625,0.));
#4542 = ORIENTED_EDGE('',*,*,#4543,.T.);
#4543 = EDGE_CURVE('',#4537,#4544,#4546,.T.);
#4544 = VERTEX_POINT('',#4545);
#4545 = CARTESIAN_POINT('',(1.00999491999,0.625,0.762001524003));
#4546 = B_SPLINE_CURVE_WITH_KNOTS('',1,(#4547,#4548),.UNSPECIFIED.,.F.,  .F.,(2,2),(0.,0.762001524003),.PIECEWISE_BEZIER_KNOTS.);
#4547 = CARTESIAN_POINT('',(1.00999491999,0.625,0.));
#4548 = CARTESIAN_POINT('',(1.00999491999,0.625,0.762001524003));
#4549 = ORIENTED_EDGE('',*,*,#4550,.F.);
#4550 = EDGE_CURVE('',#4530,#4544,#4551,.T.);
#4551 = B_SPLINE_CURVE_WITH_KNOTS('',1,(#4552,#4553),.UNSPECIFIED.,.F.,  .F.,(2,2),(0.,0.762001524003),.PIECEWISE_BEZIER_KNOTS.);
#4552 = CARTESIAN_POINT('',(1.00999491999,-0.625,0.762001524003));
#4553 = CARTESIAN_POINT('',(1.00999491999,0.625,0.762001524003));
#4554 = B_SPLINE_SURFACE_WITH_KNOTS('',1,1,(    (#4555,#4556)    ,(#4557,#4558    )),.UNSPECIFIED.,.F.,.F.,.F.,(2,2),(2,2),(0.,0.762001524003),(    -0.762001524003,0.),.PIECEWISE_BEZIER_KNOTS.);
#4555 = CARTESIAN_POINT('',(1.00999491999,0.625,0.));
#4556 = CARTESIAN_POINT('',(1.00999491999,-0.625,0.));
#4557 = CARTESIAN_POINT('',(1.00999491999,0.625,0.762001524003));
#4558 = CARTESIAN_POINT('',(1.00999491999,-0.625,0.762001524003));
#4559 = ADVANCED_FACE('',(#4560),#4574,.F.);
#4560 = FACE_BOUND('',#4561,.F.);
#4561 = EDGE_LOOP('',(#4562,#4567,#4568,#4573));
#4562 = ORIENTED_EDGE('',*,*,#4563,.F.);
#4563 = EDGE_CURVE('',#4492,#4528,#4564,.T.);
#4564 = B_SPLINE_CURVE_WITH_KNOTS('',1,(#4565,#4566),.UNSPECIFIED.,.F.,  .F.,(2,2),(0.,0.762001524003),.PIECEWISE_BEZIER_KNOTS.);
#4565 = CARTESIAN_POINT('',(-1.00999491999,-0.625,0.));
#4566 = CARTESIAN_POINT('',(1.00999491999,-0.625,0.));
#4567 = ORIENTED_EDGE('',*,*,#4491,.T.);
#4568 = ORIENTED_EDGE('',*,*,#4569,.T.);
#4569 = EDGE_CURVE('',#4494,#4530,#4570,.T.);
#4570 = B_SPLINE_CURVE_WITH_KNOTS('',1,(#4571,#4572),.UNSPECIFIED.,.F.,  .F.,(2,2),(0.,0.762001524003),.PIECEWISE_BEZIER_KNOTS.);
#4571 = CARTESIAN_POINT('',(-1.00999491999,-0.625,0.762001524003));
#4572 = CARTESIAN_POINT('',(1.00999491999,-0.625,0.762001524003));
#4573 = ORIENTED_EDGE('',*,*,#4527,.F.);
#4574 = B_SPLINE_SURFACE_WITH_KNOTS('',1,1,(    (#4575,#4576)    ,(#4577,#4578    )),.UNSPECIFIED.,.F.,.F.,.F.,(2,2),(2,2),(0.,0.762001524003),(0.,    0.762001524003),.PIECEWISE_BEZIER_KNOTS.);
#4575 = CARTESIAN_POINT('',(-1.00999491999,-0.625,0.));
#4576 = CARTESIAN_POINT('',(1.00999491999,-0.625,0.));
#4577 = CARTESIAN_POINT('',(-1.00999491999,-0.625,0.762001524003));
#4578 = CARTESIAN_POINT('',(1.00999491999,-0.625,0.762001524003));
#4579 = ADVANCED_FACE('',(#4580),#4594,.T.);
#4580 = FACE_BOUND('',#4581,.T.);
#4581 = EDGE_LOOP('',(#4582,#4587,#4588,#4593));
#4582 = ORIENTED_EDGE('',*,*,#4583,.F.);
#4583 = EDGE_CURVE('',#4501,#4537,#4584,.T.);
#4584 = B_SPLINE_CURVE_WITH_KNOTS('',1,(#4585,#4586),.UNSPECIFIED.,.F.,  .F.,(2,2),(0.,0.762001524003),.PIECEWISE_BEZIER_KNOTS.);
#4585 = CARTESIAN_POINT('',(-1.00999491999,0.625,0.));
#4586 = CARTESIAN_POINT('',(1.00999491999,0.625,0.));
#4587 = ORIENTED_EDGE('',*,*,#4507,.T.);
#4588 = ORIENTED_EDGE('',*,*,#4589,.T.);
#4589 = EDGE_CURVE('',#4508,#4544,#4590,.T.);
#4590 = B_SPLINE_CURVE_WITH_KNOTS('',1,(#4591,#4592),.UNSPECIFIED.,.F.,  .F.,(2,2),(0.,0.762001524003),.PIECEWISE_BEZIER_KNOTS.);
#4591 = CARTESIAN_POINT('',(-1.00999491999,0.625,0.762001524003));
#4592 = CARTESIAN_POINT('',(1.00999491999,0.625,0.762001524003));
#4593 = ORIENTED_EDGE('',*,*,#4543,.F.);
#4594 = B_SPLINE_SURFACE_WITH_KNOTS('',1,1,(    (#4595,#4596)    ,(#4597,#4598    )),.UNSPECIFIED.,.F.,.F.,.F.,(2,2),(2,2),(0.,0.762001524003),(0.,    0.762001524003),.PIECEWISE_BEZIER_KNOTS.);
#4595 = CARTESIAN_POINT('',(-1.00999491999,0.625,0.));
#4596 = CARTESIAN_POINT('',(1.00999491999,0.625,0.));
#4597 = CARTESIAN_POINT('',(-1.00999491999,0.625,0.762001524003));
#4598 = CARTESIAN_POINT('',(1.00999491999,0.625,0.762001524003));
#4599 = ADVANCED_FACE('',(#4600),#4606,.F.);
#4600 = FACE_BOUND('',#4601,.F.);
#4601 = EDGE_LOOP('',(#4602,#4603,#4604,#4605));
#4602 = ORIENTED_EDGE('',*,*,#4500,.F.);
#4603 = ORIENTED_EDGE('',*,*,#4563,.T.);
#4604 = ORIENTED_EDGE('',*,*,#4536,.T.);
#4605 = ORIENTED_EDGE('',*,*,#4583,.F.);
#4606 = B_SPLINE_SURFACE_WITH_KNOTS('',1,1,(    (#4607,#4608)    ,(#4609,#4610    )),.UNSPECIFIED.,.F.,.F.,.F.,(2,2),(2,2),(0.,0.762001524003),(0.,    0.762001524003),.PIECEWISE_BEZIER_KNOTS.);
#4607 = CARTESIAN_POINT('',(-1.00999491999,-0.625,0.));
#4608 = CARTESIAN_POINT('',(-1.00999491999,0.625,0.));
#4609 = CARTESIAN_POINT('',(1.00999491999,-0.625,0.));
#4610 = CARTESIAN_POINT('',(1.00999491999,0.625,0.));
#4611 = ADVANCED_FACE('',(#4612),#4618,.T.);
#4612 = FACE_BOUND('',#4613,.T.);
#4613 = EDGE_LOOP('',(#4614,#4615,#4616,#4617));
#4614 = ORIENTED_EDGE('',*,*,#4514,.F.);
#4615 = ORIENTED_EDGE('',*,*,#4569,.T.);
#4616 = ORIENTED_EDGE('',*,*,#4550,.T.);
#4617 = ORIENTED_EDGE('',*,*,#4589,.F.);
#4618 = B_SPLINE_SURFACE_WITH_KNOTS('',1,1,(    (#4619,#4620)    ,(#4621,#4622    )),.UNSPECIFIED.,.F.,.F.,.F.,(2,2),(2,2),(0.,0.762001524003),(0.,    0.762001524003),.PIECEWISE_BEZIER_KNOTS.);
#4619 = CARTESIAN_POINT('',(-1.00999491999,-0.625,0.762001524003));
#4620 = CARTESIAN_POINT('',(-1.00999491999,0.625,0.762001524003));
#4621 = CARTESIAN_POINT('',(1.00999491999,-0.625,0.762001524003));
#4622 = CARTESIAN_POINT('',(1.00999491999,0.625,0.762001524003));
#4623 = ( GEOMETRIC_REPRESENTATION_CONTEXT(3) GLOBAL_UNCERTAINTY_ASSIGNED_CONTEXT((#4627)) GLOBAL_UNIT_ASSIGNED_CONTEXT((#4624,#4625,#4626)) REPRESENTATION_CONTEXT('Context #1','3D Context with UNIT and UNCERTAINTY') );
#4624 = ( LENGTH_UNIT() NAMED_UNIT(*) SI_UNIT(.MILLI.,.METRE.) );
#4625 = ( NAMED_UNIT(*) PLANE_ANGLE_UNIT() SI_UNIT($,.RADIAN.) );
#4626 = ( NAMED_UNIT(*) SI_UNIT($,.STERADIAN.) SOLID_ANGLE_UNIT() );
#4627 = UNCERTAINTY_MEASURE_WITH_UNIT(LENGTH_MEASURE(2.E-07),#4624,  'distance_accuracy_value','confusion accuracy');
#4628 = CONTEXT_DEPENDENT_SHAPE_REPRESENTATION(#4629,#4631);
#4629 = ( REPRESENTATION_RELATIONSHIP('','',#4484,#4461) REPRESENTATION_RELATIONSHIP_WITH_TRANSFORMATION(#4630) SHAPE_REPRESENTATION_RELATIONSHIP() );
#4630 = ITEM_DEFINED_TRANSFORMATION('','',#11,#4462);
#4631 = PRODUCT_DEFINITION_SHAPE('Placement','Placement of an item',  #4632);
#4632 = NEXT_ASSEMBLY_USAGE_OCCURRENCE('74','=>[0:1:1:50]','',#4456,  #4479,$);
#4633 = PRODUCT_RELATED_PRODUCT_CATEGORY('part',$,(#4481));
#4634 = SHAPE_DEFINITION_REPRESENTATION(#4635,#4641);
#4635 = PRODUCT_DEFINITION_SHAPE('','',#4636);
#4636 = PRODUCT_DEFINITION('design','',#4637,#4640);
#4637 = PRODUCT_DEFINITION_FORMATION('','',#4638);
#4638 = PRODUCT('LED2~LED0805-R-RD~LED0805-RD~Dprc',  'LED2~LED0805-R-RD~LED0805-RD~Dprc','',(#4639));
#4639 = PRODUCT_CONTEXT('',#2,'mechanical');
#4640 = PRODUCT_DEFINITION_CONTEXT('part definition',#2,'design');
#4641 = SHAPE_REPRESENTATION('',(#11,#4642),#4646);
#4642 = AXIS2_PLACEMENT_3D('',#4643,#4644,#4645);
#4643 = CARTESIAN_POINT('',(0.,0.,0.));
#4644 = DIRECTION('',(0.,0.,1.));
#4645 = DIRECTION('',(1.,0.,-0.));
#4646 = ( GEOMETRIC_REPRESENTATION_CONTEXT(3) GLOBAL_UNCERTAINTY_ASSIGNED_CONTEXT((#4650)) GLOBAL_UNIT_ASSIGNED_CONTEXT((#4647,#4648,#4649)) REPRESENTATION_CONTEXT('Context #1','3D Context with UNIT and UNCERTAINTY') );
#4647 = ( LENGTH_UNIT() NAMED_UNIT(*) SI_UNIT(.MILLI.,.METRE.) );
#4648 = ( NAMED_UNIT(*) PLANE_ANGLE_UNIT() SI_UNIT($,.RADIAN.) );
#4649 = ( NAMED_UNIT(*) SI_UNIT($,.STERADIAN.) SOLID_ANGLE_UNIT() );
#4650 = UNCERTAINTY_MEASURE_WITH_UNIT(LENGTH_MEASURE(2.E-07),#4647,  'distance_accuracy_value','confusion accuracy');
#4651 = CONTEXT_DEPENDENT_SHAPE_REPRESENTATION(#4652,#4654);
#4652 = ( REPRESENTATION_RELATIONSHIP('','',#4641,#10) REPRESENTATION_RELATIONSHIP_WITH_TRANSFORMATION(#4653) SHAPE_REPRESENTATION_RELATIONSHIP() );
#4653 = ITEM_DEFINED_TRANSFORMATION('','',#11,#175);
#4654 = PRODUCT_DEFINITION_SHAPE('Placement','Placement of an item',  #4655);
#4655 = NEXT_ASSEMBLY_USAGE_OCCURRENCE('77','=>[0:1:1:52]','',#5,#4636,$  );
#4656 = PRODUCT_RELATED_PRODUCT_CATEGORY('part',$,(#4638));
#4657 = CONTEXT_DEPENDENT_SHAPE_REPRESENTATION(#4658,#4660);
#4658 = ( REPRESENTATION_RELATIONSHIP('','',#4484,#4641) REPRESENTATION_RELATIONSHIP_WITH_TRANSFORMATION(#4659) SHAPE_REPRESENTATION_RELATIONSHIP() );
#4659 = ITEM_DEFINED_TRANSFORMATION('','',#11,#4642);
#4660 = PRODUCT_DEFINITION_SHAPE('Placement','Placement of an item',  #4661);
#4661 = NEXT_ASSEMBLY_USAGE_OCCURRENCE('76','','',#4636,#4479,$);
#4662 = SHAPE_DEFINITION_REPRESENTATION(#4663,#4669);
#4663 = PRODUCT_DEFINITION_SHAPE('','',#4664);
#4664 = PRODUCT_DEFINITION('design','',#4665,#4668);
#4665 = PRODUCT_DEFINITION_FORMATION('','',#4666);
#4666 = PRODUCT('LED3~LED0805-R-RD~LED0805-RD~Dprc',  'LED3~LED0805-R-RD~LED0805-RD~Dprc','',(#4667));
#4667 = PRODUCT_CONTEXT('',#2,'mechanical');
#4668 = PRODUCT_DEFINITION_CONTEXT('part definition',#2,'design');
#4669 = SHAPE_REPRESENTATION('',(#11,#4670),#4674);
#4670 = AXIS2_PLACEMENT_3D('',#4671,#4672,#4673);
#4671 = CARTESIAN_POINT('',(0.,0.,0.));
#4672 = DIRECTION('',(0.,0.,1.));
#4673 = DIRECTION('',(1.,0.,-0.));
#4674 = ( GEOMETRIC_REPRESENTATION_CONTEXT(3) GLOBAL_UNCERTAINTY_ASSIGNED_CONTEXT((#4678)) GLOBAL_UNIT_ASSIGNED_CONTEXT((#4675,#4676,#4677)) REPRESENTATION_CONTEXT('Context #1','3D Context with UNIT and UNCERTAINTY') );
#4675 = ( LENGTH_UNIT() NAMED_UNIT(*) SI_UNIT(.MILLI.,.METRE.) );
#4676 = ( NAMED_UNIT(*) PLANE_ANGLE_UNIT() SI_UNIT($,.RADIAN.) );
#4677 = ( NAMED_UNIT(*) SI_UNIT($,.STERADIAN.) SOLID_ANGLE_UNIT() );
#4678 = UNCERTAINTY_MEASURE_WITH_UNIT(LENGTH_MEASURE(2.E-07),#4675,  'distance_accuracy_value','confusion accuracy');
#4679 = CONTEXT_DEPENDENT_SHAPE_REPRESENTATION(#4680,#4682);
#4680 = ( REPRESENTATION_RELATIONSHIP('','',#4669,#10) REPRESENTATION_RELATIONSHIP_WITH_TRANSFORMATION(#4681) SHAPE_REPRESENTATION_RELATIONSHIP() );
#4681 = ITEM_DEFINED_TRANSFORMATION('','',#11,#179);
#4682 = PRODUCT_DEFINITION_SHAPE('Placement','Placement of an item',  #4683);
#4683 = NEXT_ASSEMBLY_USAGE_OCCURRENCE('79','=>[0:1:1:53]','',#5,#4664,$  );
#4684 = PRODUCT_RELATED_PRODUCT_CATEGORY('part',$,(#4666));
#4685 = CONTEXT_DEPENDENT_SHAPE_REPRESENTATION(#4686,#4688);
#4686 = ( REPRESENTATION_RELATIONSHIP('','',#4484,#4669) REPRESENTATION_RELATIONSHIP_WITH_TRANSFORMATION(#4687) SHAPE_REPRESENTATION_RELATIONSHIP() );
#4687 = ITEM_DEFINED_TRANSFORMATION('','',#11,#4670);
#4688 = PRODUCT_DEFINITION_SHAPE('Placement','Placement of an item',  #4689);
#4689 = NEXT_ASSEMBLY_USAGE_OCCURRENCE('78','','',#4664,#4479,$);
#4690 = SHAPE_DEFINITION_REPRESENTATION(#4691,#4697);
#4691 = PRODUCT_DEFINITION_SHAPE('','',#4692);
#4692 = PRODUCT_DEFINITION('design','',#4693,#4696);
#4693 = PRODUCT_DEFINITION_FORMATION('','',#4694);
#4694 = PRODUCT('SCI6~CONN-TH_4P-P2.50_4PIN~CONN-TH_4P-P2.50_4PIN~Dprc',  'SCI6~CONN-TH_4P-P2.50_4PIN~CONN-TH_4P-P2.50_4PIN~Dprc','',(#4695));
#4695 = PRODUCT_CONTEXT('',#2,'mechanical');
#4696 = PRODUCT_DEFINITION_CONTEXT('part definition',#2,'design');
#4697 = SHAPE_REPRESENTATION('',(#11,#4698),#4702);
#4698 = AXIS2_PLACEMENT_3D('',#4699,#4700,#4701);
#4699 = CARTESIAN_POINT('',(0.,0.,0.));
#4700 = DIRECTION('',(0.,0.,1.));
#4701 = DIRECTION('',(1.,0.,-0.));
#4702 = ( GEOMETRIC_REPRESENTATION_CONTEXT(3) GLOBAL_UNCERTAINTY_ASSIGNED_CONTEXT((#4706)) GLOBAL_UNIT_ASSIGNED_CONTEXT((#4703,#4704,#4705)) REPRESENTATION_CONTEXT('Context #1','3D Context with UNIT and UNCERTAINTY') );
#4703 = ( LENGTH_UNIT() NAMED_UNIT(*) SI_UNIT(.MILLI.,.METRE.) );
#4704 = ( NAMED_UNIT(*) PLANE_ANGLE_UNIT() SI_UNIT($,.RADIAN.) );
#4705 = ( NAMED_UNIT(*) SI_UNIT($,.STERADIAN.) SOLID_ANGLE_UNIT() );
#4706 = UNCERTAINTY_MEASURE_WITH_UNIT(LENGTH_MEASURE(2.E-06),#4703,  'distance_accuracy_value','confusion accuracy');
#4707 = CONTEXT_DEPENDENT_SHAPE_REPRESENTATION(#4708,#4710);
#4708 = ( REPRESENTATION_RELATIONSHIP('','',#4697,#10) REPRESENTATION_RELATIONSHIP_WITH_TRANSFORMATION(#4709) SHAPE_REPRESENTATION_RELATIONSHIP() );
#4709 = ITEM_DEFINED_TRANSFORMATION('','',#11,#183);
#4710 = PRODUCT_DEFINITION_SHAPE('Placement','Placement of an item',  #4711);
#4711 = NEXT_ASSEMBLY_USAGE_OCCURRENCE('81','=>[0:1:1:55]','',#5,#4692,$  );
#4712 = PRODUCT_RELATED_PRODUCT_CATEGORY('part',$,(#4694));
#4713 = SHAPE_DEFINITION_REPRESENTATION(#4714,#4720);
#4714 = PRODUCT_DEFINITION_SHAPE('','',#4715);
#4715 = PRODUCT_DEFINITION('design','',#4716,#4719);
#4716 = PRODUCT_DEFINITION_FORMATION('','',#4717);
#4717 = PRODUCT('CONN-TH_4P-P2.50_4PIN~CONN-TH_4P-P2.50_4PIN~Dprc',  'CONN-TH_4P-P2.50_4PIN~CONN-TH_4P-P2.50_4PIN~Dprc','',(#4718));
#4718 = PRODUCT_CONTEXT('',#2,'mechanical');
#4719 = PRODUCT_DEFINITION_CONTEXT('part definition',#2,'design');
#4720 = ADVANCED_BREP_SHAPE_REPRESENTATION('',(#11,#4721),#4859);
#4721 = MANIFOLD_SOLID_BREP('',#4722);
#4722 = CLOSED_SHELL('',(#4723,#4759,#4795,#4815,#4835,#4847));
#4723 = ADVANCED_FACE('',(#4724),#4754,.F.);
#4724 = FACE_BOUND('',#4725,.F.);
#4725 = EDGE_LOOP('',(#4726,#4735,#4742,#4749));
#4726 = ORIENTED_EDGE('',*,*,#4727,.F.);
#4727 = EDGE_CURVE('',#4728,#4730,#4732,.T.);
#4728 = VERTEX_POINT('',#4729);
#4729 = CARTESIAN_POINT('',(6.25,3.300012700025,0.));
#4730 = VERTEX_POINT('',#4731);
#4731 = CARTESIAN_POINT('',(6.25,3.300012700025,0.762001524003));
#4732 = B_SPLINE_CURVE_WITH_KNOTS('',1,(#4733,#4734),.UNSPECIFIED.,.F.,  .F.,(2,2),(0.,0.762001524003),.PIECEWISE_BEZIER_KNOTS.);
#4733 = CARTESIAN_POINT('',(6.25,3.300012700025,0.));
#4734 = CARTESIAN_POINT('',(6.25,3.300012700025,0.762001524003));
#4735 = ORIENTED_EDGE('',*,*,#4736,.T.);
#4736 = EDGE_CURVE('',#4728,#4737,#4739,.T.);
#4737 = VERTEX_POINT('',#4738);
#4738 = CARTESIAN_POINT('',(6.25,-2.399987299975,0.));
#4739 = B_SPLINE_CURVE_WITH_KNOTS('',1,(#4740,#4741),.UNSPECIFIED.,.F.,  .F.,(2,2),(0.,0.762001524003),.PIECEWISE_BEZIER_KNOTS.);
#4740 = CARTESIAN_POINT('',(6.25,3.300012700025,0.));
#4741 = CARTESIAN_POINT('',(6.25,-2.399987299975,0.));
#4742 = ORIENTED_EDGE('',*,*,#4743,.T.);
#4743 = EDGE_CURVE('',#4737,#4744,#4746,.T.);
#4744 = VERTEX_POINT('',#4745);
#4745 = CARTESIAN_POINT('',(6.25,-2.399987299975,0.762001524003));
#4746 = B_SPLINE_CURVE_WITH_KNOTS('',1,(#4747,#4748),.UNSPECIFIED.,.F.,  .F.,(2,2),(0.,0.762001524003),.PIECEWISE_BEZIER_KNOTS.);
#4747 = CARTESIAN_POINT('',(6.25,-2.399987299975,0.));
#4748 = CARTESIAN_POINT('',(6.25,-2.399987299975,0.762001524003));
#4749 = ORIENTED_EDGE('',*,*,#4750,.F.);
#4750 = EDGE_CURVE('',#4730,#4744,#4751,.T.);
#4751 = B_SPLINE_CURVE_WITH_KNOTS('',1,(#4752,#4753),.UNSPECIFIED.,.F.,  .F.,(2,2),(0.,0.762001524003),.PIECEWISE_BEZIER_KNOTS.);
#4752 = CARTESIAN_POINT('',(6.25,3.300012700025,0.762001524003));
#4753 = CARTESIAN_POINT('',(6.25,-2.399987299975,0.762001524003));
#4754 = B_SPLINE_SURFACE_WITH_KNOTS('',1,1,(    (#4755,#4756)    ,(#4757,#4758    )),.UNSPECIFIED.,.F.,.F.,.F.,(2,2),(2,2),(0.,0.762001524003),(    -0.762001524003,0.),.PIECEWISE_BEZIER_KNOTS.);
#4755 = CARTESIAN_POINT('',(6.25,-2.399987299975,0.));
#4756 = CARTESIAN_POINT('',(6.25,3.300012700025,0.));
#4757 = CARTESIAN_POINT('',(6.25,-2.399987299975,0.762001524003));
#4758 = CARTESIAN_POINT('',(6.25,3.300012700025,0.762001524003));
#4759 = ADVANCED_FACE('',(#4760),#4790,.T.);
#4760 = FACE_BOUND('',#4761,.T.);
#4761 = EDGE_LOOP('',(#4762,#4771,#4778,#4785));
#4762 = ORIENTED_EDGE('',*,*,#4763,.F.);
#4763 = EDGE_CURVE('',#4764,#4766,#4768,.T.);
#4764 = VERTEX_POINT('',#4765);
#4765 = CARTESIAN_POINT('',(-6.25,3.300012700025,0.));
#4766 = VERTEX_POINT('',#4767);
#4767 = CARTESIAN_POINT('',(-6.25,3.300012700025,0.762001524003));
#4768 = B_SPLINE_CURVE_WITH_KNOTS('',1,(#4769,#4770),.UNSPECIFIED.,.F.,  .F.,(2,2),(0.,0.762001524003),.PIECEWISE_BEZIER_KNOTS.);
#4769 = CARTESIAN_POINT('',(-6.25,3.300012700025,0.));
#4770 = CARTESIAN_POINT('',(-6.25,3.300012700025,0.762001524003));
#4771 = ORIENTED_EDGE('',*,*,#4772,.T.);
#4772 = EDGE_CURVE('',#4764,#4773,#4775,.T.);
#4773 = VERTEX_POINT('',#4774);
#4774 = CARTESIAN_POINT('',(-6.25,-2.399987299975,0.));
#4775 = B_SPLINE_CURVE_WITH_KNOTS('',1,(#4776,#4777),.UNSPECIFIED.,.F.,  .F.,(2,2),(0.,0.762001524003),.PIECEWISE_BEZIER_KNOTS.);
#4776 = CARTESIAN_POINT('',(-6.25,3.300012700025,0.));
#4777 = CARTESIAN_POINT('',(-6.25,-2.399987299975,0.));
#4778 = ORIENTED_EDGE('',*,*,#4779,.T.);
#4779 = EDGE_CURVE('',#4773,#4780,#4782,.T.);
#4780 = VERTEX_POINT('',#4781);
#4781 = CARTESIAN_POINT('',(-6.25,-2.399987299975,0.762001524003));
#4782 = B_SPLINE_CURVE_WITH_KNOTS('',1,(#4783,#4784),.UNSPECIFIED.,.F.,  .F.,(2,2),(0.,0.762001524003),.PIECEWISE_BEZIER_KNOTS.);
#4783 = CARTESIAN_POINT('',(-6.25,-2.399987299975,0.));
#4784 = CARTESIAN_POINT('',(-6.25,-2.399987299975,0.762001524003));
#4785 = ORIENTED_EDGE('',*,*,#4786,.F.);
#4786 = EDGE_CURVE('',#4766,#4780,#4787,.T.);
#4787 = B_SPLINE_CURVE_WITH_KNOTS('',1,(#4788,#4789),.UNSPECIFIED.,.F.,  .F.,(2,2),(0.,0.762001524003),.PIECEWISE_BEZIER_KNOTS.);
#4788 = CARTESIAN_POINT('',(-6.25,3.300012700025,0.762001524003));
#4789 = CARTESIAN_POINT('',(-6.25,-2.399987299975,0.762001524003));
#4790 = B_SPLINE_SURFACE_WITH_KNOTS('',1,1,(    (#4791,#4792)    ,(#4793,#4794    )),.UNSPECIFIED.,.F.,.F.,.F.,(2,2),(2,2),(0.,0.762001524003),(    -0.762001524003,0.),.PIECEWISE_BEZIER_KNOTS.);
#4791 = CARTESIAN_POINT('',(-6.25,-2.399987299975,0.));
#4792 = CARTESIAN_POINT('',(-6.25,3.300012700025,0.));
#4793 = CARTESIAN_POINT('',(-6.25,-2.399987299975,0.762001524003));
#4794 = CARTESIAN_POINT('',(-6.25,3.300012700025,0.762001524003));
#4795 = ADVANCED_FACE('',(#4796),#4810,.F.);
#4796 = FACE_BOUND('',#4797,.F.);
#4797 = EDGE_LOOP('',(#4798,#4803,#4804,#4809));
#4798 = ORIENTED_EDGE('',*,*,#4799,.F.);
#4799 = EDGE_CURVE('',#4728,#4764,#4800,.T.);
#4800 = B_SPLINE_CURVE_WITH_KNOTS('',1,(#4801,#4802),.UNSPECIFIED.,.F.,  .F.,(2,2),(0.,0.762001524003),.PIECEWISE_BEZIER_KNOTS.);
#4801 = CARTESIAN_POINT('',(6.25,3.300012700025,0.));
#4802 = CARTESIAN_POINT('',(-6.25,3.300012700025,0.));
#4803 = ORIENTED_EDGE('',*,*,#4727,.T.);
#4804 = ORIENTED_EDGE('',*,*,#4805,.T.);
#4805 = EDGE_CURVE('',#4730,#4766,#4806,.T.);
#4806 = B_SPLINE_CURVE_WITH_KNOTS('',1,(#4807,#4808),.UNSPECIFIED.,.F.,  .F.,(2,2),(0.,0.762001524003),.PIECEWISE_BEZIER_KNOTS.);
#4807 = CARTESIAN_POINT('',(6.25,3.300012700025,0.762001524003));
#4808 = CARTESIAN_POINT('',(-6.25,3.300012700025,0.762001524003));
#4809 = ORIENTED_EDGE('',*,*,#4763,.F.);
#4810 = B_SPLINE_SURFACE_WITH_KNOTS('',1,1,(    (#4811,#4812)    ,(#4813,#4814    )),.UNSPECIFIED.,.F.,.F.,.F.,(2,2),(2,2),(0.,0.762001524003),(0.,    0.762001524003),.PIECEWISE_BEZIER_KNOTS.);
#4811 = CARTESIAN_POINT('',(6.25,3.300012700025,0.));
#4812 = CARTESIAN_POINT('',(-6.25,3.300012700025,0.));
#4813 = CARTESIAN_POINT('',(6.25,3.300012700025,0.762001524003));
#4814 = CARTESIAN_POINT('',(-6.25,3.300012700025,0.762001524003));
#4815 = ADVANCED_FACE('',(#4816),#4830,.T.);
#4816 = FACE_BOUND('',#4817,.T.);
#4817 = EDGE_LOOP('',(#4818,#4823,#4824,#4829));
#4818 = ORIENTED_EDGE('',*,*,#4819,.F.);
#4819 = EDGE_CURVE('',#4737,#4773,#4820,.T.);
#4820 = B_SPLINE_CURVE_WITH_KNOTS('',1,(#4821,#4822),.UNSPECIFIED.,.F.,  .F.,(2,2),(0.,0.762001524003),.PIECEWISE_BEZIER_KNOTS.);
#4821 = CARTESIAN_POINT('',(6.25,-2.399987299975,0.));
#4822 = CARTESIAN_POINT('',(-6.25,-2.399987299975,0.));
#4823 = ORIENTED_EDGE('',*,*,#4743,.T.);
#4824 = ORIENTED_EDGE('',*,*,#4825,.T.);
#4825 = EDGE_CURVE('',#4744,#4780,#4826,.T.);
#4826 = B_SPLINE_CURVE_WITH_KNOTS('',1,(#4827,#4828),.UNSPECIFIED.,.F.,  .F.,(2,2),(0.,0.762001524003),.PIECEWISE_BEZIER_KNOTS.);
#4827 = CARTESIAN_POINT('',(6.25,-2.399987299975,0.762001524003));
#4828 = CARTESIAN_POINT('',(-6.25,-2.399987299975,0.762001524003));
#4829 = ORIENTED_EDGE('',*,*,#4779,.F.);
#4830 = B_SPLINE_SURFACE_WITH_KNOTS('',1,1,(    (#4831,#4832)    ,(#4833,#4834    )),.UNSPECIFIED.,.F.,.F.,.F.,(2,2),(2,2),(0.,0.762001524003),(0.,    0.762001524003),.PIECEWISE_BEZIER_KNOTS.);
#4831 = CARTESIAN_POINT('',(6.25,-2.399987299975,0.));
#4832 = CARTESIAN_POINT('',(-6.25,-2.399987299975,0.));
#4833 = CARTESIAN_POINT('',(6.25,-2.399987299975,0.762001524003));
#4834 = CARTESIAN_POINT('',(-6.25,-2.399987299975,0.762001524003));
#4835 = ADVANCED_FACE('',(#4836),#4842,.F.);
#4836 = FACE_BOUND('',#4837,.F.);
#4837 = EDGE_LOOP('',(#4838,#4839,#4840,#4841));
#4838 = ORIENTED_EDGE('',*,*,#4736,.F.);
#4839 = ORIENTED_EDGE('',*,*,#4799,.T.);
#4840 = ORIENTED_EDGE('',*,*,#4772,.T.);
#4841 = ORIENTED_EDGE('',*,*,#4819,.F.);
#4842 = B_SPLINE_SURFACE_WITH_KNOTS('',1,1,(    (#4843,#4844)    ,(#4845,#4846    )),.UNSPECIFIED.,.F.,.F.,.F.,(2,2),(2,2),(0.,0.762001524003),(0.,    0.762001524003),.PIECEWISE_BEZIER_KNOTS.);
#4843 = CARTESIAN_POINT('',(6.25,3.300012700025,0.));
#4844 = CARTESIAN_POINT('',(6.25,-2.399987299975,0.));
#4845 = CARTESIAN_POINT('',(-6.25,3.300012700025,0.));
#4846 = CARTESIAN_POINT('',(-6.25,-2.399987299975,0.));
#4847 = ADVANCED_FACE('',(#4848),#4854,.T.);
#4848 = FACE_BOUND('',#4849,.T.);
#4849 = EDGE_LOOP('',(#4850,#4851,#4852,#4853));
#4850 = ORIENTED_EDGE('',*,*,#4750,.F.);
#4851 = ORIENTED_EDGE('',*,*,#4805,.T.);
#4852 = ORIENTED_EDGE('',*,*,#4786,.T.);
#4853 = ORIENTED_EDGE('',*,*,#4825,.F.);
#4854 = B_SPLINE_SURFACE_WITH_KNOTS('',1,1,(    (#4855,#4856)    ,(#4857,#4858    )),.UNSPECIFIED.,.F.,.F.,.F.,(2,2),(2,2),(0.,0.762001524003),(0.,    0.762001524003),.PIECEWISE_BEZIER_KNOTS.);
#4855 = CARTESIAN_POINT('',(6.25,3.300012700025,0.762001524003));
#4856 = CARTESIAN_POINT('',(6.25,-2.399987299975,0.762001524003));
#4857 = CARTESIAN_POINT('',(-6.25,3.300012700025,0.762001524003));
#4858 = CARTESIAN_POINT('',(-6.25,-2.399987299975,0.762001524003));
#4859 = ( GEOMETRIC_REPRESENTATION_CONTEXT(3) GLOBAL_UNCERTAINTY_ASSIGNED_CONTEXT((#4863)) GLOBAL_UNIT_ASSIGNED_CONTEXT((#4860,#4861,#4862)) REPRESENTATION_CONTEXT('Context #1','3D Context with UNIT and UNCERTAINTY') );
#4860 = ( LENGTH_UNIT() NAMED_UNIT(*) SI_UNIT(.MILLI.,.METRE.) );
#4861 = ( NAMED_UNIT(*) PLANE_ANGLE_UNIT() SI_UNIT($,.RADIAN.) );
#4862 = ( NAMED_UNIT(*) SI_UNIT($,.STERADIAN.) SOLID_ANGLE_UNIT() );
#4863 = UNCERTAINTY_MEASURE_WITH_UNIT(LENGTH_MEASURE(2.E-06),#4860,  'distance_accuracy_value','confusion accuracy');
#4864 = CONTEXT_DEPENDENT_SHAPE_REPRESENTATION(#4865,#4867);
#4865 = ( REPRESENTATION_RELATIONSHIP('','',#4720,#4697) REPRESENTATION_RELATIONSHIP_WITH_TRANSFORMATION(#4866) SHAPE_REPRESENTATION_RELATIONSHIP() );
#4866 = ITEM_DEFINED_TRANSFORMATION('','',#11,#4698);
#4867 = PRODUCT_DEFINITION_SHAPE('Placement','Placement of an item',  #4868);
#4868 = NEXT_ASSEMBLY_USAGE_OCCURRENCE('80','=>[0:1:1:54]','',#4692,  #4715,$);
#4869 = PRODUCT_RELATED_PRODUCT_CATEGORY('part',$,(#4717));
#4870 = SHAPE_DEFINITION_REPRESENTATION(#4871,#4877);
#4871 = PRODUCT_DEFINITION_SHAPE('','',#4872);
#4872 = PRODUCT_DEFINITION('design','',#4873,#4876);
#4873 = PRODUCT_DEFINITION_FORMATION('','',#4874);
#4874 = PRODUCT('SCI9~CONN-TH_4P-P2.50_4PIN~CONN-TH_4P-P2.50_4PIN~Dprc',  'SCI9~CONN-TH_4P-P2.50_4PIN~CONN-TH_4P-P2.50_4PIN~Dprc','',(#4875));
#4875 = PRODUCT_CONTEXT('',#2,'mechanical');
#4876 = PRODUCT_DEFINITION_CONTEXT('part definition',#2,'design');
#4877 = SHAPE_REPRESENTATION('',(#11,#4878),#4882);
#4878 = AXIS2_PLACEMENT_3D('',#4879,#4880,#4881);
#4879 = CARTESIAN_POINT('',(0.,0.,0.));
#4880 = DIRECTION('',(0.,0.,1.));
#4881 = DIRECTION('',(1.,0.,-0.));
#4882 = ( GEOMETRIC_REPRESENTATION_CONTEXT(3) GLOBAL_UNCERTAINTY_ASSIGNED_CONTEXT((#4886)) GLOBAL_UNIT_ASSIGNED_CONTEXT((#4883,#4884,#4885)) REPRESENTATION_CONTEXT('Context #1','3D Context with UNIT and UNCERTAINTY') );
#4883 = ( LENGTH_UNIT() NAMED_UNIT(*) SI_UNIT(.MILLI.,.METRE.) );
#4884 = ( NAMED_UNIT(*) PLANE_ANGLE_UNIT() SI_UNIT($,.RADIAN.) );
#4885 = ( NAMED_UNIT(*) SI_UNIT($,.STERADIAN.) SOLID_ANGLE_UNIT() );
#4886 = UNCERTAINTY_MEASURE_WITH_UNIT(LENGTH_MEASURE(2.E-06),#4883,  'distance_accuracy_value','confusion accuracy');
#4887 = CONTEXT_DEPENDENT_SHAPE_REPRESENTATION(#4888,#4890);
#4888 = ( REPRESENTATION_RELATIONSHIP('','',#4877,#10) REPRESENTATION_RELATIONSHIP_WITH_TRANSFORMATION(#4889) SHAPE_REPRESENTATION_RELATIONSHIP() );
#4889 = ITEM_DEFINED_TRANSFORMATION('','',#11,#187);
#4890 = PRODUCT_DEFINITION_SHAPE('Placement','Placement of an item',  #4891);
#4891 = NEXT_ASSEMBLY_USAGE_OCCURRENCE('83','=>[0:1:1:56]','',#5,#4872,$  );
#4892 = PRODUCT_RELATED_PRODUCT_CATEGORY('part',$,(#4874));
#4893 = CONTEXT_DEPENDENT_SHAPE_REPRESENTATION(#4894,#4896);
#4894 = ( REPRESENTATION_RELATIONSHIP('','',#4720,#4877) REPRESENTATION_RELATIONSHIP_WITH_TRANSFORMATION(#4895) SHAPE_REPRESENTATION_RELATIONSHIP() );
#4895 = ITEM_DEFINED_TRANSFORMATION('','',#11,#4878);
#4896 = PRODUCT_DEFINITION_SHAPE('Placement','Placement of an item',  #4897);
#4897 = NEXT_ASSEMBLY_USAGE_OCCURRENCE('82','','',#4872,#4715,$);
#4898 = SHAPE_DEFINITION_REPRESENTATION(#4899,#4905);
#4899 = PRODUCT_DEFINITION_SHAPE('','',#4900);
#4900 = PRODUCT_DEFINITION('design','',#4901,#4904);
#4901 = PRODUCT_DEFINITION_FORMATION('','',#4902);
#4902 = PRODUCT('C9~C0805~C0805_L2.0-W1.3-H1.3~Dprc',  'C9~C0805~C0805_L2.0-W1.3-H1.3~Dprc','',(#4903));
#4903 = PRODUCT_CONTEXT('',#2,'mechanical');
#4904 = PRODUCT_DEFINITION_CONTEXT('part definition',#2,'design');
#4905 = SHAPE_REPRESENTATION('',(#11,#4906),#4910);
#4906 = AXIS2_PLACEMENT_3D('',#4907,#4908,#4909);
#4907 = CARTESIAN_POINT('',(0.,0.,0.));
#4908 = DIRECTION('',(0.,0.,1.));
#4909 = DIRECTION('',(1.,0.,-0.));
#4910 = ( GEOMETRIC_REPRESENTATION_CONTEXT(3) GLOBAL_UNCERTAINTY_ASSIGNED_CONTEXT((#4914)) GLOBAL_UNIT_ASSIGNED_CONTEXT((#4911,#4912,#4913)) REPRESENTATION_CONTEXT('Context #1','3D Context with UNIT and UNCERTAINTY') );
#4911 = ( LENGTH_UNIT() NAMED_UNIT(*) SI_UNIT(.MILLI.,.METRE.) );
#4912 = ( NAMED_UNIT(*) PLANE_ANGLE_UNIT() SI_UNIT($,.RADIAN.) );
#4913 = ( NAMED_UNIT(*) SI_UNIT($,.STERADIAN.) SOLID_ANGLE_UNIT() );
#4914 = UNCERTAINTY_MEASURE_WITH_UNIT(LENGTH_MEASURE(2.E-07),#4911,  'distance_accuracy_value','confusion accuracy');
#4915 = CONTEXT_DEPENDENT_SHAPE_REPRESENTATION(#4916,#4918);
#4916 = ( REPRESENTATION_RELATIONSHIP('','',#4905,#10) REPRESENTATION_RELATIONSHIP_WITH_TRANSFORMATION(#4917) SHAPE_REPRESENTATION_RELATIONSHIP() );
#4917 = ITEM_DEFINED_TRANSFORMATION('','',#11,#191);
#4918 = PRODUCT_DEFINITION_SHAPE('Placement','Placement of an item',  #4919);
#4919 = NEXT_ASSEMBLY_USAGE_OCCURRENCE('85','=>[0:1:1:58]','',#5,#4900,$  );
#4920 = PRODUCT_RELATED_PRODUCT_CATEGORY('part',$,(#4902));
#4921 = SHAPE_DEFINITION_REPRESENTATION(#4922,#4928);
#4922 = PRODUCT_DEFINITION_SHAPE('','',#4923);
#4923 = PRODUCT_DEFINITION('design','',#4924,#4927);
#4924 = PRODUCT_DEFINITION_FORMATION('','',#4925);
#4925 = PRODUCT('C0805~C0805_L2.0-W1.3-H1.3~Dprc',  'C0805~C0805_L2.0-W1.3-H1.3~Dprc','',(#4926));
#4926 = PRODUCT_CONTEXT('',#2,'mechanical');
#4927 = PRODUCT_DEFINITION_CONTEXT('part definition',#2,'design');
#4928 = ADVANCED_BREP_SHAPE_REPRESENTATION('',(#11,#4929),#5067);
#4929 = MANIFOLD_SOLID_BREP('',#4930);
#4930 = CLOSED_SHELL('',(#4931,#4967,#5003,#5023,#5043,#5055));
#4931 = ADVANCED_FACE('',(#4932),#4962,.F.);
#4932 = FACE_BOUND('',#4933,.F.);
#4933 = EDGE_LOOP('',(#4934,#4943,#4950,#4957));
#4934 = ORIENTED_EDGE('',*,*,#4935,.F.);
#4935 = EDGE_CURVE('',#4936,#4938,#4940,.T.);
#4936 = VERTEX_POINT('',#4937);
#4937 = CARTESIAN_POINT('',(-1.,-0.649987299975,0.));
#4938 = VERTEX_POINT('',#4939);
#4939 = CARTESIAN_POINT('',(-1.,-0.649987299975,0.762001524003));
#4940 = B_SPLINE_CURVE_WITH_KNOTS('',1,(#4941,#4942),.UNSPECIFIED.,.F.,  .F.,(2,2),(0.,0.762001524003),.PIECEWISE_BEZIER_KNOTS.);
#4941 = CARTESIAN_POINT('',(-1.,-0.649987299975,0.));
#4942 = CARTESIAN_POINT('',(-1.,-0.649987299975,0.762001524003));
#4943 = ORIENTED_EDGE('',*,*,#4944,.T.);
#4944 = EDGE_CURVE('',#4936,#4945,#4947,.T.);
#4945 = VERTEX_POINT('',#4946);
#4946 = CARTESIAN_POINT('',(-1.,0.650012700025,0.));
#4947 = B_SPLINE_CURVE_WITH_KNOTS('',1,(#4948,#4949),.UNSPECIFIED.,.F.,  .F.,(2,2),(0.,0.762001524003),.PIECEWISE_BEZIER_KNOTS.);
#4948 = CARTESIAN_POINT('',(-1.,-0.649987299975,0.));
#4949 = CARTESIAN_POINT('',(-1.,0.650012700025,0.));
#4950 = ORIENTED_EDGE('',*,*,#4951,.T.);
#4951 = EDGE_CURVE('',#4945,#4952,#4954,.T.);
#4952 = VERTEX_POINT('',#4953);
#4953 = CARTESIAN_POINT('',(-1.,0.650012700025,0.762001524003));
#4954 = B_SPLINE_CURVE_WITH_KNOTS('',1,(#4955,#4956),.UNSPECIFIED.,.F.,  .F.,(2,2),(0.,0.762001524003),.PIECEWISE_BEZIER_KNOTS.);
#4955 = CARTESIAN_POINT('',(-1.,0.650012700025,0.));
#4956 = CARTESIAN_POINT('',(-1.,0.650012700025,0.762001524003));
#4957 = ORIENTED_EDGE('',*,*,#4958,.F.);
#4958 = EDGE_CURVE('',#4938,#4952,#4959,.T.);
#4959 = B_SPLINE_CURVE_WITH_KNOTS('',1,(#4960,#4961),.UNSPECIFIED.,.F.,  .F.,(2,2),(0.,0.762001524003),.PIECEWISE_BEZIER_KNOTS.);
#4960 = CARTESIAN_POINT('',(-1.,-0.649987299975,0.762001524003));
#4961 = CARTESIAN_POINT('',(-1.,0.650012700025,0.762001524003));
#4962 = B_SPLINE_SURFACE_WITH_KNOTS('',1,1,(    (#4963,#4964)    ,(#4965,#4966    )),.UNSPECIFIED.,.F.,.F.,.F.,(2,2),(2,2),(0.,0.762001524003),(    -0.762001524003,0.),.PIECEWISE_BEZIER_KNOTS.);
#4963 = CARTESIAN_POINT('',(-1.,0.650012700025,0.));
#4964 = CARTESIAN_POINT('',(-1.,-0.649987299975,0.));
#4965 = CARTESIAN_POINT('',(-1.,0.650012700025,0.762001524003));
#4966 = CARTESIAN_POINT('',(-1.,-0.649987299975,0.762001524003));
#4967 = ADVANCED_FACE('',(#4968),#4998,.T.);
#4968 = FACE_BOUND('',#4969,.T.);
#4969 = EDGE_LOOP('',(#4970,#4979,#4986,#4993));
#4970 = ORIENTED_EDGE('',*,*,#4971,.F.);
#4971 = EDGE_CURVE('',#4972,#4974,#4976,.T.);
#4972 = VERTEX_POINT('',#4973);
#4973 = CARTESIAN_POINT('',(1.,-0.649987299975,0.));
#4974 = VERTEX_POINT('',#4975);
#4975 = CARTESIAN_POINT('',(1.,-0.649987299975,0.762001524003));
#4976 = B_SPLINE_CURVE_WITH_KNOTS('',1,(#4977,#4978),.UNSPECIFIED.,.F.,  .F.,(2,2),(0.,0.762001524003),.PIECEWISE_BEZIER_KNOTS.);
#4977 = CARTESIAN_POINT('',(1.,-0.649987299975,0.));
#4978 = CARTESIAN_POINT('',(1.,-0.649987299975,0.762001524003));
#4979 = ORIENTED_EDGE('',*,*,#4980,.T.);
#4980 = EDGE_CURVE('',#4972,#4981,#4983,.T.);
#4981 = VERTEX_POINT('',#4982);
#4982 = CARTESIAN_POINT('',(1.,0.650012700025,0.));
#4983 = B_SPLINE_CURVE_WITH_KNOTS('',1,(#4984,#4985),.UNSPECIFIED.,.F.,  .F.,(2,2),(0.,0.762001524003),.PIECEWISE_BEZIER_KNOTS.);
#4984 = CARTESIAN_POINT('',(1.,-0.649987299975,0.));
#4985 = CARTESIAN_POINT('',(1.,0.650012700025,0.));
#4986 = ORIENTED_EDGE('',*,*,#4987,.T.);
#4987 = EDGE_CURVE('',#4981,#4988,#4990,.T.);
#4988 = VERTEX_POINT('',#4989);
#4989 = CARTESIAN_POINT('',(1.,0.650012700025,0.762001524003));
#4990 = B_SPLINE_CURVE_WITH_KNOTS('',1,(#4991,#4992),.UNSPECIFIED.,.F.,  .F.,(2,2),(0.,0.762001524003),.PIECEWISE_BEZIER_KNOTS.);
#4991 = CARTESIAN_POINT('',(1.,0.650012700025,0.));
#4992 = CARTESIAN_POINT('',(1.,0.650012700025,0.762001524003));
#4993 = ORIENTED_EDGE('',*,*,#4994,.F.);
#4994 = EDGE_CURVE('',#4974,#4988,#4995,.T.);
#4995 = B_SPLINE_CURVE_WITH_KNOTS('',1,(#4996,#4997),.UNSPECIFIED.,.F.,  .F.,(2,2),(0.,0.762001524003),.PIECEWISE_BEZIER_KNOTS.);
#4996 = CARTESIAN_POINT('',(1.,-0.649987299975,0.762001524003));
#4997 = CARTESIAN_POINT('',(1.,0.650012700025,0.762001524003));
#4998 = B_SPLINE_SURFACE_WITH_KNOTS('',1,1,(    (#4999,#5000)    ,(#5001,#5002    )),.UNSPECIFIED.,.F.,.F.,.F.,(2,2),(2,2),(0.,0.762001524003),(    -0.762001524003,0.),.PIECEWISE_BEZIER_KNOTS.);
#4999 = CARTESIAN_POINT('',(1.,0.650012700025,0.));
#5000 = CARTESIAN_POINT('',(1.,-0.649987299975,0.));
#5001 = CARTESIAN_POINT('',(1.,0.650012700025,0.762001524003));
#5002 = CARTESIAN_POINT('',(1.,-0.649987299975,0.762001524003));
#5003 = ADVANCED_FACE('',(#5004),#5018,.F.);
#5004 = FACE_BOUND('',#5005,.F.);
#5005 = EDGE_LOOP('',(#5006,#5011,#5012,#5017));
#5006 = ORIENTED_EDGE('',*,*,#5007,.F.);
#5007 = EDGE_CURVE('',#4936,#4972,#5008,.T.);
#5008 = B_SPLINE_CURVE_WITH_KNOTS('',1,(#5009,#5010),.UNSPECIFIED.,.F.,  .F.,(2,2),(0.,0.762001524003),.PIECEWISE_BEZIER_KNOTS.);
#5009 = CARTESIAN_POINT('',(-1.,-0.649987299975,0.));
#5010 = CARTESIAN_POINT('',(1.,-0.649987299975,0.));
#5011 = ORIENTED_EDGE('',*,*,#4935,.T.);
#5012 = ORIENTED_EDGE('',*,*,#5013,.T.);
#5013 = EDGE_CURVE('',#4938,#4974,#5014,.T.);
#5014 = B_SPLINE_CURVE_WITH_KNOTS('',1,(#5015,#5016),.UNSPECIFIED.,.F.,  .F.,(2,2),(0.,0.762001524003),.PIECEWISE_BEZIER_KNOTS.);
#5015 = CARTESIAN_POINT('',(-1.,-0.649987299975,0.762001524003));
#5016 = CARTESIAN_POINT('',(1.,-0.649987299975,0.762001524003));
#5017 = ORIENTED_EDGE('',*,*,#4971,.F.);
#5018 = B_SPLINE_SURFACE_WITH_KNOTS('',1,1,(    (#5019,#5020)    ,(#5021,#5022    )),.UNSPECIFIED.,.F.,.F.,.F.,(2,2),(2,2),(0.,0.762001524003),(0.,    0.762001524003),.PIECEWISE_BEZIER_KNOTS.);
#5019 = CARTESIAN_POINT('',(-1.,-0.649987299975,0.));
#5020 = CARTESIAN_POINT('',(1.,-0.649987299975,0.));
#5021 = CARTESIAN_POINT('',(-1.,-0.649987299975,0.762001524003));
#5022 = CARTESIAN_POINT('',(1.,-0.649987299975,0.762001524003));
#5023 = ADVANCED_FACE('',(#5024),#5038,.T.);
#5024 = FACE_BOUND('',#5025,.T.);
#5025 = EDGE_LOOP('',(#5026,#5031,#5032,#5037));
#5026 = ORIENTED_EDGE('',*,*,#5027,.F.);
#5027 = EDGE_CURVE('',#4945,#4981,#5028,.T.);
#5028 = B_SPLINE_CURVE_WITH_KNOTS('',1,(#5029,#5030),.UNSPECIFIED.,.F.,  .F.,(2,2),(0.,0.762001524003),.PIECEWISE_BEZIER_KNOTS.);
#5029 = CARTESIAN_POINT('',(-1.,0.650012700025,0.));
#5030 = CARTESIAN_POINT('',(1.,0.650012700025,0.));
#5031 = ORIENTED_EDGE('',*,*,#4951,.T.);
#5032 = ORIENTED_EDGE('',*,*,#5033,.T.);
#5033 = EDGE_CURVE('',#4952,#4988,#5034,.T.);
#5034 = B_SPLINE_CURVE_WITH_KNOTS('',1,(#5035,#5036),.UNSPECIFIED.,.F.,  .F.,(2,2),(0.,0.762001524003),.PIECEWISE_BEZIER_KNOTS.);
#5035 = CARTESIAN_POINT('',(-1.,0.650012700025,0.762001524003));
#5036 = CARTESIAN_POINT('',(1.,0.650012700025,0.762001524003));
#5037 = ORIENTED_EDGE('',*,*,#4987,.F.);
#5038 = B_SPLINE_SURFACE_WITH_KNOTS('',1,1,(    (#5039,#5040)    ,(#5041,#5042    )),.UNSPECIFIED.,.F.,.F.,.F.,(2,2),(2,2),(0.,0.762001524003),(0.,    0.762001524003),.PIECEWISE_BEZIER_KNOTS.);
#5039 = CARTESIAN_POINT('',(-1.,0.650012700025,0.));
#5040 = CARTESIAN_POINT('',(1.,0.650012700025,0.));
#5041 = CARTESIAN_POINT('',(-1.,0.650012700025,0.762001524003));
#5042 = CARTESIAN_POINT('',(1.,0.650012700025,0.762001524003));
#5043 = ADVANCED_FACE('',(#5044),#5050,.F.);
#5044 = FACE_BOUND('',#5045,.F.);
#5045 = EDGE_LOOP('',(#5046,#5047,#5048,#5049));
#5046 = ORIENTED_EDGE('',*,*,#4944,.F.);
#5047 = ORIENTED_EDGE('',*,*,#5007,.T.);
#5048 = ORIENTED_EDGE('',*,*,#4980,.T.);
#5049 = ORIENTED_EDGE('',*,*,#5027,.F.);
#5050 = B_SPLINE_SURFACE_WITH_KNOTS('',1,1,(    (#5051,#5052)    ,(#5053,#5054    )),.UNSPECIFIED.,.F.,.F.,.F.,(2,2),(2,2),(0.,0.762001524003),(0.,    0.762001524003),.PIECEWISE_BEZIER_KNOTS.);
#5051 = CARTESIAN_POINT('',(-1.,-0.649987299975,0.));
#5052 = CARTESIAN_POINT('',(-1.,0.650012700025,0.));
#5053 = CARTESIAN_POINT('',(1.,-0.649987299975,0.));
#5054 = CARTESIAN_POINT('',(1.,0.650012700025,0.));
#5055 = ADVANCED_FACE('',(#5056),#5062,.T.);
#5056 = FACE_BOUND('',#5057,.T.);
#5057 = EDGE_LOOP('',(#5058,#5059,#5060,#5061));
#5058 = ORIENTED_EDGE('',*,*,#4958,.F.);
#5059 = ORIENTED_EDGE('',*,*,#5013,.T.);
#5060 = ORIENTED_EDGE('',*,*,#4994,.T.);
#5061 = ORIENTED_EDGE('',*,*,#5033,.F.);
#5062 = B_SPLINE_SURFACE_WITH_KNOTS('',1,1,(    (#5063,#5064)    ,(#5065,#5066    )),.UNSPECIFIED.,.F.,.F.,.F.,(2,2),(2,2),(0.,0.762001524003),(0.,    0.762001524003),.PIECEWISE_BEZIER_KNOTS.);
#5063 = CARTESIAN_POINT('',(-1.,-0.649987299975,0.762001524003));
#5064 = CARTESIAN_POINT('',(-1.,0.650012700025,0.762001524003));
#5065 = CARTESIAN_POINT('',(1.,-0.649987299975,0.762001524003));
#5066 = CARTESIAN_POINT('',(1.,0.650012700025,0.762001524003));
#5067 = ( GEOMETRIC_REPRESENTATION_CONTEXT(3) GLOBAL_UNCERTAINTY_ASSIGNED_CONTEXT((#5071)) GLOBAL_UNIT_ASSIGNED_CONTEXT((#5068,#5069,#5070)) REPRESENTATION_CONTEXT('Context #1','3D Context with UNIT and UNCERTAINTY') );
#5068 = ( LENGTH_UNIT() NAMED_UNIT(*) SI_UNIT(.MILLI.,.METRE.) );
#5069 = ( NAMED_UNIT(*) PLANE_ANGLE_UNIT() SI_UNIT($,.RADIAN.) );
#5070 = ( NAMED_UNIT(*) SI_UNIT($,.STERADIAN.) SOLID_ANGLE_UNIT() );
#5071 = UNCERTAINTY_MEASURE_WITH_UNIT(LENGTH_MEASURE(2.E-07),#5068,  'distance_accuracy_value','confusion accuracy');
#5072 = CONTEXT_DEPENDENT_SHAPE_REPRESENTATION(#5073,#5075);
#5073 = ( REPRESENTATION_RELATIONSHIP('','',#4928,#4905) REPRESENTATION_RELATIONSHIP_WITH_TRANSFORMATION(#5074) SHAPE_REPRESENTATION_RELATIONSHIP() );
#5074 = ITEM_DEFINED_TRANSFORMATION('','',#11,#4906);
#5075 = PRODUCT_DEFINITION_SHAPE('Placement','Placement of an item',  #5076);
#5076 = NEXT_ASSEMBLY_USAGE_OCCURRENCE('84','=>[0:1:1:57]','',#4900,  #4923,$);
#5077 = PRODUCT_RELATED_PRODUCT_CATEGORY('part',$,(#4925));
#5078 = SHAPE_DEFINITION_REPRESENTATION(#5079,#5085);
#5079 = PRODUCT_DEFINITION_SHAPE('','',#5080);
#5080 = PRODUCT_DEFINITION('design','',#5081,#5084);
#5081 = PRODUCT_DEFINITION_FORMATION('','',#5082);
#5082 = PRODUCT('C10~C0805~C0805_L2.0-W1.3-H1.3~Dprc',  'C10~C0805~C0805_L2.0-W1.3-H1.3~Dprc','',(#5083));
#5083 = PRODUCT_CONTEXT('',#2,'mechanical');
#5084 = PRODUCT_DEFINITION_CONTEXT('part definition',#2,'design');
#5085 = SHAPE_REPRESENTATION('',(#11,#5086),#5090);
#5086 = AXIS2_PLACEMENT_3D('',#5087,#5088,#5089);
#5087 = CARTESIAN_POINT('',(0.,0.,0.));
#5088 = DIRECTION('',(0.,0.,1.));
#5089 = DIRECTION('',(1.,0.,-0.));
#5090 = ( GEOMETRIC_REPRESENTATION_CONTEXT(3) GLOBAL_UNCERTAINTY_ASSIGNED_CONTEXT((#5094)) GLOBAL_UNIT_ASSIGNED_CONTEXT((#5091,#5092,#5093)) REPRESENTATION_CONTEXT('Context #1','3D Context with UNIT and UNCERTAINTY') );
#5091 = ( LENGTH_UNIT() NAMED_UNIT(*) SI_UNIT(.MILLI.,.METRE.) );
#5092 = ( NAMED_UNIT(*) PLANE_ANGLE_UNIT() SI_UNIT($,.RADIAN.) );
#5093 = ( NAMED_UNIT(*) SI_UNIT($,.STERADIAN.) SOLID_ANGLE_UNIT() );
#5094 = UNCERTAINTY_MEASURE_WITH_UNIT(LENGTH_MEASURE(2.E-07),#5091,  'distance_accuracy_value','confusion accuracy');
#5095 = CONTEXT_DEPENDENT_SHAPE_REPRESENTATION(#5096,#5098);
#5096 = ( REPRESENTATION_RELATIONSHIP('','',#5085,#10) REPRESENTATION_RELATIONSHIP_WITH_TRANSFORMATION(#5097) SHAPE_REPRESENTATION_RELATIONSHIP() );
#5097 = ITEM_DEFINED_TRANSFORMATION('','',#11,#195);
#5098 = PRODUCT_DEFINITION_SHAPE('Placement','Placement of an item',  #5099);
#5099 = NEXT_ASSEMBLY_USAGE_OCCURRENCE('87','=>[0:1:1:59]','',#5,#5080,$  );
#5100 = PRODUCT_RELATED_PRODUCT_CATEGORY('part',$,(#5082));
#5101 = CONTEXT_DEPENDENT_SHAPE_REPRESENTATION(#5102,#5104);
#5102 = ( REPRESENTATION_RELATIONSHIP('','',#4928,#5085) REPRESENTATION_RELATIONSHIP_WITH_TRANSFORMATION(#5103) SHAPE_REPRESENTATION_RELATIONSHIP() );
#5103 = ITEM_DEFINED_TRANSFORMATION('','',#11,#5086);
#5104 = PRODUCT_DEFINITION_SHAPE('Placement','Placement of an item',  #5105);
#5105 = NEXT_ASSEMBLY_USAGE_OCCURRENCE('86','','',#5080,#4923,$);
#5106 = SHAPE_DEFINITION_REPRESENTATION(#5107,#5113);
#5107 = PRODUCT_DEFINITION_SHAPE('','',#5108);
#5108 = PRODUCT_DEFINITION('design','',#5109,#5112);
#5109 = PRODUCT_DEFINITION_FORMATION('','',#5110);
#5110 = PRODUCT('C17~C0805~C0805_L2.0-W1.3-H1.3~Dprc',  'C17~C0805~C0805_L2.0-W1.3-H1.3~Dprc','',(#5111));
#5111 = PRODUCT_CONTEXT('',#2,'mechanical');
#5112 = PRODUCT_DEFINITION_CONTEXT('part definition',#2,'design');
#5113 = SHAPE_REPRESENTATION('',(#11,#5114),#5118);
#5114 = AXIS2_PLACEMENT_3D('',#5115,#5116,#5117);
#5115 = CARTESIAN_POINT('',(0.,0.,0.));
#5116 = DIRECTION('',(0.,0.,1.));
#5117 = DIRECTION('',(1.,0.,-0.));
#5118 = ( GEOMETRIC_REPRESENTATION_CONTEXT(3) GLOBAL_UNCERTAINTY_ASSIGNED_CONTEXT((#5122)) GLOBAL_UNIT_ASSIGNED_CONTEXT((#5119,#5120,#5121)) REPRESENTATION_CONTEXT('Context #1','3D Context with UNIT and UNCERTAINTY') );
#5119 = ( LENGTH_UNIT() NAMED_UNIT(*) SI_UNIT(.MILLI.,.METRE.) );
#5120 = ( NAMED_UNIT(*) PLANE_ANGLE_UNIT() SI_UNIT($,.RADIAN.) );
#5121 = ( NAMED_UNIT(*) SI_UNIT($,.STERADIAN.) SOLID_ANGLE_UNIT() );
#5122 = UNCERTAINTY_MEASURE_WITH_UNIT(LENGTH_MEASURE(2.E-07),#5119,  'distance_accuracy_value','confusion accuracy');
#5123 = CONTEXT_DEPENDENT_SHAPE_REPRESENTATION(#5124,#5126);
#5124 = ( REPRESENTATION_RELATIONSHIP('','',#5113,#10) REPRESENTATION_RELATIONSHIP_WITH_TRANSFORMATION(#5125) SHAPE_REPRESENTATION_RELATIONSHIP() );
#5125 = ITEM_DEFINED_TRANSFORMATION('','',#11,#199);
#5126 = PRODUCT_DEFINITION_SHAPE('Placement','Placement of an item',  #5127);
#5127 = NEXT_ASSEMBLY_USAGE_OCCURRENCE('89','=>[0:1:1:60]','',#5,#5108,$  );
#5128 = PRODUCT_RELATED_PRODUCT_CATEGORY('part',$,(#5110));
#5129 = CONTEXT_DEPENDENT_SHAPE_REPRESENTATION(#5130,#5132);
#5130 = ( REPRESENTATION_RELATIONSHIP('','',#4928,#5113) REPRESENTATION_RELATIONSHIP_WITH_TRANSFORMATION(#5131) SHAPE_REPRESENTATION_RELATIONSHIP() );
#5131 = ITEM_DEFINED_TRANSFORMATION('','',#11,#5114);
#5132 = PRODUCT_DEFINITION_SHAPE('Placement','Placement of an item',  #5133);
#5133 = NEXT_ASSEMBLY_USAGE_OCCURRENCE('88','','',#5108,#4923,$);
#5134 = SHAPE_DEFINITION_REPRESENTATION(#5135,#5141);
#5135 = PRODUCT_DEFINITION_SHAPE('','',#5136);
#5136 = PRODUCT_DEFINITION('design','',#5137,#5140);
#5137 = PRODUCT_DEFINITION_FORMATION('','',#5138);
#5138 = PRODUCT('C18~C0805~C0805_L2.0-W1.3-H1.3~Dprc',  'C18~C0805~C0805_L2.0-W1.3-H1.3~Dprc','',(#5139));
#5139 = PRODUCT_CONTEXT('',#2,'mechanical');
#5140 = PRODUCT_DEFINITION_CONTEXT('part definition',#2,'design');
#5141 = SHAPE_REPRESENTATION('',(#11,#5142),#5146);
#5142 = AXIS2_PLACEMENT_3D('',#5143,#5144,#5145);
#5143 = CARTESIAN_POINT('',(0.,0.,0.));
#5144 = DIRECTION('',(0.,0.,1.));
#5145 = DIRECTION('',(1.,0.,-0.));
#5146 = ( GEOMETRIC_REPRESENTATION_CONTEXT(3) GLOBAL_UNCERTAINTY_ASSIGNED_CONTEXT((#5150)) GLOBAL_UNIT_ASSIGNED_CONTEXT((#5147,#5148,#5149)) REPRESENTATION_CONTEXT('Context #1','3D Context with UNIT and UNCERTAINTY') );
#5147 = ( LENGTH_UNIT() NAMED_UNIT(*) SI_UNIT(.MILLI.,.METRE.) );
#5148 = ( NAMED_UNIT(*) PLANE_ANGLE_UNIT() SI_UNIT($,.RADIAN.) );
#5149 = ( NAMED_UNIT(*) SI_UNIT($,.STERADIAN.) SOLID_ANGLE_UNIT() );
#5150 = UNCERTAINTY_MEASURE_WITH_UNIT(LENGTH_MEASURE(2.E-07),#5147,  'distance_accuracy_value','confusion accuracy');
#5151 = CONTEXT_DEPENDENT_SHAPE_REPRESENTATION(#5152,#5154);
#5152 = ( REPRESENTATION_RELATIONSHIP('','',#5141,#10) REPRESENTATION_RELATIONSHIP_WITH_TRANSFORMATION(#5153) SHAPE_REPRESENTATION_RELATIONSHIP() );
#5153 = ITEM_DEFINED_TRANSFORMATION('','',#11,#203);
#5154 = PRODUCT_DEFINITION_SHAPE('Placement','Placement of an item',  #5155);
#5155 = NEXT_ASSEMBLY_USAGE_OCCURRENCE('91','=>[0:1:1:61]','',#5,#5136,$  );
#5156 = PRODUCT_RELATED_PRODUCT_CATEGORY('part',$,(#5138));
#5157 = CONTEXT_DEPENDENT_SHAPE_REPRESENTATION(#5158,#5160);
#5158 = ( REPRESENTATION_RELATIONSHIP('','',#4928,#5141) REPRESENTATION_RELATIONSHIP_WITH_TRANSFORMATION(#5159) SHAPE_REPRESENTATION_RELATIONSHIP() );
#5159 = ITEM_DEFINED_TRANSFORMATION('','',#11,#5142);
#5160 = PRODUCT_DEFINITION_SHAPE('Placement','Placement of an item',  #5161);
#5161 = NEXT_ASSEMBLY_USAGE_OCCURRENCE('90','','',#5136,#4923,$);
#5162 = SHAPE_DEFINITION_REPRESENTATION(#5163,#5169);
#5163 = PRODUCT_DEFINITION_SHAPE('','',#5164);
#5164 = PRODUCT_DEFINITION('design','',#5165,#5168);
#5165 = PRODUCT_DEFINITION_FORMATION('','',#5166);
#5166 = PRODUCT('C11~C0805~C0805_L2.0-W1.3-H1.3~Dprc',  'C11~C0805~C0805_L2.0-W1.3-H1.3~Dprc','',(#5167));
#5167 = PRODUCT_CONTEXT('',#2,'mechanical');
#5168 = PRODUCT_DEFINITION_CONTEXT('part definition',#2,'design');
#5169 = SHAPE_REPRESENTATION('',(#11,#5170),#5174);
#5170 = AXIS2_PLACEMENT_3D('',#5171,#5172,#5173);
#5171 = CARTESIAN_POINT('',(0.,0.,0.));
#5172 = DIRECTION('',(0.,0.,1.));
#5173 = DIRECTION('',(1.,0.,-0.));
#5174 = ( GEOMETRIC_REPRESENTATION_CONTEXT(3) GLOBAL_UNCERTAINTY_ASSIGNED_CONTEXT((#5178)) GLOBAL_UNIT_ASSIGNED_CONTEXT((#5175,#5176,#5177)) REPRESENTATION_CONTEXT('Context #1','3D Context with UNIT and UNCERTAINTY') );
#5175 = ( LENGTH_UNIT() NAMED_UNIT(*) SI_UNIT(.MILLI.,.METRE.) );
#5176 = ( NAMED_UNIT(*) PLANE_ANGLE_UNIT() SI_UNIT($,.RADIAN.) );
#5177 = ( NAMED_UNIT(*) SI_UNIT($,.STERADIAN.) SOLID_ANGLE_UNIT() );
#5178 = UNCERTAINTY_MEASURE_WITH_UNIT(LENGTH_MEASURE(2.E-07),#5175,  'distance_accuracy_value','confusion accuracy');
#5179 = CONTEXT_DEPENDENT_SHAPE_REPRESENTATION(#5180,#5182);
#5180 = ( REPRESENTATION_RELATIONSHIP('','',#5169,#10) REPRESENTATION_RELATIONSHIP_WITH_TRANSFORMATION(#5181) SHAPE_REPRESENTATION_RELATIONSHIP() );
#5181 = ITEM_DEFINED_TRANSFORMATION('','',#11,#207);
#5182 = PRODUCT_DEFINITION_SHAPE('Placement','Placement of an item',  #5183);
#5183 = NEXT_ASSEMBLY_USAGE_OCCURRENCE('93','=>[0:1:1:62]','',#5,#5164,$  );
#5184 = PRODUCT_RELATED_PRODUCT_CATEGORY('part',$,(#5166));
#5185 = CONTEXT_DEPENDENT_SHAPE_REPRESENTATION(#5186,#5188);
#5186 = ( REPRESENTATION_RELATIONSHIP('','',#4928,#5169) REPRESENTATION_RELATIONSHIP_WITH_TRANSFORMATION(#5187) SHAPE_REPRESENTATION_RELATIONSHIP() );
#5187 = ITEM_DEFINED_TRANSFORMATION('','',#11,#5170);
#5188 = PRODUCT_DEFINITION_SHAPE('Placement','Placement of an item',  #5189);
#5189 = NEXT_ASSEMBLY_USAGE_OCCURRENCE('92','','',#5164,#4923,$);
#5190 = SHAPE_DEFINITION_REPRESENTATION(#5191,#5197);
#5191 = PRODUCT_DEFINITION_SHAPE('','',#5192);
#5192 = PRODUCT_DEFINITION('design','',#5193,#5196);
#5193 = PRODUCT_DEFINITION_FORMATION('','',#5194);
#5194 = PRODUCT('U2~SOT-223-4_L6.5-W3.5-P2.30-LS7.0-TR~SOT-223-4_L6.5-W3.5-P2.30-LS7.0-TR~Dprc','U2~SOT-223-4_L6.5-W3.5-P2.30-LS7.0-TR~SOT-223-4_L6.5-W3.5-P2.30-LS7.0-TR~Dprc','',(#5195));
#5195 = PRODUCT_CONTEXT('',#2,'mechanical');
#5196 = PRODUCT_DEFINITION_CONTEXT('part definition',#2,'design');
#5197 = SHAPE_REPRESENTATION('',(#11,#5198),#5202);
#5198 = AXIS2_PLACEMENT_3D('',#5199,#5200,#5201);
#5199 = CARTESIAN_POINT('',(0.,0.,0.));
#5200 = DIRECTION('',(0.,0.,1.));
#5201 = DIRECTION('',(1.,0.,-0.));
#5202 = ( GEOMETRIC_REPRESENTATION_CONTEXT(3) GLOBAL_UNCERTAINTY_ASSIGNED_CONTEXT((#5206)) GLOBAL_UNIT_ASSIGNED_CONTEXT((#5203,#5204,#5205)) REPRESENTATION_CONTEXT('Context #1','3D Context with UNIT and UNCERTAINTY') );
#5203 = ( LENGTH_UNIT() NAMED_UNIT(*) SI_UNIT(.MILLI.,.METRE.) );
#5204 = ( NAMED_UNIT(*) PLANE_ANGLE_UNIT() SI_UNIT($,.RADIAN.) );
#5205 = ( NAMED_UNIT(*) SI_UNIT($,.STERADIAN.) SOLID_ANGLE_UNIT() );
#5206 = UNCERTAINTY_MEASURE_WITH_UNIT(LENGTH_MEASURE(1.E-06),#5203,  'distance_accuracy_value','confusion accuracy');
#5207 = CONTEXT_DEPENDENT_SHAPE_REPRESENTATION(#5208,#5210);
#5208 = ( REPRESENTATION_RELATIONSHIP('','',#5197,#10) REPRESENTATION_RELATIONSHIP_WITH_TRANSFORMATION(#5209) SHAPE_REPRESENTATION_RELATIONSHIP() );
#5209 = ITEM_DEFINED_TRANSFORMATION('','',#11,#211);
#5210 = PRODUCT_DEFINITION_SHAPE('Placement','Placement of an item',  #5211);
#5211 = NEXT_ASSEMBLY_USAGE_OCCURRENCE('95','=>[0:1:1:64]','',#5,#5192,$  );
#5212 = PRODUCT_RELATED_PRODUCT_CATEGORY('part',$,(#5194));
#5213 = SHAPE_DEFINITION_REPRESENTATION(#5214,#5220);
#5214 = PRODUCT_DEFINITION_SHAPE('','',#5215);
#5215 = PRODUCT_DEFINITION('design','',#5216,#5219);
#5216 = PRODUCT_DEFINITION_FORMATION('','',#5217);
#5217 = PRODUCT('SOT-223-4_L6.5-W3.5-P2.30-LS7.0-TR~SOT-223-4_L6.5-W3.5-P2.30-LS7.0-TR~Dprc','SOT-223-4_L6.5-W3.5-P2.30-LS7.0-TR~SOT-223-4_L6.5-W3.5-P2.30-LS7.0-TR~Dprc','',(#5218));
#5218 = PRODUCT_CONTEXT('',#2,'mechanical');
#5219 = PRODUCT_DEFINITION_CONTEXT('part definition',#2,'design');
#5220 = ADVANCED_BREP_SHAPE_REPRESENTATION('',(#11,#5221),#5359);
#5221 = MANIFOLD_SOLID_BREP('',#5222);
#5222 = CLOSED_SHELL('',(#5223,#5259,#5295,#5315,#5335,#5347));
#5223 = ADVANCED_FACE('',(#5224),#5254,.F.);
#5224 = FACE_BOUND('',#5225,.F.);
#5225 = EDGE_LOOP('',(#5226,#5235,#5242,#5249));
#5226 = ORIENTED_EDGE('',*,*,#5227,.F.);
#5227 = EDGE_CURVE('',#5228,#5230,#5232,.T.);
#5228 = VERTEX_POINT('',#5229);
#5229 = CARTESIAN_POINT('',(-3.25,-3.5,0.));
#5230 = VERTEX_POINT('',#5231);
#5231 = CARTESIAN_POINT('',(-3.25,-3.5,0.762001524003));
#5232 = B_SPLINE_CURVE_WITH_KNOTS('',1,(#5233,#5234),.UNSPECIFIED.,.F.,  .F.,(2,2),(0.,0.762001524003),.PIECEWISE_BEZIER_KNOTS.);
#5233 = CARTESIAN_POINT('',(-3.25,-3.5,0.));
#5234 = CARTESIAN_POINT('',(-3.25,-3.5,0.762001524003));
#5235 = ORIENTED_EDGE('',*,*,#5236,.T.);
#5236 = EDGE_CURVE('',#5228,#5237,#5239,.T.);
#5237 = VERTEX_POINT('',#5238);
#5238 = CARTESIAN_POINT('',(-3.25,3.5,0.));
#5239 = B_SPLINE_CURVE_WITH_KNOTS('',1,(#5240,#5241),.UNSPECIFIED.,.F.,  .F.,(2,2),(0.,0.762001524003),.PIECEWISE_BEZIER_KNOTS.);
#5240 = CARTESIAN_POINT('',(-3.25,-3.5,0.));
#5241 = CARTESIAN_POINT('',(-3.25,3.5,0.));
#5242 = ORIENTED_EDGE('',*,*,#5243,.T.);
#5243 = EDGE_CURVE('',#5237,#5244,#5246,.T.);
#5244 = VERTEX_POINT('',#5245);
#5245 = CARTESIAN_POINT('',(-3.25,3.5,0.762001524003));
#5246 = B_SPLINE_CURVE_WITH_KNOTS('',1,(#5247,#5248),.UNSPECIFIED.,.F.,  .F.,(2,2),(0.,0.762001524003),.PIECEWISE_BEZIER_KNOTS.);
#5247 = CARTESIAN_POINT('',(-3.25,3.5,0.));
#5248 = CARTESIAN_POINT('',(-3.25,3.5,0.762001524003));
#5249 = ORIENTED_EDGE('',*,*,#5250,.F.);
#5250 = EDGE_CURVE('',#5230,#5244,#5251,.T.);
#5251 = B_SPLINE_CURVE_WITH_KNOTS('',1,(#5252,#5253),.UNSPECIFIED.,.F.,  .F.,(2,2),(0.,0.762001524003),.PIECEWISE_BEZIER_KNOTS.);
#5252 = CARTESIAN_POINT('',(-3.25,-3.5,0.762001524003));
#5253 = CARTESIAN_POINT('',(-3.25,3.5,0.762001524003));
#5254 = B_SPLINE_SURFACE_WITH_KNOTS('',1,1,(    (#5255,#5256)    ,(#5257,#5258    )),.UNSPECIFIED.,.F.,.F.,.F.,(2,2),(2,2),(0.,0.762001524003),(    -0.762001524003,0.),.PIECEWISE_BEZIER_KNOTS.);
#5255 = CARTESIAN_POINT('',(-3.25,3.5,0.));
#5256 = CARTESIAN_POINT('',(-3.25,-3.5,0.));
#5257 = CARTESIAN_POINT('',(-3.25,3.5,0.762001524003));
#5258 = CARTESIAN_POINT('',(-3.25,-3.5,0.762001524003));
#5259 = ADVANCED_FACE('',(#5260),#5290,.T.);
#5260 = FACE_BOUND('',#5261,.T.);
#5261 = EDGE_LOOP('',(#5262,#5271,#5278,#5285));
#5262 = ORIENTED_EDGE('',*,*,#5263,.F.);
#5263 = EDGE_CURVE('',#5264,#5266,#5268,.T.);
#5264 = VERTEX_POINT('',#5265);
#5265 = CARTESIAN_POINT('',(3.25,-3.5,0.));
#5266 = VERTEX_POINT('',#5267);
#5267 = CARTESIAN_POINT('',(3.25,-3.5,0.762001524003));
#5268 = B_SPLINE_CURVE_WITH_KNOTS('',1,(#5269,#5270),.UNSPECIFIED.,.F.,  .F.,(2,2),(0.,0.762001524003),.PIECEWISE_BEZIER_KNOTS.);
#5269 = CARTESIAN_POINT('',(3.25,-3.5,0.));
#5270 = CARTESIAN_POINT('',(3.25,-3.5,0.762001524003));
#5271 = ORIENTED_EDGE('',*,*,#5272,.T.);
#5272 = EDGE_CURVE('',#5264,#5273,#5275,.T.);
#5273 = VERTEX_POINT('',#5274);
#5274 = CARTESIAN_POINT('',(3.25,3.5,0.));
#5275 = B_SPLINE_CURVE_WITH_KNOTS('',1,(#5276,#5277),.UNSPECIFIED.,.F.,  .F.,(2,2),(0.,0.762001524003),.PIECEWISE_BEZIER_KNOTS.);
#5276 = CARTESIAN_POINT('',(3.25,-3.5,0.));
#5277 = CARTESIAN_POINT('',(3.25,3.5,0.));
#5278 = ORIENTED_EDGE('',*,*,#5279,.T.);
#5279 = EDGE_CURVE('',#5273,#5280,#5282,.T.);
#5280 = VERTEX_POINT('',#5281);
#5281 = CARTESIAN_POINT('',(3.25,3.5,0.762001524003));
#5282 = B_SPLINE_CURVE_WITH_KNOTS('',1,(#5283,#5284),.UNSPECIFIED.,.F.,  .F.,(2,2),(0.,0.762001524003),.PIECEWISE_BEZIER_KNOTS.);
#5283 = CARTESIAN_POINT('',(3.25,3.5,0.));
#5284 = CARTESIAN_POINT('',(3.25,3.5,0.762001524003));
#5285 = ORIENTED_EDGE('',*,*,#5286,.F.);
#5286 = EDGE_CURVE('',#5266,#5280,#5287,.T.);
#5287 = B_SPLINE_CURVE_WITH_KNOTS('',1,(#5288,#5289),.UNSPECIFIED.,.F.,  .F.,(2,2),(0.,0.762001524003),.PIECEWISE_BEZIER_KNOTS.);
#5288 = CARTESIAN_POINT('',(3.25,-3.5,0.762001524003));
#5289 = CARTESIAN_POINT('',(3.25,3.5,0.762001524003));
#5290 = B_SPLINE_SURFACE_WITH_KNOTS('',1,1,(    (#5291,#5292)    ,(#5293,#5294    )),.UNSPECIFIED.,.F.,.F.,.F.,(2,2),(2,2),(0.,0.762001524003),(    -0.762001524003,0.),.PIECEWISE_BEZIER_KNOTS.);
#5291 = CARTESIAN_POINT('',(3.25,3.5,0.));
#5292 = CARTESIAN_POINT('',(3.25,-3.5,0.));
#5293 = CARTESIAN_POINT('',(3.25,3.5,0.762001524003));
#5294 = CARTESIAN_POINT('',(3.25,-3.5,0.762001524003));
#5295 = ADVANCED_FACE('',(#5296),#5310,.F.);
#5296 = FACE_BOUND('',#5297,.F.);
#5297 = EDGE_LOOP('',(#5298,#5303,#5304,#5309));
#5298 = ORIENTED_EDGE('',*,*,#5299,.F.);
#5299 = EDGE_CURVE('',#5228,#5264,#5300,.T.);
#5300 = B_SPLINE_CURVE_WITH_KNOTS('',1,(#5301,#5302),.UNSPECIFIED.,.F.,  .F.,(2,2),(0.,0.762001524003),.PIECEWISE_BEZIER_KNOTS.);
#5301 = CARTESIAN_POINT('',(-3.25,-3.5,0.));
#5302 = CARTESIAN_POINT('',(3.25,-3.5,0.));
#5303 = ORIENTED_EDGE('',*,*,#5227,.T.);
#5304 = ORIENTED_EDGE('',*,*,#5305,.T.);
#5305 = EDGE_CURVE('',#5230,#5266,#5306,.T.);
#5306 = B_SPLINE_CURVE_WITH_KNOTS('',1,(#5307,#5308),.UNSPECIFIED.,.F.,  .F.,(2,2),(0.,0.762001524003),.PIECEWISE_BEZIER_KNOTS.);
#5307 = CARTESIAN_POINT('',(-3.25,-3.5,0.762001524003));
#5308 = CARTESIAN_POINT('',(3.25,-3.5,0.762001524003));
#5309 = ORIENTED_EDGE('',*,*,#5263,.F.);
#5310 = B_SPLINE_SURFACE_WITH_KNOTS('',1,1,(    (#5311,#5312)    ,(#5313,#5314    )),.UNSPECIFIED.,.F.,.F.,.F.,(2,2),(2,2),(0.,0.762001524003),(0.,    0.762001524003),.PIECEWISE_BEZIER_KNOTS.);
#5311 = CARTESIAN_POINT('',(-3.25,-3.5,0.));
#5312 = CARTESIAN_POINT('',(3.25,-3.5,0.));
#5313 = CARTESIAN_POINT('',(-3.25,-3.5,0.762001524003));
#5314 = CARTESIAN_POINT('',(3.25,-3.5,0.762001524003));
#5315 = ADVANCED_FACE('',(#5316),#5330,.T.);
#5316 = FACE_BOUND('',#5317,.T.);
#5317 = EDGE_LOOP('',(#5318,#5323,#5324,#5329));
#5318 = ORIENTED_EDGE('',*,*,#5319,.F.);
#5319 = EDGE_CURVE('',#5237,#5273,#5320,.T.);
#5320 = B_SPLINE_CURVE_WITH_KNOTS('',1,(#5321,#5322),.UNSPECIFIED.,.F.,  .F.,(2,2),(0.,0.762001524003),.PIECEWISE_BEZIER_KNOTS.);
#5321 = CARTESIAN_POINT('',(-3.25,3.5,0.));
#5322 = CARTESIAN_POINT('',(3.25,3.5,0.));
#5323 = ORIENTED_EDGE('',*,*,#5243,.T.);
#5324 = ORIENTED_EDGE('',*,*,#5325,.T.);
#5325 = EDGE_CURVE('',#5244,#5280,#5326,.T.);
#5326 = B_SPLINE_CURVE_WITH_KNOTS('',1,(#5327,#5328),.UNSPECIFIED.,.F.,  .F.,(2,2),(0.,0.762001524003),.PIECEWISE_BEZIER_KNOTS.);
#5327 = CARTESIAN_POINT('',(-3.25,3.5,0.762001524003));
#5328 = CARTESIAN_POINT('',(3.25,3.5,0.762001524003));
#5329 = ORIENTED_EDGE('',*,*,#5279,.F.);
#5330 = B_SPLINE_SURFACE_WITH_KNOTS('',1,1,(    (#5331,#5332)    ,(#5333,#5334    )),.UNSPECIFIED.,.F.,.F.,.F.,(2,2),(2,2),(0.,0.762001524003),(0.,    0.762001524003),.PIECEWISE_BEZIER_KNOTS.);
#5331 = CARTESIAN_POINT('',(-3.25,3.5,0.));
#5332 = CARTESIAN_POINT('',(3.25,3.5,0.));
#5333 = CARTESIAN_POINT('',(-3.25,3.5,0.762001524003));
#5334 = CARTESIAN_POINT('',(3.25,3.5,0.762001524003));
#5335 = ADVANCED_FACE('',(#5336),#5342,.F.);
#5336 = FACE_BOUND('',#5337,.F.);
#5337 = EDGE_LOOP('',(#5338,#5339,#5340,#5341));
#5338 = ORIENTED_EDGE('',*,*,#5236,.F.);
#5339 = ORIENTED_EDGE('',*,*,#5299,.T.);
#5340 = ORIENTED_EDGE('',*,*,#5272,.T.);
#5341 = ORIENTED_EDGE('',*,*,#5319,.F.);
#5342 = B_SPLINE_SURFACE_WITH_KNOTS('',1,1,(    (#5343,#5344)    ,(#5345,#5346    )),.UNSPECIFIED.,.F.,.F.,.F.,(2,2),(2,2),(0.,0.762001524003),(0.,    0.762001524003),.PIECEWISE_BEZIER_KNOTS.);
#5343 = CARTESIAN_POINT('',(-3.25,-3.5,0.));
#5344 = CARTESIAN_POINT('',(-3.25,3.5,0.));
#5345 = CARTESIAN_POINT('',(3.25,-3.5,0.));
#5346 = CARTESIAN_POINT('',(3.25,3.5,0.));
#5347 = ADVANCED_FACE('',(#5348),#5354,.T.);
#5348 = FACE_BOUND('',#5349,.T.);
#5349 = EDGE_LOOP('',(#5350,#5351,#5352,#5353));
#5350 = ORIENTED_EDGE('',*,*,#5250,.F.);
#5351 = ORIENTED_EDGE('',*,*,#5305,.T.);
#5352 = ORIENTED_EDGE('',*,*,#5286,.T.);
#5353 = ORIENTED_EDGE('',*,*,#5325,.F.);
#5354 = B_SPLINE_SURFACE_WITH_KNOTS('',1,1,(    (#5355,#5356)    ,(#5357,#5358    )),.UNSPECIFIED.,.F.,.F.,.F.,(2,2),(2,2),(0.,0.762001524003),(0.,    0.762001524003),.PIECEWISE_BEZIER_KNOTS.);
#5355 = CARTESIAN_POINT('',(-3.25,-3.5,0.762001524003));
#5356 = CARTESIAN_POINT('',(-3.25,3.5,0.762001524003));
#5357 = CARTESIAN_POINT('',(3.25,-3.5,0.762001524003));
#5358 = CARTESIAN_POINT('',(3.25,3.5,0.762001524003));
#5359 = ( GEOMETRIC_REPRESENTATION_CONTEXT(3) GLOBAL_UNCERTAINTY_ASSIGNED_CONTEXT((#5363)) GLOBAL_UNIT_ASSIGNED_CONTEXT((#5360,#5361,#5362)) REPRESENTATION_CONTEXT('Context #1','3D Context with UNIT and UNCERTAINTY') );
#5360 = ( LENGTH_UNIT() NAMED_UNIT(*) SI_UNIT(.MILLI.,.METRE.) );
#5361 = ( NAMED_UNIT(*) PLANE_ANGLE_UNIT() SI_UNIT($,.RADIAN.) );
#5362 = ( NAMED_UNIT(*) SI_UNIT($,.STERADIAN.) SOLID_ANGLE_UNIT() );
#5363 = UNCERTAINTY_MEASURE_WITH_UNIT(LENGTH_MEASURE(1.E-06),#5360,  'distance_accuracy_value','confusion accuracy');
#5364 = CONTEXT_DEPENDENT_SHAPE_REPRESENTATION(#5365,#5367);
#5365 = ( REPRESENTATION_RELATIONSHIP('','',#5220,#5197) REPRESENTATION_RELATIONSHIP_WITH_TRANSFORMATION(#5366) SHAPE_REPRESENTATION_RELATIONSHIP() );
#5366 = ITEM_DEFINED_TRANSFORMATION('','',#11,#5198);
#5367 = PRODUCT_DEFINITION_SHAPE('Placement','Placement of an item',  #5368);
#5368 = NEXT_ASSEMBLY_USAGE_OCCURRENCE('94','=>[0:1:1:63]','',#5192,  #5215,$);
#5369 = PRODUCT_RELATED_PRODUCT_CATEGORY('part',$,(#5217));
#5370 = SHAPE_DEFINITION_REPRESENTATION(#5371,#5377);
#5371 = PRODUCT_DEFINITION_SHAPE('','',#5372);
#5372 = PRODUCT_DEFINITION('design','',#5373,#5376);
#5373 = PRODUCT_DEFINITION_FORMATION('','',#5374);
#5374 = PRODUCT(  'LED_L~HDR-SMD_HX-PZ2.54-1X2P-WT~HDR-SMD_HX-PZ2.54-1X2P-WT~Dprc',  'LED_L~HDR-SMD_HX-PZ2.54-1X2P-WT~HDR-SMD_HX-PZ2.54-1X2P-WT~Dprc','',(    #5375));
#5375 = PRODUCT_CONTEXT('',#2,'mechanical');
#5376 = PRODUCT_DEFINITION_CONTEXT('part definition',#2,'design');
#5377 = SHAPE_REPRESENTATION('',(#11,#5378),#5382);
#5378 = AXIS2_PLACEMENT_3D('',#5379,#5380,#5381);
#5379 = CARTESIAN_POINT('',(0.,0.,0.));
#5380 = DIRECTION('',(0.,0.,1.));
#5381 = DIRECTION('',(1.,0.,-0.));
#5382 = ( GEOMETRIC_REPRESENTATION_CONTEXT(3) GLOBAL_UNCERTAINTY_ASSIGNED_CONTEXT((#5386)) GLOBAL_UNIT_ASSIGNED_CONTEXT((#5383,#5384,#5385)) REPRESENTATION_CONTEXT('Context #1','3D Context with UNIT and UNCERTAINTY') );
#5383 = ( LENGTH_UNIT() NAMED_UNIT(*) SI_UNIT(.MILLI.,.METRE.) );
#5384 = ( NAMED_UNIT(*) PLANE_ANGLE_UNIT() SI_UNIT($,.RADIAN.) );
#5385 = ( NAMED_UNIT(*) SI_UNIT($,.STERADIAN.) SOLID_ANGLE_UNIT() );
#5386 = UNCERTAINTY_MEASURE_WITH_UNIT(LENGTH_MEASURE(2.E-06),#5383,  'distance_accuracy_value','confusion accuracy');
#5387 = CONTEXT_DEPENDENT_SHAPE_REPRESENTATION(#5388,#5390);
#5388 = ( REPRESENTATION_RELATIONSHIP('','',#5377,#10) REPRESENTATION_RELATIONSHIP_WITH_TRANSFORMATION(#5389) SHAPE_REPRESENTATION_RELATIONSHIP() );
#5389 = ITEM_DEFINED_TRANSFORMATION('','',#11,#215);
#5390 = PRODUCT_DEFINITION_SHAPE('Placement','Placement of an item',  #5391);
#5391 = NEXT_ASSEMBLY_USAGE_OCCURRENCE('97','=>[0:1:1:66]','',#5,#5372,$  );
#5392 = PRODUCT_RELATED_PRODUCT_CATEGORY('part',$,(#5374));
#5393 = SHAPE_DEFINITION_REPRESENTATION(#5394,#5400);
#5394 = PRODUCT_DEFINITION_SHAPE('','',#5395);
#5395 = PRODUCT_DEFINITION('design','',#5396,#5399);
#5396 = PRODUCT_DEFINITION_FORMATION('','',#5397);
#5397 = PRODUCT(  'HDR-SMD_HX-PZ2.54-1X2P-WT~HDR-SMD_HX-PZ2.54-1X2P-WT~Dprc',  'HDR-SMD_HX-PZ2.54-1X2P-WT~HDR-SMD_HX-PZ2.54-1X2P-WT~Dprc','',(#5398)  );
#5398 = PRODUCT_CONTEXT('',#2,'mechanical');
#5399 = PRODUCT_DEFINITION_CONTEXT('part definition',#2,'design');
#5400 = ADVANCED_BREP_SHAPE_REPRESENTATION('',(#11,#5401),#5539);
#5401 = MANIFOLD_SOLID_BREP('',#5402);
#5402 = CLOSED_SHELL('',(#5403,#5439,#5475,#5495,#5515,#5527));
#5403 = ADVANCED_FACE('',(#5404),#5434,.F.);
#5404 = FACE_BOUND('',#5405,.F.);
#5405 = EDGE_LOOP('',(#5406,#5415,#5422,#5429));
#5406 = ORIENTED_EDGE('',*,*,#5407,.F.);
#5407 = EDGE_CURVE('',#5408,#5410,#5412,.T.);
#5408 = VERTEX_POINT('',#5409);
#5409 = CARTESIAN_POINT('',(-2.494996189992,-12.26501143002,0.));
#5410 = VERTEX_POINT('',#5411);
#5411 = CARTESIAN_POINT('',(-2.494996189992,-12.26501143002,    0.762001524003));
#5412 = B_SPLINE_CURVE_WITH_KNOTS('',1,(#5413,#5414),.UNSPECIFIED.,.F.,  .F.,(2,2),(0.,0.762001524003),.PIECEWISE_BEZIER_KNOTS.);
#5413 = CARTESIAN_POINT('',(-2.494996189992,-12.26501143002,0.));
#5414 = CARTESIAN_POINT('',(-2.494996189992,-12.26501143002,    0.762001524003));
#5415 = ORIENTED_EDGE('',*,*,#5416,.T.);
#5416 = EDGE_CURVE('',#5408,#5417,#5419,.T.);
#5417 = VERTEX_POINT('',#5418);
#5418 = CARTESIAN_POINT('',(-2.494996189992,1.034988569977,0.));
#5419 = B_SPLINE_CURVE_WITH_KNOTS('',1,(#5420,#5421),.UNSPECIFIED.,.F.,  .F.,(2,2),(0.,0.762001524003),.PIECEWISE_BEZIER_KNOTS.);
#5420 = CARTESIAN_POINT('',(-2.494996189992,-12.26501143002,0.));
#5421 = CARTESIAN_POINT('',(-2.494996189992,1.034988569977,0.));
#5422 = ORIENTED_EDGE('',*,*,#5423,.T.);
#5423 = EDGE_CURVE('',#5417,#5424,#5426,.T.);
#5424 = VERTEX_POINT('',#5425);
#5425 = CARTESIAN_POINT('',(-2.494996189992,1.034988569977,    0.762001524003));
#5426 = B_SPLINE_CURVE_WITH_KNOTS('',1,(#5427,#5428),.UNSPECIFIED.,.F.,  .F.,(2,2),(0.,0.762001524003),.PIECEWISE_BEZIER_KNOTS.);
#5427 = CARTESIAN_POINT('',(-2.494996189992,1.034988569977,0.));
#5428 = CARTESIAN_POINT('',(-2.494996189992,1.034988569977,    0.762001524003));
#5429 = ORIENTED_EDGE('',*,*,#5430,.F.);
#5430 = EDGE_CURVE('',#5410,#5424,#5431,.T.);
#5431 = B_SPLINE_CURVE_WITH_KNOTS('',1,(#5432,#5433),.UNSPECIFIED.,.F.,  .F.,(2,2),(0.,0.762001524003),.PIECEWISE_BEZIER_KNOTS.);
#5432 = CARTESIAN_POINT('',(-2.494996189992,-12.26501143002,    0.762001524003));
#5433 = CARTESIAN_POINT('',(-2.494996189992,1.034988569977,    0.762001524003));
#5434 = B_SPLINE_SURFACE_WITH_KNOTS('',1,1,(    (#5435,#5436)    ,(#5437,#5438    )),.UNSPECIFIED.,.F.,.F.,.F.,(2,2),(2,2),(0.,0.762001524003),(    -0.762001524003,0.),.PIECEWISE_BEZIER_KNOTS.);
#5435 = CARTESIAN_POINT('',(-2.494996189992,1.034988569977,0.));
#5436 = CARTESIAN_POINT('',(-2.494996189992,-12.26501143002,0.));
#5437 = CARTESIAN_POINT('',(-2.494996189992,1.034988569977,    0.762001524003));
#5438 = CARTESIAN_POINT('',(-2.494996189992,-12.26501143002,    0.762001524003));
#5439 = ADVANCED_FACE('',(#5440),#5470,.T.);
#5440 = FACE_BOUND('',#5441,.T.);
#5441 = EDGE_LOOP('',(#5442,#5451,#5458,#5465));
#5442 = ORIENTED_EDGE('',*,*,#5443,.F.);
#5443 = EDGE_CURVE('',#5444,#5446,#5448,.T.);
#5444 = VERTEX_POINT('',#5445);
#5445 = CARTESIAN_POINT('',(2.494996189992,-12.26501143002,0.));
#5446 = VERTEX_POINT('',#5447);
#5447 = CARTESIAN_POINT('',(2.494996189992,-12.26501143002,    0.762001524003));
#5448 = B_SPLINE_CURVE_WITH_KNOTS('',1,(#5449,#5450),.UNSPECIFIED.,.F.,  .F.,(2,2),(0.,0.762001524003),.PIECEWISE_BEZIER_KNOTS.);
#5449 = CARTESIAN_POINT('',(2.494996189992,-12.26501143002,0.));
#5450 = CARTESIAN_POINT('',(2.494996189992,-12.26501143002,    0.762001524003));
#5451 = ORIENTED_EDGE('',*,*,#5452,.T.);
#5452 = EDGE_CURVE('',#5444,#5453,#5455,.T.);
#5453 = VERTEX_POINT('',#5454);
#5454 = CARTESIAN_POINT('',(2.494996189992,1.034988569977,0.));
#5455 = B_SPLINE_CURVE_WITH_KNOTS('',1,(#5456,#5457),.UNSPECIFIED.,.F.,  .F.,(2,2),(0.,0.762001524003),.PIECEWISE_BEZIER_KNOTS.);
#5456 = CARTESIAN_POINT('',(2.494996189992,-12.26501143002,0.));
#5457 = CARTESIAN_POINT('',(2.494996189992,1.034988569977,0.));
#5458 = ORIENTED_EDGE('',*,*,#5459,.T.);
#5459 = EDGE_CURVE('',#5453,#5460,#5462,.T.);
#5460 = VERTEX_POINT('',#5461);
#5461 = CARTESIAN_POINT('',(2.494996189992,1.034988569977,0.762001524003    ));
#5462 = B_SPLINE_CURVE_WITH_KNOTS('',1,(#5463,#5464),.UNSPECIFIED.,.F.,  .F.,(2,2),(0.,0.762001524003),.PIECEWISE_BEZIER_KNOTS.);
#5463 = CARTESIAN_POINT('',(2.494996189992,1.034988569977,0.));
#5464 = CARTESIAN_POINT('',(2.494996189992,1.034988569977,0.762001524003    ));
#5465 = ORIENTED_EDGE('',*,*,#5466,.F.);
#5466 = EDGE_CURVE('',#5446,#5460,#5467,.T.);
#5467 = B_SPLINE_CURVE_WITH_KNOTS('',1,(#5468,#5469),.UNSPECIFIED.,.F.,  .F.,(2,2),(0.,0.762001524003),.PIECEWISE_BEZIER_KNOTS.);
#5468 = CARTESIAN_POINT('',(2.494996189992,-12.26501143002,    0.762001524003));
#5469 = CARTESIAN_POINT('',(2.494996189992,1.034988569977,0.762001524003    ));
#5470 = B_SPLINE_SURFACE_WITH_KNOTS('',1,1,(    (#5471,#5472)    ,(#5473,#5474    )),.UNSPECIFIED.,.F.,.F.,.F.,(2,2),(2,2),(0.,0.762001524003),(    -0.762001524003,0.),.PIECEWISE_BEZIER_KNOTS.);
#5471 = CARTESIAN_POINT('',(2.494996189992,1.034988569977,0.));
#5472 = CARTESIAN_POINT('',(2.494996189992,-12.26501143002,0.));
#5473 = CARTESIAN_POINT('',(2.494996189992,1.034988569977,0.762001524003    ));
#5474 = CARTESIAN_POINT('',(2.494996189992,-12.26501143002,    0.762001524003));
#5475 = ADVANCED_FACE('',(#5476),#5490,.F.);
#5476 = FACE_BOUND('',#5477,.F.);
#5477 = EDGE_LOOP('',(#5478,#5483,#5484,#5489));
#5478 = ORIENTED_EDGE('',*,*,#5479,.F.);
#5479 = EDGE_CURVE('',#5408,#5444,#5480,.T.);
#5480 = B_SPLINE_CURVE_WITH_KNOTS('',1,(#5481,#5482),.UNSPECIFIED.,.F.,  .F.,(2,2),(0.,0.762001524003),.PIECEWISE_BEZIER_KNOTS.);
#5481 = CARTESIAN_POINT('',(-2.494996189992,-12.26501143002,0.));
#5482 = CARTESIAN_POINT('',(2.494996189992,-12.26501143002,0.));
#5483 = ORIENTED_EDGE('',*,*,#5407,.T.);
#5484 = ORIENTED_EDGE('',*,*,#5485,.T.);
#5485 = EDGE_CURVE('',#5410,#5446,#5486,.T.);
#5486 = B_SPLINE_CURVE_WITH_KNOTS('',1,(#5487,#5488),.UNSPECIFIED.,.F.,  .F.,(2,2),(0.,0.762001524003),.PIECEWISE_BEZIER_KNOTS.);
#5487 = CARTESIAN_POINT('',(-2.494996189992,-12.26501143002,    0.762001524003));
#5488 = CARTESIAN_POINT('',(2.494996189992,-12.26501143002,    0.762001524003));
#5489 = ORIENTED_EDGE('',*,*,#5443,.F.);
#5490 = B_SPLINE_SURFACE_WITH_KNOTS('',1,1,(    (#5491,#5492)    ,(#5493,#5494    )),.UNSPECIFIED.,.F.,.F.,.F.,(2,2),(2,2),(0.,0.762001524003),(0.,    0.762001524003),.PIECEWISE_BEZIER_KNOTS.);
#5491 = CARTESIAN_POINT('',(-2.494996189992,-12.26501143002,0.));
#5492 = CARTESIAN_POINT('',(2.494996189992,-12.26501143002,0.));
#5493 = CARTESIAN_POINT('',(-2.494996189992,-12.26501143002,    0.762001524003));
#5494 = CARTESIAN_POINT('',(2.494996189992,-12.26501143002,    0.762001524003));
#5495 = ADVANCED_FACE('',(#5496),#5510,.T.);
#5496 = FACE_BOUND('',#5497,.T.);
#5497 = EDGE_LOOP('',(#5498,#5503,#5504,#5509));
#5498 = ORIENTED_EDGE('',*,*,#5499,.F.);
#5499 = EDGE_CURVE('',#5417,#5453,#5500,.T.);
#5500 = B_SPLINE_CURVE_WITH_KNOTS('',1,(#5501,#5502),.UNSPECIFIED.,.F.,  .F.,(2,2),(0.,0.762001524003),.PIECEWISE_BEZIER_KNOTS.);
#5501 = CARTESIAN_POINT('',(-2.494996189992,1.034988569977,0.));
#5502 = CARTESIAN_POINT('',(2.494996189992,1.034988569977,0.));
#5503 = ORIENTED_EDGE('',*,*,#5423,.T.);
#5504 = ORIENTED_EDGE('',*,*,#5505,.T.);
#5505 = EDGE_CURVE('',#5424,#5460,#5506,.T.);
#5506 = B_SPLINE_CURVE_WITH_KNOTS('',1,(#5507,#5508),.UNSPECIFIED.,.F.,  .F.,(2,2),(0.,0.762001524003),.PIECEWISE_BEZIER_KNOTS.);
#5507 = CARTESIAN_POINT('',(-2.494996189992,1.034988569977,    0.762001524003));
#5508 = CARTESIAN_POINT('',(2.494996189992,1.034988569977,0.762001524003    ));
#5509 = ORIENTED_EDGE('',*,*,#5459,.F.);
#5510 = B_SPLINE_SURFACE_WITH_KNOTS('',1,1,(    (#5511,#5512)    ,(#5513,#5514    )),.UNSPECIFIED.,.F.,.F.,.F.,(2,2),(2,2),(0.,0.762001524003),(0.,    0.762001524003),.PIECEWISE_BEZIER_KNOTS.);
#5511 = CARTESIAN_POINT('',(-2.494996189992,1.034988569977,0.));
#5512 = CARTESIAN_POINT('',(2.494996189992,1.034988569977,0.));
#5513 = CARTESIAN_POINT('',(-2.494996189992,1.034988569977,    0.762001524003));
#5514 = CARTESIAN_POINT('',(2.494996189992,1.034988569977,0.762001524003    ));
#5515 = ADVANCED_FACE('',(#5516),#5522,.F.);
#5516 = FACE_BOUND('',#5517,.F.);
#5517 = EDGE_LOOP('',(#5518,#5519,#5520,#5521));
#5518 = ORIENTED_EDGE('',*,*,#5416,.F.);
#5519 = ORIENTED_EDGE('',*,*,#5479,.T.);
#5520 = ORIENTED_EDGE('',*,*,#5452,.T.);
#5521 = ORIENTED_EDGE('',*,*,#5499,.F.);
#5522 = B_SPLINE_SURFACE_WITH_KNOTS('',1,1,(    (#5523,#5524)    ,(#5525,#5526    )),.UNSPECIFIED.,.F.,.F.,.F.,(2,2),(2,2),(0.,0.762001524003),(0.,    0.762001524003),.PIECEWISE_BEZIER_KNOTS.);
#5523 = CARTESIAN_POINT('',(-2.494996189992,-12.26501143002,0.));
#5524 = CARTESIAN_POINT('',(-2.494996189992,1.034988569977,0.));
#5525 = CARTESIAN_POINT('',(2.494996189992,-12.26501143002,0.));
#5526 = CARTESIAN_POINT('',(2.494996189992,1.034988569977,0.));
#5527 = ADVANCED_FACE('',(#5528),#5534,.T.);
#5528 = FACE_BOUND('',#5529,.T.);
#5529 = EDGE_LOOP('',(#5530,#5531,#5532,#5533));
#5530 = ORIENTED_EDGE('',*,*,#5430,.F.);
#5531 = ORIENTED_EDGE('',*,*,#5485,.T.);
#5532 = ORIENTED_EDGE('',*,*,#5466,.T.);
#5533 = ORIENTED_EDGE('',*,*,#5505,.F.);
#5534 = B_SPLINE_SURFACE_WITH_KNOTS('',1,1,(    (#5535,#5536)    ,(#5537,#5538    )),.UNSPECIFIED.,.F.,.F.,.F.,(2,2),(2,2),(0.,0.762001524003),(0.,    0.762001524003),.PIECEWISE_BEZIER_KNOTS.);
#5535 = CARTESIAN_POINT('',(-2.494996189992,-12.26501143002,    0.762001524003));
#5536 = CARTESIAN_POINT('',(-2.494996189992,1.034988569977,    0.762001524003));
#5537 = CARTESIAN_POINT('',(2.494996189992,-12.26501143002,    0.762001524003));
#5538 = CARTESIAN_POINT('',(2.494996189992,1.034988569977,0.762001524003    ));
#5539 = ( GEOMETRIC_REPRESENTATION_CONTEXT(3) GLOBAL_UNCERTAINTY_ASSIGNED_CONTEXT((#5543)) GLOBAL_UNIT_ASSIGNED_CONTEXT((#5540,#5541,#5542)) REPRESENTATION_CONTEXT('Context #1','3D Context with UNIT and UNCERTAINTY') );
#5540 = ( LENGTH_UNIT() NAMED_UNIT(*) SI_UNIT(.MILLI.,.METRE.) );
#5541 = ( NAMED_UNIT(*) PLANE_ANGLE_UNIT() SI_UNIT($,.RADIAN.) );
#5542 = ( NAMED_UNIT(*) SI_UNIT($,.STERADIAN.) SOLID_ANGLE_UNIT() );
#5543 = UNCERTAINTY_MEASURE_WITH_UNIT(LENGTH_MEASURE(2.E-06),#5540,  'distance_accuracy_value','confusion accuracy');
#5544 = CONTEXT_DEPENDENT_SHAPE_REPRESENTATION(#5545,#5547);
#5545 = ( REPRESENTATION_RELATIONSHIP('','',#5400,#5377) REPRESENTATION_RELATIONSHIP_WITH_TRANSFORMATION(#5546) SHAPE_REPRESENTATION_RELATIONSHIP() );
#5546 = ITEM_DEFINED_TRANSFORMATION('','',#11,#5378);
#5547 = PRODUCT_DEFINITION_SHAPE('Placement','Placement of an item',  #5548);
#5548 = NEXT_ASSEMBLY_USAGE_OCCURRENCE('96','=>[0:1:1:65]','',#5372,  #5395,$);
#5549 = PRODUCT_RELATED_PRODUCT_CATEGORY('part',$,(#5397));
#5550 = SHAPE_DEFINITION_REPRESENTATION(#5551,#5557);
#5551 = PRODUCT_DEFINITION_SHAPE('','',#5552);
#5552 = PRODUCT_DEFINITION('design','',#5553,#5556);
#5553 = PRODUCT_DEFINITION_FORMATION('','',#5554);
#5554 = PRODUCT(  'LED_R~HDR-SMD_HX-PZ2.54-1X2P-WT~HDR-SMD_HX-PZ2.54-1X2P-WT~Dprc',  'LED_R~HDR-SMD_HX-PZ2.54-1X2P-WT~HDR-SMD_HX-PZ2.54-1X2P-WT~Dprc','',(    #5555));
#5555 = PRODUCT_CONTEXT('',#2,'mechanical');
#5556 = PRODUCT_DEFINITION_CONTEXT('part definition',#2,'design');
#5557 = SHAPE_REPRESENTATION('',(#11,#5558),#5562);
#5558 = AXIS2_PLACEMENT_3D('',#5559,#5560,#5561);
#5559 = CARTESIAN_POINT('',(0.,0.,0.));
#5560 = DIRECTION('',(0.,0.,1.));
#5561 = DIRECTION('',(1.,0.,-0.));
#5562 = ( GEOMETRIC_REPRESENTATION_CONTEXT(3) GLOBAL_UNCERTAINTY_ASSIGNED_CONTEXT((#5566)) GLOBAL_UNIT_ASSIGNED_CONTEXT((#5563,#5564,#5565)) REPRESENTATION_CONTEXT('Context #1','3D Context with UNIT and UNCERTAINTY') );
#5563 = ( LENGTH_UNIT() NAMED_UNIT(*) SI_UNIT(.MILLI.,.METRE.) );
#5564 = ( NAMED_UNIT(*) PLANE_ANGLE_UNIT() SI_UNIT($,.RADIAN.) );
#5565 = ( NAMED_UNIT(*) SI_UNIT($,.STERADIAN.) SOLID_ANGLE_UNIT() );
#5566 = UNCERTAINTY_MEASURE_WITH_UNIT(LENGTH_MEASURE(2.E-06),#5563,  'distance_accuracy_value','confusion accuracy');
#5567 = CONTEXT_DEPENDENT_SHAPE_REPRESENTATION(#5568,#5570);
#5568 = ( REPRESENTATION_RELATIONSHIP('','',#5557,#10) REPRESENTATION_RELATIONSHIP_WITH_TRANSFORMATION(#5569) SHAPE_REPRESENTATION_RELATIONSHIP() );
#5569 = ITEM_DEFINED_TRANSFORMATION('','',#11,#219);
#5570 = PRODUCT_DEFINITION_SHAPE('Placement','Placement of an item',  #5571);
#5571 = NEXT_ASSEMBLY_USAGE_OCCURRENCE('99','=>[0:1:1:67]','',#5,#5552,$  );
#5572 = PRODUCT_RELATED_PRODUCT_CATEGORY('part',$,(#5554));
#5573 = CONTEXT_DEPENDENT_SHAPE_REPRESENTATION(#5574,#5576);
#5574 = ( REPRESENTATION_RELATIONSHIP('','',#5400,#5557) REPRESENTATION_RELATIONSHIP_WITH_TRANSFORMATION(#5575) SHAPE_REPRESENTATION_RELATIONSHIP() );
#5575 = ITEM_DEFINED_TRANSFORMATION('','',#11,#5558);
#5576 = PRODUCT_DEFINITION_SHAPE('Placement','Placement of an item',  #5577);
#5577 = NEXT_ASSEMBLY_USAGE_OCCURRENCE('98','','',#5552,#5395,$);
#5578 = SHAPE_DEFINITION_REPRESENTATION(#5579,#5585);
#5579 = PRODUCT_DEFINITION_SHAPE('','',#5580);
#5580 = PRODUCT_DEFINITION('design','',#5581,#5584);
#5581 = PRODUCT_DEFINITION_FORMATION('','',#5582);
#5582 = PRODUCT('FANS~CONN-TH_2P-P2.50_ZX-XH2.54-2PWZ~CONN-TH_2P-P2.50_ZX-XH2.54-2PWZ~Dprc','FANS~CONN-TH_2P-P2.50_ZX-XH2.54-2PWZ~CONN-TH_2P-P2.50_ZX-XH2.54-2PWZ~Dprc','',(#5583));
#5583 = PRODUCT_CONTEXT('',#2,'mechanical');
#5584 = PRODUCT_DEFINITION_CONTEXT('part definition',#2,'design');
#5585 = SHAPE_REPRESENTATION('',(#11,#5586),#5590);
#5586 = AXIS2_PLACEMENT_3D('',#5587,#5588,#5589);
#5587 = CARTESIAN_POINT('',(0.,0.,0.));
#5588 = DIRECTION('',(0.,0.,1.));
#5589 = DIRECTION('',(1.,0.,-0.));
#5590 = ( GEOMETRIC_REPRESENTATION_CONTEXT(3) GLOBAL_UNCERTAINTY_ASSIGNED_CONTEXT((#5594)) GLOBAL_UNIT_ASSIGNED_CONTEXT((#5591,#5592,#5593)) REPRESENTATION_CONTEXT('Context #1','3D Context with UNIT and UNCERTAINTY') );
#5591 = ( LENGTH_UNIT() NAMED_UNIT(*) SI_UNIT(.MILLI.,.METRE.) );
#5592 = ( NAMED_UNIT(*) PLANE_ANGLE_UNIT() SI_UNIT($,.RADIAN.) );
#5593 = ( NAMED_UNIT(*) SI_UNIT($,.STERADIAN.) SOLID_ANGLE_UNIT() );
#5594 = UNCERTAINTY_MEASURE_WITH_UNIT(LENGTH_MEASURE(1.E-06),#5591,  'distance_accuracy_value','confusion accuracy');
#5595 = CONTEXT_DEPENDENT_SHAPE_REPRESENTATION(#5596,#5598);
#5596 = ( REPRESENTATION_RELATIONSHIP('','',#5585,#10) REPRESENTATION_RELATIONSHIP_WITH_TRANSFORMATION(#5597) SHAPE_REPRESENTATION_RELATIONSHIP() );
#5597 = ITEM_DEFINED_TRANSFORMATION('','',#11,#223);
#5598 = PRODUCT_DEFINITION_SHAPE('Placement','Placement of an item',  #5599);
#5599 = NEXT_ASSEMBLY_USAGE_OCCURRENCE('101','=>[0:1:1:69]','',#5,#5580,  $);
#5600 = PRODUCT_RELATED_PRODUCT_CATEGORY('part',$,(#5582));
#5601 = SHAPE_DEFINITION_REPRESENTATION(#5602,#5608);
#5602 = PRODUCT_DEFINITION_SHAPE('','',#5603);
#5603 = PRODUCT_DEFINITION('design','',#5604,#5607);
#5604 = PRODUCT_DEFINITION_FORMATION('','',#5605);
#5605 = PRODUCT(  'CONN-TH_2P-P2.50_ZX-XH2.54-2PWZ~CONN-TH_2P-P2.50_ZX-XH2.54-2PWZ~Dprc'  ,  'CONN-TH_2P-P2.50_ZX-XH2.54-2PWZ~CONN-TH_2P-P2.50_ZX-XH2.54-2PWZ~Dprc'  ,'',(#5606));
#5606 = PRODUCT_CONTEXT('',#2,'mechanical');
#5607 = PRODUCT_DEFINITION_CONTEXT('part definition',#2,'design');
#5608 = ADVANCED_BREP_SHAPE_REPRESENTATION('',(#11,#5609),#5747);
#5609 = MANIFOLD_SOLID_BREP('',#5610);
#5610 = CLOSED_SHELL('',(#5611,#5647,#5683,#5703,#5723,#5735));
#5611 = ADVANCED_FACE('',(#5612),#5642,.F.);
#5612 = FACE_BOUND('',#5613,.F.);
#5613 = EDGE_LOOP('',(#5614,#5623,#5630,#5637));
#5614 = ORIENTED_EDGE('',*,*,#5615,.F.);
#5615 = EDGE_CURVE('',#5616,#5618,#5620,.T.);
#5616 = VERTEX_POINT('',#5617);
#5617 = CARTESIAN_POINT('',(-3.755003810008,-7.32,0.));
#5618 = VERTEX_POINT('',#5619);
#5619 = CARTESIAN_POINT('',(-3.755003810008,-7.32,0.762001524003));
#5620 = B_SPLINE_CURVE_WITH_KNOTS('',1,(#5621,#5622),.UNSPECIFIED.,.F.,  .F.,(2,2),(0.,0.762001524003),.PIECEWISE_BEZIER_KNOTS.);
#5621 = CARTESIAN_POINT('',(-3.755003810008,-7.32,0.));
#5622 = CARTESIAN_POINT('',(-3.755003810008,-7.32,0.762001524003));
#5623 = ORIENTED_EDGE('',*,*,#5624,.T.);
#5624 = EDGE_CURVE('',#5616,#5625,#5627,.T.);
#5625 = VERTEX_POINT('',#5626);
#5626 = CARTESIAN_POINT('',(-3.755003810008,0.32,0.));
#5627 = B_SPLINE_CURVE_WITH_KNOTS('',1,(#5628,#5629),.UNSPECIFIED.,.F.,  .F.,(2,2),(0.,0.762001524003),.PIECEWISE_BEZIER_KNOTS.);
#5628 = CARTESIAN_POINT('',(-3.755003810008,-7.32,0.));
#5629 = CARTESIAN_POINT('',(-3.755003810008,0.32,0.));
#5630 = ORIENTED_EDGE('',*,*,#5631,.T.);
#5631 = EDGE_CURVE('',#5625,#5632,#5634,.T.);
#5632 = VERTEX_POINT('',#5633);
#5633 = CARTESIAN_POINT('',(-3.755003810008,0.32,0.762001524003));
#5634 = B_SPLINE_CURVE_WITH_KNOTS('',1,(#5635,#5636),.UNSPECIFIED.,.F.,  .F.,(2,2),(0.,0.762001524003),.PIECEWISE_BEZIER_KNOTS.);
#5635 = CARTESIAN_POINT('',(-3.755003810008,0.32,0.));
#5636 = CARTESIAN_POINT('',(-3.755003810008,0.32,0.762001524003));
#5637 = ORIENTED_EDGE('',*,*,#5638,.F.);
#5638 = EDGE_CURVE('',#5618,#5632,#5639,.T.);
#5639 = B_SPLINE_CURVE_WITH_KNOTS('',1,(#5640,#5641),.UNSPECIFIED.,.F.,  .F.,(2,2),(0.,0.762001524003),.PIECEWISE_BEZIER_KNOTS.);
#5640 = CARTESIAN_POINT('',(-3.755003810008,-7.32,0.762001524003));
#5641 = CARTESIAN_POINT('',(-3.755003810008,0.32,0.762001524003));
#5642 = B_SPLINE_SURFACE_WITH_KNOTS('',1,1,(    (#5643,#5644)    ,(#5645,#5646    )),.UNSPECIFIED.,.F.,.F.,.F.,(2,2),(2,2),(0.,0.762001524003),(    -0.762001524003,0.),.PIECEWISE_BEZIER_KNOTS.);
#5643 = CARTESIAN_POINT('',(-3.755003810008,0.32,0.));
#5644 = CARTESIAN_POINT('',(-3.755003810008,-7.32,0.));
#5645 = CARTESIAN_POINT('',(-3.755003810008,0.32,0.762001524003));
#5646 = CARTESIAN_POINT('',(-3.755003810008,-7.32,0.762001524003));
#5647 = ADVANCED_FACE('',(#5648),#5678,.T.);
#5648 = FACE_BOUND('',#5649,.T.);
#5649 = EDGE_LOOP('',(#5650,#5659,#5666,#5673));
#5650 = ORIENTED_EDGE('',*,*,#5651,.F.);
#5651 = EDGE_CURVE('',#5652,#5654,#5656,.T.);
#5652 = VERTEX_POINT('',#5653);
#5653 = CARTESIAN_POINT('',(3.755003810008,-7.32,0.));
#5654 = VERTEX_POINT('',#5655);
#5655 = CARTESIAN_POINT('',(3.755003810008,-7.32,0.762001524003));
#5656 = B_SPLINE_CURVE_WITH_KNOTS('',1,(#5657,#5658),.UNSPECIFIED.,.F.,  .F.,(2,2),(0.,0.762001524003),.PIECEWISE_BEZIER_KNOTS.);
#5657 = CARTESIAN_POINT('',(3.755003810008,-7.32,0.));
#5658 = CARTESIAN_POINT('',(3.755003810008,-7.32,0.762001524003));
#5659 = ORIENTED_EDGE('',*,*,#5660,.T.);
#5660 = EDGE_CURVE('',#5652,#5661,#5663,.T.);
#5661 = VERTEX_POINT('',#5662);
#5662 = CARTESIAN_POINT('',(3.755003810008,0.32,0.));
#5663 = B_SPLINE_CURVE_WITH_KNOTS('',1,(#5664,#5665),.UNSPECIFIED.,.F.,  .F.,(2,2),(0.,0.762001524003),.PIECEWISE_BEZIER_KNOTS.);
#5664 = CARTESIAN_POINT('',(3.755003810008,-7.32,0.));
#5665 = CARTESIAN_POINT('',(3.755003810008,0.32,0.));
#5666 = ORIENTED_EDGE('',*,*,#5667,.T.);
#5667 = EDGE_CURVE('',#5661,#5668,#5670,.T.);
#5668 = VERTEX_POINT('',#5669);
#5669 = CARTESIAN_POINT('',(3.755003810008,0.32,0.762001524003));
#5670 = B_SPLINE_CURVE_WITH_KNOTS('',1,(#5671,#5672),.UNSPECIFIED.,.F.,  .F.,(2,2),(0.,0.762001524003),.PIECEWISE_BEZIER_KNOTS.);
#5671 = CARTESIAN_POINT('',(3.755003810008,0.32,0.));
#5672 = CARTESIAN_POINT('',(3.755003810008,0.32,0.762001524003));
#5673 = ORIENTED_EDGE('',*,*,#5674,.F.);
#5674 = EDGE_CURVE('',#5654,#5668,#5675,.T.);
#5675 = B_SPLINE_CURVE_WITH_KNOTS('',1,(#5676,#5677),.UNSPECIFIED.,.F.,  .F.,(2,2),(0.,0.762001524003),.PIECEWISE_BEZIER_KNOTS.);
#5676 = CARTESIAN_POINT('',(3.755003810008,-7.32,0.762001524003));
#5677 = CARTESIAN_POINT('',(3.755003810008,0.32,0.762001524003));
#5678 = B_SPLINE_SURFACE_WITH_KNOTS('',1,1,(    (#5679,#5680)    ,(#5681,#5682    )),.UNSPECIFIED.,.F.,.F.,.F.,(2,2),(2,2),(0.,0.762001524003),(    -0.762001524003,0.),.PIECEWISE_BEZIER_KNOTS.);
#5679 = CARTESIAN_POINT('',(3.755003810008,0.32,0.));
#5680 = CARTESIAN_POINT('',(3.755003810008,-7.32,0.));
#5681 = CARTESIAN_POINT('',(3.755003810008,0.32,0.762001524003));
#5682 = CARTESIAN_POINT('',(3.755003810008,-7.32,0.762001524003));
#5683 = ADVANCED_FACE('',(#5684),#5698,.F.);
#5684 = FACE_BOUND('',#5685,.F.);
#5685 = EDGE_LOOP('',(#5686,#5691,#5692,#5697));
#5686 = ORIENTED_EDGE('',*,*,#5687,.F.);
#5687 = EDGE_CURVE('',#5616,#5652,#5688,.T.);
#5688 = B_SPLINE_CURVE_WITH_KNOTS('',1,(#5689,#5690),.UNSPECIFIED.,.F.,  .F.,(2,2),(0.,0.762001524003),.PIECEWISE_BEZIER_KNOTS.);
#5689 = CARTESIAN_POINT('',(-3.755003810008,-7.32,0.));
#5690 = CARTESIAN_POINT('',(3.755003810008,-7.32,0.));
#5691 = ORIENTED_EDGE('',*,*,#5615,.T.);
#5692 = ORIENTED_EDGE('',*,*,#5693,.T.);
#5693 = EDGE_CURVE('',#5618,#5654,#5694,.T.);
#5694 = B_SPLINE_CURVE_WITH_KNOTS('',1,(#5695,#5696),.UNSPECIFIED.,.F.,  .F.,(2,2),(0.,0.762001524003),.PIECEWISE_BEZIER_KNOTS.);
#5695 = CARTESIAN_POINT('',(-3.755003810008,-7.32,0.762001524003));
#5696 = CARTESIAN_POINT('',(3.755003810008,-7.32,0.762001524003));
#5697 = ORIENTED_EDGE('',*,*,#5651,.F.);
#5698 = B_SPLINE_SURFACE_WITH_KNOTS('',1,1,(    (#5699,#5700)    ,(#5701,#5702    )),.UNSPECIFIED.,.F.,.F.,.F.,(2,2),(2,2),(0.,0.762001524003),(0.,    0.762001524003),.PIECEWISE_BEZIER_KNOTS.);
#5699 = CARTESIAN_POINT('',(-3.755003810008,-7.32,0.));
#5700 = CARTESIAN_POINT('',(3.755003810008,-7.32,0.));
#5701 = CARTESIAN_POINT('',(-3.755003810008,-7.32,0.762001524003));
#5702 = CARTESIAN_POINT('',(3.755003810008,-7.32,0.762001524003));
#5703 = ADVANCED_FACE('',(#5704),#5718,.T.);
#5704 = FACE_BOUND('',#5705,.T.);
#5705 = EDGE_LOOP('',(#5706,#5711,#5712,#5717));
#5706 = ORIENTED_EDGE('',*,*,#5707,.F.);
#5707 = EDGE_CURVE('',#5625,#5661,#5708,.T.);
#5708 = B_SPLINE_CURVE_WITH_KNOTS('',1,(#5709,#5710),.UNSPECIFIED.,.F.,  .F.,(2,2),(0.,0.762001524003),.PIECEWISE_BEZIER_KNOTS.);
#5709 = CARTESIAN_POINT('',(-3.755003810008,0.32,0.));
#5710 = CARTESIAN_POINT('',(3.755003810008,0.32,0.));
#5711 = ORIENTED_EDGE('',*,*,#5631,.T.);
#5712 = ORIENTED_EDGE('',*,*,#5713,.T.);
#5713 = EDGE_CURVE('',#5632,#5668,#5714,.T.);
#5714 = B_SPLINE_CURVE_WITH_KNOTS('',1,(#5715,#5716),.UNSPECIFIED.,.F.,  .F.,(2,2),(0.,0.762001524003),.PIECEWISE_BEZIER_KNOTS.);
#5715 = CARTESIAN_POINT('',(-3.755003810008,0.32,0.762001524003));
#5716 = CARTESIAN_POINT('',(3.755003810008,0.32,0.762001524003));
#5717 = ORIENTED_EDGE('',*,*,#5667,.F.);
#5718 = B_SPLINE_SURFACE_WITH_KNOTS('',1,1,(    (#5719,#5720)    ,(#5721,#5722    )),.UNSPECIFIED.,.F.,.F.,.F.,(2,2),(2,2),(0.,0.762001524003),(0.,    0.762001524003),.PIECEWISE_BEZIER_KNOTS.);
#5719 = CARTESIAN_POINT('',(-3.755003810008,0.32,0.));
#5720 = CARTESIAN_POINT('',(3.755003810008,0.32,0.));
#5721 = CARTESIAN_POINT('',(-3.755003810008,0.32,0.762001524003));
#5722 = CARTESIAN_POINT('',(3.755003810008,0.32,0.762001524003));
#5723 = ADVANCED_FACE('',(#5724),#5730,.F.);
#5724 = FACE_BOUND('',#5725,.F.);
#5725 = EDGE_LOOP('',(#5726,#5727,#5728,#5729));
#5726 = ORIENTED_EDGE('',*,*,#5624,.F.);
#5727 = ORIENTED_EDGE('',*,*,#5687,.T.);
#5728 = ORIENTED_EDGE('',*,*,#5660,.T.);
#5729 = ORIENTED_EDGE('',*,*,#5707,.F.);
#5730 = B_SPLINE_SURFACE_WITH_KNOTS('',1,1,(    (#5731,#5732)    ,(#5733,#5734    )),.UNSPECIFIED.,.F.,.F.,.F.,(2,2),(2,2),(0.,0.762001524003),(0.,    0.762001524003),.PIECEWISE_BEZIER_KNOTS.);
#5731 = CARTESIAN_POINT('',(-3.755003810008,-7.32,0.));
#5732 = CARTESIAN_POINT('',(-3.755003810008,0.32,0.));
#5733 = CARTESIAN_POINT('',(3.755003810008,-7.32,0.));
#5734 = CARTESIAN_POINT('',(3.755003810008,0.32,0.));
#5735 = ADVANCED_FACE('',(#5736),#5742,.T.);
#5736 = FACE_BOUND('',#5737,.T.);
#5737 = EDGE_LOOP('',(#5738,#5739,#5740,#5741));
#5738 = ORIENTED_EDGE('',*,*,#5638,.F.);
#5739 = ORIENTED_EDGE('',*,*,#5693,.T.);
#5740 = ORIENTED_EDGE('',*,*,#5674,.T.);
#5741 = ORIENTED_EDGE('',*,*,#5713,.F.);
#5742 = B_SPLINE_SURFACE_WITH_KNOTS('',1,1,(    (#5743,#5744)    ,(#5745,#5746    )),.UNSPECIFIED.,.F.,.F.,.F.,(2,2),(2,2),(0.,0.762001524003),(0.,    0.762001524003),.PIECEWISE_BEZIER_KNOTS.);
#5743 = CARTESIAN_POINT('',(-3.755003810008,-7.32,0.762001524003));
#5744 = CARTESIAN_POINT('',(-3.755003810008,0.32,0.762001524003));
#5745 = CARTESIAN_POINT('',(3.755003810008,-7.32,0.762001524003));
#5746 = CARTESIAN_POINT('',(3.755003810008,0.32,0.762001524003));
#5747 = ( GEOMETRIC_REPRESENTATION_CONTEXT(3) GLOBAL_UNCERTAINTY_ASSIGNED_CONTEXT((#5751)) GLOBAL_UNIT_ASSIGNED_CONTEXT((#5748,#5749,#5750)) REPRESENTATION_CONTEXT('Context #1','3D Context with UNIT and UNCERTAINTY') );
#5748 = ( LENGTH_UNIT() NAMED_UNIT(*) SI_UNIT(.MILLI.,.METRE.) );
#5749 = ( NAMED_UNIT(*) PLANE_ANGLE_UNIT() SI_UNIT($,.RADIAN.) );
#5750 = ( NAMED_UNIT(*) SI_UNIT($,.STERADIAN.) SOLID_ANGLE_UNIT() );
#5751 = UNCERTAINTY_MEASURE_WITH_UNIT(LENGTH_MEASURE(1.E-06),#5748,  'distance_accuracy_value','confusion accuracy');
#5752 = CONTEXT_DEPENDENT_SHAPE_REPRESENTATION(#5753,#5755);
#5753 = ( REPRESENTATION_RELATIONSHIP('','',#5608,#5585) REPRESENTATION_RELATIONSHIP_WITH_TRANSFORMATION(#5754) SHAPE_REPRESENTATION_RELATIONSHIP() );
#5754 = ITEM_DEFINED_TRANSFORMATION('','',#11,#5586);
#5755 = PRODUCT_DEFINITION_SHAPE('Placement','Placement of an item',  #5756);
#5756 = NEXT_ASSEMBLY_USAGE_OCCURRENCE('100','=>[0:1:1:68]','',#5580,  #5603,$);
#5757 = PRODUCT_RELATED_PRODUCT_CATEGORY('part',$,(#5605));
#5758 = SHAPE_DEFINITION_REPRESENTATION(#5759,#5765);
#5759 = PRODUCT_DEFINITION_SHAPE('','',#5760);
#5760 = PRODUCT_DEFINITION('design','',#5761,#5764);
#5761 = PRODUCT_DEFINITION_FORMATION('','',#5762);
#5762 = PRODUCT('FANS1~CONN-TH_2P-P2.50_ZX-XH2.54-2PWZ~CONN-TH_2P-P2.50_ZX-XH2.54-2PWZ~Dprc','FANS1~CONN-TH_2P-P2.50_ZX-XH2.54-2PWZ~CONN-TH_2P-P2.50_ZX-XH2.54-2PWZ~Dprc','',(#5763));
#5763 = PRODUCT_CONTEXT('',#2,'mechanical');
#5764 = PRODUCT_DEFINITION_CONTEXT('part definition',#2,'design');
#5765 = SHAPE_REPRESENTATION('',(#11,#5766),#5770);
#5766 = AXIS2_PLACEMENT_3D('',#5767,#5768,#5769);
#5767 = CARTESIAN_POINT('',(0.,0.,0.));
#5768 = DIRECTION('',(0.,0.,1.));
#5769 = DIRECTION('',(1.,0.,-0.));
#5770 = ( GEOMETRIC_REPRESENTATION_CONTEXT(3) GLOBAL_UNCERTAINTY_ASSIGNED_CONTEXT((#5774)) GLOBAL_UNIT_ASSIGNED_CONTEXT((#5771,#5772,#5773)) REPRESENTATION_CONTEXT('Context #1','3D Context with UNIT and UNCERTAINTY') );
#5771 = ( LENGTH_UNIT() NAMED_UNIT(*) SI_UNIT(.MILLI.,.METRE.) );
#5772 = ( NAMED_UNIT(*) PLANE_ANGLE_UNIT() SI_UNIT($,.RADIAN.) );
#5773 = ( NAMED_UNIT(*) SI_UNIT($,.STERADIAN.) SOLID_ANGLE_UNIT() );
#5774 = UNCERTAINTY_MEASURE_WITH_UNIT(LENGTH_MEASURE(1.E-06),#5771,  'distance_accuracy_value','confusion accuracy');
#5775 = CONTEXT_DEPENDENT_SHAPE_REPRESENTATION(#5776,#5778);
#5776 = ( REPRESENTATION_RELATIONSHIP('','',#5765,#10) REPRESENTATION_RELATIONSHIP_WITH_TRANSFORMATION(#5777) SHAPE_REPRESENTATION_RELATIONSHIP() );
#5777 = ITEM_DEFINED_TRANSFORMATION('','',#11,#227);
#5778 = PRODUCT_DEFINITION_SHAPE('Placement','Placement of an item',  #5779);
#5779 = NEXT_ASSEMBLY_USAGE_OCCURRENCE('103','=>[0:1:1:70]','',#5,#5760,  $);
#5780 = PRODUCT_RELATED_PRODUCT_CATEGORY('part',$,(#5762));
#5781 = CONTEXT_DEPENDENT_SHAPE_REPRESENTATION(#5782,#5784);
#5782 = ( REPRESENTATION_RELATIONSHIP('','',#5608,#5765) REPRESENTATION_RELATIONSHIP_WITH_TRANSFORMATION(#5783) SHAPE_REPRESENTATION_RELATIONSHIP() );
#5783 = ITEM_DEFINED_TRANSFORMATION('','',#11,#5766);
#5784 = PRODUCT_DEFINITION_SHAPE('Placement','Placement of an item',  #5785);
#5785 = NEXT_ASSEMBLY_USAGE_OCCURRENCE('102','','',#5760,#5603,$);
#5786 = SHAPE_DEFINITION_REPRESENTATION(#5787,#5793);
#5787 = PRODUCT_DEFINITION_SHAPE('','',#5788);
#5788 = PRODUCT_DEFINITION('design','',#5789,#5792);
#5789 = PRODUCT_DEFINITION_FORMATION('','',#5790);
#5790 = PRODUCT('FANS2~CONN-TH_2P-P2.50_ZX-XH2.54-2PWZ~CONN-TH_2P-P2.50_ZX-XH2.54-2PWZ~Dprc','FANS2~CONN-TH_2P-P2.50_ZX-XH2.54-2PWZ~CONN-TH_2P-P2.50_ZX-XH2.54-2PWZ~Dprc','',(#5791));
#5791 = PRODUCT_CONTEXT('',#2,'mechanical');
#5792 = PRODUCT_DEFINITION_CONTEXT('part definition',#2,'design');
#5793 = SHAPE_REPRESENTATION('',(#11,#5794),#5798);
#5794 = AXIS2_PLACEMENT_3D('',#5795,#5796,#5797);
#5795 = CARTESIAN_POINT('',(0.,0.,0.));
#5796 = DIRECTION('',(0.,0.,1.));
#5797 = DIRECTION('',(1.,0.,-0.));
#5798 = ( GEOMETRIC_REPRESENTATION_CONTEXT(3) GLOBAL_UNCERTAINTY_ASSIGNED_CONTEXT((#5802)) GLOBAL_UNIT_ASSIGNED_CONTEXT((#5799,#5800,#5801)) REPRESENTATION_CONTEXT('Context #1','3D Context with UNIT and UNCERTAINTY') );
#5799 = ( LENGTH_UNIT() NAMED_UNIT(*) SI_UNIT(.MILLI.,.METRE.) );
#5800 = ( NAMED_UNIT(*) PLANE_ANGLE_UNIT() SI_UNIT($,.RADIAN.) );
#5801 = ( NAMED_UNIT(*) SI_UNIT($,.STERADIAN.) SOLID_ANGLE_UNIT() );
#5802 = UNCERTAINTY_MEASURE_WITH_UNIT(LENGTH_MEASURE(1.E-06),#5799,  'distance_accuracy_value','confusion accuracy');
#5803 = CONTEXT_DEPENDENT_SHAPE_REPRESENTATION(#5804,#5806);
#5804 = ( REPRESENTATION_RELATIONSHIP('','',#5793,#10) REPRESENTATION_RELATIONSHIP_WITH_TRANSFORMATION(#5805) SHAPE_REPRESENTATION_RELATIONSHIP() );
#5805 = ITEM_DEFINED_TRANSFORMATION('','',#11,#231);
#5806 = PRODUCT_DEFINITION_SHAPE('Placement','Placement of an item',  #5807);
#5807 = NEXT_ASSEMBLY_USAGE_OCCURRENCE('105','=>[0:1:1:71]','',#5,#5788,  $);
#5808 = PRODUCT_RELATED_PRODUCT_CATEGORY('part',$,(#5790));
#5809 = CONTEXT_DEPENDENT_SHAPE_REPRESENTATION(#5810,#5812);
#5810 = ( REPRESENTATION_RELATIONSHIP('','',#5608,#5793) REPRESENTATION_RELATIONSHIP_WITH_TRANSFORMATION(#5811) SHAPE_REPRESENTATION_RELATIONSHIP() );
#5811 = ITEM_DEFINED_TRANSFORMATION('','',#11,#5794);
#5812 = PRODUCT_DEFINITION_SHAPE('Placement','Placement of an item',  #5813);
#5813 = NEXT_ASSEMBLY_USAGE_OCCURRENCE('104','','',#5788,#5603,$);
#5814 = SHAPE_DEFINITION_REPRESENTATION(#5815,#5821);
#5815 = PRODUCT_DEFINITION_SHAPE('','',#5816);
#5816 = PRODUCT_DEFINITION('design','',#5817,#5820);
#5817 = PRODUCT_DEFINITION_FORMATION('','',#5818);
#5818 = PRODUCT('SCI0~CONN-TH_2P-P2.50_ZX-XH2.54-2PWZ~CONN-TH_2P-P2.50_ZX-XH2.54-2PWZ~Dprc','SCI0~CONN-TH_2P-P2.50_ZX-XH2.54-2PWZ~CONN-TH_2P-P2.50_ZX-XH2.54-2PWZ~Dprc','',(#5819));
#5819 = PRODUCT_CONTEXT('',#2,'mechanical');
#5820 = PRODUCT_DEFINITION_CONTEXT('part definition',#2,'design');
#5821 = SHAPE_REPRESENTATION('',(#11,#5822),#5826);
#5822 = AXIS2_PLACEMENT_3D('',#5823,#5824,#5825);
#5823 = CARTESIAN_POINT('',(0.,0.,0.));
#5824 = DIRECTION('',(0.,0.,1.));
#5825 = DIRECTION('',(1.,0.,-0.));
#5826 = ( GEOMETRIC_REPRESENTATION_CONTEXT(3) GLOBAL_UNCERTAINTY_ASSIGNED_CONTEXT((#5830)) GLOBAL_UNIT_ASSIGNED_CONTEXT((#5827,#5828,#5829)) REPRESENTATION_CONTEXT('Context #1','3D Context with UNIT and UNCERTAINTY') );
#5827 = ( LENGTH_UNIT() NAMED_UNIT(*) SI_UNIT(.MILLI.,.METRE.) );
#5828 = ( NAMED_UNIT(*) PLANE_ANGLE_UNIT() SI_UNIT($,.RADIAN.) );
#5829 = ( NAMED_UNIT(*) SI_UNIT($,.STERADIAN.) SOLID_ANGLE_UNIT() );
#5830 = UNCERTAINTY_MEASURE_WITH_UNIT(LENGTH_MEASURE(1.E-06),#5827,  'distance_accuracy_value','confusion accuracy');
#5831 = CONTEXT_DEPENDENT_SHAPE_REPRESENTATION(#5832,#5834);
#5832 = ( REPRESENTATION_RELATIONSHIP('','',#5821,#10) REPRESENTATION_RELATIONSHIP_WITH_TRANSFORMATION(#5833) SHAPE_REPRESENTATION_RELATIONSHIP() );
#5833 = ITEM_DEFINED_TRANSFORMATION('','',#11,#235);
#5834 = PRODUCT_DEFINITION_SHAPE('Placement','Placement of an item',  #5835);
#5835 = NEXT_ASSEMBLY_USAGE_OCCURRENCE('107','=>[0:1:1:72]','',#5,#5816,  $);
#5836 = PRODUCT_RELATED_PRODUCT_CATEGORY('part',$,(#5818));
#5837 = CONTEXT_DEPENDENT_SHAPE_REPRESENTATION(#5838,#5840);
#5838 = ( REPRESENTATION_RELATIONSHIP('','',#5608,#5821) REPRESENTATION_RELATIONSHIP_WITH_TRANSFORMATION(#5839) SHAPE_REPRESENTATION_RELATIONSHIP() );
#5839 = ITEM_DEFINED_TRANSFORMATION('','',#11,#5822);
#5840 = PRODUCT_DEFINITION_SHAPE('Placement','Placement of an item',  #5841);
#5841 = NEXT_ASSEMBLY_USAGE_OCCURRENCE('106','','',#5816,#5603,$);
#5842 = SHAPE_DEFINITION_REPRESENTATION(#5843,#5849);
#5843 = PRODUCT_DEFINITION_SHAPE('','',#5844);
#5844 = PRODUCT_DEFINITION('design','',#5845,#5848);
#5845 = PRODUCT_DEFINITION_FORMATION('','',#5846);
#5846 = PRODUCT('R14~R0603~R0603~Dprc','R14~R0603~R0603~Dprc','',(#5847)  );
#5847 = PRODUCT_CONTEXT('',#2,'mechanical');
#5848 = PRODUCT_DEFINITION_CONTEXT('part definition',#2,'design');
#5849 = SHAPE_REPRESENTATION('',(#11,#5850),#5854);
#5850 = AXIS2_PLACEMENT_3D('',#5851,#5852,#5853);
#5851 = CARTESIAN_POINT('',(0.,0.,0.));
#5852 = DIRECTION('',(0.,0.,1.));
#5853 = DIRECTION('',(1.,0.,-0.));
#5854 = ( GEOMETRIC_REPRESENTATION_CONTEXT(3) GLOBAL_UNCERTAINTY_ASSIGNED_CONTEXT((#5858)) GLOBAL_UNIT_ASSIGNED_CONTEXT((#5855,#5856,#5857)) REPRESENTATION_CONTEXT('Context #1','3D Context with UNIT and UNCERTAINTY') );
#5855 = ( LENGTH_UNIT() NAMED_UNIT(*) SI_UNIT(.MILLI.,.METRE.) );
#5856 = ( NAMED_UNIT(*) PLANE_ANGLE_UNIT() SI_UNIT($,.RADIAN.) );
#5857 = ( NAMED_UNIT(*) SI_UNIT($,.STERADIAN.) SOLID_ANGLE_UNIT() );
#5858 = UNCERTAINTY_MEASURE_WITH_UNIT(LENGTH_MEASURE(2.E-07),#5855,  'distance_accuracy_value','confusion accuracy');
#5859 = CONTEXT_DEPENDENT_SHAPE_REPRESENTATION(#5860,#5862);
#5860 = ( REPRESENTATION_RELATIONSHIP('','',#5849,#10) REPRESENTATION_RELATIONSHIP_WITH_TRANSFORMATION(#5861) SHAPE_REPRESENTATION_RELATIONSHIP() );
#5861 = ITEM_DEFINED_TRANSFORMATION('','',#11,#239);
#5862 = PRODUCT_DEFINITION_SHAPE('Placement','Placement of an item',  #5863);
#5863 = NEXT_ASSEMBLY_USAGE_OCCURRENCE('109','=>[0:1:1:74]','',#5,#5844,  $);
#5864 = PRODUCT_RELATED_PRODUCT_CATEGORY('part',$,(#5846));
#5865 = SHAPE_DEFINITION_REPRESENTATION(#5866,#5872);
#5866 = PRODUCT_DEFINITION_SHAPE('','',#5867);
#5867 = PRODUCT_DEFINITION('design','',#5868,#5871);
#5868 = PRODUCT_DEFINITION_FORMATION('','',#5869);
#5869 = PRODUCT('R0603~R0603~Dprc','R0603~R0603~Dprc','',(#5870));
#5870 = PRODUCT_CONTEXT('',#2,'mechanical');
#5871 = PRODUCT_DEFINITION_CONTEXT('part definition',#2,'design');
#5872 = ADVANCED_BREP_SHAPE_REPRESENTATION('',(#11,#5873),#6011);
#5873 = MANIFOLD_SOLID_BREP('',#5874);
#5874 = CLOSED_SHELL('',(#5875,#5911,#5947,#5967,#5987,#5999));
#5875 = ADVANCED_FACE('',(#5876),#5906,.F.);
#5876 = FACE_BOUND('',#5877,.F.);
#5877 = EDGE_LOOP('',(#5878,#5887,#5894,#5901));
#5878 = ORIENTED_EDGE('',*,*,#5879,.F.);
#5879 = EDGE_CURVE('',#5880,#5882,#5884,.T.);
#5880 = VERTEX_POINT('',#5881);
#5881 = CARTESIAN_POINT('',(0.81,-0.405,0.));
#5882 = VERTEX_POINT('',#5883);
#5883 = CARTESIAN_POINT('',(0.81,-0.405,0.762001524003));
#5884 = B_SPLINE_CURVE_WITH_KNOTS('',1,(#5885,#5886),.UNSPECIFIED.,.F.,  .F.,(2,2),(0.,0.762001524003),.PIECEWISE_BEZIER_KNOTS.);
#5885 = CARTESIAN_POINT('',(0.81,-0.405,0.));
#5886 = CARTESIAN_POINT('',(0.81,-0.405,0.762001524003));
#5887 = ORIENTED_EDGE('',*,*,#5888,.T.);
#5888 = EDGE_CURVE('',#5880,#5889,#5891,.T.);
#5889 = VERTEX_POINT('',#5890);
#5890 = CARTESIAN_POINT('',(-0.81,-0.405,0.));
#5891 = B_SPLINE_CURVE_WITH_KNOTS('',1,(#5892,#5893),.UNSPECIFIED.,.F.,  .F.,(2,2),(0.,0.762001524003),.PIECEWISE_BEZIER_KNOTS.);
#5892 = CARTESIAN_POINT('',(0.81,-0.405,0.));
#5893 = CARTESIAN_POINT('',(-0.81,-0.405,0.));
#5894 = ORIENTED_EDGE('',*,*,#5895,.T.);
#5895 = EDGE_CURVE('',#5889,#5896,#5898,.T.);
#5896 = VERTEX_POINT('',#5897);
#5897 = CARTESIAN_POINT('',(-0.81,-0.405,0.762001524003));
#5898 = B_SPLINE_CURVE_WITH_KNOTS('',1,(#5899,#5900),.UNSPECIFIED.,.F.,  .F.,(2,2),(0.,0.762001524003),.PIECEWISE_BEZIER_KNOTS.);
#5899 = CARTESIAN_POINT('',(-0.81,-0.405,0.));
#5900 = CARTESIAN_POINT('',(-0.81,-0.405,0.762001524003));
#5901 = ORIENTED_EDGE('',*,*,#5902,.F.);
#5902 = EDGE_CURVE('',#5882,#5896,#5903,.T.);
#5903 = B_SPLINE_CURVE_WITH_KNOTS('',1,(#5904,#5905),.UNSPECIFIED.,.F.,  .F.,(2,2),(0.,0.762001524003),.PIECEWISE_BEZIER_KNOTS.);
#5904 = CARTESIAN_POINT('',(0.81,-0.405,0.762001524003));
#5905 = CARTESIAN_POINT('',(-0.81,-0.405,0.762001524003));
#5906 = B_SPLINE_SURFACE_WITH_KNOTS('',1,1,(    (#5907,#5908)    ,(#5909,#5910    )),.UNSPECIFIED.,.F.,.F.,.F.,(2,2),(2,2),(0.,0.762001524003),(    -0.762001524003,0.),.PIECEWISE_BEZIER_KNOTS.);
#5907 = CARTESIAN_POINT('',(-0.81,-0.405,0.));
#5908 = CARTESIAN_POINT('',(0.81,-0.405,0.));
#5909 = CARTESIAN_POINT('',(-0.81,-0.405,0.762001524003));
#5910 = CARTESIAN_POINT('',(0.81,-0.405,0.762001524003));
#5911 = ADVANCED_FACE('',(#5912),#5942,.T.);
#5912 = FACE_BOUND('',#5913,.T.);
#5913 = EDGE_LOOP('',(#5914,#5923,#5930,#5937));
#5914 = ORIENTED_EDGE('',*,*,#5915,.F.);
#5915 = EDGE_CURVE('',#5916,#5918,#5920,.T.);
#5916 = VERTEX_POINT('',#5917);
#5917 = CARTESIAN_POINT('',(0.81,0.405,0.));
#5918 = VERTEX_POINT('',#5919);
#5919 = CARTESIAN_POINT('',(0.81,0.405,0.762001524003));
#5920 = B_SPLINE_CURVE_WITH_KNOTS('',1,(#5921,#5922),.UNSPECIFIED.,.F.,  .F.,(2,2),(0.,0.762001524003),.PIECEWISE_BEZIER_KNOTS.);
#5921 = CARTESIAN_POINT('',(0.81,0.405,0.));
#5922 = CARTESIAN_POINT('',(0.81,0.405,0.762001524003));
#5923 = ORIENTED_EDGE('',*,*,#5924,.T.);
#5924 = EDGE_CURVE('',#5916,#5925,#5927,.T.);
#5925 = VERTEX_POINT('',#5926);
#5926 = CARTESIAN_POINT('',(-0.81,0.405,0.));
#5927 = B_SPLINE_CURVE_WITH_KNOTS('',1,(#5928,#5929),.UNSPECIFIED.,.F.,  .F.,(2,2),(0.,0.762001524003),.PIECEWISE_BEZIER_KNOTS.);
#5928 = CARTESIAN_POINT('',(0.81,0.405,0.));
#5929 = CARTESIAN_POINT('',(-0.81,0.405,0.));
#5930 = ORIENTED_EDGE('',*,*,#5931,.T.);
#5931 = EDGE_CURVE('',#5925,#5932,#5934,.T.);
#5932 = VERTEX_POINT('',#5933);
#5933 = CARTESIAN_POINT('',(-0.81,0.405,0.762001524003));
#5934 = B_SPLINE_CURVE_WITH_KNOTS('',1,(#5935,#5936),.UNSPECIFIED.,.F.,  .F.,(2,2),(0.,0.762001524003),.PIECEWISE_BEZIER_KNOTS.);
#5935 = CARTESIAN_POINT('',(-0.81,0.405,0.));
#5936 = CARTESIAN_POINT('',(-0.81,0.405,0.762001524003));
#5937 = ORIENTED_EDGE('',*,*,#5938,.F.);
#5938 = EDGE_CURVE('',#5918,#5932,#5939,.T.);
#5939 = B_SPLINE_CURVE_WITH_KNOTS('',1,(#5940,#5941),.UNSPECIFIED.,.F.,  .F.,(2,2),(0.,0.762001524003),.PIECEWISE_BEZIER_KNOTS.);
#5940 = CARTESIAN_POINT('',(0.81,0.405,0.762001524003));
#5941 = CARTESIAN_POINT('',(-0.81,0.405,0.762001524003));
#5942 = B_SPLINE_SURFACE_WITH_KNOTS('',1,1,(    (#5943,#5944)    ,(#5945,#5946    )),.UNSPECIFIED.,.F.,.F.,.F.,(2,2),(2,2),(0.,0.762001524003),(    -0.762001524003,0.),.PIECEWISE_BEZIER_KNOTS.);
#5943 = CARTESIAN_POINT('',(-0.81,0.405,0.));
#5944 = CARTESIAN_POINT('',(0.81,0.405,0.));
#5945 = CARTESIAN_POINT('',(-0.81,0.405,0.762001524003));
#5946 = CARTESIAN_POINT('',(0.81,0.405,0.762001524003));
#5947 = ADVANCED_FACE('',(#5948),#5962,.F.);
#5948 = FACE_BOUND('',#5949,.F.);
#5949 = EDGE_LOOP('',(#5950,#5955,#5956,#5961));
#5950 = ORIENTED_EDGE('',*,*,#5951,.F.);
#5951 = EDGE_CURVE('',#5880,#5916,#5952,.T.);
#5952 = B_SPLINE_CURVE_WITH_KNOTS('',1,(#5953,#5954),.UNSPECIFIED.,.F.,  .F.,(2,2),(0.,0.762001524003),.PIECEWISE_BEZIER_KNOTS.);
#5953 = CARTESIAN_POINT('',(0.81,-0.405,0.));
#5954 = CARTESIAN_POINT('',(0.81,0.405,0.));
#5955 = ORIENTED_EDGE('',*,*,#5879,.T.);
#5956 = ORIENTED_EDGE('',*,*,#5957,.T.);
#5957 = EDGE_CURVE('',#5882,#5918,#5958,.T.);
#5958 = B_SPLINE_CURVE_WITH_KNOTS('',1,(#5959,#5960),.UNSPECIFIED.,.F.,  .F.,(2,2),(0.,0.762001524003),.PIECEWISE_BEZIER_KNOTS.);
#5959 = CARTESIAN_POINT('',(0.81,-0.405,0.762001524003));
#5960 = CARTESIAN_POINT('',(0.81,0.405,0.762001524003));
#5961 = ORIENTED_EDGE('',*,*,#5915,.F.);
#5962 = B_SPLINE_SURFACE_WITH_KNOTS('',1,1,(    (#5963,#5964)    ,(#5965,#5966    )),.UNSPECIFIED.,.F.,.F.,.F.,(2,2),(2,2),(0.,0.762001524003),(0.,    0.762001524003),.PIECEWISE_BEZIER_KNOTS.);
#5963 = CARTESIAN_POINT('',(0.81,-0.405,0.));
#5964 = CARTESIAN_POINT('',(0.81,0.405,0.));
#5965 = CARTESIAN_POINT('',(0.81,-0.405,0.762001524003));
#5966 = CARTESIAN_POINT('',(0.81,0.405,0.762001524003));
#5967 = ADVANCED_FACE('',(#5968),#5982,.T.);
#5968 = FACE_BOUND('',#5969,.T.);
#5969 = EDGE_LOOP('',(#5970,#5975,#5976,#5981));
#5970 = ORIENTED_EDGE('',*,*,#5971,.F.);
#5971 = EDGE_CURVE('',#5889,#5925,#5972,.T.);
#5972 = B_SPLINE_CURVE_WITH_KNOTS('',1,(#5973,#5974),.UNSPECIFIED.,.F.,  .F.,(2,2),(0.,0.762001524003),.PIECEWISE_BEZIER_KNOTS.);
#5973 = CARTESIAN_POINT('',(-0.81,-0.405,0.));
#5974 = CARTESIAN_POINT('',(-0.81,0.405,0.));
#5975 = ORIENTED_EDGE('',*,*,#5895,.T.);
#5976 = ORIENTED_EDGE('',*,*,#5977,.T.);
#5977 = EDGE_CURVE('',#5896,#5932,#5978,.T.);
#5978 = B_SPLINE_CURVE_WITH_KNOTS('',1,(#5979,#5980),.UNSPECIFIED.,.F.,  .F.,(2,2),(0.,0.762001524003),.PIECEWISE_BEZIER_KNOTS.);
#5979 = CARTESIAN_POINT('',(-0.81,-0.405,0.762001524003));
#5980 = CARTESIAN_POINT('',(-0.81,0.405,0.762001524003));
#5981 = ORIENTED_EDGE('',*,*,#5931,.F.);
#5982 = B_SPLINE_SURFACE_WITH_KNOTS('',1,1,(    (#5983,#5984)    ,(#5985,#5986    )),.UNSPECIFIED.,.F.,.F.,.F.,(2,2),(2,2),(0.,0.762001524003),(0.,    0.762001524003),.PIECEWISE_BEZIER_KNOTS.);
#5983 = CARTESIAN_POINT('',(-0.81,-0.405,0.));
#5984 = CARTESIAN_POINT('',(-0.81,0.405,0.));
#5985 = CARTESIAN_POINT('',(-0.81,-0.405,0.762001524003));
#5986 = CARTESIAN_POINT('',(-0.81,0.405,0.762001524003));
#5987 = ADVANCED_FACE('',(#5988),#5994,.F.);
#5988 = FACE_BOUND('',#5989,.F.);
#5989 = EDGE_LOOP('',(#5990,#5991,#5992,#5993));
#5990 = ORIENTED_EDGE('',*,*,#5888,.F.);
#5991 = ORIENTED_EDGE('',*,*,#5951,.T.);
#5992 = ORIENTED_EDGE('',*,*,#5924,.T.);
#5993 = ORIENTED_EDGE('',*,*,#5971,.F.);
#5994 = B_SPLINE_SURFACE_WITH_KNOTS('',1,1,(    (#5995,#5996)    ,(#5997,#5998    )),.UNSPECIFIED.,.F.,.F.,.F.,(2,2),(2,2),(0.,0.762001524003),(0.,    0.762001524003),.PIECEWISE_BEZIER_KNOTS.);
#5995 = CARTESIAN_POINT('',(0.81,-0.405,0.));
#5996 = CARTESIAN_POINT('',(-0.81,-0.405,0.));
#5997 = CARTESIAN_POINT('',(0.81,0.405,0.));
#5998 = CARTESIAN_POINT('',(-0.81,0.405,0.));
#5999 = ADVANCED_FACE('',(#6000),#6006,.T.);
#6000 = FACE_BOUND('',#6001,.T.);
#6001 = EDGE_LOOP('',(#6002,#6003,#6004,#6005));
#6002 = ORIENTED_EDGE('',*,*,#5902,.F.);
#6003 = ORIENTED_EDGE('',*,*,#5957,.T.);
#6004 = ORIENTED_EDGE('',*,*,#5938,.T.);
#6005 = ORIENTED_EDGE('',*,*,#5977,.F.);
#6006 = B_SPLINE_SURFACE_WITH_KNOTS('',1,1,(    (#6007,#6008)    ,(#6009,#6010    )),.UNSPECIFIED.,.F.,.F.,.F.,(2,2),(2,2),(0.,0.762001524003),(0.,    0.762001524003),.PIECEWISE_BEZIER_KNOTS.);
#6007 = CARTESIAN_POINT('',(0.81,-0.405,0.762001524003));
#6008 = CARTESIAN_POINT('',(-0.81,-0.405,0.762001524003));
#6009 = CARTESIAN_POINT('',(0.81,0.405,0.762001524003));
#6010 = CARTESIAN_POINT('',(-0.81,0.405,0.762001524003));
#6011 = ( GEOMETRIC_REPRESENTATION_CONTEXT(3) GLOBAL_UNCERTAINTY_ASSIGNED_CONTEXT((#6015)) GLOBAL_UNIT_ASSIGNED_CONTEXT((#6012,#6013,#6014)) REPRESENTATION_CONTEXT('Context #1','3D Context with UNIT and UNCERTAINTY') );
#6012 = ( LENGTH_UNIT() NAMED_UNIT(*) SI_UNIT(.MILLI.,.METRE.) );
#6013 = ( NAMED_UNIT(*) PLANE_ANGLE_UNIT() SI_UNIT($,.RADIAN.) );
#6014 = ( NAMED_UNIT(*) SI_UNIT($,.STERADIAN.) SOLID_ANGLE_UNIT() );
#6015 = UNCERTAINTY_MEASURE_WITH_UNIT(LENGTH_MEASURE(2.E-07),#6012,  'distance_accuracy_value','confusion accuracy');
#6016 = CONTEXT_DEPENDENT_SHAPE_REPRESENTATION(#6017,#6019);
#6017 = ( REPRESENTATION_RELATIONSHIP('','',#5872,#5849) REPRESENTATION_RELATIONSHIP_WITH_TRANSFORMATION(#6018) SHAPE_REPRESENTATION_RELATIONSHIP() );
#6018 = ITEM_DEFINED_TRANSFORMATION('','',#11,#5850);
#6019 = PRODUCT_DEFINITION_SHAPE('Placement','Placement of an item',  #6020);
#6020 = NEXT_ASSEMBLY_USAGE_OCCURRENCE('108','=>[0:1:1:73]','',#5844,  #5867,$);
#6021 = PRODUCT_RELATED_PRODUCT_CATEGORY('part',$,(#5869));
#6022 = SHAPE_DEFINITION_REPRESENTATION(#6023,#6029);
#6023 = PRODUCT_DEFINITION_SHAPE('','',#6024);
#6024 = PRODUCT_DEFINITION('design','',#6025,#6028);
#6025 = PRODUCT_DEFINITION_FORMATION('','',#6026);
#6026 = PRODUCT('R15~R0603~R0603~Dprc','R15~R0603~R0603~Dprc','',(#6027)  );
#6027 = PRODUCT_CONTEXT('',#2,'mechanical');
#6028 = PRODUCT_DEFINITION_CONTEXT('part definition',#2,'design');
#6029 = SHAPE_REPRESENTATION('',(#11,#6030),#6034);
#6030 = AXIS2_PLACEMENT_3D('',#6031,#6032,#6033);
#6031 = CARTESIAN_POINT('',(0.,0.,0.));
#6032 = DIRECTION('',(0.,0.,1.));
#6033 = DIRECTION('',(1.,0.,-0.));
#6034 = ( GEOMETRIC_REPRESENTATION_CONTEXT(3) GLOBAL_UNCERTAINTY_ASSIGNED_CONTEXT((#6038)) GLOBAL_UNIT_ASSIGNED_CONTEXT((#6035,#6036,#6037)) REPRESENTATION_CONTEXT('Context #1','3D Context with UNIT and UNCERTAINTY') );
#6035 = ( LENGTH_UNIT() NAMED_UNIT(*) SI_UNIT(.MILLI.,.METRE.) );
#6036 = ( NAMED_UNIT(*) PLANE_ANGLE_UNIT() SI_UNIT($,.RADIAN.) );
#6037 = ( NAMED_UNIT(*) SI_UNIT($,.STERADIAN.) SOLID_ANGLE_UNIT() );
#6038 = UNCERTAINTY_MEASURE_WITH_UNIT(LENGTH_MEASURE(2.E-07),#6035,  'distance_accuracy_value','confusion accuracy');
#6039 = CONTEXT_DEPENDENT_SHAPE_REPRESENTATION(#6040,#6042);
#6040 = ( REPRESENTATION_RELATIONSHIP('','',#6029,#10) REPRESENTATION_RELATIONSHIP_WITH_TRANSFORMATION(#6041) SHAPE_REPRESENTATION_RELATIONSHIP() );
#6041 = ITEM_DEFINED_TRANSFORMATION('','',#11,#243);
#6042 = PRODUCT_DEFINITION_SHAPE('Placement','Placement of an item',  #6043);
#6043 = NEXT_ASSEMBLY_USAGE_OCCURRENCE('111','=>[0:1:1:75]','',#5,#6024,  $);
#6044 = PRODUCT_RELATED_PRODUCT_CATEGORY('part',$,(#6026));
#6045 = CONTEXT_DEPENDENT_SHAPE_REPRESENTATION(#6046,#6048);
#6046 = ( REPRESENTATION_RELATIONSHIP('','',#5872,#6029) REPRESENTATION_RELATIONSHIP_WITH_TRANSFORMATION(#6047) SHAPE_REPRESENTATION_RELATIONSHIP() );
#6047 = ITEM_DEFINED_TRANSFORMATION('','',#11,#6030);
#6048 = PRODUCT_DEFINITION_SHAPE('Placement','Placement of an item',  #6049);
#6049 = NEXT_ASSEMBLY_USAGE_OCCURRENCE('110','','',#6024,#5867,$);
#6050 = SHAPE_DEFINITION_REPRESENTATION(#6051,#6057);
#6051 = PRODUCT_DEFINITION_SHAPE('','',#6052);
#6052 = PRODUCT_DEFINITION('design','',#6053,#6056);
#6053 = PRODUCT_DEFINITION_FORMATION('','',#6054);
#6054 = PRODUCT('R16~R0603~R0603~Dprc','R16~R0603~R0603~Dprc','',(#6055)  );
#6055 = PRODUCT_CONTEXT('',#2,'mechanical');
#6056 = PRODUCT_DEFINITION_CONTEXT('part definition',#2,'design');
#6057 = SHAPE_REPRESENTATION('',(#11,#6058),#6062);
#6058 = AXIS2_PLACEMENT_3D('',#6059,#6060,#6061);
#6059 = CARTESIAN_POINT('',(0.,0.,0.));
#6060 = DIRECTION('',(0.,0.,1.));
#6061 = DIRECTION('',(1.,0.,-0.));
#6062 = ( GEOMETRIC_REPRESENTATION_CONTEXT(3) GLOBAL_UNCERTAINTY_ASSIGNED_CONTEXT((#6066)) GLOBAL_UNIT_ASSIGNED_CONTEXT((#6063,#6064,#6065)) REPRESENTATION_CONTEXT('Context #1','3D Context with UNIT and UNCERTAINTY') );
#6063 = ( LENGTH_UNIT() NAMED_UNIT(*) SI_UNIT(.MILLI.,.METRE.) );
#6064 = ( NAMED_UNIT(*) PLANE_ANGLE_UNIT() SI_UNIT($,.RADIAN.) );
#6065 = ( NAMED_UNIT(*) SI_UNIT($,.STERADIAN.) SOLID_ANGLE_UNIT() );
#6066 = UNCERTAINTY_MEASURE_WITH_UNIT(LENGTH_MEASURE(2.E-07),#6063,  'distance_accuracy_value','confusion accuracy');
#6067 = CONTEXT_DEPENDENT_SHAPE_REPRESENTATION(#6068,#6070);
#6068 = ( REPRESENTATION_RELATIONSHIP('','',#6057,#10) REPRESENTATION_RELATIONSHIP_WITH_TRANSFORMATION(#6069) SHAPE_REPRESENTATION_RELATIONSHIP() );
#6069 = ITEM_DEFINED_TRANSFORMATION('','',#11,#247);
#6070 = PRODUCT_DEFINITION_SHAPE('Placement','Placement of an item',  #6071);
#6071 = NEXT_ASSEMBLY_USAGE_OCCURRENCE('113','=>[0:1:1:76]','',#5,#6052,  $);
#6072 = PRODUCT_RELATED_PRODUCT_CATEGORY('part',$,(#6054));
#6073 = CONTEXT_DEPENDENT_SHAPE_REPRESENTATION(#6074,#6076);
#6074 = ( REPRESENTATION_RELATIONSHIP('','',#5872,#6057) REPRESENTATION_RELATIONSHIP_WITH_TRANSFORMATION(#6075) SHAPE_REPRESENTATION_RELATIONSHIP() );
#6075 = ITEM_DEFINED_TRANSFORMATION('','',#11,#6058);
#6076 = PRODUCT_DEFINITION_SHAPE('Placement','Placement of an item',  #6077);
#6077 = NEXT_ASSEMBLY_USAGE_OCCURRENCE('112','','',#6052,#5867,$);
#6078 = SHAPE_DEFINITION_REPRESENTATION(#6079,#6085);
#6079 = PRODUCT_DEFINITION_SHAPE('','',#6080);
#6080 = PRODUCT_DEFINITION('design','',#6081,#6084);
#6081 = PRODUCT_DEFINITION_FORMATION('','',#6082);
#6082 = PRODUCT('R17~R0603~R0603~Dprc','R17~R0603~R0603~Dprc','',(#6083)  );
#6083 = PRODUCT_CONTEXT('',#2,'mechanical');
#6084 = PRODUCT_DEFINITION_CONTEXT('part definition',#2,'design');
#6085 = SHAPE_REPRESENTATION('',(#11,#6086),#6090);
#6086 = AXIS2_PLACEMENT_3D('',#6087,#6088,#6089);
#6087 = CARTESIAN_POINT('',(0.,0.,0.));
#6088 = DIRECTION('',(0.,0.,1.));
#6089 = DIRECTION('',(1.,0.,-0.));
#6090 = ( GEOMETRIC_REPRESENTATION_CONTEXT(3) GLOBAL_UNCERTAINTY_ASSIGNED_CONTEXT((#6094)) GLOBAL_UNIT_ASSIGNED_CONTEXT((#6091,#6092,#6093)) REPRESENTATION_CONTEXT('Context #1','3D Context with UNIT and UNCERTAINTY') );
#6091 = ( LENGTH_UNIT() NAMED_UNIT(*) SI_UNIT(.MILLI.,.METRE.) );
#6092 = ( NAMED_UNIT(*) PLANE_ANGLE_UNIT() SI_UNIT($,.RADIAN.) );
#6093 = ( NAMED_UNIT(*) SI_UNIT($,.STERADIAN.) SOLID_ANGLE_UNIT() );
#6094 = UNCERTAINTY_MEASURE_WITH_UNIT(LENGTH_MEASURE(2.E-07),#6091,  'distance_accuracy_value','confusion accuracy');
#6095 = CONTEXT_DEPENDENT_SHAPE_REPRESENTATION(#6096,#6098);
#6096 = ( REPRESENTATION_RELATIONSHIP('','',#6085,#10) REPRESENTATION_RELATIONSHIP_WITH_TRANSFORMATION(#6097) SHAPE_REPRESENTATION_RELATIONSHIP() );
#6097 = ITEM_DEFINED_TRANSFORMATION('','',#11,#251);
#6098 = PRODUCT_DEFINITION_SHAPE('Placement','Placement of an item',  #6099);
#6099 = NEXT_ASSEMBLY_USAGE_OCCURRENCE('115','=>[0:1:1:77]','',#5,#6080,  $);
#6100 = PRODUCT_RELATED_PRODUCT_CATEGORY('part',$,(#6082));
#6101 = CONTEXT_DEPENDENT_SHAPE_REPRESENTATION(#6102,#6104);
#6102 = ( REPRESENTATION_RELATIONSHIP('','',#5872,#6085) REPRESENTATION_RELATIONSHIP_WITH_TRANSFORMATION(#6103) SHAPE_REPRESENTATION_RELATIONSHIP() );
#6103 = ITEM_DEFINED_TRANSFORMATION('','',#11,#6086);
#6104 = PRODUCT_DEFINITION_SHAPE('Placement','Placement of an item',  #6105);
#6105 = NEXT_ASSEMBLY_USAGE_OCCURRENCE('114','','',#6080,#5867,$);
#6106 = SHAPE_DEFINITION_REPRESENTATION(#6107,#6113);
#6107 = PRODUCT_DEFINITION_SHAPE('','',#6108);
#6108 = PRODUCT_DEFINITION('design','',#6109,#6112);
#6109 = PRODUCT_DEFINITION_FORMATION('','',#6110);
#6110 = PRODUCT('D1~SMA_L4.3-W2.5-LS5.0-RD~SMA_L4.3-W2.5-LS5.0-RD~Dprc',  'D1~SMA_L4.3-W2.5-LS5.0-RD~SMA_L4.3-W2.5-LS5.0-RD~Dprc','',(#6111));
#6111 = PRODUCT_CONTEXT('',#2,'mechanical');
#6112 = PRODUCT_DEFINITION_CONTEXT('part definition',#2,'design');
#6113 = SHAPE_REPRESENTATION('',(#11,#6114),#6118);
#6114 = AXIS2_PLACEMENT_3D('',#6115,#6116,#6117);
#6115 = CARTESIAN_POINT('',(0.,0.,0.));
#6116 = DIRECTION('',(0.,0.,1.));
#6117 = DIRECTION('',(1.,0.,-0.));
#6118 = ( GEOMETRIC_REPRESENTATION_CONTEXT(3) GLOBAL_UNCERTAINTY_ASSIGNED_CONTEXT((#6122)) GLOBAL_UNIT_ASSIGNED_CONTEXT((#6119,#6120,#6121)) REPRESENTATION_CONTEXT('Context #1','3D Context with UNIT and UNCERTAINTY') );
#6119 = ( LENGTH_UNIT() NAMED_UNIT(*) SI_UNIT(.MILLI.,.METRE.) );
#6120 = ( NAMED_UNIT(*) PLANE_ANGLE_UNIT() SI_UNIT($,.RADIAN.) );
#6121 = ( NAMED_UNIT(*) SI_UNIT($,.STERADIAN.) SOLID_ANGLE_UNIT() );
#6122 = UNCERTAINTY_MEASURE_WITH_UNIT(LENGTH_MEASURE(5.E-07),#6119,  'distance_accuracy_value','confusion accuracy');
#6123 = CONTEXT_DEPENDENT_SHAPE_REPRESENTATION(#6124,#6126);
#6124 = ( REPRESENTATION_RELATIONSHIP('','',#6113,#10) REPRESENTATION_RELATIONSHIP_WITH_TRANSFORMATION(#6125) SHAPE_REPRESENTATION_RELATIONSHIP() );
#6125 = ITEM_DEFINED_TRANSFORMATION('','',#11,#255);
#6126 = PRODUCT_DEFINITION_SHAPE('Placement','Placement of an item',  #6127);
#6127 = NEXT_ASSEMBLY_USAGE_OCCURRENCE('117','=>[0:1:1:79]','',#5,#6108,  $);
#6128 = PRODUCT_RELATED_PRODUCT_CATEGORY('part',$,(#6110));
#6129 = SHAPE_DEFINITION_REPRESENTATION(#6130,#6136);
#6130 = PRODUCT_DEFINITION_SHAPE('','',#6131);
#6131 = PRODUCT_DEFINITION('design','',#6132,#6135);
#6132 = PRODUCT_DEFINITION_FORMATION('','',#6133);
#6133 = PRODUCT('SMA_L4.3-W2.5-LS5.0-RD~SMA_L4.3-W2.5-LS5.0-RD~Dprc',  'SMA_L4.3-W2.5-LS5.0-RD~SMA_L4.3-W2.5-LS5.0-RD~Dprc','',(#6134));
#6134 = PRODUCT_CONTEXT('',#2,'mechanical');
#6135 = PRODUCT_DEFINITION_CONTEXT('part definition',#2,'design');
#6136 = ADVANCED_BREP_SHAPE_REPRESENTATION('',(#11,#6137),#6275);
#6137 = MANIFOLD_SOLID_BREP('',#6138);
#6138 = CLOSED_SHELL('',(#6139,#6175,#6211,#6231,#6251,#6263));
#6139 = ADVANCED_FACE('',(#6140),#6170,.F.);
#6140 = FACE_BOUND('',#6141,.F.);
#6141 = EDGE_LOOP('',(#6142,#6151,#6158,#6165));
#6142 = ORIENTED_EDGE('',*,*,#6143,.F.);
#6143 = EDGE_CURVE('',#6144,#6146,#6148,.T.);
#6144 = VERTEX_POINT('',#6145);
#6145 = CARTESIAN_POINT('',(-2.475,-1.25,0.));
#6146 = VERTEX_POINT('',#6147);
#6147 = CARTESIAN_POINT('',(-2.475,-1.25,0.762001524003));
#6148 = B_SPLINE_CURVE_WITH_KNOTS('',1,(#6149,#6150),.UNSPECIFIED.,.F.,  .F.,(2,2),(0.,0.762001524003),.PIECEWISE_BEZIER_KNOTS.);
#6149 = CARTESIAN_POINT('',(-2.475,-1.25,0.));
#6150 = CARTESIAN_POINT('',(-2.475,-1.25,0.762001524003));
#6151 = ORIENTED_EDGE('',*,*,#6152,.T.);
#6152 = EDGE_CURVE('',#6144,#6153,#6155,.T.);
#6153 = VERTEX_POINT('',#6154);
#6154 = CARTESIAN_POINT('',(-2.475,1.25,0.));
#6155 = B_SPLINE_CURVE_WITH_KNOTS('',1,(#6156,#6157),.UNSPECIFIED.,.F.,  .F.,(2,2),(0.,0.762001524003),.PIECEWISE_BEZIER_KNOTS.);
#6156 = CARTESIAN_POINT('',(-2.475,-1.25,0.));
#6157 = CARTESIAN_POINT('',(-2.475,1.25,0.));
#6158 = ORIENTED_EDGE('',*,*,#6159,.T.);
#6159 = EDGE_CURVE('',#6153,#6160,#6162,.T.);
#6160 = VERTEX_POINT('',#6161);
#6161 = CARTESIAN_POINT('',(-2.475,1.25,0.762001524003));
#6162 = B_SPLINE_CURVE_WITH_KNOTS('',1,(#6163,#6164),.UNSPECIFIED.,.F.,  .F.,(2,2),(0.,0.762001524003),.PIECEWISE_BEZIER_KNOTS.);
#6163 = CARTESIAN_POINT('',(-2.475,1.25,0.));
#6164 = CARTESIAN_POINT('',(-2.475,1.25,0.762001524003));
#6165 = ORIENTED_EDGE('',*,*,#6166,.F.);
#6166 = EDGE_CURVE('',#6146,#6160,#6167,.T.);
#6167 = B_SPLINE_CURVE_WITH_KNOTS('',1,(#6168,#6169),.UNSPECIFIED.,.F.,  .F.,(2,2),(0.,0.762001524003),.PIECEWISE_BEZIER_KNOTS.);
#6168 = CARTESIAN_POINT('',(-2.475,-1.25,0.762001524003));
#6169 = CARTESIAN_POINT('',(-2.475,1.25,0.762001524003));
#6170 = B_SPLINE_SURFACE_WITH_KNOTS('',1,1,(    (#6171,#6172)    ,(#6173,#6174    )),.UNSPECIFIED.,.F.,.F.,.F.,(2,2),(2,2),(0.,0.762001524003),(    -0.762001524003,0.),.PIECEWISE_BEZIER_KNOTS.);
#6171 = CARTESIAN_POINT('',(-2.475,1.25,0.));
#6172 = CARTESIAN_POINT('',(-2.475,-1.25,0.));
#6173 = CARTESIAN_POINT('',(-2.475,1.25,0.762001524003));
#6174 = CARTESIAN_POINT('',(-2.475,-1.25,0.762001524003));
#6175 = ADVANCED_FACE('',(#6176),#6206,.T.);
#6176 = FACE_BOUND('',#6177,.T.);
#6177 = EDGE_LOOP('',(#6178,#6187,#6194,#6201));
#6178 = ORIENTED_EDGE('',*,*,#6179,.F.);
#6179 = EDGE_CURVE('',#6180,#6182,#6184,.T.);
#6180 = VERTEX_POINT('',#6181);
#6181 = CARTESIAN_POINT('',(2.475,-1.25,0.));
#6182 = VERTEX_POINT('',#6183);
#6183 = CARTESIAN_POINT('',(2.475,-1.25,0.762001524003));
#6184 = B_SPLINE_CURVE_WITH_KNOTS('',1,(#6185,#6186),.UNSPECIFIED.,.F.,  .F.,(2,2),(0.,0.762001524003),.PIECEWISE_BEZIER_KNOTS.);
#6185 = CARTESIAN_POINT('',(2.475,-1.25,0.));
#6186 = CARTESIAN_POINT('',(2.475,-1.25,0.762001524003));
#6187 = ORIENTED_EDGE('',*,*,#6188,.T.);
#6188 = EDGE_CURVE('',#6180,#6189,#6191,.T.);
#6189 = VERTEX_POINT('',#6190);
#6190 = CARTESIAN_POINT('',(2.475,1.25,0.));
#6191 = B_SPLINE_CURVE_WITH_KNOTS('',1,(#6192,#6193),.UNSPECIFIED.,.F.,  .F.,(2,2),(0.,0.762001524003),.PIECEWISE_BEZIER_KNOTS.);
#6192 = CARTESIAN_POINT('',(2.475,-1.25,0.));
#6193 = CARTESIAN_POINT('',(2.475,1.25,0.));
#6194 = ORIENTED_EDGE('',*,*,#6195,.T.);
#6195 = EDGE_CURVE('',#6189,#6196,#6198,.T.);
#6196 = VERTEX_POINT('',#6197);
#6197 = CARTESIAN_POINT('',(2.475,1.25,0.762001524003));
#6198 = B_SPLINE_CURVE_WITH_KNOTS('',1,(#6199,#6200),.UNSPECIFIED.,.F.,  .F.,(2,2),(0.,0.762001524003),.PIECEWISE_BEZIER_KNOTS.);
#6199 = CARTESIAN_POINT('',(2.475,1.25,0.));
#6200 = CARTESIAN_POINT('',(2.475,1.25,0.762001524003));
#6201 = ORIENTED_EDGE('',*,*,#6202,.F.);
#6202 = EDGE_CURVE('',#6182,#6196,#6203,.T.);
#6203 = B_SPLINE_CURVE_WITH_KNOTS('',1,(#6204,#6205),.UNSPECIFIED.,.F.,  .F.,(2,2),(0.,0.762001524003),.PIECEWISE_BEZIER_KNOTS.);
#6204 = CARTESIAN_POINT('',(2.475,-1.25,0.762001524003));
#6205 = CARTESIAN_POINT('',(2.475,1.25,0.762001524003));
#6206 = B_SPLINE_SURFACE_WITH_KNOTS('',1,1,(    (#6207,#6208)    ,(#6209,#6210    )),.UNSPECIFIED.,.F.,.F.,.F.,(2,2),(2,2),(0.,0.762001524003),(    -0.762001524003,0.),.PIECEWISE_BEZIER_KNOTS.);
#6207 = CARTESIAN_POINT('',(2.475,1.25,0.));
#6208 = CARTESIAN_POINT('',(2.475,-1.25,0.));
#6209 = CARTESIAN_POINT('',(2.475,1.25,0.762001524003));
#6210 = CARTESIAN_POINT('',(2.475,-1.25,0.762001524003));
#6211 = ADVANCED_FACE('',(#6212),#6226,.F.);
#6212 = FACE_BOUND('',#6213,.F.);
#6213 = EDGE_LOOP('',(#6214,#6219,#6220,#6225));
#6214 = ORIENTED_EDGE('',*,*,#6215,.F.);
#6215 = EDGE_CURVE('',#6144,#6180,#6216,.T.);
#6216 = B_SPLINE_CURVE_WITH_KNOTS('',1,(#6217,#6218),.UNSPECIFIED.,.F.,  .F.,(2,2),(0.,0.762001524003),.PIECEWISE_BEZIER_KNOTS.);
#6217 = CARTESIAN_POINT('',(-2.475,-1.25,0.));
#6218 = CARTESIAN_POINT('',(2.475,-1.25,0.));
#6219 = ORIENTED_EDGE('',*,*,#6143,.T.);
#6220 = ORIENTED_EDGE('',*,*,#6221,.T.);
#6221 = EDGE_CURVE('',#6146,#6182,#6222,.T.);
#6222 = B_SPLINE_CURVE_WITH_KNOTS('',1,(#6223,#6224),.UNSPECIFIED.,.F.,  .F.,(2,2),(0.,0.762001524003),.PIECEWISE_BEZIER_KNOTS.);
#6223 = CARTESIAN_POINT('',(-2.475,-1.25,0.762001524003));
#6224 = CARTESIAN_POINT('',(2.475,-1.25,0.762001524003));
#6225 = ORIENTED_EDGE('',*,*,#6179,.F.);
#6226 = B_SPLINE_SURFACE_WITH_KNOTS('',1,1,(    (#6227,#6228)    ,(#6229,#6230    )),.UNSPECIFIED.,.F.,.F.,.F.,(2,2),(2,2),(0.,0.762001524003),(0.,    0.762001524003),.PIECEWISE_BEZIER_KNOTS.);
#6227 = CARTESIAN_POINT('',(-2.475,-1.25,0.));
#6228 = CARTESIAN_POINT('',(2.475,-1.25,0.));
#6229 = CARTESIAN_POINT('',(-2.475,-1.25,0.762001524003));
#6230 = CARTESIAN_POINT('',(2.475,-1.25,0.762001524003));
#6231 = ADVANCED_FACE('',(#6232),#6246,.T.);
#6232 = FACE_BOUND('',#6233,.T.);
#6233 = EDGE_LOOP('',(#6234,#6239,#6240,#6245));
#6234 = ORIENTED_EDGE('',*,*,#6235,.F.);
#6235 = EDGE_CURVE('',#6153,#6189,#6236,.T.);
#6236 = B_SPLINE_CURVE_WITH_KNOTS('',1,(#6237,#6238),.UNSPECIFIED.,.F.,  .F.,(2,2),(0.,0.762001524003),.PIECEWISE_BEZIER_KNOTS.);
#6237 = CARTESIAN_POINT('',(-2.475,1.25,0.));
#6238 = CARTESIAN_POINT('',(2.475,1.25,0.));
#6239 = ORIENTED_EDGE('',*,*,#6159,.T.);
#6240 = ORIENTED_EDGE('',*,*,#6241,.T.);
#6241 = EDGE_CURVE('',#6160,#6196,#6242,.T.);
#6242 = B_SPLINE_CURVE_WITH_KNOTS('',1,(#6243,#6244),.UNSPECIFIED.,.F.,  .F.,(2,2),(0.,0.762001524003),.PIECEWISE_BEZIER_KNOTS.);
#6243 = CARTESIAN_POINT('',(-2.475,1.25,0.762001524003));
#6244 = CARTESIAN_POINT('',(2.475,1.25,0.762001524003));
#6245 = ORIENTED_EDGE('',*,*,#6195,.F.);
#6246 = B_SPLINE_SURFACE_WITH_KNOTS('',1,1,(    (#6247,#6248)    ,(#6249,#6250    )),.UNSPECIFIED.,.F.,.F.,.F.,(2,2),(2,2),(0.,0.762001524003),(0.,    0.762001524003),.PIECEWISE_BEZIER_KNOTS.);
#6247 = CARTESIAN_POINT('',(-2.475,1.25,0.));
#6248 = CARTESIAN_POINT('',(2.475,1.25,0.));
#6249 = CARTESIAN_POINT('',(-2.475,1.25,0.762001524003));
#6250 = CARTESIAN_POINT('',(2.475,1.25,0.762001524003));
#6251 = ADVANCED_FACE('',(#6252),#6258,.F.);
#6252 = FACE_BOUND('',#6253,.F.);
#6253 = EDGE_LOOP('',(#6254,#6255,#6256,#6257));
#6254 = ORIENTED_EDGE('',*,*,#6152,.F.);
#6255 = ORIENTED_EDGE('',*,*,#6215,.T.);
#6256 = ORIENTED_EDGE('',*,*,#6188,.T.);
#6257 = ORIENTED_EDGE('',*,*,#6235,.F.);
#6258 = B_SPLINE_SURFACE_WITH_KNOTS('',1,1,(    (#6259,#6260)    ,(#6261,#6262    )),.UNSPECIFIED.,.F.,.F.,.F.,(2,2),(2,2),(0.,0.762001524003),(0.,    0.762001524003),.PIECEWISE_BEZIER_KNOTS.);
#6259 = CARTESIAN_POINT('',(-2.475,-1.25,0.));
#6260 = CARTESIAN_POINT('',(-2.475,1.25,0.));
#6261 = CARTESIAN_POINT('',(2.475,-1.25,0.));
#6262 = CARTESIAN_POINT('',(2.475,1.25,0.));
#6263 = ADVANCED_FACE('',(#6264),#6270,.T.);
#6264 = FACE_BOUND('',#6265,.T.);
#6265 = EDGE_LOOP('',(#6266,#6267,#6268,#6269));
#6266 = ORIENTED_EDGE('',*,*,#6166,.F.);
#6267 = ORIENTED_EDGE('',*,*,#6221,.T.);
#6268 = ORIENTED_EDGE('',*,*,#6202,.T.);
#6269 = ORIENTED_EDGE('',*,*,#6241,.F.);
#6270 = B_SPLINE_SURFACE_WITH_KNOTS('',1,1,(    (#6271,#6272)    ,(#6273,#6274    )),.UNSPECIFIED.,.F.,.F.,.F.,(2,2),(2,2),(0.,0.762001524003),(0.,    0.762001524003),.PIECEWISE_BEZIER_KNOTS.);
#6271 = CARTESIAN_POINT('',(-2.475,-1.25,0.762001524003));
#6272 = CARTESIAN_POINT('',(-2.475,1.25,0.762001524003));
#6273 = CARTESIAN_POINT('',(2.475,-1.25,0.762001524003));
#6274 = CARTESIAN_POINT('',(2.475,1.25,0.762001524003));
#6275 = ( GEOMETRIC_REPRESENTATION_CONTEXT(3) GLOBAL_UNCERTAINTY_ASSIGNED_CONTEXT((#6279)) GLOBAL_UNIT_ASSIGNED_CONTEXT((#6276,#6277,#6278)) REPRESENTATION_CONTEXT('Context #1','3D Context with UNIT and UNCERTAINTY') );
#6276 = ( LENGTH_UNIT() NAMED_UNIT(*) SI_UNIT(.MILLI.,.METRE.) );
#6277 = ( NAMED_UNIT(*) PLANE_ANGLE_UNIT() SI_UNIT($,.RADIAN.) );
#6278 = ( NAMED_UNIT(*) SI_UNIT($,.STERADIAN.) SOLID_ANGLE_UNIT() );
#6279 = UNCERTAINTY_MEASURE_WITH_UNIT(LENGTH_MEASURE(5.E-07),#6276,  'distance_accuracy_value','confusion accuracy');
#6280 = CONTEXT_DEPENDENT_SHAPE_REPRESENTATION(#6281,#6283);
#6281 = ( REPRESENTATION_RELATIONSHIP('','',#6136,#6113) REPRESENTATION_RELATIONSHIP_WITH_TRANSFORMATION(#6282) SHAPE_REPRESENTATION_RELATIONSHIP() );
#6282 = ITEM_DEFINED_TRANSFORMATION('','',#11,#6114);
#6283 = PRODUCT_DEFINITION_SHAPE('Placement','Placement of an item',  #6284);
#6284 = NEXT_ASSEMBLY_USAGE_OCCURRENCE('116','=>[0:1:1:78]','',#6108,  #6131,$);
#6285 = PRODUCT_RELATED_PRODUCT_CATEGORY('part',$,(#6133));
#6286 = SHAPE_DEFINITION_REPRESENTATION(#6287,#6293);
#6287 = PRODUCT_DEFINITION_SHAPE('','',#6288);
#6288 = PRODUCT_DEFINITION('design','',#6289,#6292);
#6289 = PRODUCT_DEFINITION_FORMATION('','',#6290);
#6290 = PRODUCT(  'K1~RELAY-SMD_G6K-2F-X-XX~SMD-8_L10.0-W6.5-H5.4-LS7.8-P2.2-3.2~Dprc',  'K1~RELAY-SMD_G6K-2F-X-XX~SMD-8_L10.0-W6.5-H5.4-LS7.8-P2.2-3.2~Dprc',  '',(#6291));
#6291 = PRODUCT_CONTEXT('',#2,'mechanical');
#6292 = PRODUCT_DEFINITION_CONTEXT('part definition',#2,'design');
#6293 = SHAPE_REPRESENTATION('',(#11,#6294),#6298);
#6294 = AXIS2_PLACEMENT_3D('',#6295,#6296,#6297);
#6295 = CARTESIAN_POINT('',(0.,0.,0.));
#6296 = DIRECTION('',(0.,0.,1.));
#6297 = DIRECTION('',(1.,0.,-0.));
#6298 = ( GEOMETRIC_REPRESENTATION_CONTEXT(3) GLOBAL_UNCERTAINTY_ASSIGNED_CONTEXT((#6302)) GLOBAL_UNIT_ASSIGNED_CONTEXT((#6299,#6300,#6301)) REPRESENTATION_CONTEXT('Context #1','3D Context with UNIT and UNCERTAINTY') );
#6299 = ( LENGTH_UNIT() NAMED_UNIT(*) SI_UNIT(.MILLI.,.METRE.) );
#6300 = ( NAMED_UNIT(*) PLANE_ANGLE_UNIT() SI_UNIT($,.RADIAN.) );
#6301 = ( NAMED_UNIT(*) SI_UNIT($,.STERADIAN.) SOLID_ANGLE_UNIT() );
#6302 = UNCERTAINTY_MEASURE_WITH_UNIT(LENGTH_MEASURE(1.E-06),#6299,  'distance_accuracy_value','confusion accuracy');
#6303 = CONTEXT_DEPENDENT_SHAPE_REPRESENTATION(#6304,#6306);
#6304 = ( REPRESENTATION_RELATIONSHIP('','',#6293,#10) REPRESENTATION_RELATIONSHIP_WITH_TRANSFORMATION(#6305) SHAPE_REPRESENTATION_RELATIONSHIP() );
#6305 = ITEM_DEFINED_TRANSFORMATION('','',#11,#259);
#6306 = PRODUCT_DEFINITION_SHAPE('Placement','Placement of an item',  #6307);
#6307 = NEXT_ASSEMBLY_USAGE_OCCURRENCE('119','=>[0:1:1:81]','',#5,#6288,  $);
#6308 = PRODUCT_RELATED_PRODUCT_CATEGORY('part',$,(#6290));
#6309 = SHAPE_DEFINITION_REPRESENTATION(#6310,#6316);
#6310 = PRODUCT_DEFINITION_SHAPE('','',#6311);
#6311 = PRODUCT_DEFINITION('design','',#6312,#6315);
#6312 = PRODUCT_DEFINITION_FORMATION('','',#6313);
#6313 = PRODUCT(  'RELAY-SMD_G6K-2F-X-XX~SMD-8_L10.0-W6.5-H5.4-LS7.8-P2.2-3.2~Dprc',  'RELAY-SMD_G6K-2F-X-XX~SMD-8_L10.0-W6.5-H5.4-LS7.8-P2.2-3.2~Dprc','',(    #6314));
#6314 = PRODUCT_CONTEXT('',#2,'mechanical');
#6315 = PRODUCT_DEFINITION_CONTEXT('part definition',#2,'design');
#6316 = ADVANCED_BREP_SHAPE_REPRESENTATION('',(#11,#6317),#6455);
#6317 = MANIFOLD_SOLID_BREP('',#6318);
#6318 = CLOSED_SHELL('',(#6319,#6355,#6391,#6411,#6431,#6443));
#6319 = ADVANCED_FACE('',(#6320),#6350,.F.);
#6320 = FACE_BOUND('',#6321,.F.);
#6321 = EDGE_LOOP('',(#6322,#6331,#6338,#6345));
#6322 = ORIENTED_EDGE('',*,*,#6323,.F.);
#6323 = EDGE_CURVE('',#6324,#6326,#6328,.T.);
#6324 = VERTEX_POINT('',#6325);
#6325 = CARTESIAN_POINT('',(-5.010007620015,-3.9,0.));
#6326 = VERTEX_POINT('',#6327);
#6327 = CARTESIAN_POINT('',(-5.010007620015,-3.9,0.762001524003));
#6328 = B_SPLINE_CURVE_WITH_KNOTS('',1,(#6329,#6330),.UNSPECIFIED.,.F.,  .F.,(2,2),(0.,0.762001524003),.PIECEWISE_BEZIER_KNOTS.);
#6329 = CARTESIAN_POINT('',(-5.010007620015,-3.9,0.));
#6330 = CARTESIAN_POINT('',(-5.010007620015,-3.9,0.762001524003));
#6331 = ORIENTED_EDGE('',*,*,#6332,.T.);
#6332 = EDGE_CURVE('',#6324,#6333,#6335,.T.);
#6333 = VERTEX_POINT('',#6334);
#6334 = CARTESIAN_POINT('',(-5.010007620015,3.9,0.));
#6335 = B_SPLINE_CURVE_WITH_KNOTS('',1,(#6336,#6337),.UNSPECIFIED.,.F.,  .F.,(2,2),(0.,0.762001524003),.PIECEWISE_BEZIER_KNOTS.);
#6336 = CARTESIAN_POINT('',(-5.010007620015,-3.9,0.));
#6337 = CARTESIAN_POINT('',(-5.010007620015,3.9,0.));
#6338 = ORIENTED_EDGE('',*,*,#6339,.T.);
#6339 = EDGE_CURVE('',#6333,#6340,#6342,.T.);
#6340 = VERTEX_POINT('',#6341);
#6341 = CARTESIAN_POINT('',(-5.010007620015,3.9,0.762001524003));
#6342 = B_SPLINE_CURVE_WITH_KNOTS('',1,(#6343,#6344),.UNSPECIFIED.,.F.,  .F.,(2,2),(0.,0.762001524003),.PIECEWISE_BEZIER_KNOTS.);
#6343 = CARTESIAN_POINT('',(-5.010007620015,3.9,0.));
#6344 = CARTESIAN_POINT('',(-5.010007620015,3.9,0.762001524003));
#6345 = ORIENTED_EDGE('',*,*,#6346,.F.);
#6346 = EDGE_CURVE('',#6326,#6340,#6347,.T.);
#6347 = B_SPLINE_CURVE_WITH_KNOTS('',1,(#6348,#6349),.UNSPECIFIED.,.F.,  .F.,(2,2),(0.,0.762001524003),.PIECEWISE_BEZIER_KNOTS.);
#6348 = CARTESIAN_POINT('',(-5.010007620015,-3.9,0.762001524003));
#6349 = CARTESIAN_POINT('',(-5.010007620015,3.9,0.762001524003));
#6350 = B_SPLINE_SURFACE_WITH_KNOTS('',1,1,(    (#6351,#6352)    ,(#6353,#6354    )),.UNSPECIFIED.,.F.,.F.,.F.,(2,2),(2,2),(0.,0.762001524003),(    -0.762001524003,0.),.PIECEWISE_BEZIER_KNOTS.);
#6351 = CARTESIAN_POINT('',(-5.010007620015,3.9,0.));
#6352 = CARTESIAN_POINT('',(-5.010007620015,-3.9,0.));
#6353 = CARTESIAN_POINT('',(-5.010007620015,3.9,0.762001524003));
#6354 = CARTESIAN_POINT('',(-5.010007620015,-3.9,0.762001524003));
#6355 = ADVANCED_FACE('',(#6356),#6386,.T.);
#6356 = FACE_BOUND('',#6357,.T.);
#6357 = EDGE_LOOP('',(#6358,#6367,#6374,#6381));
#6358 = ORIENTED_EDGE('',*,*,#6359,.F.);
#6359 = EDGE_CURVE('',#6360,#6362,#6364,.T.);
#6360 = VERTEX_POINT('',#6361);
#6361 = CARTESIAN_POINT('',(4.989992379985,-3.9,0.));
#6362 = VERTEX_POINT('',#6363);
#6363 = CARTESIAN_POINT('',(4.989992379985,-3.9,0.762001524003));
#6364 = B_SPLINE_CURVE_WITH_KNOTS('',1,(#6365,#6366),.UNSPECIFIED.,.F.,  .F.,(2,2),(0.,0.762001524003),.PIECEWISE_BEZIER_KNOTS.);
#6365 = CARTESIAN_POINT('',(4.989992379985,-3.9,0.));
#6366 = CARTESIAN_POINT('',(4.989992379985,-3.9,0.762001524003));
#6367 = ORIENTED_EDGE('',*,*,#6368,.T.);
#6368 = EDGE_CURVE('',#6360,#6369,#6371,.T.);
#6369 = VERTEX_POINT('',#6370);
#6370 = CARTESIAN_POINT('',(4.989992379985,3.9,0.));
#6371 = B_SPLINE_CURVE_WITH_KNOTS('',1,(#6372,#6373),.UNSPECIFIED.,.F.,  .F.,(2,2),(0.,0.762001524003),.PIECEWISE_BEZIER_KNOTS.);
#6372 = CARTESIAN_POINT('',(4.989992379985,-3.9,0.));
#6373 = CARTESIAN_POINT('',(4.989992379985,3.9,0.));
#6374 = ORIENTED_EDGE('',*,*,#6375,.T.);
#6375 = EDGE_CURVE('',#6369,#6376,#6378,.T.);
#6376 = VERTEX_POINT('',#6377);
#6377 = CARTESIAN_POINT('',(4.989992379985,3.9,0.762001524003));
#6378 = B_SPLINE_CURVE_WITH_KNOTS('',1,(#6379,#6380),.UNSPECIFIED.,.F.,  .F.,(2,2),(0.,0.762001524003),.PIECEWISE_BEZIER_KNOTS.);
#6379 = CARTESIAN_POINT('',(4.989992379985,3.9,0.));
#6380 = CARTESIAN_POINT('',(4.989992379985,3.9,0.762001524003));
#6381 = ORIENTED_EDGE('',*,*,#6382,.F.);
#6382 = EDGE_CURVE('',#6362,#6376,#6383,.T.);
#6383 = B_SPLINE_CURVE_WITH_KNOTS('',1,(#6384,#6385),.UNSPECIFIED.,.F.,  .F.,(2,2),(0.,0.762001524003),.PIECEWISE_BEZIER_KNOTS.);
#6384 = CARTESIAN_POINT('',(4.989992379985,-3.9,0.762001524003));
#6385 = CARTESIAN_POINT('',(4.989992379985,3.9,0.762001524003));
#6386 = B_SPLINE_SURFACE_WITH_KNOTS('',1,1,(    (#6387,#6388)    ,(#6389,#6390    )),.UNSPECIFIED.,.F.,.F.,.F.,(2,2),(2,2),(0.,0.762001524003),(    -0.762001524003,0.),.PIECEWISE_BEZIER_KNOTS.);
#6387 = CARTESIAN_POINT('',(4.989992379985,3.9,0.));
#6388 = CARTESIAN_POINT('',(4.989992379985,-3.9,0.));
#6389 = CARTESIAN_POINT('',(4.989992379985,3.9,0.762001524003));
#6390 = CARTESIAN_POINT('',(4.989992379985,-3.9,0.762001524003));
#6391 = ADVANCED_FACE('',(#6392),#6406,.F.);
#6392 = FACE_BOUND('',#6393,.F.);
#6393 = EDGE_LOOP('',(#6394,#6399,#6400,#6405));
#6394 = ORIENTED_EDGE('',*,*,#6395,.F.);
#6395 = EDGE_CURVE('',#6324,#6360,#6396,.T.);
#6396 = B_SPLINE_CURVE_WITH_KNOTS('',1,(#6397,#6398),.UNSPECIFIED.,.F.,  .F.,(2,2),(0.,0.762001524003),.PIECEWISE_BEZIER_KNOTS.);
#6397 = CARTESIAN_POINT('',(-5.010007620015,-3.9,0.));
#6398 = CARTESIAN_POINT('',(4.989992379985,-3.9,0.));
#6399 = ORIENTED_EDGE('',*,*,#6323,.T.);
#6400 = ORIENTED_EDGE('',*,*,#6401,.T.);
#6401 = EDGE_CURVE('',#6326,#6362,#6402,.T.);
#6402 = B_SPLINE_CURVE_WITH_KNOTS('',1,(#6403,#6404),.UNSPECIFIED.,.F.,  .F.,(2,2),(0.,0.762001524003),.PIECEWISE_BEZIER_KNOTS.);
#6403 = CARTESIAN_POINT('',(-5.010007620015,-3.9,0.762001524003));
#6404 = CARTESIAN_POINT('',(4.989992379985,-3.9,0.762001524003));
#6405 = ORIENTED_EDGE('',*,*,#6359,.F.);
#6406 = B_SPLINE_SURFACE_WITH_KNOTS('',1,1,(    (#6407,#6408)    ,(#6409,#6410    )),.UNSPECIFIED.,.F.,.F.,.F.,(2,2),(2,2),(0.,0.762001524003),(0.,    0.762001524003),.PIECEWISE_BEZIER_KNOTS.);
#6407 = CARTESIAN_POINT('',(-5.010007620015,-3.9,0.));
#6408 = CARTESIAN_POINT('',(4.989992379985,-3.9,0.));
#6409 = CARTESIAN_POINT('',(-5.010007620015,-3.9,0.762001524003));
#6410 = CARTESIAN_POINT('',(4.989992379985,-3.9,0.762001524003));
#6411 = ADVANCED_FACE('',(#6412),#6426,.T.);
#6412 = FACE_BOUND('',#6413,.T.);
#6413 = EDGE_LOOP('',(#6414,#6419,#6420,#6425));
#6414 = ORIENTED_EDGE('',*,*,#6415,.F.);
#6415 = EDGE_CURVE('',#6333,#6369,#6416,.T.);
#6416 = B_SPLINE_CURVE_WITH_KNOTS('',1,(#6417,#6418),.UNSPECIFIED.,.F.,  .F.,(2,2),(0.,0.762001524003),.PIECEWISE_BEZIER_KNOTS.);
#6417 = CARTESIAN_POINT('',(-5.010007620015,3.9,0.));
#6418 = CARTESIAN_POINT('',(4.989992379985,3.9,0.));
#6419 = ORIENTED_EDGE('',*,*,#6339,.T.);
#6420 = ORIENTED_EDGE('',*,*,#6421,.T.);
#6421 = EDGE_CURVE('',#6340,#6376,#6422,.T.);
#6422 = B_SPLINE_CURVE_WITH_KNOTS('',1,(#6423,#6424),.UNSPECIFIED.,.F.,  .F.,(2,2),(0.,0.762001524003),.PIECEWISE_BEZIER_KNOTS.);
#6423 = CARTESIAN_POINT('',(-5.010007620015,3.9,0.762001524003));
#6424 = CARTESIAN_POINT('',(4.989992379985,3.9,0.762001524003));
#6425 = ORIENTED_EDGE('',*,*,#6375,.F.);
#6426 = B_SPLINE_SURFACE_WITH_KNOTS('',1,1,(    (#6427,#6428)    ,(#6429,#6430    )),.UNSPECIFIED.,.F.,.F.,.F.,(2,2),(2,2),(0.,0.762001524003),(0.,    0.762001524003),.PIECEWISE_BEZIER_KNOTS.);
#6427 = CARTESIAN_POINT('',(-5.010007620015,3.9,0.));
#6428 = CARTESIAN_POINT('',(4.989992379985,3.9,0.));
#6429 = CARTESIAN_POINT('',(-5.010007620015,3.9,0.762001524003));
#6430 = CARTESIAN_POINT('',(4.989992379985,3.9,0.762001524003));
#6431 = ADVANCED_FACE('',(#6432),#6438,.F.);
#6432 = FACE_BOUND('',#6433,.F.);
#6433 = EDGE_LOOP('',(#6434,#6435,#6436,#6437));
#6434 = ORIENTED_EDGE('',*,*,#6332,.F.);
#6435 = ORIENTED_EDGE('',*,*,#6395,.T.);
#6436 = ORIENTED_EDGE('',*,*,#6368,.T.);
#6437 = ORIENTED_EDGE('',*,*,#6415,.F.);
#6438 = B_SPLINE_SURFACE_WITH_KNOTS('',1,1,(    (#6439,#6440)    ,(#6441,#6442    )),.UNSPECIFIED.,.F.,.F.,.F.,(2,2),(2,2),(0.,0.762001524003),(0.,    0.762001524003),.PIECEWISE_BEZIER_KNOTS.);
#6439 = CARTESIAN_POINT('',(-5.010007620015,-3.9,0.));
#6440 = CARTESIAN_POINT('',(-5.010007620015,3.9,0.));
#6441 = CARTESIAN_POINT('',(4.989992379985,-3.9,0.));
#6442 = CARTESIAN_POINT('',(4.989992379985,3.9,0.));
#6443 = ADVANCED_FACE('',(#6444),#6450,.T.);
#6444 = FACE_BOUND('',#6445,.T.);
#6445 = EDGE_LOOP('',(#6446,#6447,#6448,#6449));
#6446 = ORIENTED_EDGE('',*,*,#6346,.F.);
#6447 = ORIENTED_EDGE('',*,*,#6401,.T.);
#6448 = ORIENTED_EDGE('',*,*,#6382,.T.);
#6449 = ORIENTED_EDGE('',*,*,#6421,.F.);
#6450 = B_SPLINE_SURFACE_WITH_KNOTS('',1,1,(    (#6451,#6452)    ,(#6453,#6454    )),.UNSPECIFIED.,.F.,.F.,.F.,(2,2),(2,2),(0.,0.762001524003),(0.,    0.762001524003),.PIECEWISE_BEZIER_KNOTS.);
#6451 = CARTESIAN_POINT('',(-5.010007620015,-3.9,0.762001524003));
#6452 = CARTESIAN_POINT('',(-5.010007620015,3.9,0.762001524003));
#6453 = CARTESIAN_POINT('',(4.989992379985,-3.9,0.762001524003));
#6454 = CARTESIAN_POINT('',(4.989992379985,3.9,0.762001524003));
#6455 = ( GEOMETRIC_REPRESENTATION_CONTEXT(3) GLOBAL_UNCERTAINTY_ASSIGNED_CONTEXT((#6459)) GLOBAL_UNIT_ASSIGNED_CONTEXT((#6456,#6457,#6458)) REPRESENTATION_CONTEXT('Context #1','3D Context with UNIT and UNCERTAINTY') );
#6456 = ( LENGTH_UNIT() NAMED_UNIT(*) SI_UNIT(.MILLI.,.METRE.) );
#6457 = ( NAMED_UNIT(*) PLANE_ANGLE_UNIT() SI_UNIT($,.RADIAN.) );
#6458 = ( NAMED_UNIT(*) SI_UNIT($,.STERADIAN.) SOLID_ANGLE_UNIT() );
#6459 = UNCERTAINTY_MEASURE_WITH_UNIT(LENGTH_MEASURE(1.E-06),#6456,  'distance_accuracy_value','confusion accuracy');
#6460 = CONTEXT_DEPENDENT_SHAPE_REPRESENTATION(#6461,#6463);
#6461 = ( REPRESENTATION_RELATIONSHIP('','',#6316,#6293) REPRESENTATION_RELATIONSHIP_WITH_TRANSFORMATION(#6462) SHAPE_REPRESENTATION_RELATIONSHIP() );
#6462 = ITEM_DEFINED_TRANSFORMATION('','',#11,#6294);
#6463 = PRODUCT_DEFINITION_SHAPE('Placement','Placement of an item',  #6464);
#6464 = NEXT_ASSEMBLY_USAGE_OCCURRENCE('118','=>[0:1:1:80]','',#6288,  #6311,$);
#6465 = PRODUCT_RELATED_PRODUCT_CATEGORY('part',$,(#6313));
#6466 = MECHANICAL_DESIGN_GEOMETRIC_PRESENTATION_REPRESENTATION('',(    #6467,#6477,#6485,#6492,#6499,#6506,#6513,#6520,#6527,#6534,#6541,    #6548,#6555,#6562,#6569,#6576,#6583,#6590,#6597,#6604,#6611,#6618,    #6625,#6632,#6639,#6646,#6653,#6660,#6667,#6674,#6681,#6688,#6695,    #6702,#6709,#6716,#6723,#6730,#6737,#6744,#6751,#6758,#6765,#6772,    #6779,#6786,#6793,#6800,#6807),#2047);
#6467 = STYLED_ITEM('color',(#6468),#277);
#6468 = PRESENTATION_STYLE_ASSIGNMENT((#6469,#6475));
#6469 = SURFACE_STYLE_USAGE(.BOTH.,#6470);
#6470 = SURFACE_SIDE_STYLE('',(#6471));
#6471 = SURFACE_STYLE_FILL_AREA(#6472);
#6472 = FILL_AREA_STYLE('',(#6473));
#6473 = FILL_AREA_STYLE_COLOUR('',#6474);
#6474 = COLOUR_RGB('',0.352472427681,0.691011022496,0.488911545503);
#6475 = CURVE_STYLE('',#6476,POSITIVE_LENGTH_MEASURE(0.1),#6474);
#6476 = DRAUGHTING_PRE_DEFINED_CURVE_FONT('continuous');
#6477 = OVER_RIDING_STYLED_ITEM('overriding color',(#6478),#279,#6467);
#6478 = PRESENTATION_STYLE_ASSIGNMENT((#6479));
#6479 = SURFACE_STYLE_USAGE(.BOTH.,#6480);
#6480 = SURFACE_SIDE_STYLE('',(#6481));
#6481 = SURFACE_STYLE_FILL_AREA(#6482);
#6482 = FILL_AREA_STYLE('',(#6483));
#6483 = FILL_AREA_STYLE_COLOUR('',#6484);
#6484 = COLOUR_RGB('',0.937179583391,0.9357410338,0.649182888601);
#6485 = OVER_RIDING_STYLED_ITEM('overriding color',(#6486),#319,#6467);
#6486 = PRESENTATION_STYLE_ASSIGNMENT((#6487));
#6487 = SURFACE_STYLE_USAGE(.BOTH.,#6488);
#6488 = SURFACE_SIDE_STYLE('',(#6489));
#6489 = SURFACE_STYLE_FILL_AREA(#6490);
#6490 = FILL_AREA_STYLE('',(#6491));
#6491 = FILL_AREA_STYLE_COLOUR('',#6484);
#6492 = OVER_RIDING_STYLED_ITEM('overriding color',(#6493),#352,#6467);
#6493 = PRESENTATION_STYLE_ASSIGNMENT((#6494));
#6494 = SURFACE_STYLE_USAGE(.BOTH.,#6495);
#6495 = SURFACE_SIDE_STYLE('',(#6496));
#6496 = SURFACE_STYLE_FILL_AREA(#6497);
#6497 = FILL_AREA_STYLE('',(#6498));
#6498 = FILL_AREA_STYLE_COLOUR('',#6484);
#6499 = OVER_RIDING_STYLED_ITEM('overriding color',(#6500),#383,#6467);
#6500 = PRESENTATION_STYLE_ASSIGNMENT((#6501));
#6501 = SURFACE_STYLE_USAGE(.BOTH.,#6502);
#6502 = SURFACE_SIDE_STYLE('',(#6503));
#6503 = SURFACE_STYLE_FILL_AREA(#6504);
#6504 = FILL_AREA_STYLE('',(#6505));
#6505 = FILL_AREA_STYLE_COLOUR('',#6484);
#6506 = OVER_RIDING_STYLED_ITEM('overriding color',(#6507),#416,#6467);
#6507 = PRESENTATION_STYLE_ASSIGNMENT((#6508));
#6508 = SURFACE_STYLE_USAGE(.BOTH.,#6509);
#6509 = SURFACE_SIDE_STYLE('',(#6510));
#6510 = SURFACE_STYLE_FILL_AREA(#6511);
#6511 = FILL_AREA_STYLE('',(#6512));
#6512 = FILL_AREA_STYLE_COLOUR('',#6484);
#6513 = OVER_RIDING_STYLED_ITEM('overriding color',(#6514),#447,#6467);
#6514 = PRESENTATION_STYLE_ASSIGNMENT((#6515));
#6515 = SURFACE_STYLE_USAGE(.BOTH.,#6516);
#6516 = SURFACE_SIDE_STYLE('',(#6517));
#6517 = SURFACE_STYLE_FILL_AREA(#6518);
#6518 = FILL_AREA_STYLE('',(#6519));
#6519 = FILL_AREA_STYLE_COLOUR('',#6484);
#6520 = OVER_RIDING_STYLED_ITEM('overriding color',(#6521),#480,#6467);
#6521 = PRESENTATION_STYLE_ASSIGNMENT((#6522));
#6522 = SURFACE_STYLE_USAGE(.BOTH.,#6523);
#6523 = SURFACE_SIDE_STYLE('',(#6524));
#6524 = SURFACE_STYLE_FILL_AREA(#6525);
#6525 = FILL_AREA_STYLE('',(#6526));
#6526 = FILL_AREA_STYLE_COLOUR('',#6484);
#6527 = OVER_RIDING_STYLED_ITEM('overriding color',(#6528),#511,#6467);
#6528 = PRESENTATION_STYLE_ASSIGNMENT((#6529));
#6529 = SURFACE_STYLE_USAGE(.BOTH.,#6530);
#6530 = SURFACE_SIDE_STYLE('',(#6531));
#6531 = SURFACE_STYLE_FILL_AREA(#6532);
#6532 = FILL_AREA_STYLE('',(#6533));
#6533 = FILL_AREA_STYLE_COLOUR('',#6484);
#6534 = OVER_RIDING_STYLED_ITEM('overriding color',(#6535),#535,#6467);
#6535 = PRESENTATION_STYLE_ASSIGNMENT((#6536));
#6536 = SURFACE_STYLE_USAGE(.BOTH.,#6537);
#6537 = SURFACE_SIDE_STYLE('',(#6538));
#6538 = SURFACE_STYLE_FILL_AREA(#6539);
#6539 = FILL_AREA_STYLE('',(#6540));
#6540 = FILL_AREA_STYLE_COLOUR('',#6484);
#6541 = OVER_RIDING_STYLED_ITEM('overriding color',(#6542),#577,#6467);
#6542 = PRESENTATION_STYLE_ASSIGNMENT((#6543));
#6543 = SURFACE_STYLE_USAGE(.BOTH.,#6544);
#6544 = SURFACE_SIDE_STYLE('',(#6545));
#6545 = SURFACE_STYLE_FILL_AREA(#6546);
#6546 = FILL_AREA_STYLE('',(#6547));
#6547 = FILL_AREA_STYLE_COLOUR('',#6484);
#6548 = OVER_RIDING_STYLED_ITEM('overriding color',(#6549),#601,#6467);
#6549 = PRESENTATION_STYLE_ASSIGNMENT((#6550));
#6550 = SURFACE_STYLE_USAGE(.BOTH.,#6551);
#6551 = SURFACE_SIDE_STYLE('',(#6552));
#6552 = SURFACE_STYLE_FILL_AREA(#6553);
#6553 = FILL_AREA_STYLE('',(#6554));
#6554 = FILL_AREA_STYLE_COLOUR('',#6484);
#6555 = OVER_RIDING_STYLED_ITEM('overriding color',(#6556),#643,#6467);
#6556 = PRESENTATION_STYLE_ASSIGNMENT((#6557));
#6557 = SURFACE_STYLE_USAGE(.BOTH.,#6558);
#6558 = SURFACE_SIDE_STYLE('',(#6559));
#6559 = SURFACE_STYLE_FILL_AREA(#6560);
#6560 = FILL_AREA_STYLE('',(#6561));
#6561 = FILL_AREA_STYLE_COLOUR('',#6484);
#6562 = OVER_RIDING_STYLED_ITEM('overriding color',(#6563),#667,#6467);
#6563 = PRESENTATION_STYLE_ASSIGNMENT((#6564));
#6564 = SURFACE_STYLE_USAGE(.BOTH.,#6565);
#6565 = SURFACE_SIDE_STYLE('',(#6566));
#6566 = SURFACE_STYLE_FILL_AREA(#6567);
#6567 = FILL_AREA_STYLE('',(#6568));
#6568 = FILL_AREA_STYLE_COLOUR('',#6484);
#6569 = OVER_RIDING_STYLED_ITEM('overriding color',(#6570),#709,#6467);
#6570 = PRESENTATION_STYLE_ASSIGNMENT((#6571));
#6571 = SURFACE_STYLE_USAGE(.BOTH.,#6572);
#6572 = SURFACE_SIDE_STYLE('',(#6573));
#6573 = SURFACE_STYLE_FILL_AREA(#6574);
#6574 = FILL_AREA_STYLE('',(#6575));
#6575 = FILL_AREA_STYLE_COLOUR('',#6484);
#6576 = OVER_RIDING_STYLED_ITEM('overriding color',(#6577),#733,#6467);
#6577 = PRESENTATION_STYLE_ASSIGNMENT((#6578));
#6578 = SURFACE_STYLE_USAGE(.BOTH.,#6579);
#6579 = SURFACE_SIDE_STYLE('',(#6580));
#6580 = SURFACE_STYLE_FILL_AREA(#6581);
#6581 = FILL_AREA_STYLE('',(#6582));
#6582 = FILL_AREA_STYLE_COLOUR('',#6484);
#6583 = OVER_RIDING_STYLED_ITEM('overriding color',(#6584),#775,#6467);
#6584 = PRESENTATION_STYLE_ASSIGNMENT((#6585));
#6585 = SURFACE_STYLE_USAGE(.BOTH.,#6586);
#6586 = SURFACE_SIDE_STYLE('',(#6587));
#6587 = SURFACE_STYLE_FILL_AREA(#6588);
#6588 = FILL_AREA_STYLE('',(#6589));
#6589 = FILL_AREA_STYLE_COLOUR('',#6484);
#6590 = OVER_RIDING_STYLED_ITEM('overriding color',(#6591),#799,#6467);
#6591 = PRESENTATION_STYLE_ASSIGNMENT((#6592));
#6592 = SURFACE_STYLE_USAGE(.BOTH.,#6593);
#6593 = SURFACE_SIDE_STYLE('',(#6594));
#6594 = SURFACE_STYLE_FILL_AREA(#6595);
#6595 = FILL_AREA_STYLE('',(#6596));
#6596 = FILL_AREA_STYLE_COLOUR('',#6484);
#6597 = OVER_RIDING_STYLED_ITEM('overriding color',(#6598),#841,#6467);
#6598 = PRESENTATION_STYLE_ASSIGNMENT((#6599));
#6599 = SURFACE_STYLE_USAGE(.BOTH.,#6600);
#6600 = SURFACE_SIDE_STYLE('',(#6601));
#6601 = SURFACE_STYLE_FILL_AREA(#6602);
#6602 = FILL_AREA_STYLE('',(#6603));
#6603 = FILL_AREA_STYLE_COLOUR('',#6484);
#6604 = OVER_RIDING_STYLED_ITEM('overriding color',(#6605),#865,#6467);
#6605 = PRESENTATION_STYLE_ASSIGNMENT((#6606));
#6606 = SURFACE_STYLE_USAGE(.BOTH.,#6607);
#6607 = SURFACE_SIDE_STYLE('',(#6608));
#6608 = SURFACE_STYLE_FILL_AREA(#6609);
#6609 = FILL_AREA_STYLE('',(#6610));
#6610 = FILL_AREA_STYLE_COLOUR('',#6484);
#6611 = OVER_RIDING_STYLED_ITEM('overriding color',(#6612),#907,#6467);
#6612 = PRESENTATION_STYLE_ASSIGNMENT((#6613));
#6613 = SURFACE_STYLE_USAGE(.BOTH.,#6614);
#6614 = SURFACE_SIDE_STYLE('',(#6615));
#6615 = SURFACE_STYLE_FILL_AREA(#6616);
#6616 = FILL_AREA_STYLE('',(#6617));
#6617 = FILL_AREA_STYLE_COLOUR('',#6484);
#6618 = OVER_RIDING_STYLED_ITEM('overriding color',(#6619),#931,#6467);
#6619 = PRESENTATION_STYLE_ASSIGNMENT((#6620));
#6620 = SURFACE_STYLE_USAGE(.BOTH.,#6621);
#6621 = SURFACE_SIDE_STYLE('',(#6622));
#6622 = SURFACE_STYLE_FILL_AREA(#6623);
#6623 = FILL_AREA_STYLE('',(#6624));
#6624 = FILL_AREA_STYLE_COLOUR('',#6484);
#6625 = OVER_RIDING_STYLED_ITEM('overriding color',(#6626),#973,#6467);
#6626 = PRESENTATION_STYLE_ASSIGNMENT((#6627));
#6627 = SURFACE_STYLE_USAGE(.BOTH.,#6628);
#6628 = SURFACE_SIDE_STYLE('',(#6629));
#6629 = SURFACE_STYLE_FILL_AREA(#6630);
#6630 = FILL_AREA_STYLE('',(#6631));
#6631 = FILL_AREA_STYLE_COLOUR('',#6484);
#6632 = OVER_RIDING_STYLED_ITEM('overriding color',(#6633),#997,#6467);
#6633 = PRESENTATION_STYLE_ASSIGNMENT((#6634));
#6634 = SURFACE_STYLE_USAGE(.BOTH.,#6635);
#6635 = SURFACE_SIDE_STYLE('',(#6636));
#6636 = SURFACE_STYLE_FILL_AREA(#6637);
#6637 = FILL_AREA_STYLE('',(#6638));
#6638 = FILL_AREA_STYLE_COLOUR('',#6484);
#6639 = OVER_RIDING_STYLED_ITEM('overriding color',(#6640),#1039,#6467);
#6640 = PRESENTATION_STYLE_ASSIGNMENT((#6641));
#6641 = SURFACE_STYLE_USAGE(.BOTH.,#6642);
#6642 = SURFACE_SIDE_STYLE('',(#6643));
#6643 = SURFACE_STYLE_FILL_AREA(#6644);
#6644 = FILL_AREA_STYLE('',(#6645));
#6645 = FILL_AREA_STYLE_COLOUR('',#6484);
#6646 = OVER_RIDING_STYLED_ITEM('overriding color',(#6647),#1063,#6467);
#6647 = PRESENTATION_STYLE_ASSIGNMENT((#6648));
#6648 = SURFACE_STYLE_USAGE(.BOTH.,#6649);
#6649 = SURFACE_SIDE_STYLE('',(#6650));
#6650 = SURFACE_STYLE_FILL_AREA(#6651);
#6651 = FILL_AREA_STYLE('',(#6652));
#6652 = FILL_AREA_STYLE_COLOUR('',#6484);
#6653 = OVER_RIDING_STYLED_ITEM('overriding color',(#6654),#1105,#6467);
#6654 = PRESENTATION_STYLE_ASSIGNMENT((#6655));
#6655 = SURFACE_STYLE_USAGE(.BOTH.,#6656);
#6656 = SURFACE_SIDE_STYLE('',(#6657));
#6657 = SURFACE_STYLE_FILL_AREA(#6658);
#6658 = FILL_AREA_STYLE('',(#6659));
#6659 = FILL_AREA_STYLE_COLOUR('',#6484);
#6660 = OVER_RIDING_STYLED_ITEM('overriding color',(#6661),#1129,#6467);
#6661 = PRESENTATION_STYLE_ASSIGNMENT((#6662));
#6662 = SURFACE_STYLE_USAGE(.BOTH.,#6663);
#6663 = SURFACE_SIDE_STYLE('',(#6664));
#6664 = SURFACE_STYLE_FILL_AREA(#6665);
#6665 = FILL_AREA_STYLE('',(#6666));
#6666 = FILL_AREA_STYLE_COLOUR('',#6484);
#6667 = OVER_RIDING_STYLED_ITEM('overriding color',(#6668),#1171,#6467);
#6668 = PRESENTATION_STYLE_ASSIGNMENT((#6669));
#6669 = SURFACE_STYLE_USAGE(.BOTH.,#6670);
#6670 = SURFACE_SIDE_STYLE('',(#6671));
#6671 = SURFACE_STYLE_FILL_AREA(#6672);
#6672 = FILL_AREA_STYLE('',(#6673));
#6673 = FILL_AREA_STYLE_COLOUR('',#6484);
#6674 = OVER_RIDING_STYLED_ITEM('overriding color',(#6675),#1195,#6467);
#6675 = PRESENTATION_STYLE_ASSIGNMENT((#6676));
#6676 = SURFACE_STYLE_USAGE(.BOTH.,#6677);
#6677 = SURFACE_SIDE_STYLE('',(#6678));
#6678 = SURFACE_STYLE_FILL_AREA(#6679);
#6679 = FILL_AREA_STYLE('',(#6680));
#6680 = FILL_AREA_STYLE_COLOUR('',#6484);
#6681 = OVER_RIDING_STYLED_ITEM('overriding color',(#6682),#1237,#6467);
#6682 = PRESENTATION_STYLE_ASSIGNMENT((#6683));
#6683 = SURFACE_STYLE_USAGE(.BOTH.,#6684);
#6684 = SURFACE_SIDE_STYLE('',(#6685));
#6685 = SURFACE_STYLE_FILL_AREA(#6686);
#6686 = FILL_AREA_STYLE('',(#6687));
#6687 = FILL_AREA_STYLE_COLOUR('',#6484);
#6688 = OVER_RIDING_STYLED_ITEM('overriding color',(#6689),#1261,#6467);
#6689 = PRESENTATION_STYLE_ASSIGNMENT((#6690));
#6690 = SURFACE_STYLE_USAGE(.BOTH.,#6691);
#6691 = SURFACE_SIDE_STYLE('',(#6692));
#6692 = SURFACE_STYLE_FILL_AREA(#6693);
#6693 = FILL_AREA_STYLE('',(#6694));
#6694 = FILL_AREA_STYLE_COLOUR('',#6484);
#6695 = OVER_RIDING_STYLED_ITEM('overriding color',(#6696),#1303,#6467);
#6696 = PRESENTATION_STYLE_ASSIGNMENT((#6697));
#6697 = SURFACE_STYLE_USAGE(.BOTH.,#6698);
#6698 = SURFACE_SIDE_STYLE('',(#6699));
#6699 = SURFACE_STYLE_FILL_AREA(#6700);
#6700 = FILL_AREA_STYLE('',(#6701));
#6701 = FILL_AREA_STYLE_COLOUR('',#6484);
#6702 = OVER_RIDING_STYLED_ITEM('overriding color',(#6703),#1327,#6467);
#6703 = PRESENTATION_STYLE_ASSIGNMENT((#6704));
#6704 = SURFACE_STYLE_USAGE(.BOTH.,#6705);
#6705 = SURFACE_SIDE_STYLE('',(#6706));
#6706 = SURFACE_STYLE_FILL_AREA(#6707);
#6707 = FILL_AREA_STYLE('',(#6708));
#6708 = FILL_AREA_STYLE_COLOUR('',#6484);
#6709 = OVER_RIDING_STYLED_ITEM('overriding color',(#6710),#1369,#6467);
#6710 = PRESENTATION_STYLE_ASSIGNMENT((#6711));
#6711 = SURFACE_STYLE_USAGE(.BOTH.,#6712);
#6712 = SURFACE_SIDE_STYLE('',(#6713));
#6713 = SURFACE_STYLE_FILL_AREA(#6714);
#6714 = FILL_AREA_STYLE('',(#6715));
#6715 = FILL_AREA_STYLE_COLOUR('',#6484);
#6716 = OVER_RIDING_STYLED_ITEM('overriding color',(#6717),#1393,#6467);
#6717 = PRESENTATION_STYLE_ASSIGNMENT((#6718));
#6718 = SURFACE_STYLE_USAGE(.BOTH.,#6719);
#6719 = SURFACE_SIDE_STYLE('',(#6720));
#6720 = SURFACE_STYLE_FILL_AREA(#6721);
#6721 = FILL_AREA_STYLE('',(#6722));
#6722 = FILL_AREA_STYLE_COLOUR('',#6484);
#6723 = OVER_RIDING_STYLED_ITEM('overriding color',(#6724),#1435,#6467);
#6724 = PRESENTATION_STYLE_ASSIGNMENT((#6725));
#6725 = SURFACE_STYLE_USAGE(.BOTH.,#6726);
#6726 = SURFACE_SIDE_STYLE('',(#6727));
#6727 = SURFACE_STYLE_FILL_AREA(#6728);
#6728 = FILL_AREA_STYLE('',(#6729));
#6729 = FILL_AREA_STYLE_COLOUR('',#6484);
#6730 = OVER_RIDING_STYLED_ITEM('overriding color',(#6731),#1459,#6467);
#6731 = PRESENTATION_STYLE_ASSIGNMENT((#6732));
#6732 = SURFACE_STYLE_USAGE(.BOTH.,#6733);
#6733 = SURFACE_SIDE_STYLE('',(#6734));
#6734 = SURFACE_STYLE_FILL_AREA(#6735);
#6735 = FILL_AREA_STYLE('',(#6736));
#6736 = FILL_AREA_STYLE_COLOUR('',#6484);
#6737 = OVER_RIDING_STYLED_ITEM('overriding color',(#6738),#1501,#6467);
#6738 = PRESENTATION_STYLE_ASSIGNMENT((#6739));
#6739 = SURFACE_STYLE_USAGE(.BOTH.,#6740);
#6740 = SURFACE_SIDE_STYLE('',(#6741));
#6741 = SURFACE_STYLE_FILL_AREA(#6742);
#6742 = FILL_AREA_STYLE('',(#6743));
#6743 = FILL_AREA_STYLE_COLOUR('',#6484);
#6744 = OVER_RIDING_STYLED_ITEM('overriding color',(#6745),#1525,#6467);
#6745 = PRESENTATION_STYLE_ASSIGNMENT((#6746));
#6746 = SURFACE_STYLE_USAGE(.BOTH.,#6747);
#6747 = SURFACE_SIDE_STYLE('',(#6748));
#6748 = SURFACE_STYLE_FILL_AREA(#6749);
#6749 = FILL_AREA_STYLE('',(#6750));
#6750 = FILL_AREA_STYLE_COLOUR('',#6484);
#6751 = OVER_RIDING_STYLED_ITEM('overriding color',(#6752),#1567,#6467);
#6752 = PRESENTATION_STYLE_ASSIGNMENT((#6753));
#6753 = SURFACE_STYLE_USAGE(.BOTH.,#6754);
#6754 = SURFACE_SIDE_STYLE('',(#6755));
#6755 = SURFACE_STYLE_FILL_AREA(#6756);
#6756 = FILL_AREA_STYLE('',(#6757));
#6757 = FILL_AREA_STYLE_COLOUR('',#6484);
#6758 = OVER_RIDING_STYLED_ITEM('overriding color',(#6759),#1591,#6467);
#6759 = PRESENTATION_STYLE_ASSIGNMENT((#6760));
#6760 = SURFACE_STYLE_USAGE(.BOTH.,#6761);
#6761 = SURFACE_SIDE_STYLE('',(#6762));
#6762 = SURFACE_STYLE_FILL_AREA(#6763);
#6763 = FILL_AREA_STYLE('',(#6764));
#6764 = FILL_AREA_STYLE_COLOUR('',#6484);
#6765 = OVER_RIDING_STYLED_ITEM('overriding color',(#6766),#1633,#6467);
#6766 = PRESENTATION_STYLE_ASSIGNMENT((#6767));
#6767 = SURFACE_STYLE_USAGE(.BOTH.,#6768);
#6768 = SURFACE_SIDE_STYLE('',(#6769));
#6769 = SURFACE_STYLE_FILL_AREA(#6770);
#6770 = FILL_AREA_STYLE('',(#6771));
#6771 = FILL_AREA_STYLE_COLOUR('',#6484);
#6772 = OVER_RIDING_STYLED_ITEM('overriding color',(#6773),#1657,#6467);
#6773 = PRESENTATION_STYLE_ASSIGNMENT((#6774));
#6774 = SURFACE_STYLE_USAGE(.BOTH.,#6775);
#6775 = SURFACE_SIDE_STYLE('',(#6776));
#6776 = SURFACE_STYLE_FILL_AREA(#6777);
#6777 = FILL_AREA_STYLE('',(#6778));
#6778 = FILL_AREA_STYLE_COLOUR('',#6484);
#6779 = OVER_RIDING_STYLED_ITEM('overriding color',(#6780),#1699,#6467);
#6780 = PRESENTATION_STYLE_ASSIGNMENT((#6781));
#6781 = SURFACE_STYLE_USAGE(.BOTH.,#6782);
#6782 = SURFACE_SIDE_STYLE('',(#6783));
#6783 = SURFACE_STYLE_FILL_AREA(#6784);
#6784 = FILL_AREA_STYLE('',(#6785));
#6785 = FILL_AREA_STYLE_COLOUR('',#6484);
#6786 = OVER_RIDING_STYLED_ITEM('overriding color',(#6787),#1723,#6467);
#6787 = PRESENTATION_STYLE_ASSIGNMENT((#6788));
#6788 = SURFACE_STYLE_USAGE(.BOTH.,#6789);
#6789 = SURFACE_SIDE_STYLE('',(#6790));
#6790 = SURFACE_STYLE_FILL_AREA(#6791);
#6791 = FILL_AREA_STYLE('',(#6792));
#6792 = FILL_AREA_STYLE_COLOUR('',#6484);
#6793 = OVER_RIDING_STYLED_ITEM('overriding color',(#6794),#1765,#6467);
#6794 = PRESENTATION_STYLE_ASSIGNMENT((#6795));
#6795 = SURFACE_STYLE_USAGE(.BOTH.,#6796);
#6796 = SURFACE_SIDE_STYLE('',(#6797));
#6797 = SURFACE_STYLE_FILL_AREA(#6798);
#6798 = FILL_AREA_STYLE('',(#6799));
#6799 = FILL_AREA_STYLE_COLOUR('',#6484);
#6800 = OVER_RIDING_STYLED_ITEM('overriding color',(#6801),#1789,#6467);
#6801 = PRESENTATION_STYLE_ASSIGNMENT((#6802));
#6802 = SURFACE_STYLE_USAGE(.BOTH.,#6803);
#6803 = SURFACE_SIDE_STYLE('',(#6804));
#6804 = SURFACE_STYLE_FILL_AREA(#6805);
#6805 = FILL_AREA_STYLE('',(#6806));
#6806 = FILL_AREA_STYLE_COLOUR('',#6484);
#6807 = OVER_RIDING_STYLED_ITEM('overriding color',(#6808),#1831,#6467);
#6808 = PRESENTATION_STYLE_ASSIGNMENT((#6809));
#6809 = SURFACE_STYLE_USAGE(.BOTH.,#6810);
#6810 = SURFACE_SIDE_STYLE('',(#6811));
#6811 = SURFACE_STYLE_FILL_AREA(#6812);
#6812 = FILL_AREA_STYLE('',(#6813));
#6813 = FILL_AREA_STYLE_COLOUR('',#6484);


ENDSEC;
END-ISO-10303-21;