ISO-10303-21;
HEADER;
FILE_DESCRIPTION(('Designed by EasyEDA Pro'),'2;1');
FILE_NAME('Open CASCADE Shape Model','2026-08-17T17:54:46',('Author'),(
    'Open CASCADE'),'Open CASCADE STEP processor 7.8','Open CASCADE 7.8'
  ,'Unknown');
FILE_SCHEMA(('AUTOMOTIVE_DESIGN { 1 0 10303 214 1 1 1 1 }'));
ENDSEC;
DATA;

#1 = APPLICATION_PROTOCOL_DEFINITION('international standard',  'automotive_design',2000,#2);
#2 = APPLICATION_CONTEXT(  'core data for automotive mechanical design processes');
#3 = SHAPE_DEFINITION_REPRESENTATION(#4,#10);
#4 = PRODUCT_DEFINITION_SHAPE('','',#5);
#5 = PRODUCT_DEFINITION('design','',#6,#9);
#6 = PRODUCT_DEFINITION_FORMATION('','',#7);
#7 = PRODUCT('EasyEDA PCB Model~6DR2','EasyEDA PCB Model~6DR2','',(#8));
#8 = PRODUCT_CONTEXT('',#2,'mechanical');
#9 = PRODUCT_DEFINITION_CONTEXT('part definition',#2,'design');
#10=SHAPE_REPRESENTATION('',(#11,#15,#19,#23,#27,#31,#35,#39,#43,#47,#51,#55,#59,#63,#67,#71,#75,#79,#83,#87,#91,#95,#99,#103,#107,#111,#115,#119,#123,#127,#131,#135,#139,#143,#147),#151);
#11 = AXIS2_PLACEMENT_3D('',#12,#13,#14);
#12 = CARTESIAN_POINT('',(0.,0.,0.));
#13 = DIRECTION('',(0.,0.,1.));
#14 = DIRECTION('',(1.,0.,-0.));
#15 = AXIS2_PLACEMENT_3D('',#16,#17,#18);
#16 = CARTESIAN_POINT('',(0.,0.,0.));
#17 = DIRECTION('',(0.,0.,1.));
#18 = DIRECTION('',(1.,0.,-0.));
#19 = AXIS2_PLACEMENT_3D('',#20,#21,#22);
#20 = CARTESIAN_POINT('',(0.,0.,1.596156972314));
#21 = DIRECTION('',(0.,0.,1.));
#22 = DIRECTION('',(1.,0.,-0.));
#23 = AXIS2_PLACEMENT_3D('',#24,#25,#26);
#24 = CARTESIAN_POINT('',(0.,0.,-1.E-02));
#25 = DIRECTION('',(0.,0.,1.));
#26 = DIRECTION('',(1.,0.,-0.));
#27 = AXIS2_PLACEMENT_3D('',#28,#29,#30);
#28 = CARTESIAN_POINT('',(0.,0.,0.));
#29 = DIRECTION('',(0.,0.,1.));
#30 = DIRECTION('',(1.,0.,-0.));
#31 = AXIS2_PLACEMENT_3D('',#32,#33,#34);
#32 = CARTESIAN_POINT('',(0.,0.,0.));
#33 = DIRECTION('',(0.,0.,1.));
#34 = DIRECTION('',(1.,0.,-0.));
#35 = AXIS2_PLACEMENT_3D('',#36,#37,#38);
#36 = CARTESIAN_POINT('',(110.19098298196,-135.4566014732,1.586156972314    ));
#37 = DIRECTION('',(0.,0.,1.));
#38 = DIRECTION('',(-1.,1.224646799147E-16,0.));
#39 = AXIS2_PLACEMENT_3D('',#40,#41,#42);
#40 = CARTESIAN_POINT('',(66.040132080264,-146.4312928625,1.586156972314    ));
#41 = DIRECTION('',(0.,0.,1.));
#42 = DIRECTION('',(-1.,1.224646799147E-16,0.));
#43 = AXIS2_PLACEMENT_3D('',#44,#45,#46);
#44 = CARTESIAN_POINT('',(132.20726441452,-150.7493014986,1.586156972314    ));
#45 = DIRECTION('',(0.,-0.,1.));
#46 = DIRECTION('',(1.110223024625E-16,1.,0.));
#47 = AXIS2_PLACEMENT_3D('',#48,#49,#50);
#48 = CARTESIAN_POINT('',(81.915163830328,-136.3982727965,1.586156972314    ));
#49 = DIRECTION('',(0.,0.,1.));
#50 = DIRECTION('',(-1.,1.224646799147E-16,0.));
#51 = AXIS2_PLACEMENT_3D('',#52,#53,#54);
#52 = CARTESIAN_POINT('',(92.58318516637,-132.5882651765,1.586156972314)  );
#53 = DIRECTION('',(0.,0.,1.));
#54 = DIRECTION('',(1.,0.,0.));
#55 = AXIS2_PLACEMENT_3D('',#56,#57,#58);
#56 = CARTESIAN_POINT('',(92.58318516637,-134.6202692405,1.586156972314)  );
#57 = DIRECTION('',(0.,0.,1.));
#58 = DIRECTION('',(1.,0.,0.));
#59 = AXIS2_PLACEMENT_3D('',#60,#61,#62);
#60 = CARTESIAN_POINT('',(79.248158496317,-130.6832613665,1.586156972314    ));
#61 = DIRECTION('',(0.,-0.,1.));
#62 = DIRECTION('',(1.110223024625E-16,1.,0.));
#63 = AXIS2_PLACEMENT_3D('',#64,#65,#66);
#64 = CARTESIAN_POINT('',(81.661163322327,-129.7942595885,1.586156972314    ));
#65 = DIRECTION('',(0.,0.,1.));
#66 = DIRECTION('',(-1.,1.224646799147E-16,0.));
#67 = AXIS2_PLACEMENT_3D('',#68,#69,#70);
#68 = CARTESIAN_POINT('',(93.345186690373,-127.1272542545,1.586156972314    ));
#69 = DIRECTION('',(0.,0.,1.));
#70 = DIRECTION('',(-4.440892098501E-16,-1.,0.));
#71 = AXIS2_PLACEMENT_3D('',#72,#73,#74);
#72 = CARTESIAN_POINT('',(84.96316992634,-143.5102870205,1.586156972314)  );
#73 = DIRECTION('',(0.,-0.,1.));
#74 = DIRECTION('',(1.110223024625E-16,1.,0.));
#75 = AXIS2_PLACEMENT_3D('',#76,#77,#78);
#76 = CARTESIAN_POINT('',(99.9491998984,-130.8102616205,1.586156972314)  );
#77 = DIRECTION('',(0.,0.,1.));
#78 = DIRECTION('',(-4.440892098501E-16,-1.,0.));
#79 = AXIS2_PLACEMENT_3D('',#80,#81,#82);
#80 = CARTESIAN_POINT('',(97.40919481839,-130.8102616205,1.586156972314)  );
#81 = DIRECTION('',(0.,0.,1.));
#82 = DIRECTION('',(-4.440892098501E-16,-1.,0.));
#83 = AXIS2_PLACEMENT_3D('',#84,#85,#86);
#84 = CARTESIAN_POINT('',(93.599187198374,-141.8592837185,1.586156972314    ));
#85 = DIRECTION('',(0.,-0.,1.));
#86 = DIRECTION('',(1.110223024625E-16,1.,0.));
#87 = AXIS2_PLACEMENT_3D('',#88,#89,#90);
#88 = CARTESIAN_POINT('',(81.661163322327,-131.5722631445,1.586156972314    ));
#89 = DIRECTION('',(0.,0.,1.));
#90 = DIRECTION('',(-1.,1.224646799147E-16,0.));
#91 = AXIS2_PLACEMENT_3D('',#92,#93,#94);
#92 = CARTESIAN_POINT('',(81.661163322327,-133.0962661925,1.586156972314    ));
#93 = DIRECTION('',(0.,0.,1.));
#94 = DIRECTION('',(-1.,1.224646799147E-16,0.));
#95 = AXIS2_PLACEMENT_3D('',#96,#97,#98);
#96 = CARTESIAN_POINT('',(81.661163322327,-134.6202692405,1.586156972314    ));
#97 = DIRECTION('',(0.,0.,1.));
#98 = DIRECTION('',(-1.,1.224646799147E-16,0.));
#99 = AXIS2_PLACEMENT_3D('',#100,#101,#102);
#100 = CARTESIAN_POINT('',(91.186182372365,-128.3972567945,    1.586156972314));
#101 = DIRECTION('',(0.,0.,1.));
#102 = DIRECTION('',(-4.440892098501E-16,-1.,0.));
#103 = AXIS2_PLACEMENT_3D('',#104,#105,#106);
#104 = CARTESIAN_POINT('',(92.075184150368,-130.6832613665,    1.586156972314));
#105 = DIRECTION('',(0.,0.,1.));
#106 = DIRECTION('',(1.,0.,0.));
#107 = AXIS2_PLACEMENT_3D('',#108,#109,#110);
#108 = CARTESIAN_POINT('',(78.232156464313,-136.3982727965,    1.586156972314));
#109 = DIRECTION('',(0.,0.,1.));
#110 = DIRECTION('',(-1.,1.224646799147E-16,0.));
#111 = AXIS2_PLACEMENT_3D('',#112,#113,#114);
#112 = CARTESIAN_POINT('',(92.837185674371,-148.9712979425,    1.586156972314));
#113 = DIRECTION('',(0.,0.,1.));
#114 = DIRECTION('',(-1.,1.224646799147E-16,0.));
#115 = AXIS2_PLACEMENT_3D('',#116,#117,#118);
#116 = CARTESIAN_POINT('',(87.785598171196,-132.7588950977,    1.586156972314));
#117 = DIRECTION('',(0.,0.,1.));
#118 = DIRECTION('',(-4.440892098501E-16,-1.,0.));
#119 = AXIS2_PLACEMENT_3D('',#120,#121,#122);
#120 = CARTESIAN_POINT('',(93.674117348235,-163.1953111506,    1.586156972314));
#121 = DIRECTION('',(0.,0.,1.));
#122 = DIRECTION('',(-4.440892098501E-16,-1.,0.));
#123 = AXIS2_PLACEMENT_3D('',#124,#125,#126);
#124 = CARTESIAN_POINT('',(93.674117348235,-161.1759131318,    1.586156972314));
#125 = DIRECTION('',(0.,0.,1.));
#126 = DIRECTION('',(-4.440892098501E-16,-1.,0.));
#127 = AXIS2_PLACEMENT_3D('',#128,#129,#130);
#128 = CARTESIAN_POINT('',(93.674117348235,-159.156515113,1.586156972314    ));
#129 = DIRECTION('',(0.,0.,1.));
#130 = DIRECTION('',(-4.440892098501E-16,-1.,0.));
#131 = AXIS2_PLACEMENT_3D('',#132,#133,#134);
#132 = CARTESIAN_POINT('',(93.674117348235,-157.1371170942,    1.586156972314));
#133 = DIRECTION('',(0.,0.,1.));
#134 = DIRECTION('',(-4.440892098501E-16,-1.,0.));
#135 = AXIS2_PLACEMENT_3D('',#136,#137,#138);
#136 = CARTESIAN_POINT('',(93.674117348235,-155.1177165354,    1.586156972314));
#137 = DIRECTION('',(0.,0.,1.));
#138 = DIRECTION('',(-4.440892098501E-16,-1.,0.));
#139 = AXIS2_PLACEMENT_3D('',#140,#141,#142);
#140 = CARTESIAN_POINT('',(93.674117348235,-153.0983185166,    1.586156972314));
#141 = DIRECTION('',(0.,0.,1.));
#142 = DIRECTION('',(-4.440892098501E-16,-1.,0.));
#143 = AXIS2_PLACEMENT_3D('',#144,#145,#146);
#144 = CARTESIAN_POINT('',(93.674117348235,-151.0789204978,    1.586156972314));
#145 = DIRECTION('',(0.,0.,1.));
#146 = DIRECTION('',(-4.440892098501E-16,-1.,0.));
#147 = AXIS2_PLACEMENT_3D('',#148,#149,#150);
#148 = CARTESIAN_POINT('',(100.8382016764,-136.3982727965,1.586156972314    ));
#149 = DIRECTION('',(0.,0.,1.));
#150 = DIRECTION('',(-4.440892098501E-16,-1.,0.));
#151 = ( GEOMETRIC_REPRESENTATION_CONTEXT(3) GLOBAL_UNCERTAINTY_ASSIGNED_CONTEXT((#155)) GLOBAL_UNIT_ASSIGNED_CONTEXT((#152,#153,#154)) REPRESENTATION_CONTEXT('Context #1',  '3D Context with UNIT and UNCERTAINTY') );
#152 = ( LENGTH_UNIT() NAMED_UNIT(*) SI_UNIT(.MILLI.,.METRE.) );
#153 = ( NAMED_UNIT(*) PLANE_ANGLE_UNIT() SI_UNIT($,.RADIAN.) );
#154 = ( NAMED_UNIT(*) SI_UNIT($,.STERADIAN.) SOLID_ANGLE_UNIT() );
#155 = UNCERTAINTY_MEASURE_WITH_UNIT(LENGTH_MEASURE(5.E-07),#152,  'distance_accuracy_value','confusion accuracy');
#156 = PRODUCT_RELATED_PRODUCT_CATEGORY('part',$,(#7));
#157 = SHAPE_DEFINITION_REPRESENTATION(#158,#164);
#158 = PRODUCT_DEFINITION_SHAPE('','',#159);
#159 = PRODUCT_DEFINITION('design','',#160,#163);
#160 = PRODUCT_DEFINITION_FORMATION('','',#161);
#161 = PRODUCT('Board~6DR2','Board~6DR2','',(#162));
#162 = PRODUCT_CONTEXT('',#2,'mechanical');
#163 = PRODUCT_DEFINITION_CONTEXT('part definition',#2,'design');
#164 = ADVANCED_BREP_SHAPE_REPRESENTATION('',(#11,#165),#455);
#165 = MANIFOLD_SOLID_BREP('',#166);
#166 = CLOSED_SHELL('',(#167,#209,#240,#273,#304,#337,#368,#401,#423,    #439));
#167 = ADVANCED_FACE('',(#168),#204,.T.);
#168 = FACE_BOUND('',#169,.T.);
#169 = EDGE_LOOP('',(#170,#180,#189,#197));
#170 = ORIENTED_EDGE('',*,*,#171,.T.);
#171 = EDGE_CURVE('',#172,#174,#176,.T.);
#172 = VERTEX_POINT('',#173);
#173 = CARTESIAN_POINT('',(41.795783591567,-111.8632232664,0.));
#174 = VERTEX_POINT('',#175);
#175 = CARTESIAN_POINT('',(41.795783591567,-111.8632232664,    1.586156972314));
#176 = LINE('',#177,#178);
#177 = CARTESIAN_POINT('',(41.795783591567,-111.8632232664,0.));
#178 = VECTOR('',#179,1.);
#179 = DIRECTION('',(0.,0.,1.));
#180 = ORIENTED_EDGE('',*,*,#181,.T.);
#181 = EDGE_CURVE('',#174,#182,#184,.T.);
#182 = VERTEX_POINT('',#183);
#183 = CARTESIAN_POINT('',(43.283086106172,-110.3759207518,    1.586156972314));
#184 = CIRCLE('',#185,1.487302514605);
#185 = AXIS2_PLACEMENT_3D('',#186,#187,#188);
#186 = CARTESIAN_POINT('',(43.283086106172,-111.8632232664,    1.586156972314));
#187 = DIRECTION('',(0.,0.,-1.));
#188 = DIRECTION('',(-1.,1.055664495465E-16,0.));
#189 = ORIENTED_EDGE('',*,*,#190,.F.);
#190 = EDGE_CURVE('',#191,#182,#193,.T.);
#191 = VERTEX_POINT('',#192);
#192 = CARTESIAN_POINT('',(43.283086106172,-110.3759207518,0.));
#193 = LINE('',#194,#195);
#194 = CARTESIAN_POINT('',(43.283086106172,-110.3759207518,0.));
#195 = VECTOR('',#196,1.);
#196 = DIRECTION('',(0.,0.,1.));
#197 = ORIENTED_EDGE('',*,*,#198,.F.);
#198 = EDGE_CURVE('',#172,#191,#199,.T.);
#199 = CIRCLE('',#200,1.487302514605);
#200 = AXIS2_PLACEMENT_3D('',#201,#202,#203);
#201 = CARTESIAN_POINT('',(43.283086106172,-111.8632232664,0.));
#202 = DIRECTION('',(0.,0.,-1.));
#203 = DIRECTION('',(-1.,1.055664495465E-16,0.));
#204 = CYLINDRICAL_SURFACE('',#205,1.487302514605);
#205 = AXIS2_PLACEMENT_3D('',#206,#207,#208);
#206 = CARTESIAN_POINT('',(43.283086106172,-111.8632232664,0.));
#207 = DIRECTION('',(0.,0.,-1.));
#208 = DIRECTION('',(-1.,1.055664495465E-16,0.));
#209 = ADVANCED_FACE('',(#210),#235,.T.);
#210 = FACE_BOUND('',#211,.T.);
#211 = EDGE_LOOP('',(#212,#213,#221,#229));
#212 = ORIENTED_EDGE('',*,*,#190,.T.);
#213 = ORIENTED_EDGE('',*,*,#214,.T.);
#214 = EDGE_CURVE('',#182,#215,#217,.T.);
#215 = VERTEX_POINT('',#216);
#216 = CARTESIAN_POINT('',(136.28327406654,-110.3759207518,    1.586156972314));
#217 = LINE('',#218,#219);
#218 = CARTESIAN_POINT('',(43.283086106172,-110.3759207518,    1.586156972314));
#219 = VECTOR('',#220,1.);
#220 = DIRECTION('',(1.,3.056091611612E-16,0.));
#221 = ORIENTED_EDGE('',*,*,#222,.F.);
#222 = EDGE_CURVE('',#223,#215,#225,.T.);
#223 = VERTEX_POINT('',#224);
#224 = CARTESIAN_POINT('',(136.28327406654,-110.3759207518,0.));
#225 = LINE('',#226,#227);
#226 = CARTESIAN_POINT('',(136.28327406654,-110.3759207518,0.));
#227 = VECTOR('',#228,1.);
#228 = DIRECTION('',(0.,0.,1.));
#229 = ORIENTED_EDGE('',*,*,#230,.F.);
#230 = EDGE_CURVE('',#191,#223,#231,.T.);
#231 = LINE('',#232,#233);
#232 = CARTESIAN_POINT('',(43.283086106172,-110.3759207518,0.));
#233 = VECTOR('',#234,1.);
#234 = DIRECTION('',(1.,3.056091611612E-16,0.));
#235 = PLANE('',#236);
#236 = AXIS2_PLACEMENT_3D('',#237,#238,#239);
#237 = CARTESIAN_POINT('',(43.283086106172,-110.3759207518,0.));
#238 = DIRECTION('',(-3.056091611612E-16,1.,0.));
#239 = DIRECTION('',(1.,3.056091611612E-16,0.));
#240 = ADVANCED_FACE('',(#241),#268,.T.);
#241 = FACE_BOUND('',#242,.T.);
#242 = EDGE_LOOP('',(#243,#244,#253,#261));
#243 = ORIENTED_EDGE('',*,*,#222,.T.);
#244 = ORIENTED_EDGE('',*,*,#245,.T.);
#245 = EDGE_CURVE('',#215,#246,#248,.T.);
#246 = VERTEX_POINT('',#247);
#247 = CARTESIAN_POINT('',(137.77057658115,-111.8632232664,    1.586156972314));
#248 = CIRCLE('',#249,1.487302514605);
#249 = AXIS2_PLACEMENT_3D('',#250,#251,#252);
#250 = CARTESIAN_POINT('',(136.28327406654,-111.8632232664,    1.586156972314));
#251 = DIRECTION('',(0.,0.,-1.));
#252 = DIRECTION('',(2.206338795521E-14,1.,0.));
#253 = ORIENTED_EDGE('',*,*,#254,.F.);
#254 = EDGE_CURVE('',#255,#246,#257,.T.);
#255 = VERTEX_POINT('',#256);
#256 = CARTESIAN_POINT('',(137.77057658115,-111.8632232664,0.));
#257 = LINE('',#258,#259);
#258 = CARTESIAN_POINT('',(137.77057658115,-111.8632232664,0.));
#259 = VECTOR('',#260,1.);
#260 = DIRECTION('',(0.,0.,1.));
#261 = ORIENTED_EDGE('',*,*,#262,.F.);
#262 = EDGE_CURVE('',#223,#255,#263,.T.);
#263 = CIRCLE('',#264,1.487302514605);
#264 = AXIS2_PLACEMENT_3D('',#265,#266,#267);
#265 = CARTESIAN_POINT('',(136.28327406654,-111.8632232664,0.));
#266 = DIRECTION('',(0.,0.,-1.));
#267 = DIRECTION('',(2.206338795521E-14,1.,0.));
#268 = CYLINDRICAL_SURFACE('',#269,1.487302514605);
#269 = AXIS2_PLACEMENT_3D('',#270,#271,#272);
#270 = CARTESIAN_POINT('',(136.28327406654,-111.8632232664,0.));
#271 = DIRECTION('',(0.,0.,-1.));
#272 = DIRECTION('',(2.206338795521E-14,1.,0.));
#273 = ADVANCED_FACE('',(#274),#299,.T.);
#274 = FACE_BOUND('',#275,.T.);
#275 = EDGE_LOOP('',(#276,#277,#285,#293));
#276 = ORIENTED_EDGE('',*,*,#254,.T.);
#277 = ORIENTED_EDGE('',*,*,#278,.T.);
#278 = EDGE_CURVE('',#246,#279,#281,.T.);
#279 = VERTEX_POINT('',#280);
#280 = CARTESIAN_POINT('',(137.77057658115,-163.8633274066,    1.586156972314));
#281 = LINE('',#282,#283);
#282 = CARTESIAN_POINT('',(137.77057658115,-111.8632232664,    1.586156972314));
#283 = VECTOR('',#284,1.);
#284 = DIRECTION('',(5.465702405859E-16,-1.,0.));
#285 = ORIENTED_EDGE('',*,*,#286,.F.);
#286 = EDGE_CURVE('',#287,#279,#289,.T.);
#287 = VERTEX_POINT('',#288);
#288 = CARTESIAN_POINT('',(137.77057658115,-163.8633274066,0.));
#289 = LINE('',#290,#291);
#290 = CARTESIAN_POINT('',(137.77057658115,-163.8633274066,0.));
#291 = VECTOR('',#292,1.);
#292 = DIRECTION('',(0.,0.,1.));
#293 = ORIENTED_EDGE('',*,*,#294,.F.);
#294 = EDGE_CURVE('',#255,#287,#295,.T.);
#295 = LINE('',#296,#297);
#296 = CARTESIAN_POINT('',(137.77057658115,-111.8632232664,0.));
#297 = VECTOR('',#298,1.);
#298 = DIRECTION('',(5.465702405859E-16,-1.,0.));
#299 = PLANE('',#300);
#300 = AXIS2_PLACEMENT_3D('',#301,#302,#303);
#301 = CARTESIAN_POINT('',(137.77057658115,-111.8632232664,0.));
#302 = DIRECTION('',(1.,5.465702405859E-16,-0.));
#303 = DIRECTION('',(5.465702405859E-16,-1.,0.));
#304 = ADVANCED_FACE('',(#305),#332,.T.);
#305 = FACE_BOUND('',#306,.T.);
#306 = EDGE_LOOP('',(#307,#308,#317,#325));
#307 = ORIENTED_EDGE('',*,*,#286,.T.);
#308 = ORIENTED_EDGE('',*,*,#309,.T.);
#309 = EDGE_CURVE('',#279,#310,#312,.T.);
#310 = VERTEX_POINT('',#311);
#311 = CARTESIAN_POINT('',(136.28327406654,-165.3506299212,    1.586156972314));
#312 = CIRCLE('',#313,1.487302514605);
#313 = AXIS2_PLACEMENT_3D('',#314,#315,#316);
#314 = CARTESIAN_POINT('',(136.28327406654,-163.8633274066,    1.586156972314));
#315 = DIRECTION('',(0.,0.,-1.));
#316 = DIRECTION('',(1.,-1.79462964229E-15,0.));
#317 = ORIENTED_EDGE('',*,*,#318,.F.);
#318 = EDGE_CURVE('',#319,#310,#321,.T.);
#319 = VERTEX_POINT('',#320);
#320 = CARTESIAN_POINT('',(136.28327406654,-165.3506299212,0.));
#321 = LINE('',#322,#323);
#322 = CARTESIAN_POINT('',(136.28327406654,-165.3506299212,0.));
#323 = VECTOR('',#324,1.);
#324 = DIRECTION('',(0.,0.,1.));
#325 = ORIENTED_EDGE('',*,*,#326,.F.);
#326 = EDGE_CURVE('',#287,#319,#327,.T.);
#327 = CIRCLE('',#328,1.487302514605);
#328 = AXIS2_PLACEMENT_3D('',#329,#330,#331);
#329 = CARTESIAN_POINT('',(136.28327406654,-163.8633274066,0.));
#330 = DIRECTION('',(0.,0.,-1.));
#331 = DIRECTION('',(1.,-1.79462964229E-15,0.));
#332 = CYLINDRICAL_SURFACE('',#333,1.487302514605);
#333 = AXIS2_PLACEMENT_3D('',#334,#335,#336);
#334 = CARTESIAN_POINT('',(136.28327406654,-163.8633274066,0.));
#335 = DIRECTION('',(0.,0.,-1.));
#336 = DIRECTION('',(1.,-1.79462964229E-15,0.));
#337 = ADVANCED_FACE('',(#338),#363,.T.);
#338 = FACE_BOUND('',#339,.T.);
#339 = EDGE_LOOP('',(#340,#341,#349,#357));
#340 = ORIENTED_EDGE('',*,*,#318,.T.);
#341 = ORIENTED_EDGE('',*,*,#342,.T.);
#342 = EDGE_CURVE('',#310,#343,#345,.T.);
#343 = VERTEX_POINT('',#344);
#344 = CARTESIAN_POINT('',(43.283086106172,-165.3506299212,    1.586156972314));
#345 = LINE('',#346,#347);
#346 = CARTESIAN_POINT('',(136.28327406654,-165.3506299212,    1.586156972314));
#347 = VECTOR('',#348,1.);
#348 = DIRECTION('',(-1.,3.056091611612E-16,0.));
#349 = ORIENTED_EDGE('',*,*,#350,.F.);
#350 = EDGE_CURVE('',#351,#343,#353,.T.);
#351 = VERTEX_POINT('',#352);
#352 = CARTESIAN_POINT('',(43.283086106172,-165.3506299212,0.));
#353 = LINE('',#354,#355);
#354 = CARTESIAN_POINT('',(43.283086106172,-165.3506299212,0.));
#355 = VECTOR('',#356,1.);
#356 = DIRECTION('',(0.,0.,1.));
#357 = ORIENTED_EDGE('',*,*,#358,.F.);
#358 = EDGE_CURVE('',#319,#351,#359,.T.);
#359 = LINE('',#360,#361);
#360 = CARTESIAN_POINT('',(136.28327406654,-165.3506299212,0.));
#361 = VECTOR('',#362,1.);
#362 = DIRECTION('',(-1.,3.056091611612E-16,0.));
#363 = PLANE('',#364);
#364 = AXIS2_PLACEMENT_3D('',#365,#366,#367);
#365 = CARTESIAN_POINT('',(136.28327406654,-165.3506299212,0.));
#366 = DIRECTION('',(-3.056091611612E-16,-1.,0.));
#367 = DIRECTION('',(-1.,3.056091611612E-16,0.));
#368 = ADVANCED_FACE('',(#369),#396,.T.);
#369 = FACE_BOUND('',#370,.T.);
#370 = EDGE_LOOP('',(#371,#372,#381,#389));
#371 = ORIENTED_EDGE('',*,*,#350,.T.);
#372 = ORIENTED_EDGE('',*,*,#373,.T.);
#373 = EDGE_CURVE('',#343,#374,#376,.T.);
#374 = VERTEX_POINT('',#375);
#375 = CARTESIAN_POINT('',(41.795783591567,-163.8633274066,    1.586156972314));
#376 = CIRCLE('',#377,1.487302514605);
#377 = AXIS2_PLACEMENT_3D('',#378,#379,#380);
#378 = CARTESIAN_POINT('',(43.283086106172,-163.8633274066,    1.586156972314));
#379 = DIRECTION('',(-0.,0.,-1.));
#380 = DIRECTION('',(8.973148211449E-15,-1.,-0.));
#381 = ORIENTED_EDGE('',*,*,#382,.F.);
#382 = EDGE_CURVE('',#383,#374,#385,.T.);
#383 = VERTEX_POINT('',#384);
#384 = CARTESIAN_POINT('',(41.795783591567,-163.8633274066,0.));
#385 = LINE('',#386,#387);
#386 = CARTESIAN_POINT('',(41.795783591567,-163.8633274066,0.));
#387 = VECTOR('',#388,1.);
#388 = DIRECTION('',(0.,0.,1.));
#389 = ORIENTED_EDGE('',*,*,#390,.F.);
#390 = EDGE_CURVE('',#351,#383,#391,.T.);
#391 = CIRCLE('',#392,1.487302514605);
#392 = AXIS2_PLACEMENT_3D('',#393,#394,#395);
#393 = CARTESIAN_POINT('',(43.283086106172,-163.8633274066,0.));
#394 = DIRECTION('',(-0.,0.,-1.));
#395 = DIRECTION('',(8.973148211449E-15,-1.,-0.));
#396 = CYLINDRICAL_SURFACE('',#397,1.487302514605);
#397 = AXIS2_PLACEMENT_3D('',#398,#399,#400);
#398 = CARTESIAN_POINT('',(43.283086106172,-163.8633274066,0.));
#399 = DIRECTION('',(-0.,0.,-1.));
#400 = DIRECTION('',(8.973148211449E-15,-1.,-0.));
#401 = ADVANCED_FACE('',(#402),#418,.T.);
#402 = FACE_BOUND('',#403,.T.);
#403 = EDGE_LOOP('',(#404,#405,#411,#412));
#404 = ORIENTED_EDGE('',*,*,#382,.T.);
#405 = ORIENTED_EDGE('',*,*,#406,.T.);
#406 = EDGE_CURVE('',#374,#174,#407,.T.);
#407 = LINE('',#408,#409);
#408 = CARTESIAN_POINT('',(41.795783591567,-163.8633274066,    1.586156972314));
#409 = VECTOR('',#410,1.);
#410 = DIRECTION('',(0.,1.,0.));
#411 = ORIENTED_EDGE('',*,*,#171,.F.);
#412 = ORIENTED_EDGE('',*,*,#413,.F.);
#413 = EDGE_CURVE('',#383,#172,#414,.T.);
#414 = LINE('',#415,#416);
#415 = CARTESIAN_POINT('',(41.795783591567,-163.8633274066,0.));
#416 = VECTOR('',#417,1.);
#417 = DIRECTION('',(0.,1.,0.));
#418 = PLANE('',#419);
#419 = AXIS2_PLACEMENT_3D('',#420,#421,#422);
#420 = CARTESIAN_POINT('',(41.795783591567,-163.8633274066,0.));
#421 = DIRECTION('',(-1.,0.,0.));
#422 = DIRECTION('',(0.,1.,0.));
#423 = ADVANCED_FACE('',(#424),#434,.T.);
#424 = FACE_BOUND('',#425,.T.);
#425 = EDGE_LOOP('',(#426,#427,#428,#429,#430,#431,#432,#433));
#426 = ORIENTED_EDGE('',*,*,#198,.T.);
#427 = ORIENTED_EDGE('',*,*,#230,.T.);
#428 = ORIENTED_EDGE('',*,*,#262,.T.);
#429 = ORIENTED_EDGE('',*,*,#294,.T.);
#430 = ORIENTED_EDGE('',*,*,#326,.T.);
#431 = ORIENTED_EDGE('',*,*,#358,.T.);
#432 = ORIENTED_EDGE('',*,*,#390,.T.);
#433 = ORIENTED_EDGE('',*,*,#413,.T.);
#434 = PLANE('',#435);
#435 = AXIS2_PLACEMENT_3D('',#436,#437,#438);
#436 = CARTESIAN_POINT('',(89.78318008636,-137.8632753365,0.));
#437 = DIRECTION('',(-0.,-0.,-1.));
#438 = DIRECTION('',(-1.,0.,0.));
#439 = ADVANCED_FACE('',(#440),#450,.F.);
#440 = FACE_BOUND('',#441,.F.);
#441 = EDGE_LOOP('',(#442,#443,#444,#445,#446,#447,#448,#449));
#442 = ORIENTED_EDGE('',*,*,#181,.T.);
#443 = ORIENTED_EDGE('',*,*,#214,.T.);
#444 = ORIENTED_EDGE('',*,*,#245,.T.);
#445 = ORIENTED_EDGE('',*,*,#278,.T.);
#446 = ORIENTED_EDGE('',*,*,#309,.T.);
#447 = ORIENTED_EDGE('',*,*,#342,.T.);
#448 = ORIENTED_EDGE('',*,*,#373,.T.);
#449 = ORIENTED_EDGE('',*,*,#406,.T.);
#450 = PLANE('',#451);
#451 = AXIS2_PLACEMENT_3D('',#452,#453,#454);
#452 = CARTESIAN_POINT('',(89.78318008636,-137.8632753365,1.586156972314    ));
#453 = DIRECTION('',(-0.,-0.,-1.));
#454 = DIRECTION('',(-1.,0.,0.));
#455 = ( GEOMETRIC_REPRESENTATION_CONTEXT(3) GLOBAL_UNCERTAINTY_ASSIGNED_CONTEXT((#459)) GLOBAL_UNIT_ASSIGNED_CONTEXT((#456,#457,#458)) REPRESENTATION_CONTEXT('Context #1',  '3D Context with UNIT and UNCERTAINTY') );
#456 = ( LENGTH_UNIT() NAMED_UNIT(*) SI_UNIT(.MILLI.,.METRE.) );
#457 = ( NAMED_UNIT(*) PLANE_ANGLE_UNIT() SI_UNIT($,.RADIAN.) );
#458 = ( NAMED_UNIT(*) SI_UNIT($,.STERADIAN.) SOLID_ANGLE_UNIT() );
#459 = UNCERTAINTY_MEASURE_WITH_UNIT(LENGTH_MEASURE(1.E-07),#456,  'distance_accuracy_value','confusion accuracy');
#460 = CONTEXT_DEPENDENT_SHAPE_REPRESENTATION(#461,#463);
#461 = ( REPRESENTATION_RELATIONSHIP('','',#164,#10) REPRESENTATION_RELATIONSHIP_WITH_TRANSFORMATION(#462) SHAPE_REPRESENTATION_RELATIONSHIP() );
#462 = ITEM_DEFINED_TRANSFORMATION('','',#11,#15);
#463 = PRODUCT_DEFINITION_SHAPE('Placement','Placement of an item',#464  );
#464 = NEXT_ASSEMBLY_USAGE_OCCURRENCE('1','=>[0:1:1:2]','',#5,#159,$);
#465 = PRODUCT_RELATED_PRODUCT_CATEGORY('part',$,(#161));
#466 = SHAPE_DEFINITION_REPRESENTATION(#467,#473);
#467 = PRODUCT_DEFINITION_SHAPE('','',#468);
#468 = PRODUCT_DEFINITION('design','',#469,#472);
#469 = PRODUCT_DEFINITION_FORMATION('','',#470);
#470 = PRODUCT('TopCopper~6DR2','TopCopper~6DR2','',(#471));
#471 = PRODUCT_CONTEXT('',#2,'mechanical');
#472 = PRODUCT_DEFINITION_CONTEXT('part definition',#2,'design');
#473 = SHAPE_REPRESENTATION('',(#11),#474);
#474 = ( GEOMETRIC_REPRESENTATION_CONTEXT(3) GLOBAL_UNCERTAINTY_ASSIGNED_CONTEXT((#478)) GLOBAL_UNIT_ASSIGNED_CONTEXT((#475,#476,#477)) REPRESENTATION_CONTEXT('Context #1',  '3D Context with UNIT and UNCERTAINTY') );
#475 = ( LENGTH_UNIT() NAMED_UNIT(*) SI_UNIT(.MILLI.,.METRE.) );
#476 = ( NAMED_UNIT(*) PLANE_ANGLE_UNIT() SI_UNIT($,.RADIAN.) );
#477 = ( NAMED_UNIT(*) SI_UNIT($,.STERADIAN.) SOLID_ANGLE_UNIT() );
#478 = UNCERTAINTY_MEASURE_WITH_UNIT(LENGTH_MEASURE(1.E-07),#475,  'distance_accuracy_value','confusion accuracy');
#479 = CONTEXT_DEPENDENT_SHAPE_REPRESENTATION(#480,#482);
#480 = ( REPRESENTATION_RELATIONSHIP('','',#473,#10) REPRESENTATION_RELATIONSHIP_WITH_TRANSFORMATION(#481) SHAPE_REPRESENTATION_RELATIONSHIP() );
#481 = ITEM_DEFINED_TRANSFORMATION('','',#11,#19);
#482 = PRODUCT_DEFINITION_SHAPE('Placement','Placement of an item',#483  );
#483 = NEXT_ASSEMBLY_USAGE_OCCURRENCE('2','=>[0:1:1:3]','',#5,#468,$);
#484 = PRODUCT_RELATED_PRODUCT_CATEGORY('part',$,(#470));
#485 = SHAPE_DEFINITION_REPRESENTATION(#486,#492);
#486 = PRODUCT_DEFINITION_SHAPE('','',#487);
#487 = PRODUCT_DEFINITION('design','',#488,#491);
#488 = PRODUCT_DEFINITION_FORMATION('','',#489);
#489 = PRODUCT('BottomCopper~6DR2','BottomCopper~6DR2','',(#490));
#490 = PRODUCT_CONTEXT('',#2,'mechanical');
#491 = PRODUCT_DEFINITION_CONTEXT('part definition',#2,'design');
#492 = SHAPE_REPRESENTATION('',(#11),#493);
#493 = ( GEOMETRIC_REPRESENTATION_CONTEXT(3) GLOBAL_UNCERTAINTY_ASSIGNED_CONTEXT((#497)) GLOBAL_UNIT_ASSIGNED_CONTEXT((#494,#495,#496)) REPRESENTATION_CONTEXT('Context #1',  '3D Context with UNIT and UNCERTAINTY') );
#494 = ( LENGTH_UNIT() NAMED_UNIT(*) SI_UNIT(.MILLI.,.METRE.) );
#495 = ( NAMED_UNIT(*) PLANE_ANGLE_UNIT() SI_UNIT($,.RADIAN.) );
#496 = ( NAMED_UNIT(*) SI_UNIT($,.STERADIAN.) SOLID_ANGLE_UNIT() );
#497 = UNCERTAINTY_MEASURE_WITH_UNIT(LENGTH_MEASURE(1.E-07),#494,  'distance_accuracy_value','confusion accuracy');
#498 = CONTEXT_DEPENDENT_SHAPE_REPRESENTATION(#499,#501);
#499 = ( REPRESENTATION_RELATIONSHIP('','',#492,#10) REPRESENTATION_RELATIONSHIP_WITH_TRANSFORMATION(#500) SHAPE_REPRESENTATION_RELATIONSHIP() );
#500 = ITEM_DEFINED_TRANSFORMATION('','',#11,#23);
#501 = PRODUCT_DEFINITION_SHAPE('Placement','Placement of an item',#502  );
#502 = NEXT_ASSEMBLY_USAGE_OCCURRENCE('3','=>[0:1:1:4]','',#5,#487,$);
#503 = PRODUCT_RELATED_PRODUCT_CATEGORY('part',$,(#489));
#504 = SHAPE_DEFINITION_REPRESENTATION(#505,#511);
#505 = PRODUCT_DEFINITION_SHAPE('','',#506);
#506 = PRODUCT_DEFINITION('design','',#507,#510);
#507 = PRODUCT_DEFINITION_FORMATION('','',#508);
#508 = PRODUCT('TopFpcStiffener~6DR2','TopFpcStiffener~6DR2','',(#509));
#509 = PRODUCT_CONTEXT('',#2,'mechanical');
#510 = PRODUCT_DEFINITION_CONTEXT('part definition',#2,'design');
#511 = SHAPE_REPRESENTATION('',(#11),#512);
#512 = ( GEOMETRIC_REPRESENTATION_CONTEXT(3) GLOBAL_UNCERTAINTY_ASSIGNED_CONTEXT((#516)) GLOBAL_UNIT_ASSIGNED_CONTEXT((#513,#514,#515)) REPRESENTATION_CONTEXT('Context #1',  '3D Context with UNIT and UNCERTAINTY') );
#513 = ( LENGTH_UNIT() NAMED_UNIT(*) SI_UNIT(.MILLI.,.METRE.) );
#514 = ( NAMED_UNIT(*) PLANE_ANGLE_UNIT() SI_UNIT($,.RADIAN.) );
#515 = ( NAMED_UNIT(*) SI_UNIT($,.STERADIAN.) SOLID_ANGLE_UNIT() );
#516 = UNCERTAINTY_MEASURE_WITH_UNIT(LENGTH_MEASURE(1.E-07),#513,  'distance_accuracy_value','confusion accuracy');
#517 = CONTEXT_DEPENDENT_SHAPE_REPRESENTATION(#518,#520);
#518 = ( REPRESENTATION_RELATIONSHIP('','',#511,#10) REPRESENTATION_RELATIONSHIP_WITH_TRANSFORMATION(#519) SHAPE_REPRESENTATION_RELATIONSHIP() );
#519 = ITEM_DEFINED_TRANSFORMATION('','',#11,#27);
#520 = PRODUCT_DEFINITION_SHAPE('Placement','Placement of an item',#521  );
#521 = NEXT_ASSEMBLY_USAGE_OCCURRENCE('4','=>[0:1:1:5]','',#5,#506,$);
#522 = PRODUCT_RELATED_PRODUCT_CATEGORY('part',$,(#508));
#523 = SHAPE_DEFINITION_REPRESENTATION(#524,#530);
#524 = PRODUCT_DEFINITION_SHAPE('','',#525);
#525 = PRODUCT_DEFINITION('design','',#526,#529);
#526 = PRODUCT_DEFINITION_FORMATION('','',#527);
#527 = PRODUCT('BottomFpcStiffener~6DR2','BottomFpcStiffener~6DR2','',(    #528));
#528 = PRODUCT_CONTEXT('',#2,'mechanical');
#529 = PRODUCT_DEFINITION_CONTEXT('part definition',#2,'design');
#530 = SHAPE_REPRESENTATION('',(#11),#531);
#531 = ( GEOMETRIC_REPRESENTATION_CONTEXT(3) GLOBAL_UNCERTAINTY_ASSIGNED_CONTEXT((#535)) GLOBAL_UNIT_ASSIGNED_CONTEXT((#532,#533,#534)) REPRESENTATION_CONTEXT('Context #1',  '3D Context with UNIT and UNCERTAINTY') );
#532 = ( LENGTH_UNIT() NAMED_UNIT(*) SI_UNIT(.MILLI.,.METRE.) );
#533 = ( NAMED_UNIT(*) PLANE_ANGLE_UNIT() SI_UNIT($,.RADIAN.) );
#534 = ( NAMED_UNIT(*) SI_UNIT($,.STERADIAN.) SOLID_ANGLE_UNIT() );
#535 = UNCERTAINTY_MEASURE_WITH_UNIT(LENGTH_MEASURE(1.E-07),#532,  'distance_accuracy_value','confusion accuracy');
#536 = CONTEXT_DEPENDENT_SHAPE_REPRESENTATION(#537,#539);
#537 = ( REPRESENTATION_RELATIONSHIP('','',#530,#10) REPRESENTATION_RELATIONSHIP_WITH_TRANSFORMATION(#538) SHAPE_REPRESENTATION_RELATIONSHIP() );
#538 = ITEM_DEFINED_TRANSFORMATION('','',#11,#31);
#539 = PRODUCT_DEFINITION_SHAPE('Placement','Placement of an item',#540  );
#540 = NEXT_ASSEMBLY_USAGE_OCCURRENCE('5','=>[0:1:1:6]','',#5,#525,$);
#541 = PRODUCT_RELATED_PRODUCT_CATEGORY('part',$,(#527));
#542 = SHAPE_DEFINITION_REPRESENTATION(#543,#549);
#543 = PRODUCT_DEFINITION_SHAPE('','',#544);
#544 = PRODUCT_DEFINITION('design','',#545,#548);
#545 = PRODUCT_DEFINITION_FORMATION('','',#546);
#546 = PRODUCT('ctp~FPC-SMD_6P-P0.50_FPC-05FB-6PH20~FPC-SMD_6P-P0.50_FPC-05FB-6PH20~6DR2','ctp~FPC-SMD_6P-P0.50_FPC-05FB-6PH20~FPC-SMD_6P-P0.50_FPC-05FB-6PH20~6DR2','',(#547));
#547 = PRODUCT_CONTEXT('',#2,'mechanical');
#548 = PRODUCT_DEFINITION_CONTEXT('part definition',#2,'design');
#549 = SHAPE_REPRESENTATION('',(#11,#550),#554);
#550 = AXIS2_PLACEMENT_3D('',#551,#552,#553);
#551 = CARTESIAN_POINT('',(0.,0.,0.));
#552 = DIRECTION('',(0.,0.,1.));
#553 = DIRECTION('',(1.,0.,-0.));
#554 = ( GEOMETRIC_REPRESENTATION_CONTEXT(3) GLOBAL_UNCERTAINTY_ASSIGNED_CONTEXT((#558)) GLOBAL_UNIT_ASSIGNED_CONTEXT((#555,#556,#557)) REPRESENTATION_CONTEXT('Context #1',  '3D Context with UNIT and UNCERTAINTY') );
#555 = ( LENGTH_UNIT() NAMED_UNIT(*) SI_UNIT(.MILLI.,.METRE.) );
#556 = ( NAMED_UNIT(*) PLANE_ANGLE_UNIT() SI_UNIT($,.RADIAN.) );
#557 = ( NAMED_UNIT(*) SI_UNIT($,.STERADIAN.) SOLID_ANGLE_UNIT() );
#558 = UNCERTAINTY_MEASURE_WITH_UNIT(LENGTH_MEASURE(1.E-06),#555,  'distance_accuracy_value','confusion accuracy');
#559 = CONTEXT_DEPENDENT_SHAPE_REPRESENTATION(#560,#562);
#560 = ( REPRESENTATION_RELATIONSHIP('','',#549,#10) REPRESENTATION_RELATIONSHIP_WITH_TRANSFORMATION(#561) SHAPE_REPRESENTATION_RELATIONSHIP() );
#561 = ITEM_DEFINED_TRANSFORMATION('','',#11,#35);
#562 = PRODUCT_DEFINITION_SHAPE('Placement','Placement of an item',#563  );
#563 = NEXT_ASSEMBLY_USAGE_OCCURRENCE('7','=>[0:1:1:8]','',#5,#544,$);
#564 = PRODUCT_RELATED_PRODUCT_CATEGORY('part',$,(#546));
#565 = SHAPE_DEFINITION_REPRESENTATION(#566,#572);
#566 = PRODUCT_DEFINITION_SHAPE('','',#567);
#567 = PRODUCT_DEFINITION('design','',#568,#571);
#568 = PRODUCT_DEFINITION_FORMATION('','',#569);
#569 = PRODUCT(  'FPC-SMD_6P-P0.50_FPC-05FB-6PH20~FPC-SMD_6P-P0.50_FPC-05FB-6PH20~6DR2'  ,  'FPC-SMD_6P-P0.50_FPC-05FB-6PH20~FPC-SMD_6P-P0.50_FPC-05FB-6PH20~6DR2'  ,'',(#570));
#570 = PRODUCT_CONTEXT('',#2,'mechanical');
#571 = PRODUCT_DEFINITION_CONTEXT('part definition',#2,'design');
#572 = ADVANCED_BREP_SHAPE_REPRESENTATION('',(#11,#573),#711);
#573 = MANIFOLD_SOLID_BREP('',#574);
#574 = CLOSED_SHELL('',(#575,#611,#647,#667,#687,#699));
#575 = ADVANCED_FACE('',(#576),#606,.F.);
#576 = FACE_BOUND('',#577,.F.);
#577 = EDGE_LOOP('',(#578,#587,#594,#601));
#578 = ORIENTED_EDGE('',*,*,#579,.F.);
#579 = EDGE_CURVE('',#580,#582,#584,.T.);
#580 = VERTEX_POINT('',#581);
#581 = CARTESIAN_POINT('',(-3.250025400051,-3.525044450089,0.));
#582 = VERTEX_POINT('',#583);
#583 = CARTESIAN_POINT('',(-3.250025400051,-3.525044450089,    0.762001524003));
#584 = B_SPLINE_CURVE_WITH_KNOTS('',1,(#585,#586),.UNSPECIFIED.,.F.,.F.,  (2,2),(0.,0.762001524003),.PIECEWISE_BEZIER_KNOTS.);
#585 = CARTESIAN_POINT('',(-3.250025400051,-3.525044450089,0.));
#586 = CARTESIAN_POINT('',(-3.250025400051,-3.525044450089,    0.762001524003));
#587 = ORIENTED_EDGE('',*,*,#588,.T.);
#588 = EDGE_CURVE('',#580,#589,#591,.T.);
#589 = VERTEX_POINT('',#590);
#590 = CARTESIAN_POINT('',(-3.250025400051,1.874955549911,0.));
#591 = B_SPLINE_CURVE_WITH_KNOTS('',1,(#592,#593),.UNSPECIFIED.,.F.,.F.,  (2,2),(0.,0.762001524003),.PIECEWISE_BEZIER_KNOTS.);
#592 = CARTESIAN_POINT('',(-3.250025400051,-3.525044450089,0.));
#593 = CARTESIAN_POINT('',(-3.250025400051,1.874955549911,0.));
#594 = ORIENTED_EDGE('',*,*,#595,.T.);
#595 = EDGE_CURVE('',#589,#596,#598,.T.);
#596 = VERTEX_POINT('',#597);
#597 = CARTESIAN_POINT('',(-3.250025400051,1.874955549911,0.762001524003    ));
#598 = B_SPLINE_CURVE_WITH_KNOTS('',1,(#599,#600),.UNSPECIFIED.,.F.,.F.,  (2,2),(0.,0.762001524003),.PIECEWISE_BEZIER_KNOTS.);
#599 = CARTESIAN_POINT('',(-3.250025400051,1.874955549911,0.));
#600 = CARTESIAN_POINT('',(-3.250025400051,1.874955549911,0.762001524003    ));
#601 = ORIENTED_EDGE('',*,*,#602,.F.);
#602 = EDGE_CURVE('',#582,#596,#603,.T.);
#603 = B_SPLINE_CURVE_WITH_KNOTS('',1,(#604,#605),.UNSPECIFIED.,.F.,.F.,  (2,2),(0.,0.762001524003),.PIECEWISE_BEZIER_KNOTS.);
#604 = CARTESIAN_POINT('',(-3.250025400051,-3.525044450089,    0.762001524003));
#605 = CARTESIAN_POINT('',(-3.250025400051,1.874955549911,0.762001524003    ));
#606 = B_SPLINE_SURFACE_WITH_KNOTS('',1,1,(    (#607,#608)    ,(#609,#610    )),.UNSPECIFIED.,.F.,.F.,.F.,(2,2),(2,2),(0.,0.762001524003),(    -0.762001524003,0.),.PIECEWISE_BEZIER_KNOTS.);
#607 = CARTESIAN_POINT('',(-3.250025400051,1.874955549911,0.));
#608 = CARTESIAN_POINT('',(-3.250025400051,-3.525044450089,0.));
#609 = CARTESIAN_POINT('',(-3.250025400051,1.874955549911,0.762001524003    ));
#610 = CARTESIAN_POINT('',(-3.250025400051,-3.525044450089,    0.762001524003));
#611 = ADVANCED_FACE('',(#612),#642,.T.);
#612 = FACE_BOUND('',#613,.T.);
#613 = EDGE_LOOP('',(#614,#623,#630,#637));
#614 = ORIENTED_EDGE('',*,*,#615,.F.);
#615 = EDGE_CURVE('',#616,#618,#620,.T.);
#616 = VERTEX_POINT('',#617);
#617 = CARTESIAN_POINT('',(3.249974599949,-3.525044450089,0.));
#618 = VERTEX_POINT('',#619);
#619 = CARTESIAN_POINT('',(3.249974599949,-3.525044450089,0.762001524003    ));
#620 = B_SPLINE_CURVE_WITH_KNOTS('',1,(#621,#622),.UNSPECIFIED.,.F.,.F.,  (2,2),(0.,0.762001524003),.PIECEWISE_BEZIER_KNOTS.);
#621 = CARTESIAN_POINT('',(3.249974599949,-3.525044450089,0.));
#622 = CARTESIAN_POINT('',(3.249974599949,-3.525044450089,0.762001524003    ));
#623 = ORIENTED_EDGE('',*,*,#624,.T.);
#624 = EDGE_CURVE('',#616,#625,#627,.T.);
#625 = VERTEX_POINT('',#626);
#626 = CARTESIAN_POINT('',(3.249974599949,1.874955549911,0.));
#627 = B_SPLINE_CURVE_WITH_KNOTS('',1,(#628,#629),.UNSPECIFIED.,.F.,.F.,  (2,2),(0.,0.762001524003),.PIECEWISE_BEZIER_KNOTS.);
#628 = CARTESIAN_POINT('',(3.249974599949,-3.525044450089,0.));
#629 = CARTESIAN_POINT('',(3.249974599949,1.874955549911,0.));
#630 = ORIENTED_EDGE('',*,*,#631,.T.);
#631 = EDGE_CURVE('',#625,#632,#634,.T.);
#632 = VERTEX_POINT('',#633);
#633 = CARTESIAN_POINT('',(3.249974599949,1.874955549911,0.762001524003)  );
#634 = B_SPLINE_CURVE_WITH_KNOTS('',1,(#635,#636),.UNSPECIFIED.,.F.,.F.,  (2,2),(0.,0.762001524003),.PIECEWISE_BEZIER_KNOTS.);
#635 = CARTESIAN_POINT('',(3.249974599949,1.874955549911,0.));
#636 = CARTESIAN_POINT('',(3.249974599949,1.874955549911,0.762001524003)  );
#637 = ORIENTED_EDGE('',*,*,#638,.F.);
#638 = EDGE_CURVE('',#618,#632,#639,.T.);
#639 = B_SPLINE_CURVE_WITH_KNOTS('',1,(#640,#641),.UNSPECIFIED.,.F.,.F.,  (2,2),(0.,0.762001524003),.PIECEWISE_BEZIER_KNOTS.);
#640 = CARTESIAN_POINT('',(3.249974599949,-3.525044450089,0.762001524003    ));
#641 = CARTESIAN_POINT('',(3.249974599949,1.874955549911,0.762001524003)  );
#642 = B_SPLINE_SURFACE_WITH_KNOTS('',1,1,(    (#643,#644)    ,(#645,#646    )),.UNSPECIFIED.,.F.,.F.,.F.,(2,2),(2,2),(0.,0.762001524003),(    -0.762001524003,0.),.PIECEWISE_BEZIER_KNOTS.);
#643 = CARTESIAN_POINT('',(3.249974599949,1.874955549911,0.));
#644 = CARTESIAN_POINT('',(3.249974599949,-3.525044450089,0.));
#645 = CARTESIAN_POINT('',(3.249974599949,1.874955549911,0.762001524003)  );
#646 = CARTESIAN_POINT('',(3.249974599949,-3.525044450089,0.762001524003    ));
#647 = ADVANCED_FACE('',(#648),#662,.F.);
#648 = FACE_BOUND('',#649,.F.);
#649 = EDGE_LOOP('',(#650,#655,#656,#661));
#650 = ORIENTED_EDGE('',*,*,#651,.F.);
#651 = EDGE_CURVE('',#580,#616,#652,.T.);
#652 = B_SPLINE_CURVE_WITH_KNOTS('',1,(#653,#654),.UNSPECIFIED.,.F.,.F.,  (2,2),(0.,0.762001524003),.PIECEWISE_BEZIER_KNOTS.);
#653 = CARTESIAN_POINT('',(-3.250025400051,-3.525044450089,0.));
#654 = CARTESIAN_POINT('',(3.249974599949,-3.525044450089,0.));
#655 = ORIENTED_EDGE('',*,*,#579,.T.);
#656 = ORIENTED_EDGE('',*,*,#657,.T.);
#657 = EDGE_CURVE('',#582,#618,#658,.T.);
#658 = B_SPLINE_CURVE_WITH_KNOTS('',1,(#659,#660),.UNSPECIFIED.,.F.,.F.,  (2,2),(0.,0.762001524003),.PIECEWISE_BEZIER_KNOTS.);
#659 = CARTESIAN_POINT('',(-3.250025400051,-3.525044450089,    0.762001524003));
#660 = CARTESIAN_POINT('',(3.249974599949,-3.525044450089,0.762001524003    ));
#661 = ORIENTED_EDGE('',*,*,#615,.F.);
#662 = B_SPLINE_SURFACE_WITH_KNOTS('',1,1,(    (#663,#664)    ,(#665,#666    )),.UNSPECIFIED.,.F.,.F.,.F.,(2,2),(2,2),(0.,0.762001524003),(0.,    0.762001524003),.PIECEWISE_BEZIER_KNOTS.);
#663 = CARTESIAN_POINT('',(-3.250025400051,-3.525044450089,0.));
#664 = CARTESIAN_POINT('',(3.249974599949,-3.525044450089,0.));
#665 = CARTESIAN_POINT('',(-3.250025400051,-3.525044450089,    0.762001524003));
#666 = CARTESIAN_POINT('',(3.249974599949,-3.525044450089,0.762001524003    ));
#667 = ADVANCED_FACE('',(#668),#682,.T.);
#668 = FACE_BOUND('',#669,.T.);
#669 = EDGE_LOOP('',(#670,#675,#676,#681));
#670 = ORIENTED_EDGE('',*,*,#671,.F.);
#671 = EDGE_CURVE('',#589,#625,#672,.T.);
#672 = B_SPLINE_CURVE_WITH_KNOTS('',1,(#673,#674),.UNSPECIFIED.,.F.,.F.,  (2,2),(0.,0.762001524003),.PIECEWISE_BEZIER_KNOTS.);
#673 = CARTESIAN_POINT('',(-3.250025400051,1.874955549911,0.));
#674 = CARTESIAN_POINT('',(3.249974599949,1.874955549911,0.));
#675 = ORIENTED_EDGE('',*,*,#595,.T.);
#676 = ORIENTED_EDGE('',*,*,#677,.T.);
#677 = EDGE_CURVE('',#596,#632,#678,.T.);
#678 = B_SPLINE_CURVE_WITH_KNOTS('',1,(#679,#680),.UNSPECIFIED.,.F.,.F.,  (2,2),(0.,0.762001524003),.PIECEWISE_BEZIER_KNOTS.);
#679 = CARTESIAN_POINT('',(-3.250025400051,1.874955549911,0.762001524003    ));
#680 = CARTESIAN_POINT('',(3.249974599949,1.874955549911,0.762001524003)  );
#681 = ORIENTED_EDGE('',*,*,#631,.F.);
#682 = B_SPLINE_SURFACE_WITH_KNOTS('',1,1,(    (#683,#684)    ,(#685,#686    )),.UNSPECIFIED.,.F.,.F.,.F.,(2,2),(2,2),(0.,0.762001524003),(0.,    0.762001524003),.PIECEWISE_BEZIER_KNOTS.);
#683 = CARTESIAN_POINT('',(-3.250025400051,1.874955549911,0.));
#684 = CARTESIAN_POINT('',(3.249974599949,1.874955549911,0.));
#685 = CARTESIAN_POINT('',(-3.250025400051,1.874955549911,0.762001524003    ));
#686 = CARTESIAN_POINT('',(3.249974599949,1.874955549911,0.762001524003)  );
#687 = ADVANCED_FACE('',(#688),#694,.F.);
#688 = FACE_BOUND('',#689,.F.);
#689 = EDGE_LOOP('',(#690,#691,#692,#693));
#690 = ORIENTED_EDGE('',*,*,#588,.F.);
#691 = ORIENTED_EDGE('',*,*,#651,.T.);
#692 = ORIENTED_EDGE('',*,*,#624,.T.);
#693 = ORIENTED_EDGE('',*,*,#671,.F.);
#694 = B_SPLINE_SURFACE_WITH_KNOTS('',1,1,(    (#695,#696)    ,(#697,#698    )),.UNSPECIFIED.,.F.,.F.,.F.,(2,2),(2,2),(0.,0.762001524003),(0.,    0.762001524003),.PIECEWISE_BEZIER_KNOTS.);
#695 = CARTESIAN_POINT('',(-3.250025400051,-3.525044450089,0.));
#696 = CARTESIAN_POINT('',(-3.250025400051,1.874955549911,0.));
#697 = CARTESIAN_POINT('',(3.249974599949,-3.525044450089,0.));
#698 = CARTESIAN_POINT('',(3.249974599949,1.874955549911,0.));
#699 = ADVANCED_FACE('',(#700),#706,.T.);
#700 = FACE_BOUND('',#701,.T.);
#701 = EDGE_LOOP('',(#702,#703,#704,#705));
#702 = ORIENTED_EDGE('',*,*,#602,.F.);
#703 = ORIENTED_EDGE('',*,*,#657,.T.);
#704 = ORIENTED_EDGE('',*,*,#638,.T.);
#705 = ORIENTED_EDGE('',*,*,#677,.F.);
#706 = B_SPLINE_SURFACE_WITH_KNOTS('',1,1,(    (#707,#708)    ,(#709,#710    )),.UNSPECIFIED.,.F.,.F.,.F.,(2,2),(2,2),(0.,0.762001524003),(0.,    0.762001524003),.PIECEWISE_BEZIER_KNOTS.);
#707 = CARTESIAN_POINT('',(-3.250025400051,-3.525044450089,    0.762001524003));
#708 = CARTESIAN_POINT('',(-3.250025400051,1.874955549911,0.762001524003    ));
#709 = CARTESIAN_POINT('',(3.249974599949,-3.525044450089,0.762001524003    ));
#710 = CARTESIAN_POINT('',(3.249974599949,1.874955549911,0.762001524003)  );
#711 = ( GEOMETRIC_REPRESENTATION_CONTEXT(3) GLOBAL_UNCERTAINTY_ASSIGNED_CONTEXT((#715)) GLOBAL_UNIT_ASSIGNED_CONTEXT((#712,#713,#714)) REPRESENTATION_CONTEXT('Context #1',  '3D Context with UNIT and UNCERTAINTY') );
#712 = ( LENGTH_UNIT() NAMED_UNIT(*) SI_UNIT(.MILLI.,.METRE.) );
#713 = ( NAMED_UNIT(*) PLANE_ANGLE_UNIT() SI_UNIT($,.RADIAN.) );
#714 = ( NAMED_UNIT(*) SI_UNIT($,.STERADIAN.) SOLID_ANGLE_UNIT() );
#715 = UNCERTAINTY_MEASURE_WITH_UNIT(LENGTH_MEASURE(1.E-06),#712,  'distance_accuracy_value','confusion accuracy');
#716 = CONTEXT_DEPENDENT_SHAPE_REPRESENTATION(#717,#719);
#717 = ( REPRESENTATION_RELATIONSHIP('','',#572,#549) REPRESENTATION_RELATIONSHIP_WITH_TRANSFORMATION(#718) SHAPE_REPRESENTATION_RELATIONSHIP() );
#718 = ITEM_DEFINED_TRANSFORMATION('','',#11,#550);
#719 = PRODUCT_DEFINITION_SHAPE('Placement','Placement of an item',#720  );
#720 = NEXT_ASSEMBLY_USAGE_OCCURRENCE('6','=>[0:1:1:7]','',#544,#567,$);
#721 = PRODUCT_RELATED_PRODUCT_CATEGORY('part',$,(#569));
#722 = SHAPE_DEFINITION_REPRESENTATION(#723,#729);
#723 = PRODUCT_DEFINITION_SHAPE('','',#724);
#724 = PRODUCT_DEFINITION('design','',#725,#728);
#725 = PRODUCT_DEFINITION_FORMATION('','',#726);
#726 = PRODUCT('lcd~FPC-SMD_40P-P0.50_XUNPU_FPC-05FB-40PH20~FPC-SMD_40P-P0.50_XUNPU_FPC-05FB-40PH20~6DR2','lcd~FPC-SMD_40P-P0.50_XUNPU_FPC-05FB-40PH20~FPC-SMD_40P-P0.50_XUNPU_FPC-05FB-40PH20~6DR2','',(#727));
#727 = PRODUCT_CONTEXT('',#2,'mechanical');
#728 = PRODUCT_DEFINITION_CONTEXT('part definition',#2,'design');
#729 = SHAPE_REPRESENTATION('',(#11,#730),#734);
#730 = AXIS2_PLACEMENT_3D('',#731,#732,#733);
#731 = CARTESIAN_POINT('',(0.,0.,0.));
#732 = DIRECTION('',(0.,0.,1.));
#733 = DIRECTION('',(1.,0.,-0.));
#734 = ( GEOMETRIC_REPRESENTATION_CONTEXT(3) GLOBAL_UNCERTAINTY_ASSIGNED_CONTEXT((#738)) GLOBAL_UNIT_ASSIGNED_CONTEXT((#735,#736,#737)) REPRESENTATION_CONTEXT('Context #1',  '3D Context with UNIT and UNCERTAINTY') );
#735 = ( LENGTH_UNIT() NAMED_UNIT(*) SI_UNIT(.MILLI.,.METRE.) );
#736 = ( NAMED_UNIT(*) PLANE_ANGLE_UNIT() SI_UNIT($,.RADIAN.) );
#737 = ( NAMED_UNIT(*) SI_UNIT($,.STERADIAN.) SOLID_ANGLE_UNIT() );
#738 = UNCERTAINTY_MEASURE_WITH_UNIT(LENGTH_MEASURE(2.E-06),#735,  'distance_accuracy_value','confusion accuracy');
#739 = CONTEXT_DEPENDENT_SHAPE_REPRESENTATION(#740,#742);
#740 = ( REPRESENTATION_RELATIONSHIP('','',#729,#10) REPRESENTATION_RELATIONSHIP_WITH_TRANSFORMATION(#741) SHAPE_REPRESENTATION_RELATIONSHIP() );
#741 = ITEM_DEFINED_TRANSFORMATION('','',#11,#39);
#742 = PRODUCT_DEFINITION_SHAPE('Placement','Placement of an item',#743  );
#743 = NEXT_ASSEMBLY_USAGE_OCCURRENCE('9','=>[0:1:1:10]','',#5,#724,$);
#744 = PRODUCT_RELATED_PRODUCT_CATEGORY('part',$,(#726));
#745 = SHAPE_DEFINITION_REPRESENTATION(#746,#752);
#746 = PRODUCT_DEFINITION_SHAPE('','',#747);
#747 = PRODUCT_DEFINITION('design','',#748,#751);
#748 = PRODUCT_DEFINITION_FORMATION('','',#749);
#749 = PRODUCT('FPC-SMD_40P-P0.50_XUNPU_FPC-05FB-40PH20~FPC-SMD_40P-P0.50_XUNPU_FPC-05FB-40PH20~6DR2','FPC-SMD_40P-P0.50_XUNPU_FPC-05FB-40PH20~FPC-SMD_40P-P0.50_XUNPU_FPC-05FB-40PH20~6DR2','',(#750));
#750 = PRODUCT_CONTEXT('',#2,'mechanical');
#751 = PRODUCT_DEFINITION_CONTEXT('part definition',#2,'design');
#752 = ADVANCED_BREP_SHAPE_REPRESENTATION('',(#11,#753),#891);
#753 = MANIFOLD_SOLID_BREP('',#754);
#754 = CLOSED_SHELL('',(#755,#791,#827,#847,#867,#879));
#755 = ADVANCED_FACE('',(#756),#786,.F.);
#756 = FACE_BOUND('',#757,.F.);
#757 = EDGE_LOOP('',(#758,#767,#774,#781));
#758 = ORIENTED_EDGE('',*,*,#759,.F.);
#759 = EDGE_CURVE('',#760,#762,#764,.T.);
#760 = VERTEX_POINT('',#761);
#761 = CARTESIAN_POINT('',(-11.74997459994,-3.524993649987,0.));
#762 = VERTEX_POINT('',#763);
#763 = CARTESIAN_POINT('',(-11.74997459994,-3.524993649987,    0.762001524003));
#764 = B_SPLINE_CURVE_WITH_KNOTS('',1,(#765,#766),.UNSPECIFIED.,.F.,.F.,  (2,2),(0.,0.762001524003),.PIECEWISE_BEZIER_KNOTS.);
#765 = CARTESIAN_POINT('',(-11.74997459994,-3.524993649987,0.));
#766 = CARTESIAN_POINT('',(-11.74997459994,-3.524993649987,    0.762001524003));
#767 = ORIENTED_EDGE('',*,*,#768,.T.);
#768 = EDGE_CURVE('',#760,#769,#771,.T.);
#769 = VERTEX_POINT('',#770);
#770 = CARTESIAN_POINT('',(-11.74997459994,1.875006350013,0.));
#771 = B_SPLINE_CURVE_WITH_KNOTS('',1,(#772,#773),.UNSPECIFIED.,.F.,.F.,  (2,2),(0.,0.762001524003),.PIECEWISE_BEZIER_KNOTS.);
#772 = CARTESIAN_POINT('',(-11.74997459994,-3.524993649987,0.));
#773 = CARTESIAN_POINT('',(-11.74997459994,1.875006350013,0.));
#774 = ORIENTED_EDGE('',*,*,#775,.T.);
#775 = EDGE_CURVE('',#769,#776,#778,.T.);
#776 = VERTEX_POINT('',#777);
#777 = CARTESIAN_POINT('',(-11.74997459994,1.875006350013,0.762001524003    ));
#778 = B_SPLINE_CURVE_WITH_KNOTS('',1,(#779,#780),.UNSPECIFIED.,.F.,.F.,  (2,2),(0.,0.762001524003),.PIECEWISE_BEZIER_KNOTS.);
#779 = CARTESIAN_POINT('',(-11.74997459994,1.875006350013,0.));
#780 = CARTESIAN_POINT('',(-11.74997459994,1.875006350013,0.762001524003    ));
#781 = ORIENTED_EDGE('',*,*,#782,.F.);
#782 = EDGE_CURVE('',#762,#776,#783,.T.);
#783 = B_SPLINE_CURVE_WITH_KNOTS('',1,(#784,#785),.UNSPECIFIED.,.F.,.F.,  (2,2),(0.,0.762001524003),.PIECEWISE_BEZIER_KNOTS.);
#784 = CARTESIAN_POINT('',(-11.74997459994,-3.524993649987,    0.762001524003));
#785 = CARTESIAN_POINT('',(-11.74997459994,1.875006350013,0.762001524003    ));
#786 = B_SPLINE_SURFACE_WITH_KNOTS('',1,1,(    (#787,#788)    ,(#789,#790    )),.UNSPECIFIED.,.F.,.F.,.F.,(2,2),(2,2),(0.,0.762001524003),(    -0.762001524003,0.),.PIECEWISE_BEZIER_KNOTS.);
#787 = CARTESIAN_POINT('',(-11.74997459994,1.875006350013,0.));
#788 = CARTESIAN_POINT('',(-11.74997459994,-3.524993649987,0.));
#789 = CARTESIAN_POINT('',(-11.74997459994,1.875006350013,0.762001524003    ));
#790 = CARTESIAN_POINT('',(-11.74997459994,-3.524993649987,    0.762001524003));
#791 = ADVANCED_FACE('',(#792),#822,.T.);
#792 = FACE_BOUND('',#793,.T.);
#793 = EDGE_LOOP('',(#794,#803,#810,#817));
#794 = ORIENTED_EDGE('',*,*,#795,.F.);
#795 = EDGE_CURVE('',#796,#798,#800,.T.);
#796 = VERTEX_POINT('',#797);
#797 = CARTESIAN_POINT('',(11.750025400051,-3.524993649987,0.));
#798 = VERTEX_POINT('',#799);
#799 = CARTESIAN_POINT('',(11.750025400051,-3.524993649987,    0.762001524003));
#800 = B_SPLINE_CURVE_WITH_KNOTS('',1,(#801,#802),.UNSPECIFIED.,.F.,.F.,  (2,2),(0.,0.762001524003),.PIECEWISE_BEZIER_KNOTS.);
#801 = CARTESIAN_POINT('',(11.750025400051,-3.524993649987,0.));
#802 = CARTESIAN_POINT('',(11.750025400051,-3.524993649987,    0.762001524003));
#803 = ORIENTED_EDGE('',*,*,#804,.T.);
#804 = EDGE_CURVE('',#796,#805,#807,.T.);
#805 = VERTEX_POINT('',#806);
#806 = CARTESIAN_POINT('',(11.750025400051,1.875006350013,0.));
#807 = B_SPLINE_CURVE_WITH_KNOTS('',1,(#808,#809),.UNSPECIFIED.,.F.,.F.,  (2,2),(0.,0.762001524003),.PIECEWISE_BEZIER_KNOTS.);
#808 = CARTESIAN_POINT('',(11.750025400051,-3.524993649987,0.));
#809 = CARTESIAN_POINT('',(11.750025400051,1.875006350013,0.));
#810 = ORIENTED_EDGE('',*,*,#811,.T.);
#811 = EDGE_CURVE('',#805,#812,#814,.T.);
#812 = VERTEX_POINT('',#813);
#813 = CARTESIAN_POINT('',(11.750025400051,1.875006350013,0.762001524003    ));
#814 = B_SPLINE_CURVE_WITH_KNOTS('',1,(#815,#816),.UNSPECIFIED.,.F.,.F.,  (2,2),(0.,0.762001524003),.PIECEWISE_BEZIER_KNOTS.);
#815 = CARTESIAN_POINT('',(11.750025400051,1.875006350013,0.));
#816 = CARTESIAN_POINT('',(11.750025400051,1.875006350013,0.762001524003    ));
#817 = ORIENTED_EDGE('',*,*,#818,.F.);
#818 = EDGE_CURVE('',#798,#812,#819,.T.);
#819 = B_SPLINE_CURVE_WITH_KNOTS('',1,(#820,#821),.UNSPECIFIED.,.F.,.F.,  (2,2),(0.,0.762001524003),.PIECEWISE_BEZIER_KNOTS.);
#820 = CARTESIAN_POINT('',(11.750025400051,-3.524993649987,    0.762001524003));
#821 = CARTESIAN_POINT('',(11.750025400051,1.875006350013,0.762001524003    ));
#822 = B_SPLINE_SURFACE_WITH_KNOTS('',1,1,(    (#823,#824)    ,(#825,#826    )),.UNSPECIFIED.,.F.,.F.,.F.,(2,2),(2,2),(0.,0.762001524003),(    -0.762001524003,0.),.PIECEWISE_BEZIER_KNOTS.);
#823 = CARTESIAN_POINT('',(11.750025400051,1.875006350013,0.));
#824 = CARTESIAN_POINT('',(11.750025400051,-3.524993649987,0.));
#825 = CARTESIAN_POINT('',(11.750025400051,1.875006350013,0.762001524003    ));
#826 = CARTESIAN_POINT('',(11.750025400051,-3.524993649987,    0.762001524003));
#827 = ADVANCED_FACE('',(#828),#842,.F.);
#828 = FACE_BOUND('',#829,.F.);
#829 = EDGE_LOOP('',(#830,#835,#836,#841));
#830 = ORIENTED_EDGE('',*,*,#831,.F.);
#831 = EDGE_CURVE('',#760,#796,#832,.T.);
#832 = B_SPLINE_CURVE_WITH_KNOTS('',1,(#833,#834),.UNSPECIFIED.,.F.,.F.,  (2,2),(0.,0.762001524003),.PIECEWISE_BEZIER_KNOTS.);
#833 = CARTESIAN_POINT('',(-11.74997459994,-3.524993649987,0.));
#834 = CARTESIAN_POINT('',(11.750025400051,-3.524993649987,0.));
#835 = ORIENTED_EDGE('',*,*,#759,.T.);
#836 = ORIENTED_EDGE('',*,*,#837,.T.);
#837 = EDGE_CURVE('',#762,#798,#838,.T.);
#838 = B_SPLINE_CURVE_WITH_KNOTS('',1,(#839,#840),.UNSPECIFIED.,.F.,.F.,  (2,2),(0.,0.762001524003),.PIECEWISE_BEZIER_KNOTS.);
#839 = CARTESIAN_POINT('',(-11.74997459994,-3.524993649987,    0.762001524003));
#840 = CARTESIAN_POINT('',(11.750025400051,-3.524993649987,    0.762001524003));
#841 = ORIENTED_EDGE('',*,*,#795,.F.);
#842 = B_SPLINE_SURFACE_WITH_KNOTS('',1,1,(    (#843,#844)    ,(#845,#846    )),.UNSPECIFIED.,.F.,.F.,.F.,(2,2),(2,2),(0.,0.762001524003),(0.,    0.762001524003),.PIECEWISE_BEZIER_KNOTS.);
#843 = CARTESIAN_POINT('',(-11.74997459994,-3.524993649987,0.));
#844 = CARTESIAN_POINT('',(11.750025400051,-3.524993649987,0.));
#845 = CARTESIAN_POINT('',(-11.74997459994,-3.524993649987,    0.762001524003));
#846 = CARTESIAN_POINT('',(11.750025400051,-3.524993649987,    0.762001524003));
#847 = ADVANCED_FACE('',(#848),#862,.T.);
#848 = FACE_BOUND('',#849,.T.);
#849 = EDGE_LOOP('',(#850,#855,#856,#861));
#850 = ORIENTED_EDGE('',*,*,#851,.F.);
#851 = EDGE_CURVE('',#769,#805,#852,.T.);
#852 = B_SPLINE_CURVE_WITH_KNOTS('',1,(#853,#854),.UNSPECIFIED.,.F.,.F.,  (2,2),(0.,0.762001524003),.PIECEWISE_BEZIER_KNOTS.);
#853 = CARTESIAN_POINT('',(-11.74997459994,1.875006350013,0.));
#854 = CARTESIAN_POINT('',(11.750025400051,1.875006350013,0.));
#855 = ORIENTED_EDGE('',*,*,#775,.T.);
#856 = ORIENTED_EDGE('',*,*,#857,.T.);
#857 = EDGE_CURVE('',#776,#812,#858,.T.);
#858 = B_SPLINE_CURVE_WITH_KNOTS('',1,(#859,#860),.UNSPECIFIED.,.F.,.F.,  (2,2),(0.,0.762001524003),.PIECEWISE_BEZIER_KNOTS.);
#859 = CARTESIAN_POINT('',(-11.74997459994,1.875006350013,0.762001524003    ));
#860 = CARTESIAN_POINT('',(11.750025400051,1.875006350013,0.762001524003    ));
#861 = ORIENTED_EDGE('',*,*,#811,.F.);
#862 = B_SPLINE_SURFACE_WITH_KNOTS('',1,1,(    (#863,#864)    ,(#865,#866    )),.UNSPECIFIED.,.F.,.F.,.F.,(2,2),(2,2),(0.,0.762001524003),(0.,    0.762001524003),.PIECEWISE_BEZIER_KNOTS.);
#863 = CARTESIAN_POINT('',(-11.74997459994,1.875006350013,0.));
#864 = CARTESIAN_POINT('',(11.750025400051,1.875006350013,0.));
#865 = CARTESIAN_POINT('',(-11.74997459994,1.875006350013,0.762001524003    ));
#866 = CARTESIAN_POINT('',(11.750025400051,1.875006350013,0.762001524003    ));
#867 = ADVANCED_FACE('',(#868),#874,.F.);
#868 = FACE_BOUND('',#869,.F.);
#869 = EDGE_LOOP('',(#870,#871,#872,#873));
#870 = ORIENTED_EDGE('',*,*,#768,.F.);
#871 = ORIENTED_EDGE('',*,*,#831,.T.);
#872 = ORIENTED_EDGE('',*,*,#804,.T.);
#873 = ORIENTED_EDGE('',*,*,#851,.F.);
#874 = B_SPLINE_SURFACE_WITH_KNOTS('',1,1,(    (#875,#876)    ,(#877,#878    )),.UNSPECIFIED.,.F.,.F.,.F.,(2,2),(2,2),(0.,0.762001524003),(0.,    0.762001524003),.PIECEWISE_BEZIER_KNOTS.);
#875 = CARTESIAN_POINT('',(-11.74997459994,-3.524993649987,0.));
#876 = CARTESIAN_POINT('',(-11.74997459994,1.875006350013,0.));
#877 = CARTESIAN_POINT('',(11.750025400051,-3.524993649987,0.));
#878 = CARTESIAN_POINT('',(11.750025400051,1.875006350013,0.));
#879 = ADVANCED_FACE('',(#880),#886,.T.);
#880 = FACE_BOUND('',#881,.T.);
#881 = EDGE_LOOP('',(#882,#883,#884,#885));
#882 = ORIENTED_EDGE('',*,*,#782,.F.);
#883 = ORIENTED_EDGE('',*,*,#837,.T.);
#884 = ORIENTED_EDGE('',*,*,#818,.T.);
#885 = ORIENTED_EDGE('',*,*,#857,.F.);
#886 = B_SPLINE_SURFACE_WITH_KNOTS('',1,1,(    (#887,#888)    ,(#889,#890    )),.UNSPECIFIED.,.F.,.F.,.F.,(2,2),(2,2),(0.,0.762001524003),(0.,    0.762001524003),.PIECEWISE_BEZIER_KNOTS.);
#887 = CARTESIAN_POINT('',(-11.74997459994,-3.524993649987,    0.762001524003));
#888 = CARTESIAN_POINT('',(-11.74997459994,1.875006350013,0.762001524003    ));
#889 = CARTESIAN_POINT('',(11.750025400051,-3.524993649987,    0.762001524003));
#890 = CARTESIAN_POINT('',(11.750025400051,1.875006350013,0.762001524003    ));
#891 = ( GEOMETRIC_REPRESENTATION_CONTEXT(3) GLOBAL_UNCERTAINTY_ASSIGNED_CONTEXT((#895)) GLOBAL_UNIT_ASSIGNED_CONTEXT((#892,#893,#894)) REPRESENTATION_CONTEXT('Context #1',  '3D Context with UNIT and UNCERTAINTY') );
#892 = ( LENGTH_UNIT() NAMED_UNIT(*) SI_UNIT(.MILLI.,.METRE.) );
#893 = ( NAMED_UNIT(*) PLANE_ANGLE_UNIT() SI_UNIT($,.RADIAN.) );
#894 = ( NAMED_UNIT(*) SI_UNIT($,.STERADIAN.) SOLID_ANGLE_UNIT() );
#895 = UNCERTAINTY_MEASURE_WITH_UNIT(LENGTH_MEASURE(2.E-06),#892,  'distance_accuracy_value','confusion accuracy');
#896 = CONTEXT_DEPENDENT_SHAPE_REPRESENTATION(#897,#899);
#897 = ( REPRESENTATION_RELATIONSHIP('','',#752,#729) REPRESENTATION_RELATIONSHIP_WITH_TRANSFORMATION(#898) SHAPE_REPRESENTATION_RELATIONSHIP() );
#898 = ITEM_DEFINED_TRANSFORMATION('','',#11,#730);
#899 = PRODUCT_DEFINITION_SHAPE('Placement','Placement of an item',#900  );
#900 = NEXT_ASSEMBLY_USAGE_OCCURRENCE('8','=>[0:1:1:9]','',#724,#747,$);
#901 = PRODUCT_RELATED_PRODUCT_CATEGORY('part',$,(#749));
#902 = SHAPE_DEFINITION_REPRESENTATION(#903,#909);
#903 = PRODUCT_DEFINITION_SHAPE('','',#904);
#904 = PRODUCT_DEFINITION('design','',#905,#908);
#905 = PRODUCT_DEFINITION_FORMATION('','',#906);
#906 = PRODUCT('RA8P1~FPC-SMD_40P-P0.50_XUNPU_FPC-05FB-40PH20~FPC-SMD_40P-P0.50_XUNPU_FPC-05FB-40PH20~6DR2','RA8P1~FPC-SMD_40P-P0.50_XUNPU_FPC-05FB-40PH20~FPC-SMD_40P-P0.50_XUNPU_FPC-05FB-40PH20~6DR2','',(#907));
#907 = PRODUCT_CONTEXT('',#2,'mechanical');
#908 = PRODUCT_DEFINITION_CONTEXT('part definition',#2,'design');
#909 = SHAPE_REPRESENTATION('',(#11,#910),#914);
#910 = AXIS2_PLACEMENT_3D('',#911,#912,#913);
#911 = CARTESIAN_POINT('',(0.,0.,0.));
#912 = DIRECTION('',(0.,0.,1.));
#913 = DIRECTION('',(1.,0.,-0.));
#914 = ( GEOMETRIC_REPRESENTATION_CONTEXT(3) GLOBAL_UNCERTAINTY_ASSIGNED_CONTEXT((#918)) GLOBAL_UNIT_ASSIGNED_CONTEXT((#915,#916,#917)) REPRESENTATION_CONTEXT('Context #1',  '3D Context with UNIT and UNCERTAINTY') );
#915 = ( LENGTH_UNIT() NAMED_UNIT(*) SI_UNIT(.MILLI.,.METRE.) );
#916 = ( NAMED_UNIT(*) PLANE_ANGLE_UNIT() SI_UNIT($,.RADIAN.) );
#917 = ( NAMED_UNIT(*) SI_UNIT($,.STERADIAN.) SOLID_ANGLE_UNIT() );
#918 = UNCERTAINTY_MEASURE_WITH_UNIT(LENGTH_MEASURE(2.E-06),#915,  'distance_accuracy_value','confusion accuracy');
#919 = CONTEXT_DEPENDENT_SHAPE_REPRESENTATION(#920,#922);
#920 = ( REPRESENTATION_RELATIONSHIP('','',#909,#10) REPRESENTATION_RELATIONSHIP_WITH_TRANSFORMATION(#921) SHAPE_REPRESENTATION_RELATIONSHIP() );
#921 = ITEM_DEFINED_TRANSFORMATION('','',#11,#43);
#922 = PRODUCT_DEFINITION_SHAPE('Placement','Placement of an item',#923  );
#923 = NEXT_ASSEMBLY_USAGE_OCCURRENCE('11','=>[0:1:1:11]','',#5,#904,$);
#924 = PRODUCT_RELATED_PRODUCT_CATEGORY('part',$,(#906));
#925 = CONTEXT_DEPENDENT_SHAPE_REPRESENTATION(#926,#928);
#926 = ( REPRESENTATION_RELATIONSHIP('','',#752,#909) REPRESENTATION_RELATIONSHIP_WITH_TRANSFORMATION(#927) SHAPE_REPRESENTATION_RELATIONSHIP() );
#927 = ITEM_DEFINED_TRANSFORMATION('','',#11,#910);
#928 = PRODUCT_DEFINITION_SHAPE('Placement','Placement of an item',#929  );
#929 = NEXT_ASSEMBLY_USAGE_OCCURRENCE('10','','',#904,#747,$);
#930 = SHAPE_DEFINITION_REPRESENTATION(#931,#937);
#931 = PRODUCT_DEFINITION_SHAPE('','',#932);
#932 = PRODUCT_DEFINITION('design','',#933,#936);
#933 = PRODUCT_DEFINITION_FORMATION('','',#934);
#934 = PRODUCT('C3~C0805~C0805_L2.0-W1.3-H1.3~6DR2',  'C3~C0805~C0805_L2.0-W1.3-H1.3~6DR2','',(#935));
#935 = PRODUCT_CONTEXT('',#2,'mechanical');
#936 = PRODUCT_DEFINITION_CONTEXT('part definition',#2,'design');
#937 = SHAPE_REPRESENTATION('',(#11,#938),#942);
#938 = AXIS2_PLACEMENT_3D('',#939,#940,#941);
#939 = CARTESIAN_POINT('',(0.,0.,0.));
#940 = DIRECTION('',(0.,0.,1.));
#941 = DIRECTION('',(1.,0.,-0.));
#942 = ( GEOMETRIC_REPRESENTATION_CONTEXT(3) GLOBAL_UNCERTAINTY_ASSIGNED_CONTEXT((#946)) GLOBAL_UNIT_ASSIGNED_CONTEXT((#943,#944,#945)) REPRESENTATION_CONTEXT('Context #1',  '3D Context with UNIT and UNCERTAINTY') );
#943 = ( LENGTH_UNIT() NAMED_UNIT(*) SI_UNIT(.MILLI.,.METRE.) );
#944 = ( NAMED_UNIT(*) PLANE_ANGLE_UNIT() SI_UNIT($,.RADIAN.) );
#945 = ( NAMED_UNIT(*) SI_UNIT($,.STERADIAN.) SOLID_ANGLE_UNIT() );
#946 = UNCERTAINTY_MEASURE_WITH_UNIT(LENGTH_MEASURE(2.E-07),#943,  'distance_accuracy_value','confusion accuracy');
#947 = CONTEXT_DEPENDENT_SHAPE_REPRESENTATION(#948,#950);
#948 = ( REPRESENTATION_RELATIONSHIP('','',#937,#10) REPRESENTATION_RELATIONSHIP_WITH_TRANSFORMATION(#949) SHAPE_REPRESENTATION_RELATIONSHIP() );
#949 = ITEM_DEFINED_TRANSFORMATION('','',#11,#47);
#950 = PRODUCT_DEFINITION_SHAPE('Placement','Placement of an item',#951  );
#951 = NEXT_ASSEMBLY_USAGE_OCCURRENCE('13','=>[0:1:1:13]','',#5,#932,$);
#952 = PRODUCT_RELATED_PRODUCT_CATEGORY('part',$,(#934));
#953 = SHAPE_DEFINITION_REPRESENTATION(#954,#960);
#954 = PRODUCT_DEFINITION_SHAPE('','',#955);
#955 = PRODUCT_DEFINITION('design','',#956,#959);
#956 = PRODUCT_DEFINITION_FORMATION('','',#957);
#957 = PRODUCT('C0805~C0805_L2.0-W1.3-H1.3~6DR2',  'C0805~C0805_L2.0-W1.3-H1.3~6DR2','',(#958));
#958 = PRODUCT_CONTEXT('',#2,'mechanical');
#959 = PRODUCT_DEFINITION_CONTEXT('part definition',#2,'design');
#960 = ADVANCED_BREP_SHAPE_REPRESENTATION('',(#11,#961),#1099);
#961 = MANIFOLD_SOLID_BREP('',#962);
#962 = CLOSED_SHELL('',(#963,#999,#1035,#1055,#1075,#1087));
#963 = ADVANCED_FACE('',(#964),#994,.F.);
#964 = FACE_BOUND('',#965,.F.);
#965 = EDGE_LOOP('',(#966,#975,#982,#989));
#966 = ORIENTED_EDGE('',*,*,#967,.F.);
#967 = EDGE_CURVE('',#968,#970,#972,.T.);
#968 = VERTEX_POINT('',#969);
#969 = CARTESIAN_POINT('',(-1.,-0.649987299975,0.));
#970 = VERTEX_POINT('',#971);
#971 = CARTESIAN_POINT('',(-1.,-0.649987299975,0.762001524003));
#972 = B_SPLINE_CURVE_WITH_KNOTS('',1,(#973,#974),.UNSPECIFIED.,.F.,.F.,  (2,2),(0.,0.762001524003),.PIECEWISE_BEZIER_KNOTS.);
#973 = CARTESIAN_POINT('',(-1.,-0.649987299975,0.));
#974 = CARTESIAN_POINT('',(-1.,-0.649987299975,0.762001524003));
#975 = ORIENTED_EDGE('',*,*,#976,.T.);
#976 = EDGE_CURVE('',#968,#977,#979,.T.);
#977 = VERTEX_POINT('',#978);
#978 = CARTESIAN_POINT('',(-1.,0.650012700025,0.));
#979 = B_SPLINE_CURVE_WITH_KNOTS('',1,(#980,#981),.UNSPECIFIED.,.F.,.F.,  (2,2),(0.,0.762001524003),.PIECEWISE_BEZIER_KNOTS.);
#980 = CARTESIAN_POINT('',(-1.,-0.649987299975,0.));
#981 = CARTESIAN_POINT('',(-1.,0.650012700025,0.));
#982 = ORIENTED_EDGE('',*,*,#983,.T.);
#983 = EDGE_CURVE('',#977,#984,#986,.T.);
#984 = VERTEX_POINT('',#985);
#985 = CARTESIAN_POINT('',(-1.,0.650012700025,0.762001524003));
#986 = B_SPLINE_CURVE_WITH_KNOTS('',1,(#987,#988),.UNSPECIFIED.,.F.,.F.,  (2,2),(0.,0.762001524003),.PIECEWISE_BEZIER_KNOTS.);
#987 = CARTESIAN_POINT('',(-1.,0.650012700025,0.));
#988 = CARTESIAN_POINT('',(-1.,0.650012700025,0.762001524003));
#989 = ORIENTED_EDGE('',*,*,#990,.F.);
#990 = EDGE_CURVE('',#970,#984,#991,.T.);
#991 = B_SPLINE_CURVE_WITH_KNOTS('',1,(#992,#993),.UNSPECIFIED.,.F.,.F.,  (2,2),(0.,0.762001524003),.PIECEWISE_BEZIER_KNOTS.);
#992 = CARTESIAN_POINT('',(-1.,-0.649987299975,0.762001524003));
#993 = CARTESIAN_POINT('',(-1.,0.650012700025,0.762001524003));
#994 = B_SPLINE_SURFACE_WITH_KNOTS('',1,1,(    (#995,#996)    ,(#997,#998    )),.UNSPECIFIED.,.F.,.F.,.F.,(2,2),(2,2),(0.,0.762001524003),(    -0.762001524003,0.),.PIECEWISE_BEZIER_KNOTS.);
#995 = CARTESIAN_POINT('',(-1.,0.650012700025,0.));
#996 = CARTESIAN_POINT('',(-1.,-0.649987299975,0.));
#997 = CARTESIAN_POINT('',(-1.,0.650012700025,0.762001524003));
#998 = CARTESIAN_POINT('',(-1.,-0.649987299975,0.762001524003));
#999 = ADVANCED_FACE('',(#1000),#1030,.T.);
#1000 = FACE_BOUND('',#1001,.T.);
#1001 = EDGE_LOOP('',(#1002,#1011,#1018,#1025));
#1002 = ORIENTED_EDGE('',*,*,#1003,.F.);
#1003 = EDGE_CURVE('',#1004,#1006,#1008,.T.);
#1004 = VERTEX_POINT('',#1005);
#1005 = CARTESIAN_POINT('',(1.,-0.649987299975,0.));
#1006 = VERTEX_POINT('',#1007);
#1007 = CARTESIAN_POINT('',(1.,-0.649987299975,0.762001524003));
#1008 = B_SPLINE_CURVE_WITH_KNOTS('',1,(#1009,#1010),.UNSPECIFIED.,.F.,  .F.,(2,2),(0.,0.762001524003),.PIECEWISE_BEZIER_KNOTS.);
#1009 = CARTESIAN_POINT('',(1.,-0.649987299975,0.));
#1010 = CARTESIAN_POINT('',(1.,-0.649987299975,0.762001524003));
#1011 = ORIENTED_EDGE('',*,*,#1012,.T.);
#1012 = EDGE_CURVE('',#1004,#1013,#1015,.T.);
#1013 = VERTEX_POINT('',#1014);
#1014 = CARTESIAN_POINT('',(1.,0.650012700025,0.));
#1015 = B_SPLINE_CURVE_WITH_KNOTS('',1,(#1016,#1017),.UNSPECIFIED.,.F.,  .F.,(2,2),(0.,0.762001524003),.PIECEWISE_BEZIER_KNOTS.);
#1016 = CARTESIAN_POINT('',(1.,-0.649987299975,0.));
#1017 = CARTESIAN_POINT('',(1.,0.650012700025,0.));
#1018 = ORIENTED_EDGE('',*,*,#1019,.T.);
#1019 = EDGE_CURVE('',#1013,#1020,#1022,.T.);
#1020 = VERTEX_POINT('',#1021);
#1021 = CARTESIAN_POINT('',(1.,0.650012700025,0.762001524003));
#1022 = B_SPLINE_CURVE_WITH_KNOTS('',1,(#1023,#1024),.UNSPECIFIED.,.F.,  .F.,(2,2),(0.,0.762001524003),.PIECEWISE_BEZIER_KNOTS.);
#1023 = CARTESIAN_POINT('',(1.,0.650012700025,0.));
#1024 = CARTESIAN_POINT('',(1.,0.650012700025,0.762001524003));
#1025 = ORIENTED_EDGE('',*,*,#1026,.F.);
#1026 = EDGE_CURVE('',#1006,#1020,#1027,.T.);
#1027 = B_SPLINE_CURVE_WITH_KNOTS('',1,(#1028,#1029),.UNSPECIFIED.,.F.,  .F.,(2,2),(0.,0.762001524003),.PIECEWISE_BEZIER_KNOTS.);
#1028 = CARTESIAN_POINT('',(1.,-0.649987299975,0.762001524003));
#1029 = CARTESIAN_POINT('',(1.,0.650012700025,0.762001524003));
#1030 = B_SPLINE_SURFACE_WITH_KNOTS('',1,1,(    (#1031,#1032)    ,(#1033,#1034    )),.UNSPECIFIED.,.F.,.F.,.F.,(2,2),(2,2),(0.,0.762001524003),(    -0.762001524003,0.),.PIECEWISE_BEZIER_KNOTS.);
#1031 = CARTESIAN_POINT('',(1.,0.650012700025,0.));
#1032 = CARTESIAN_POINT('',(1.,-0.649987299975,0.));
#1033 = CARTESIAN_POINT('',(1.,0.650012700025,0.762001524003));
#1034 = CARTESIAN_POINT('',(1.,-0.649987299975,0.762001524003));
#1035 = ADVANCED_FACE('',(#1036),#1050,.F.);
#1036 = FACE_BOUND('',#1037,.F.);
#1037 = EDGE_LOOP('',(#1038,#1043,#1044,#1049));
#1038 = ORIENTED_EDGE('',*,*,#1039,.F.);
#1039 = EDGE_CURVE('',#968,#1004,#1040,.T.);
#1040 = B_SPLINE_CURVE_WITH_KNOTS('',1,(#1041,#1042),.UNSPECIFIED.,.F.,  .F.,(2,2),(0.,0.762001524003),.PIECEWISE_BEZIER_KNOTS.);
#1041 = CARTESIAN_POINT('',(-1.,-0.649987299975,0.));
#1042 = CARTESIAN_POINT('',(1.,-0.649987299975,0.));
#1043 = ORIENTED_EDGE('',*,*,#967,.T.);
#1044 = ORIENTED_EDGE('',*,*,#1045,.T.);
#1045 = EDGE_CURVE('',#970,#1006,#1046,.T.);
#1046 = B_SPLINE_CURVE_WITH_KNOTS('',1,(#1047,#1048),.UNSPECIFIED.,.F.,  .F.,(2,2),(0.,0.762001524003),.PIECEWISE_BEZIER_KNOTS.);
#1047 = CARTESIAN_POINT('',(-1.,-0.649987299975,0.762001524003));
#1048 = CARTESIAN_POINT('',(1.,-0.649987299975,0.762001524003));
#1049 = ORIENTED_EDGE('',*,*,#1003,.F.);
#1050 = B_SPLINE_SURFACE_WITH_KNOTS('',1,1,(    (#1051,#1052)    ,(#1053,#1054    )),.UNSPECIFIED.,.F.,.F.,.F.,(2,2),(2,2),(0.,0.762001524003),(0.,    0.762001524003),.PIECEWISE_BEZIER_KNOTS.);
#1051 = CARTESIAN_POINT('',(-1.,-0.649987299975,0.));
#1052 = CARTESIAN_POINT('',(1.,-0.649987299975,0.));
#1053 = CARTESIAN_POINT('',(-1.,-0.649987299975,0.762001524003));
#1054 = CARTESIAN_POINT('',(1.,-0.649987299975,0.762001524003));
#1055 = ADVANCED_FACE('',(#1056),#1070,.T.);
#1056 = FACE_BOUND('',#1057,.T.);
#1057 = EDGE_LOOP('',(#1058,#1063,#1064,#1069));
#1058 = ORIENTED_EDGE('',*,*,#1059,.F.);
#1059 = EDGE_CURVE('',#977,#1013,#1060,.T.);
#1060 = B_SPLINE_CURVE_WITH_KNOTS('',1,(#1061,#1062),.UNSPECIFIED.,.F.,  .F.,(2,2),(0.,0.762001524003),.PIECEWISE_BEZIER_KNOTS.);
#1061 = CARTESIAN_POINT('',(-1.,0.650012700025,0.));
#1062 = CARTESIAN_POINT('',(1.,0.650012700025,0.));
#1063 = ORIENTED_EDGE('',*,*,#983,.T.);
#1064 = ORIENTED_EDGE('',*,*,#1065,.T.);
#1065 = EDGE_CURVE('',#984,#1020,#1066,.T.);
#1066 = B_SPLINE_CURVE_WITH_KNOTS('',1,(#1067,#1068),.UNSPECIFIED.,.F.,  .F.,(2,2),(0.,0.762001524003),.PIECEWISE_BEZIER_KNOTS.);
#1067 = CARTESIAN_POINT('',(-1.,0.650012700025,0.762001524003));
#1068 = CARTESIAN_POINT('',(1.,0.650012700025,0.762001524003));
#1069 = ORIENTED_EDGE('',*,*,#1019,.F.);
#1070 = B_SPLINE_SURFACE_WITH_KNOTS('',1,1,(    (#1071,#1072)    ,(#1073,#1074    )),.UNSPECIFIED.,.F.,.F.,.F.,(2,2),(2,2),(0.,0.762001524003),(0.,    0.762001524003),.PIECEWISE_BEZIER_KNOTS.);
#1071 = CARTESIAN_POINT('',(-1.,0.650012700025,0.));
#1072 = CARTESIAN_POINT('',(1.,0.650012700025,0.));
#1073 = CARTESIAN_POINT('',(-1.,0.650012700025,0.762001524003));
#1074 = CARTESIAN_POINT('',(1.,0.650012700025,0.762001524003));
#1075 = ADVANCED_FACE('',(#1076),#1082,.F.);
#1076 = FACE_BOUND('',#1077,.F.);
#1077 = EDGE_LOOP('',(#1078,#1079,#1080,#1081));
#1078 = ORIENTED_EDGE('',*,*,#976,.F.);
#1079 = ORIENTED_EDGE('',*,*,#1039,.T.);
#1080 = ORIENTED_EDGE('',*,*,#1012,.T.);
#1081 = ORIENTED_EDGE('',*,*,#1059,.F.);
#1082 = B_SPLINE_SURFACE_WITH_KNOTS('',1,1,(    (#1083,#1084)    ,(#1085,#1086    )),.UNSPECIFIED.,.F.,.F.,.F.,(2,2),(2,2),(0.,0.762001524003),(0.,    0.762001524003),.PIECEWISE_BEZIER_KNOTS.);
#1083 = CARTESIAN_POINT('',(-1.,-0.649987299975,0.));
#1084 = CARTESIAN_POINT('',(-1.,0.650012700025,0.));
#1085 = CARTESIAN_POINT('',(1.,-0.649987299975,0.));
#1086 = CARTESIAN_POINT('',(1.,0.650012700025,0.));
#1087 = ADVANCED_FACE('',(#1088),#1094,.T.);
#1088 = FACE_BOUND('',#1089,.T.);
#1089 = EDGE_LOOP('',(#1090,#1091,#1092,#1093));
#1090 = ORIENTED_EDGE('',*,*,#990,.F.);
#1091 = ORIENTED_EDGE('',*,*,#1045,.T.);
#1092 = ORIENTED_EDGE('',*,*,#1026,.T.);
#1093 = ORIENTED_EDGE('',*,*,#1065,.F.);
#1094 = B_SPLINE_SURFACE_WITH_KNOTS('',1,1,(    (#1095,#1096)    ,(#1097,#1098    )),.UNSPECIFIED.,.F.,.F.,.F.,(2,2),(2,2),(0.,0.762001524003),(0.,    0.762001524003),.PIECEWISE_BEZIER_KNOTS.);
#1095 = CARTESIAN_POINT('',(-1.,-0.649987299975,0.762001524003));
#1096 = CARTESIAN_POINT('',(-1.,0.650012700025,0.762001524003));
#1097 = CARTESIAN_POINT('',(1.,-0.649987299975,0.762001524003));
#1098 = CARTESIAN_POINT('',(1.,0.650012700025,0.762001524003));
#1099 = ( GEOMETRIC_REPRESENTATION_CONTEXT(3) GLOBAL_UNCERTAINTY_ASSIGNED_CONTEXT((#1103)) GLOBAL_UNIT_ASSIGNED_CONTEXT((#1100,#1101,#1102)) REPRESENTATION_CONTEXT('Context #1','3D Context with UNIT and UNCERTAINTY') );
#1100 = ( LENGTH_UNIT() NAMED_UNIT(*) SI_UNIT(.MILLI.,.METRE.) );
#1101 = ( NAMED_UNIT(*) PLANE_ANGLE_UNIT() SI_UNIT($,.RADIAN.) );
#1102 = ( NAMED_UNIT(*) SI_UNIT($,.STERADIAN.) SOLID_ANGLE_UNIT() );
#1103 = UNCERTAINTY_MEASURE_WITH_UNIT(LENGTH_MEASURE(2.E-07),#1100,  'distance_accuracy_value','confusion accuracy');
#1104 = CONTEXT_DEPENDENT_SHAPE_REPRESENTATION(#1105,#1107);
#1105 = ( REPRESENTATION_RELATIONSHIP('','',#960,#937) REPRESENTATION_RELATIONSHIP_WITH_TRANSFORMATION(#1106) SHAPE_REPRESENTATION_RELATIONSHIP() );
#1106 = ITEM_DEFINED_TRANSFORMATION('','',#11,#938);
#1107 = PRODUCT_DEFINITION_SHAPE('Placement','Placement of an item',  #1108);
#1108 = NEXT_ASSEMBLY_USAGE_OCCURRENCE('12','=>[0:1:1:12]','',#932,#955,  $);
#1109 = PRODUCT_RELATED_PRODUCT_CATEGORY('part',$,(#957));
#1110 = SHAPE_DEFINITION_REPRESENTATION(#1111,#1117);
#1111 = PRODUCT_DEFINITION_SHAPE('','',#1112);
#1112 = PRODUCT_DEFINITION('design','',#1113,#1116);
#1113 = PRODUCT_DEFINITION_FORMATION('','',#1114);
#1114 = PRODUCT('C4~C0805~C0805_L2.0-W1.3-H1.3~6DR2',  'C4~C0805~C0805_L2.0-W1.3-H1.3~6DR2','',(#1115));
#1115 = PRODUCT_CONTEXT('',#2,'mechanical');
#1116 = PRODUCT_DEFINITION_CONTEXT('part definition',#2,'design');
#1117 = SHAPE_REPRESENTATION('',(#11,#1118),#1122);
#1118 = AXIS2_PLACEMENT_3D('',#1119,#1120,#1121);
#1119 = CARTESIAN_POINT('',(0.,0.,0.));
#1120 = DIRECTION('',(0.,0.,1.));
#1121 = DIRECTION('',(1.,0.,-0.));
#1122 = ( GEOMETRIC_REPRESENTATION_CONTEXT(3) GLOBAL_UNCERTAINTY_ASSIGNED_CONTEXT((#1126)) GLOBAL_UNIT_ASSIGNED_CONTEXT((#1123,#1124,#1125)) REPRESENTATION_CONTEXT('Context #1','3D Context with UNIT and UNCERTAINTY') );
#1123 = ( LENGTH_UNIT() NAMED_UNIT(*) SI_UNIT(.MILLI.,.METRE.) );
#1124 = ( NAMED_UNIT(*) PLANE_ANGLE_UNIT() SI_UNIT($,.RADIAN.) );
#1125 = ( NAMED_UNIT(*) SI_UNIT($,.STERADIAN.) SOLID_ANGLE_UNIT() );
#1126 = UNCERTAINTY_MEASURE_WITH_UNIT(LENGTH_MEASURE(2.E-07),#1123,  'distance_accuracy_value','confusion accuracy');
#1127 = CONTEXT_DEPENDENT_SHAPE_REPRESENTATION(#1128,#1130);
#1128 = ( REPRESENTATION_RELATIONSHIP('','',#1117,#10) REPRESENTATION_RELATIONSHIP_WITH_TRANSFORMATION(#1129) SHAPE_REPRESENTATION_RELATIONSHIP() );
#1129 = ITEM_DEFINED_TRANSFORMATION('','',#11,#51);
#1130 = PRODUCT_DEFINITION_SHAPE('Placement','Placement of an item',  #1131);
#1131 = NEXT_ASSEMBLY_USAGE_OCCURRENCE('15','=>[0:1:1:14]','',#5,#1112,$  );
#1132 = PRODUCT_RELATED_PRODUCT_CATEGORY('part',$,(#1114));
#1133 = CONTEXT_DEPENDENT_SHAPE_REPRESENTATION(#1134,#1136);
#1134 = ( REPRESENTATION_RELATIONSHIP('','',#960,#1117) REPRESENTATION_RELATIONSHIP_WITH_TRANSFORMATION(#1135) SHAPE_REPRESENTATION_RELATIONSHIP() );
#1135 = ITEM_DEFINED_TRANSFORMATION('','',#11,#1118);
#1136 = PRODUCT_DEFINITION_SHAPE('Placement','Placement of an item',  #1137);
#1137 = NEXT_ASSEMBLY_USAGE_OCCURRENCE('14','','',#1112,#955,$);
#1138 = SHAPE_DEFINITION_REPRESENTATION(#1139,#1145);
#1139 = PRODUCT_DEFINITION_SHAPE('','',#1140);
#1140 = PRODUCT_DEFINITION('design','',#1141,#1144);
#1141 = PRODUCT_DEFINITION_FORMATION('','',#1142);
#1142 = PRODUCT('C7~C0805~C0805_L2.0-W1.3-H1.3~6DR2',  'C7~C0805~C0805_L2.0-W1.3-H1.3~6DR2','',(#1143));
#1143 = PRODUCT_CONTEXT('',#2,'mechanical');
#1144 = PRODUCT_DEFINITION_CONTEXT('part definition',#2,'design');
#1145 = SHAPE_REPRESENTATION('',(#11,#1146),#1150);
#1146 = AXIS2_PLACEMENT_3D('',#1147,#1148,#1149);
#1147 = CARTESIAN_POINT('',(0.,0.,0.));
#1148 = DIRECTION('',(0.,0.,1.));
#1149 = DIRECTION('',(1.,0.,-0.));
#1150 = ( GEOMETRIC_REPRESENTATION_CONTEXT(3) GLOBAL_UNCERTAINTY_ASSIGNED_CONTEXT((#1154)) GLOBAL_UNIT_ASSIGNED_CONTEXT((#1151,#1152,#1153)) REPRESENTATION_CONTEXT('Context #1','3D Context with UNIT and UNCERTAINTY') );
#1151 = ( LENGTH_UNIT() NAMED_UNIT(*) SI_UNIT(.MILLI.,.METRE.) );
#1152 = ( NAMED_UNIT(*) PLANE_ANGLE_UNIT() SI_UNIT($,.RADIAN.) );
#1153 = ( NAMED_UNIT(*) SI_UNIT($,.STERADIAN.) SOLID_ANGLE_UNIT() );
#1154 = UNCERTAINTY_MEASURE_WITH_UNIT(LENGTH_MEASURE(2.E-07),#1151,  'distance_accuracy_value','confusion accuracy');
#1155 = CONTEXT_DEPENDENT_SHAPE_REPRESENTATION(#1156,#1158);
#1156 = ( REPRESENTATION_RELATIONSHIP('','',#1145,#10) REPRESENTATION_RELATIONSHIP_WITH_TRANSFORMATION(#1157) SHAPE_REPRESENTATION_RELATIONSHIP() );
#1157 = ITEM_DEFINED_TRANSFORMATION('','',#11,#55);
#1158 = PRODUCT_DEFINITION_SHAPE('Placement','Placement of an item',  #1159);
#1159 = NEXT_ASSEMBLY_USAGE_OCCURRENCE('17','=>[0:1:1:15]','',#5,#1140,$  );
#1160 = PRODUCT_RELATED_PRODUCT_CATEGORY('part',$,(#1142));
#1161 = CONTEXT_DEPENDENT_SHAPE_REPRESENTATION(#1162,#1164);
#1162 = ( REPRESENTATION_RELATIONSHIP('','',#960,#1145) REPRESENTATION_RELATIONSHIP_WITH_TRANSFORMATION(#1163) SHAPE_REPRESENTATION_RELATIONSHIP() );
#1163 = ITEM_DEFINED_TRANSFORMATION('','',#11,#1146);
#1164 = PRODUCT_DEFINITION_SHAPE('Placement','Placement of an item',  #1165);
#1165 = NEXT_ASSEMBLY_USAGE_OCCURRENCE('16','','',#1140,#955,$);
#1166 = SHAPE_DEFINITION_REPRESENTATION(#1167,#1173);
#1167 = PRODUCT_DEFINITION_SHAPE('','',#1168);
#1168 = PRODUCT_DEFINITION('design','',#1169,#1172);
#1169 = PRODUCT_DEFINITION_FORMATION('','',#1170);
#1170 = PRODUCT('C1~C0603~C0603_L1.6-W0.8-H0.8~6DR2',  'C1~C0603~C0603_L1.6-W0.8-H0.8~6DR2','',(#1171));
#1171 = PRODUCT_CONTEXT('',#2,'mechanical');
#1172 = PRODUCT_DEFINITION_CONTEXT('part definition',#2,'design');
#1173 = SHAPE_REPRESENTATION('',(#11,#1174),#1178);
#1174 = AXIS2_PLACEMENT_3D('',#1175,#1176,#1177);
#1175 = CARTESIAN_POINT('',(0.,0.,0.));
#1176 = DIRECTION('',(0.,0.,1.));
#1177 = DIRECTION('',(1.,0.,-0.));
#1178 = ( GEOMETRIC_REPRESENTATION_CONTEXT(3) GLOBAL_UNCERTAINTY_ASSIGNED_CONTEXT((#1182)) GLOBAL_UNIT_ASSIGNED_CONTEXT((#1179,#1180,#1181)) REPRESENTATION_CONTEXT('Context #1','3D Context with UNIT and UNCERTAINTY') );
#1179 = ( LENGTH_UNIT() NAMED_UNIT(*) SI_UNIT(.MILLI.,.METRE.) );
#1180 = ( NAMED_UNIT(*) PLANE_ANGLE_UNIT() SI_UNIT($,.RADIAN.) );
#1181 = ( NAMED_UNIT(*) SI_UNIT($,.STERADIAN.) SOLID_ANGLE_UNIT() );
#1182 = UNCERTAINTY_MEASURE_WITH_UNIT(LENGTH_MEASURE(2.E-07),#1179,  'distance_accuracy_value','confusion accuracy');
#1183 = CONTEXT_DEPENDENT_SHAPE_REPRESENTATION(#1184,#1186);
#1184 = ( REPRESENTATION_RELATIONSHIP('','',#1173,#10) REPRESENTATION_RELATIONSHIP_WITH_TRANSFORMATION(#1185) SHAPE_REPRESENTATION_RELATIONSHIP() );
#1185 = ITEM_DEFINED_TRANSFORMATION('','',#11,#59);
#1186 = PRODUCT_DEFINITION_SHAPE('Placement','Placement of an item',  #1187);
#1187 = NEXT_ASSEMBLY_USAGE_OCCURRENCE('19','=>[0:1:1:17]','',#5,#1168,$  );
#1188 = PRODUCT_RELATED_PRODUCT_CATEGORY('part',$,(#1170));
#1189 = SHAPE_DEFINITION_REPRESENTATION(#1190,#1196);
#1190 = PRODUCT_DEFINITION_SHAPE('','',#1191);
#1191 = PRODUCT_DEFINITION('design','',#1192,#1195);
#1192 = PRODUCT_DEFINITION_FORMATION('','',#1193);
#1193 = PRODUCT('C0603~C0603_L1.6-W0.8-H0.8~6DR2',  'C0603~C0603_L1.6-W0.8-H0.8~6DR2','',(#1194));
#1194 = PRODUCT_CONTEXT('',#2,'mechanical');
#1195 = PRODUCT_DEFINITION_CONTEXT('part definition',#2,'design');
#1196 = ADVANCED_BREP_SHAPE_REPRESENTATION('',(#11,#1197),#1335);
#1197 = MANIFOLD_SOLID_BREP('',#1198);
#1198 = CLOSED_SHELL('',(#1199,#1235,#1271,#1291,#1311,#1323));
#1199 = ADVANCED_FACE('',(#1200),#1230,.F.);
#1200 = FACE_BOUND('',#1201,.F.);
#1201 = EDGE_LOOP('',(#1202,#1211,#1218,#1225));
#1202 = ORIENTED_EDGE('',*,*,#1203,.F.);
#1203 = EDGE_CURVE('',#1204,#1206,#1208,.T.);
#1204 = VERTEX_POINT('',#1205);
#1205 = CARTESIAN_POINT('',(-0.8,-0.4,0.));
#1206 = VERTEX_POINT('',#1207);
#1207 = CARTESIAN_POINT('',(-0.8,-0.4,0.762001524003));
#1208 = B_SPLINE_CURVE_WITH_KNOTS('',1,(#1209,#1210),.UNSPECIFIED.,.F.,  .F.,(2,2),(0.,0.762001524003),.PIECEWISE_BEZIER_KNOTS.);
#1209 = CARTESIAN_POINT('',(-0.8,-0.4,0.));
#1210 = CARTESIAN_POINT('',(-0.8,-0.4,0.762001524003));
#1211 = ORIENTED_EDGE('',*,*,#1212,.T.);
#1212 = EDGE_CURVE('',#1204,#1213,#1215,.T.);
#1213 = VERTEX_POINT('',#1214);
#1214 = CARTESIAN_POINT('',(-0.8,0.4,0.));
#1215 = B_SPLINE_CURVE_WITH_KNOTS('',1,(#1216,#1217),.UNSPECIFIED.,.F.,  .F.,(2,2),(0.,0.762001524003),.PIECEWISE_BEZIER_KNOTS.);
#1216 = CARTESIAN_POINT('',(-0.8,-0.4,0.));
#1217 = CARTESIAN_POINT('',(-0.8,0.4,0.));
#1218 = ORIENTED_EDGE('',*,*,#1219,.T.);
#1219 = EDGE_CURVE('',#1213,#1220,#1222,.T.);
#1220 = VERTEX_POINT('',#1221);
#1221 = CARTESIAN_POINT('',(-0.8,0.4,0.762001524003));
#1222 = B_SPLINE_CURVE_WITH_KNOTS('',1,(#1223,#1224),.UNSPECIFIED.,.F.,  .F.,(2,2),(0.,0.762001524003),.PIECEWISE_BEZIER_KNOTS.);
#1223 = CARTESIAN_POINT('',(-0.8,0.4,0.));
#1224 = CARTESIAN_POINT('',(-0.8,0.4,0.762001524003));
#1225 = ORIENTED_EDGE('',*,*,#1226,.F.);
#1226 = EDGE_CURVE('',#1206,#1220,#1227,.T.);
#1227 = B_SPLINE_CURVE_WITH_KNOTS('',1,(#1228,#1229),.UNSPECIFIED.,.F.,  .F.,(2,2),(0.,0.762001524003),.PIECEWISE_BEZIER_KNOTS.);
#1228 = CARTESIAN_POINT('',(-0.8,-0.4,0.762001524003));
#1229 = CARTESIAN_POINT('',(-0.8,0.4,0.762001524003));
#1230 = B_SPLINE_SURFACE_WITH_KNOTS('',1,1,(    (#1231,#1232)    ,(#1233,#1234    )),.UNSPECIFIED.,.F.,.F.,.F.,(2,2),(2,2),(0.,0.762001524003),(    -0.762001524003,0.),.PIECEWISE_BEZIER_KNOTS.);
#1231 = CARTESIAN_POINT('',(-0.8,0.4,0.));
#1232 = CARTESIAN_POINT('',(-0.8,-0.4,0.));
#1233 = CARTESIAN_POINT('',(-0.8,0.4,0.762001524003));
#1234 = CARTESIAN_POINT('',(-0.8,-0.4,0.762001524003));
#1235 = ADVANCED_FACE('',(#1236),#1266,.T.);
#1236 = FACE_BOUND('',#1237,.T.);
#1237 = EDGE_LOOP('',(#1238,#1247,#1254,#1261));
#1238 = ORIENTED_EDGE('',*,*,#1239,.F.);
#1239 = EDGE_CURVE('',#1240,#1242,#1244,.T.);
#1240 = VERTEX_POINT('',#1241);
#1241 = CARTESIAN_POINT('',(0.8,-0.4,0.));
#1242 = VERTEX_POINT('',#1243);
#1243 = CARTESIAN_POINT('',(0.8,-0.4,0.762001524003));
#1244 = B_SPLINE_CURVE_WITH_KNOTS('',1,(#1245,#1246),.UNSPECIFIED.,.F.,  .F.,(2,2),(0.,0.762001524003),.PIECEWISE_BEZIER_KNOTS.);
#1245 = CARTESIAN_POINT('',(0.8,-0.4,0.));
#1246 = CARTESIAN_POINT('',(0.8,-0.4,0.762001524003));
#1247 = ORIENTED_EDGE('',*,*,#1248,.T.);
#1248 = EDGE_CURVE('',#1240,#1249,#1251,.T.);
#1249 = VERTEX_POINT('',#1250);
#1250 = CARTESIAN_POINT('',(0.8,0.4,0.));
#1251 = B_SPLINE_CURVE_WITH_KNOTS('',1,(#1252,#1253),.UNSPECIFIED.,.F.,  .F.,(2,2),(0.,0.762001524003),.PIECEWISE_BEZIER_KNOTS.);
#1252 = CARTESIAN_POINT('',(0.8,-0.4,0.));
#1253 = CARTESIAN_POINT('',(0.8,0.4,0.));
#1254 = ORIENTED_EDGE('',*,*,#1255,.T.);
#1255 = EDGE_CURVE('',#1249,#1256,#1258,.T.);
#1256 = VERTEX_POINT('',#1257);
#1257 = CARTESIAN_POINT('',(0.8,0.4,0.762001524003));
#1258 = B_SPLINE_CURVE_WITH_KNOTS('',1,(#1259,#1260),.UNSPECIFIED.,.F.,  .F.,(2,2),(0.,0.762001524003),.PIECEWISE_BEZIER_KNOTS.);
#1259 = CARTESIAN_POINT('',(0.8,0.4,0.));
#1260 = CARTESIAN_POINT('',(0.8,0.4,0.762001524003));
#1261 = ORIENTED_EDGE('',*,*,#1262,.F.);
#1262 = EDGE_CURVE('',#1242,#1256,#1263,.T.);
#1263 = B_SPLINE_CURVE_WITH_KNOTS('',1,(#1264,#1265),.UNSPECIFIED.,.F.,  .F.,(2,2),(0.,0.762001524003),.PIECEWISE_BEZIER_KNOTS.);
#1264 = CARTESIAN_POINT('',(0.8,-0.4,0.762001524003));
#1265 = CARTESIAN_POINT('',(0.8,0.4,0.762001524003));
#1266 = B_SPLINE_SURFACE_WITH_KNOTS('',1,1,(    (#1267,#1268)    ,(#1269,#1270    )),.UNSPECIFIED.,.F.,.F.,.F.,(2,2),(2,2),(0.,0.762001524003),(    -0.762001524003,0.),.PIECEWISE_BEZIER_KNOTS.);
#1267 = CARTESIAN_POINT('',(0.8,0.4,0.));
#1268 = CARTESIAN_POINT('',(0.8,-0.4,0.));
#1269 = CARTESIAN_POINT('',(0.8,0.4,0.762001524003));
#1270 = CARTESIAN_POINT('',(0.8,-0.4,0.762001524003));
#1271 = ADVANCED_FACE('',(#1272),#1286,.F.);
#1272 = FACE_BOUND('',#1273,.F.);
#1273 = EDGE_LOOP('',(#1274,#1279,#1280,#1285));
#1274 = ORIENTED_EDGE('',*,*,#1275,.F.);
#1275 = EDGE_CURVE('',#1204,#1240,#1276,.T.);
#1276 = B_SPLINE_CURVE_WITH_KNOTS('',1,(#1277,#1278),.UNSPECIFIED.,.F.,  .F.,(2,2),(0.,0.762001524003),.PIECEWISE_BEZIER_KNOTS.);
#1277 = CARTESIAN_POINT('',(-0.8,-0.4,0.));
#1278 = CARTESIAN_POINT('',(0.8,-0.4,0.));
#1279 = ORIENTED_EDGE('',*,*,#1203,.T.);
#1280 = ORIENTED_EDGE('',*,*,#1281,.T.);
#1281 = EDGE_CURVE('',#1206,#1242,#1282,.T.);
#1282 = B_SPLINE_CURVE_WITH_KNOTS('',1,(#1283,#1284),.UNSPECIFIED.,.F.,  .F.,(2,2),(0.,0.762001524003),.PIECEWISE_BEZIER_KNOTS.);
#1283 = CARTESIAN_POINT('',(-0.8,-0.4,0.762001524003));
#1284 = CARTESIAN_POINT('',(0.8,-0.4,0.762001524003));
#1285 = ORIENTED_EDGE('',*,*,#1239,.F.);
#1286 = B_SPLINE_SURFACE_WITH_KNOTS('',1,1,(    (#1287,#1288)    ,(#1289,#1290    )),.UNSPECIFIED.,.F.,.F.,.F.,(2,2),(2,2),(0.,0.762001524003),(0.,    0.762001524003),.PIECEWISE_BEZIER_KNOTS.);
#1287 = CARTESIAN_POINT('',(-0.8,-0.4,0.));
#1288 = CARTESIAN_POINT('',(0.8,-0.4,0.));
#1289 = CARTESIAN_POINT('',(-0.8,-0.4,0.762001524003));
#1290 = CARTESIAN_POINT('',(0.8,-0.4,0.762001524003));
#1291 = ADVANCED_FACE('',(#1292),#1306,.T.);
#1292 = FACE_BOUND('',#1293,.T.);
#1293 = EDGE_LOOP('',(#1294,#1299,#1300,#1305));
#1294 = ORIENTED_EDGE('',*,*,#1295,.F.);
#1295 = EDGE_CURVE('',#1213,#1249,#1296,.T.);
#1296 = B_SPLINE_CURVE_WITH_KNOTS('',1,(#1297,#1298),.UNSPECIFIED.,.F.,  .F.,(2,2),(0.,0.762001524003),.PIECEWISE_BEZIER_KNOTS.);
#1297 = CARTESIAN_POINT('',(-0.8,0.4,0.));
#1298 = CARTESIAN_POINT('',(0.8,0.4,0.));
#1299 = ORIENTED_EDGE('',*,*,#1219,.T.);
#1300 = ORIENTED_EDGE('',*,*,#1301,.T.);
#1301 = EDGE_CURVE('',#1220,#1256,#1302,.T.);
#1302 = B_SPLINE_CURVE_WITH_KNOTS('',1,(#1303,#1304),.UNSPECIFIED.,.F.,  .F.,(2,2),(0.,0.762001524003),.PIECEWISE_BEZIER_KNOTS.);
#1303 = CARTESIAN_POINT('',(-0.8,0.4,0.762001524003));
#1304 = CARTESIAN_POINT('',(0.8,0.4,0.762001524003));
#1305 = ORIENTED_EDGE('',*,*,#1255,.F.);
#1306 = B_SPLINE_SURFACE_WITH_KNOTS('',1,1,(    (#1307,#1308)    ,(#1309,#1310    )),.UNSPECIFIED.,.F.,.F.,.F.,(2,2),(2,2),(0.,0.762001524003),(0.,    0.762001524003),.PIECEWISE_BEZIER_KNOTS.);
#1307 = CARTESIAN_POINT('',(-0.8,0.4,0.));
#1308 = CARTESIAN_POINT('',(0.8,0.4,0.));
#1309 = CARTESIAN_POINT('',(-0.8,0.4,0.762001524003));
#1310 = CARTESIAN_POINT('',(0.8,0.4,0.762001524003));
#1311 = ADVANCED_FACE('',(#1312),#1318,.F.);
#1312 = FACE_BOUND('',#1313,.F.);
#1313 = EDGE_LOOP('',(#1314,#1315,#1316,#1317));
#1314 = ORIENTED_EDGE('',*,*,#1212,.F.);
#1315 = ORIENTED_EDGE('',*,*,#1275,.T.);
#1316 = ORIENTED_EDGE('',*,*,#1248,.T.);
#1317 = ORIENTED_EDGE('',*,*,#1295,.F.);
#1318 = B_SPLINE_SURFACE_WITH_KNOTS('',1,1,(    (#1319,#1320)    ,(#1321,#1322    )),.UNSPECIFIED.,.F.,.F.,.F.,(2,2),(2,2),(0.,0.762001524003),(0.,    0.762001524003),.PIECEWISE_BEZIER_KNOTS.);
#1319 = CARTESIAN_POINT('',(-0.8,-0.4,0.));
#1320 = CARTESIAN_POINT('',(-0.8,0.4,0.));
#1321 = CARTESIAN_POINT('',(0.8,-0.4,0.));
#1322 = CARTESIAN_POINT('',(0.8,0.4,0.));
#1323 = ADVANCED_FACE('',(#1324),#1330,.T.);
#1324 = FACE_BOUND('',#1325,.T.);
#1325 = EDGE_LOOP('',(#1326,#1327,#1328,#1329));
#1326 = ORIENTED_EDGE('',*,*,#1226,.F.);
#1327 = ORIENTED_EDGE('',*,*,#1281,.T.);
#1328 = ORIENTED_EDGE('',*,*,#1262,.T.);
#1329 = ORIENTED_EDGE('',*,*,#1301,.F.);
#1330 = B_SPLINE_SURFACE_WITH_KNOTS('',1,1,(    (#1331,#1332)    ,(#1333,#1334    )),.UNSPECIFIED.,.F.,.F.,.F.,(2,2),(2,2),(0.,0.762001524003),(0.,    0.762001524003),.PIECEWISE_BEZIER_KNOTS.);
#1331 = CARTESIAN_POINT('',(-0.8,-0.4,0.762001524003));
#1332 = CARTESIAN_POINT('',(-0.8,0.4,0.762001524003));
#1333 = CARTESIAN_POINT('',(0.8,-0.4,0.762001524003));
#1334 = CARTESIAN_POINT('',(0.8,0.4,0.762001524003));
#1335 = ( GEOMETRIC_REPRESENTATION_CONTEXT(3) GLOBAL_UNCERTAINTY_ASSIGNED_CONTEXT((#1339)) GLOBAL_UNIT_ASSIGNED_CONTEXT((#1336,#1337,#1338)) REPRESENTATION_CONTEXT('Context #1','3D Context with UNIT and UNCERTAINTY') );
#1336 = ( LENGTH_UNIT() NAMED_UNIT(*) SI_UNIT(.MILLI.,.METRE.) );
#1337 = ( NAMED_UNIT(*) PLANE_ANGLE_UNIT() SI_UNIT($,.RADIAN.) );
#1338 = ( NAMED_UNIT(*) SI_UNIT($,.STERADIAN.) SOLID_ANGLE_UNIT() );
#1339 = UNCERTAINTY_MEASURE_WITH_UNIT(LENGTH_MEASURE(2.E-07),#1336,  'distance_accuracy_value','confusion accuracy');
#1340 = CONTEXT_DEPENDENT_SHAPE_REPRESENTATION(#1341,#1343);
#1341 = ( REPRESENTATION_RELATIONSHIP('','',#1196,#1173) REPRESENTATION_RELATIONSHIP_WITH_TRANSFORMATION(#1342) SHAPE_REPRESENTATION_RELATIONSHIP() );
#1342 = ITEM_DEFINED_TRANSFORMATION('','',#11,#1174);
#1343 = PRODUCT_DEFINITION_SHAPE('Placement','Placement of an item',  #1344);
#1344 = NEXT_ASSEMBLY_USAGE_OCCURRENCE('18','=>[0:1:1:16]','',#1168,  #1191,$);
#1345 = PRODUCT_RELATED_PRODUCT_CATEGORY('part',$,(#1193));
#1346 = SHAPE_DEFINITION_REPRESENTATION(#1347,#1353);
#1347 = PRODUCT_DEFINITION_SHAPE('','',#1348);
#1348 = PRODUCT_DEFINITION('design','',#1349,#1352);
#1349 = PRODUCT_DEFINITION_FORMATION('','',#1350);
#1350 = PRODUCT('C2~C0603~C0603_L1.6-W0.8-H0.8~6DR2',  'C2~C0603~C0603_L1.6-W0.8-H0.8~6DR2','',(#1351));
#1351 = PRODUCT_CONTEXT('',#2,'mechanical');
#1352 = PRODUCT_DEFINITION_CONTEXT('part definition',#2,'design');
#1353 = SHAPE_REPRESENTATION('',(#11,#1354),#1358);
#1354 = AXIS2_PLACEMENT_3D('',#1355,#1356,#1357);
#1355 = CARTESIAN_POINT('',(0.,0.,0.));
#1356 = DIRECTION('',(0.,0.,1.));
#1357 = DIRECTION('',(1.,0.,-0.));
#1358 = ( GEOMETRIC_REPRESENTATION_CONTEXT(3) GLOBAL_UNCERTAINTY_ASSIGNED_CONTEXT((#1362)) GLOBAL_UNIT_ASSIGNED_CONTEXT((#1359,#1360,#1361)) REPRESENTATION_CONTEXT('Context #1','3D Context with UNIT and UNCERTAINTY') );
#1359 = ( LENGTH_UNIT() NAMED_UNIT(*) SI_UNIT(.MILLI.,.METRE.) );
#1360 = ( NAMED_UNIT(*) PLANE_ANGLE_UNIT() SI_UNIT($,.RADIAN.) );
#1361 = ( NAMED_UNIT(*) SI_UNIT($,.STERADIAN.) SOLID_ANGLE_UNIT() );
#1362 = UNCERTAINTY_MEASURE_WITH_UNIT(LENGTH_MEASURE(2.E-07),#1359,  'distance_accuracy_value','confusion accuracy');
#1363 = CONTEXT_DEPENDENT_SHAPE_REPRESENTATION(#1364,#1366);
#1364 = ( REPRESENTATION_RELATIONSHIP('','',#1353,#10) REPRESENTATION_RELATIONSHIP_WITH_TRANSFORMATION(#1365) SHAPE_REPRESENTATION_RELATIONSHIP() );
#1365 = ITEM_DEFINED_TRANSFORMATION('','',#11,#63);
#1366 = PRODUCT_DEFINITION_SHAPE('Placement','Placement of an item',  #1367);
#1367 = NEXT_ASSEMBLY_USAGE_OCCURRENCE('21','=>[0:1:1:18]','',#5,#1348,$  );
#1368 = PRODUCT_RELATED_PRODUCT_CATEGORY('part',$,(#1350));
#1369 = CONTEXT_DEPENDENT_SHAPE_REPRESENTATION(#1370,#1372);
#1370 = ( REPRESENTATION_RELATIONSHIP('','',#1196,#1353) REPRESENTATION_RELATIONSHIP_WITH_TRANSFORMATION(#1371) SHAPE_REPRESENTATION_RELATIONSHIP() );
#1371 = ITEM_DEFINED_TRANSFORMATION('','',#11,#1354);
#1372 = PRODUCT_DEFINITION_SHAPE('Placement','Placement of an item',  #1373);
#1373 = NEXT_ASSEMBLY_USAGE_OCCURRENCE('20','','',#1348,#1191,$);
#1374 = SHAPE_DEFINITION_REPRESENTATION(#1375,#1381);
#1375 = PRODUCT_DEFINITION_SHAPE('','',#1376);
#1376 = PRODUCT_DEFINITION('design','',#1377,#1380);
#1377 = PRODUCT_DEFINITION_FORMATION('','',#1378);
#1378 = PRODUCT('C5~C1206~C1206_L3.2-W1.6-H1.3~6DR2',  'C5~C1206~C1206_L3.2-W1.6-H1.3~6DR2','',(#1379));
#1379 = PRODUCT_CONTEXT('',#2,'mechanical');
#1380 = PRODUCT_DEFINITION_CONTEXT('part definition',#2,'design');
#1381 = SHAPE_REPRESENTATION('',(#11,#1382),#1386);
#1382 = AXIS2_PLACEMENT_3D('',#1383,#1384,#1385);
#1383 = CARTESIAN_POINT('',(0.,0.,0.));
#1384 = DIRECTION('',(0.,0.,1.));
#1385 = DIRECTION('',(1.,0.,-0.));
#1386 = ( GEOMETRIC_REPRESENTATION_CONTEXT(3) GLOBAL_UNCERTAINTY_ASSIGNED_CONTEXT((#1390)) GLOBAL_UNIT_ASSIGNED_CONTEXT((#1387,#1388,#1389)) REPRESENTATION_CONTEXT('Context #1','3D Context with UNIT and UNCERTAINTY') );
#1387 = ( LENGTH_UNIT() NAMED_UNIT(*) SI_UNIT(.MILLI.,.METRE.) );
#1388 = ( NAMED_UNIT(*) PLANE_ANGLE_UNIT() SI_UNIT($,.RADIAN.) );
#1389 = ( NAMED_UNIT(*) SI_UNIT($,.STERADIAN.) SOLID_ANGLE_UNIT() );
#1390 = UNCERTAINTY_MEASURE_WITH_UNIT(LENGTH_MEASURE(5.E-07),#1387,  'distance_accuracy_value','confusion accuracy');
#1391 = CONTEXT_DEPENDENT_SHAPE_REPRESENTATION(#1392,#1394);
#1392 = ( REPRESENTATION_RELATIONSHIP('','',#1381,#10) REPRESENTATION_RELATIONSHIP_WITH_TRANSFORMATION(#1393) SHAPE_REPRESENTATION_RELATIONSHIP() );
#1393 = ITEM_DEFINED_TRANSFORMATION('','',#11,#67);
#1394 = PRODUCT_DEFINITION_SHAPE('Placement','Placement of an item',  #1395);
#1395 = NEXT_ASSEMBLY_USAGE_OCCURRENCE('23','=>[0:1:1:20]','',#5,#1376,$  );
#1396 = PRODUCT_RELATED_PRODUCT_CATEGORY('part',$,(#1378));
#1397 = SHAPE_DEFINITION_REPRESENTATION(#1398,#1404);
#1398 = PRODUCT_DEFINITION_SHAPE('','',#1399);
#1399 = PRODUCT_DEFINITION('design','',#1400,#1403);
#1400 = PRODUCT_DEFINITION_FORMATION('','',#1401);
#1401 = PRODUCT('C1206~C1206_L3.2-W1.6-H1.3~6DR2',  'C1206~C1206_L3.2-W1.6-H1.3~6DR2','',(#1402));
#1402 = PRODUCT_CONTEXT('',#2,'mechanical');
#1403 = PRODUCT_DEFINITION_CONTEXT('part definition',#2,'design');
#1404 = ADVANCED_BREP_SHAPE_REPRESENTATION('',(#11,#1405),#1543);
#1405 = MANIFOLD_SOLID_BREP('',#1406);
#1406 = CLOSED_SHELL('',(#1407,#1443,#1479,#1499,#1519,#1531));
#1407 = ADVANCED_FACE('',(#1408),#1438,.F.);
#1408 = FACE_BOUND('',#1409,.F.);
#1409 = EDGE_LOOP('',(#1410,#1419,#1426,#1433));
#1410 = ORIENTED_EDGE('',*,*,#1411,.F.);
#1411 = EDGE_CURVE('',#1412,#1414,#1416,.T.);
#1412 = VERTEX_POINT('',#1413);
#1413 = CARTESIAN_POINT('',(-1.6,-0.8,0.));
#1414 = VERTEX_POINT('',#1415);
#1415 = CARTESIAN_POINT('',(-1.6,-0.8,0.762001524003));
#1416 = B_SPLINE_CURVE_WITH_KNOTS('',1,(#1417,#1418),.UNSPECIFIED.,.F.,  .F.,(2,2),(0.,0.762001524003),.PIECEWISE_BEZIER_KNOTS.);
#1417 = CARTESIAN_POINT('',(-1.6,-0.8,0.));
#1418 = CARTESIAN_POINT('',(-1.6,-0.8,0.762001524003));
#1419 = ORIENTED_EDGE('',*,*,#1420,.T.);
#1420 = EDGE_CURVE('',#1412,#1421,#1423,.T.);
#1421 = VERTEX_POINT('',#1422);
#1422 = CARTESIAN_POINT('',(-1.6,0.8,0.));
#1423 = B_SPLINE_CURVE_WITH_KNOTS('',1,(#1424,#1425),.UNSPECIFIED.,.F.,  .F.,(2,2),(0.,0.762001524003),.PIECEWISE_BEZIER_KNOTS.);
#1424 = CARTESIAN_POINT('',(-1.6,-0.8,0.));
#1425 = CARTESIAN_POINT('',(-1.6,0.8,0.));
#1426 = ORIENTED_EDGE('',*,*,#1427,.T.);
#1427 = EDGE_CURVE('',#1421,#1428,#1430,.T.);
#1428 = VERTEX_POINT('',#1429);
#1429 = CARTESIAN_POINT('',(-1.6,0.8,0.762001524003));
#1430 = B_SPLINE_CURVE_WITH_KNOTS('',1,(#1431,#1432),.UNSPECIFIED.,.F.,  .F.,(2,2),(0.,0.762001524003),.PIECEWISE_BEZIER_KNOTS.);
#1431 = CARTESIAN_POINT('',(-1.6,0.8,0.));
#1432 = CARTESIAN_POINT('',(-1.6,0.8,0.762001524003));
#1433 = ORIENTED_EDGE('',*,*,#1434,.F.);
#1434 = EDGE_CURVE('',#1414,#1428,#1435,.T.);
#1435 = B_SPLINE_CURVE_WITH_KNOTS('',1,(#1436,#1437),.UNSPECIFIED.,.F.,  .F.,(2,2),(0.,0.762001524003),.PIECEWISE_BEZIER_KNOTS.);
#1436 = CARTESIAN_POINT('',(-1.6,-0.8,0.762001524003));
#1437 = CARTESIAN_POINT('',(-1.6,0.8,0.762001524003));
#1438 = B_SPLINE_SURFACE_WITH_KNOTS('',1,1,(    (#1439,#1440)    ,(#1441,#1442    )),.UNSPECIFIED.,.F.,.F.,.F.,(2,2),(2,2),(0.,0.762001524003),(    -0.762001524003,0.),.PIECEWISE_BEZIER_KNOTS.);
#1439 = CARTESIAN_POINT('',(-1.6,0.8,0.));
#1440 = CARTESIAN_POINT('',(-1.6,-0.8,0.));
#1441 = CARTESIAN_POINT('',(-1.6,0.8,0.762001524003));
#1442 = CARTESIAN_POINT('',(-1.6,-0.8,0.762001524003));
#1443 = ADVANCED_FACE('',(#1444),#1474,.T.);
#1444 = FACE_BOUND('',#1445,.T.);
#1445 = EDGE_LOOP('',(#1446,#1455,#1462,#1469));
#1446 = ORIENTED_EDGE('',*,*,#1447,.F.);
#1447 = EDGE_CURVE('',#1448,#1450,#1452,.T.);
#1448 = VERTEX_POINT('',#1449);
#1449 = CARTESIAN_POINT('',(1.6,-0.8,0.));
#1450 = VERTEX_POINT('',#1451);
#1451 = CARTESIAN_POINT('',(1.6,-0.8,0.762001524003));
#1452 = B_SPLINE_CURVE_WITH_KNOTS('',1,(#1453,#1454),.UNSPECIFIED.,.F.,  .F.,(2,2),(0.,0.762001524003),.PIECEWISE_BEZIER_KNOTS.);
#1453 = CARTESIAN_POINT('',(1.6,-0.8,0.));
#1454 = CARTESIAN_POINT('',(1.6,-0.8,0.762001524003));
#1455 = ORIENTED_EDGE('',*,*,#1456,.T.);
#1456 = EDGE_CURVE('',#1448,#1457,#1459,.T.);
#1457 = VERTEX_POINT('',#1458);
#1458 = CARTESIAN_POINT('',(1.6,0.8,0.));
#1459 = B_SPLINE_CURVE_WITH_KNOTS('',1,(#1460,#1461),.UNSPECIFIED.,.F.,  .F.,(2,2),(0.,0.762001524003),.PIECEWISE_BEZIER_KNOTS.);
#1460 = CARTESIAN_POINT('',(1.6,-0.8,0.));
#1461 = CARTESIAN_POINT('',(1.6,0.8,0.));
#1462 = ORIENTED_EDGE('',*,*,#1463,.T.);
#1463 = EDGE_CURVE('',#1457,#1464,#1466,.T.);
#1464 = VERTEX_POINT('',#1465);
#1465 = CARTESIAN_POINT('',(1.6,0.8,0.762001524003));
#1466 = B_SPLINE_CURVE_WITH_KNOTS('',1,(#1467,#1468),.UNSPECIFIED.,.F.,  .F.,(2,2),(0.,0.762001524003),.PIECEWISE_BEZIER_KNOTS.);
#1467 = CARTESIAN_POINT('',(1.6,0.8,0.));
#1468 = CARTESIAN_POINT('',(1.6,0.8,0.762001524003));
#1469 = ORIENTED_EDGE('',*,*,#1470,.F.);
#1470 = EDGE_CURVE('',#1450,#1464,#1471,.T.);
#1471 = B_SPLINE_CURVE_WITH_KNOTS('',1,(#1472,#1473),.UNSPECIFIED.,.F.,  .F.,(2,2),(0.,0.762001524003),.PIECEWISE_BEZIER_KNOTS.);
#1472 = CARTESIAN_POINT('',(1.6,-0.8,0.762001524003));
#1473 = CARTESIAN_POINT('',(1.6,0.8,0.762001524003));
#1474 = B_SPLINE_SURFACE_WITH_KNOTS('',1,1,(    (#1475,#1476)    ,(#1477,#1478    )),.UNSPECIFIED.,.F.,.F.,.F.,(2,2),(2,2),(0.,0.762001524003),(    -0.762001524003,0.),.PIECEWISE_BEZIER_KNOTS.);
#1475 = CARTESIAN_POINT('',(1.6,0.8,0.));
#1476 = CARTESIAN_POINT('',(1.6,-0.8,0.));
#1477 = CARTESIAN_POINT('',(1.6,0.8,0.762001524003));
#1478 = CARTESIAN_POINT('',(1.6,-0.8,0.762001524003));
#1479 = ADVANCED_FACE('',(#1480),#1494,.F.);
#1480 = FACE_BOUND('',#1481,.F.);
#1481 = EDGE_LOOP('',(#1482,#1487,#1488,#1493));
#1482 = ORIENTED_EDGE('',*,*,#1483,.F.);
#1483 = EDGE_CURVE('',#1412,#1448,#1484,.T.);
#1484 = B_SPLINE_CURVE_WITH_KNOTS('',1,(#1485,#1486),.UNSPECIFIED.,.F.,  .F.,(2,2),(0.,0.762001524003),.PIECEWISE_BEZIER_KNOTS.);
#1485 = CARTESIAN_POINT('',(-1.6,-0.8,0.));
#1486 = CARTESIAN_POINT('',(1.6,-0.8,0.));
#1487 = ORIENTED_EDGE('',*,*,#1411,.T.);
#1488 = ORIENTED_EDGE('',*,*,#1489,.T.);
#1489 = EDGE_CURVE('',#1414,#1450,#1490,.T.);
#1490 = B_SPLINE_CURVE_WITH_KNOTS('',1,(#1491,#1492),.UNSPECIFIED.,.F.,  .F.,(2,2),(0.,0.762001524003),.PIECEWISE_BEZIER_KNOTS.);
#1491 = CARTESIAN_POINT('',(-1.6,-0.8,0.762001524003));
#1492 = CARTESIAN_POINT('',(1.6,-0.8,0.762001524003));
#1493 = ORIENTED_EDGE('',*,*,#1447,.F.);
#1494 = B_SPLINE_SURFACE_WITH_KNOTS('',1,1,(    (#1495,#1496)    ,(#1497,#1498    )),.UNSPECIFIED.,.F.,.F.,.F.,(2,2),(2,2),(0.,0.762001524003),(0.,    0.762001524003),.PIECEWISE_BEZIER_KNOTS.);
#1495 = CARTESIAN_POINT('',(-1.6,-0.8,0.));
#1496 = CARTESIAN_POINT('',(1.6,-0.8,0.));
#1497 = CARTESIAN_POINT('',(-1.6,-0.8,0.762001524003));
#1498 = CARTESIAN_POINT('',(1.6,-0.8,0.762001524003));
#1499 = ADVANCED_FACE('',(#1500),#1514,.T.);
#1500 = FACE_BOUND('',#1501,.T.);
#1501 = EDGE_LOOP('',(#1502,#1507,#1508,#1513));
#1502 = ORIENTED_EDGE('',*,*,#1503,.F.);
#1503 = EDGE_CURVE('',#1421,#1457,#1504,.T.);
#1504 = B_SPLINE_CURVE_WITH_KNOTS('',1,(#1505,#1506),.UNSPECIFIED.,.F.,  .F.,(2,2),(0.,0.762001524003),.PIECEWISE_BEZIER_KNOTS.);
#1505 = CARTESIAN_POINT('',(-1.6,0.8,0.));
#1506 = CARTESIAN_POINT('',(1.6,0.8,0.));
#1507 = ORIENTED_EDGE('',*,*,#1427,.T.);
#1508 = ORIENTED_EDGE('',*,*,#1509,.T.);
#1509 = EDGE_CURVE('',#1428,#1464,#1510,.T.);
#1510 = B_SPLINE_CURVE_WITH_KNOTS('',1,(#1511,#1512),.UNSPECIFIED.,.F.,  .F.,(2,2),(0.,0.762001524003),.PIECEWISE_BEZIER_KNOTS.);
#1511 = CARTESIAN_POINT('',(-1.6,0.8,0.762001524003));
#1512 = CARTESIAN_POINT('',(1.6,0.8,0.762001524003));
#1513 = ORIENTED_EDGE('',*,*,#1463,.F.);
#1514 = B_SPLINE_SURFACE_WITH_KNOTS('',1,1,(    (#1515,#1516)    ,(#1517,#1518    )),.UNSPECIFIED.,.F.,.F.,.F.,(2,2),(2,2),(0.,0.762001524003),(0.,    0.762001524003),.PIECEWISE_BEZIER_KNOTS.);
#1515 = CARTESIAN_POINT('',(-1.6,0.8,0.));
#1516 = CARTESIAN_POINT('',(1.6,0.8,0.));
#1517 = CARTESIAN_POINT('',(-1.6,0.8,0.762001524003));
#1518 = CARTESIAN_POINT('',(1.6,0.8,0.762001524003));
#1519 = ADVANCED_FACE('',(#1520),#1526,.F.);
#1520 = FACE_BOUND('',#1521,.F.);
#1521 = EDGE_LOOP('',(#1522,#1523,#1524,#1525));
#1522 = ORIENTED_EDGE('',*,*,#1420,.F.);
#1523 = ORIENTED_EDGE('',*,*,#1483,.T.);
#1524 = ORIENTED_EDGE('',*,*,#1456,.T.);
#1525 = ORIENTED_EDGE('',*,*,#1503,.F.);
#1526 = B_SPLINE_SURFACE_WITH_KNOTS('',1,1,(    (#1527,#1528)    ,(#1529,#1530    )),.UNSPECIFIED.,.F.,.F.,.F.,(2,2),(2,2),(0.,0.762001524003),(0.,    0.762001524003),.PIECEWISE_BEZIER_KNOTS.);
#1527 = CARTESIAN_POINT('',(-1.6,-0.8,0.));
#1528 = CARTESIAN_POINT('',(-1.6,0.8,0.));
#1529 = CARTESIAN_POINT('',(1.6,-0.8,0.));
#1530 = CARTESIAN_POINT('',(1.6,0.8,0.));
#1531 = ADVANCED_FACE('',(#1532),#1538,.T.);
#1532 = FACE_BOUND('',#1533,.T.);
#1533 = EDGE_LOOP('',(#1534,#1535,#1536,#1537));
#1534 = ORIENTED_EDGE('',*,*,#1434,.F.);
#1535 = ORIENTED_EDGE('',*,*,#1489,.T.);
#1536 = ORIENTED_EDGE('',*,*,#1470,.T.);
#1537 = ORIENTED_EDGE('',*,*,#1509,.F.);
#1538 = B_SPLINE_SURFACE_WITH_KNOTS('',1,1,(    (#1539,#1540)    ,(#1541,#1542    )),.UNSPECIFIED.,.F.,.F.,.F.,(2,2),(2,2),(0.,0.762001524003),(0.,    0.762001524003),.PIECEWISE_BEZIER_KNOTS.);
#1539 = CARTESIAN_POINT('',(-1.6,-0.8,0.762001524003));
#1540 = CARTESIAN_POINT('',(-1.6,0.8,0.762001524003));
#1541 = CARTESIAN_POINT('',(1.6,-0.8,0.762001524003));
#1542 = CARTESIAN_POINT('',(1.6,0.8,0.762001524003));
#1543 = ( GEOMETRIC_REPRESENTATION_CONTEXT(3) GLOBAL_UNCERTAINTY_ASSIGNED_CONTEXT((#1547)) GLOBAL_UNIT_ASSIGNED_CONTEXT((#1544,#1545,#1546)) REPRESENTATION_CONTEXT('Context #1','3D Context with UNIT and UNCERTAINTY') );
#1544 = ( LENGTH_UNIT() NAMED_UNIT(*) SI_UNIT(.MILLI.,.METRE.) );
#1545 = ( NAMED_UNIT(*) PLANE_ANGLE_UNIT() SI_UNIT($,.RADIAN.) );
#1546 = ( NAMED_UNIT(*) SI_UNIT($,.STERADIAN.) SOLID_ANGLE_UNIT() );
#1547 = UNCERTAINTY_MEASURE_WITH_UNIT(LENGTH_MEASURE(5.E-07),#1544,  'distance_accuracy_value','confusion accuracy');
#1548 = CONTEXT_DEPENDENT_SHAPE_REPRESENTATION(#1549,#1551);
#1549 = ( REPRESENTATION_RELATIONSHIP('','',#1404,#1381) REPRESENTATION_RELATIONSHIP_WITH_TRANSFORMATION(#1550) SHAPE_REPRESENTATION_RELATIONSHIP() );
#1550 = ITEM_DEFINED_TRANSFORMATION('','',#11,#1382);
#1551 = PRODUCT_DEFINITION_SHAPE('Placement','Placement of an item',  #1552);
#1552 = NEXT_ASSEMBLY_USAGE_OCCURRENCE('22','=>[0:1:1:19]','',#1376,  #1399,$);
#1553 = PRODUCT_RELATED_PRODUCT_CATEGORY('part',$,(#1401));
#1554 = SHAPE_DEFINITION_REPRESENTATION(#1555,#1561);
#1555 = PRODUCT_DEFINITION_SHAPE('','',#1556);
#1556 = PRODUCT_DEFINITION('design','',#1557,#1560);
#1557 = PRODUCT_DEFINITION_FORMATION('','',#1558);
#1558 = PRODUCT('C6~C1206~C1206_L3.2-W1.6-H1.3~6DR2',  'C6~C1206~C1206_L3.2-W1.6-H1.3~6DR2','',(#1559));
#1559 = PRODUCT_CONTEXT('',#2,'mechanical');
#1560 = PRODUCT_DEFINITION_CONTEXT('part definition',#2,'design');
#1561 = SHAPE_REPRESENTATION('',(#11,#1562),#1566);
#1562 = AXIS2_PLACEMENT_3D('',#1563,#1564,#1565);
#1563 = CARTESIAN_POINT('',(0.,0.,0.));
#1564 = DIRECTION('',(0.,0.,1.));
#1565 = DIRECTION('',(1.,0.,-0.));
#1566 = ( GEOMETRIC_REPRESENTATION_CONTEXT(3) GLOBAL_UNCERTAINTY_ASSIGNED_CONTEXT((#1570)) GLOBAL_UNIT_ASSIGNED_CONTEXT((#1567,#1568,#1569)) REPRESENTATION_CONTEXT('Context #1','3D Context with UNIT and UNCERTAINTY') );
#1567 = ( LENGTH_UNIT() NAMED_UNIT(*) SI_UNIT(.MILLI.,.METRE.) );
#1568 = ( NAMED_UNIT(*) PLANE_ANGLE_UNIT() SI_UNIT($,.RADIAN.) );
#1569 = ( NAMED_UNIT(*) SI_UNIT($,.STERADIAN.) SOLID_ANGLE_UNIT() );
#1570 = UNCERTAINTY_MEASURE_WITH_UNIT(LENGTH_MEASURE(5.E-07),#1567,  'distance_accuracy_value','confusion accuracy');
#1571 = CONTEXT_DEPENDENT_SHAPE_REPRESENTATION(#1572,#1574);
#1572 = ( REPRESENTATION_RELATIONSHIP('','',#1561,#10) REPRESENTATION_RELATIONSHIP_WITH_TRANSFORMATION(#1573) SHAPE_REPRESENTATION_RELATIONSHIP() );
#1573 = ITEM_DEFINED_TRANSFORMATION('','',#11,#71);
#1574 = PRODUCT_DEFINITION_SHAPE('Placement','Placement of an item',  #1575);
#1575 = NEXT_ASSEMBLY_USAGE_OCCURRENCE('25','=>[0:1:1:21]','',#5,#1556,$  );
#1576 = PRODUCT_RELATED_PRODUCT_CATEGORY('part',$,(#1558));
#1577 = CONTEXT_DEPENDENT_SHAPE_REPRESENTATION(#1578,#1580);
#1578 = ( REPRESENTATION_RELATIONSHIP('','',#1404,#1561) REPRESENTATION_RELATIONSHIP_WITH_TRANSFORMATION(#1579) SHAPE_REPRESENTATION_RELATIONSHIP() );
#1579 = ITEM_DEFINED_TRANSFORMATION('','',#11,#1562);
#1580 = PRODUCT_DEFINITION_SHAPE('Placement','Placement of an item',  #1581);
#1581 = NEXT_ASSEMBLY_USAGE_OCCURRENCE('24','','',#1556,#1399,$);
#1582 = SHAPE_DEFINITION_REPRESENTATION(#1583,#1589);
#1583 = PRODUCT_DEFINITION_SHAPE('','',#1584);
#1584 = PRODUCT_DEFINITION('design','',#1585,#1588);
#1585 = PRODUCT_DEFINITION_FORMATION('','',#1586);
#1586 = PRODUCT('C8~C1206~C1206_L3.2-W1.6-H1.3~6DR2',  'C8~C1206~C1206_L3.2-W1.6-H1.3~6DR2','',(#1587));
#1587 = PRODUCT_CONTEXT('',#2,'mechanical');
#1588 = PRODUCT_DEFINITION_CONTEXT('part definition',#2,'design');
#1589 = SHAPE_REPRESENTATION('',(#11,#1590),#1594);
#1590 = AXIS2_PLACEMENT_3D('',#1591,#1592,#1593);
#1591 = CARTESIAN_POINT('',(0.,0.,0.));
#1592 = DIRECTION('',(0.,0.,1.));
#1593 = DIRECTION('',(1.,0.,-0.));
#1594 = ( GEOMETRIC_REPRESENTATION_CONTEXT(3) GLOBAL_UNCERTAINTY_ASSIGNED_CONTEXT((#1598)) GLOBAL_UNIT_ASSIGNED_CONTEXT((#1595,#1596,#1597)) REPRESENTATION_CONTEXT('Context #1','3D Context with UNIT and UNCERTAINTY') );
#1595 = ( LENGTH_UNIT() NAMED_UNIT(*) SI_UNIT(.MILLI.,.METRE.) );
#1596 = ( NAMED_UNIT(*) PLANE_ANGLE_UNIT() SI_UNIT($,.RADIAN.) );
#1597 = ( NAMED_UNIT(*) SI_UNIT($,.STERADIAN.) SOLID_ANGLE_UNIT() );
#1598 = UNCERTAINTY_MEASURE_WITH_UNIT(LENGTH_MEASURE(5.E-07),#1595,  'distance_accuracy_value','confusion accuracy');
#1599 = CONTEXT_DEPENDENT_SHAPE_REPRESENTATION(#1600,#1602);
#1600 = ( REPRESENTATION_RELATIONSHIP('','',#1589,#10) REPRESENTATION_RELATIONSHIP_WITH_TRANSFORMATION(#1601) SHAPE_REPRESENTATION_RELATIONSHIP() );
#1601 = ITEM_DEFINED_TRANSFORMATION('','',#11,#75);
#1602 = PRODUCT_DEFINITION_SHAPE('Placement','Placement of an item',  #1603);
#1603 = NEXT_ASSEMBLY_USAGE_OCCURRENCE('27','=>[0:1:1:22]','',#5,#1584,$  );
#1604 = PRODUCT_RELATED_PRODUCT_CATEGORY('part',$,(#1586));
#1605 = CONTEXT_DEPENDENT_SHAPE_REPRESENTATION(#1606,#1608);
#1606 = ( REPRESENTATION_RELATIONSHIP('','',#1404,#1589) REPRESENTATION_RELATIONSHIP_WITH_TRANSFORMATION(#1607) SHAPE_REPRESENTATION_RELATIONSHIP() );
#1607 = ITEM_DEFINED_TRANSFORMATION('','',#11,#1590);
#1608 = PRODUCT_DEFINITION_SHAPE('Placement','Placement of an item',  #1609);
#1609 = NEXT_ASSEMBLY_USAGE_OCCURRENCE('26','','',#1584,#1399,$);
#1610 = SHAPE_DEFINITION_REPRESENTATION(#1611,#1617);
#1611 = PRODUCT_DEFINITION_SHAPE('','',#1612);
#1612 = PRODUCT_DEFINITION('design','',#1613,#1616);
#1613 = PRODUCT_DEFINITION_FORMATION('','',#1614);
#1614 = PRODUCT('C9~C1206~C1206_L3.2-W1.6-H1.3~6DR2',  'C9~C1206~C1206_L3.2-W1.6-H1.3~6DR2','',(#1615));
#1615 = PRODUCT_CONTEXT('',#2,'mechanical');
#1616 = PRODUCT_DEFINITION_CONTEXT('part definition',#2,'design');
#1617 = SHAPE_REPRESENTATION('',(#11,#1618),#1622);
#1618 = AXIS2_PLACEMENT_3D('',#1619,#1620,#1621);
#1619 = CARTESIAN_POINT('',(0.,0.,0.));
#1620 = DIRECTION('',(0.,0.,1.));
#1621 = DIRECTION('',(1.,0.,-0.));
#1622 = ( GEOMETRIC_REPRESENTATION_CONTEXT(3) GLOBAL_UNCERTAINTY_ASSIGNED_CONTEXT((#1626)) GLOBAL_UNIT_ASSIGNED_CONTEXT((#1623,#1624,#1625)) REPRESENTATION_CONTEXT('Context #1','3D Context with UNIT and UNCERTAINTY') );
#1623 = ( LENGTH_UNIT() NAMED_UNIT(*) SI_UNIT(.MILLI.,.METRE.) );
#1624 = ( NAMED_UNIT(*) PLANE_ANGLE_UNIT() SI_UNIT($,.RADIAN.) );
#1625 = ( NAMED_UNIT(*) SI_UNIT($,.STERADIAN.) SOLID_ANGLE_UNIT() );
#1626 = UNCERTAINTY_MEASURE_WITH_UNIT(LENGTH_MEASURE(5.E-07),#1623,  'distance_accuracy_value','confusion accuracy');
#1627 = CONTEXT_DEPENDENT_SHAPE_REPRESENTATION(#1628,#1630);
#1628 = ( REPRESENTATION_RELATIONSHIP('','',#1617,#10) REPRESENTATION_RELATIONSHIP_WITH_TRANSFORMATION(#1629) SHAPE_REPRESENTATION_RELATIONSHIP() );
#1629 = ITEM_DEFINED_TRANSFORMATION('','',#11,#79);
#1630 = PRODUCT_DEFINITION_SHAPE('Placement','Placement of an item',  #1631);
#1631 = NEXT_ASSEMBLY_USAGE_OCCURRENCE('29','=>[0:1:1:23]','',#5,#1612,$  );
#1632 = PRODUCT_RELATED_PRODUCT_CATEGORY('part',$,(#1614));
#1633 = CONTEXT_DEPENDENT_SHAPE_REPRESENTATION(#1634,#1636);
#1634 = ( REPRESENTATION_RELATIONSHIP('','',#1404,#1617) REPRESENTATION_RELATIONSHIP_WITH_TRANSFORMATION(#1635) SHAPE_REPRESENTATION_RELATIONSHIP() );
#1635 = ITEM_DEFINED_TRANSFORMATION('','',#11,#1618);
#1636 = PRODUCT_DEFINITION_SHAPE('Placement','Placement of an item',  #1637);
#1637 = NEXT_ASSEMBLY_USAGE_OCCURRENCE('28','','',#1612,#1399,$);
#1638 = SHAPE_DEFINITION_REPRESENTATION(#1639,#1645);
#1639 = PRODUCT_DEFINITION_SHAPE('','',#1640);
#1640 = PRODUCT_DEFINITION('design','',#1641,#1644);
#1641 = PRODUCT_DEFINITION_FORMATION('','',#1642);
#1642 = PRODUCT('L1~IND-SMD_4P-L10.9-W10.8_IHLE4040DDER100M5A~IND-SMD_4P-L10.9-W10.8_IHLE4040DDER100M5A~6DR2','L1~IND-SMD_4P-L10.9-W10.8_IHLE4040DDER100M5A~IND-SMD_4P-L10.9-W10.8_IHLE4040DDER100M5A~6DR2','',(#1643));
#1643 = PRODUCT_CONTEXT('',#2,'mechanical');
#1644 = PRODUCT_DEFINITION_CONTEXT('part definition',#2,'design');
#1645 = SHAPE_REPRESENTATION('',(#11,#1646),#1650);
#1646 = AXIS2_PLACEMENT_3D('',#1647,#1648,#1649);
#1647 = CARTESIAN_POINT('',(0.,0.,0.));
#1648 = DIRECTION('',(0.,0.,1.));
#1649 = DIRECTION('',(1.,0.,-0.));
#1650 = ( GEOMETRIC_REPRESENTATION_CONTEXT(3) GLOBAL_UNCERTAINTY_ASSIGNED_CONTEXT((#1654)) GLOBAL_UNIT_ASSIGNED_CONTEXT((#1651,#1652,#1653)) REPRESENTATION_CONTEXT('Context #1','3D Context with UNIT and UNCERTAINTY') );
#1651 = ( LENGTH_UNIT() NAMED_UNIT(*) SI_UNIT(.MILLI.,.METRE.) );
#1652 = ( NAMED_UNIT(*) PLANE_ANGLE_UNIT() SI_UNIT($,.RADIAN.) );
#1653 = ( NAMED_UNIT(*) SI_UNIT($,.STERADIAN.) SOLID_ANGLE_UNIT() );
#1654 = UNCERTAINTY_MEASURE_WITH_UNIT(LENGTH_MEASURE(2.E-06),#1651,  'distance_accuracy_value','confusion accuracy');
#1655 = CONTEXT_DEPENDENT_SHAPE_REPRESENTATION(#1656,#1658);
#1656 = ( REPRESENTATION_RELATIONSHIP('','',#1645,#10) REPRESENTATION_RELATIONSHIP_WITH_TRANSFORMATION(#1657) SHAPE_REPRESENTATION_RELATIONSHIP() );
#1657 = ITEM_DEFINED_TRANSFORMATION('','',#11,#83);
#1658 = PRODUCT_DEFINITION_SHAPE('Placement','Placement of an item',  #1659);
#1659 = NEXT_ASSEMBLY_USAGE_OCCURRENCE('31','=>[0:1:1:25]','',#5,#1640,$  );
#1660 = PRODUCT_RELATED_PRODUCT_CATEGORY('part',$,(#1642));
#1661 = SHAPE_DEFINITION_REPRESENTATION(#1662,#1668);
#1662 = PRODUCT_DEFINITION_SHAPE('','',#1663);
#1663 = PRODUCT_DEFINITION('design','',#1664,#1667);
#1664 = PRODUCT_DEFINITION_FORMATION('','',#1665);
#1665 = PRODUCT('IND-SMD_4P-L10.9-W10.8_IHLE4040DDER100M5A~IND-SMD_4P-L10.9-W10.8_IHLE4040DDER100M5A~6DR2','IND-SMD_4P-L10.9-W10.8_IHLE4040DDER100M5A~IND-SMD_4P-L10.9-W10.8_IHLE4040DDER100M5A~6DR2','',(#1666));
#1666 = PRODUCT_CONTEXT('',#2,'mechanical');
#1667 = PRODUCT_DEFINITION_CONTEXT('part definition',#2,'design');
#1668 = ADVANCED_BREP_SHAPE_REPRESENTATION('',(#11,#1669),#1807);
#1669 = MANIFOLD_SOLID_BREP('',#1670);
#1670 = CLOSED_SHELL('',(#1671,#1707,#1743,#1763,#1783,#1795));
#1671 = ADVANCED_FACE('',(#1672),#1702,.F.);
#1672 = FACE_BOUND('',#1673,.F.);
#1673 = EDGE_LOOP('',(#1674,#1683,#1690,#1697));
#1674 = ORIENTED_EDGE('',*,*,#1675,.F.);
#1675 = EDGE_CURVE('',#1676,#1678,#1680,.T.);
#1676 = VERTEX_POINT('',#1677);
#1677 = CARTESIAN_POINT('',(-5.311137922276,-5.415201930404,0.));
#1678 = VERTEX_POINT('',#1679);
#1679 = CARTESIAN_POINT('',(-5.311137922276,-5.415201930404,    0.762001524003));
#1680 = B_SPLINE_CURVE_WITH_KNOTS('',1,(#1681,#1682),.UNSPECIFIED.,.F.,  .F.,(2,2),(0.,0.762001524003),.PIECEWISE_BEZIER_KNOTS.);
#1681 = CARTESIAN_POINT('',(-5.311137922276,-5.415201930404,0.));
#1682 = CARTESIAN_POINT('',(-5.311137922276,-5.415201930404,    0.762001524003));
#1683 = ORIENTED_EDGE('',*,*,#1684,.T.);
#1684 = EDGE_CURVE('',#1676,#1685,#1687,.T.);
#1685 = VERTEX_POINT('',#1686);
#1686 = CARTESIAN_POINT('',(-5.311137922276,5.415201930404,0.));
#1687 = B_SPLINE_CURVE_WITH_KNOTS('',1,(#1688,#1689),.UNSPECIFIED.,.F.,  .F.,(2,2),(0.,0.762001524003),.PIECEWISE_BEZIER_KNOTS.);
#1688 = CARTESIAN_POINT('',(-5.311137922276,-5.415201930404,0.));
#1689 = CARTESIAN_POINT('',(-5.311137922276,5.415201930404,0.));
#1690 = ORIENTED_EDGE('',*,*,#1691,.T.);
#1691 = EDGE_CURVE('',#1685,#1692,#1694,.T.);
#1692 = VERTEX_POINT('',#1693);
#1693 = CARTESIAN_POINT('',(-5.311137922276,5.415201930404,    0.762001524003));
#1694 = B_SPLINE_CURVE_WITH_KNOTS('',1,(#1695,#1696),.UNSPECIFIED.,.F.,  .F.,(2,2),(0.,0.762001524003),.PIECEWISE_BEZIER_KNOTS.);
#1695 = CARTESIAN_POINT('',(-5.311137922276,5.415201930404,0.));
#1696 = CARTESIAN_POINT('',(-5.311137922276,5.415201930404,    0.762001524003));
#1697 = ORIENTED_EDGE('',*,*,#1698,.F.);
#1698 = EDGE_CURVE('',#1678,#1692,#1699,.T.);
#1699 = B_SPLINE_CURVE_WITH_KNOTS('',1,(#1700,#1701),.UNSPECIFIED.,.F.,  .F.,(2,2),(0.,0.762001524003),.PIECEWISE_BEZIER_KNOTS.);
#1700 = CARTESIAN_POINT('',(-5.311137922276,-5.415201930404,    0.762001524003));
#1701 = CARTESIAN_POINT('',(-5.311137922276,5.415201930404,    0.762001524003));
#1702 = B_SPLINE_SURFACE_WITH_KNOTS('',1,1,(    (#1703,#1704)    ,(#1705,#1706    )),.UNSPECIFIED.,.F.,.F.,.F.,(2,2),(2,2),(0.,0.762001524003),(    -0.762001524003,0.),.PIECEWISE_BEZIER_KNOTS.);
#1703 = CARTESIAN_POINT('',(-5.311137922276,5.415201930404,0.));
#1704 = CARTESIAN_POINT('',(-5.311137922276,-5.415201930404,0.));
#1705 = CARTESIAN_POINT('',(-5.311137922276,5.415201930404,    0.762001524003));
#1706 = CARTESIAN_POINT('',(-5.311137922276,-5.415201930404,    0.762001524003));
#1707 = ADVANCED_FACE('',(#1708),#1738,.T.);
#1708 = FACE_BOUND('',#1709,.T.);
#1709 = EDGE_LOOP('',(#1710,#1719,#1726,#1733));
#1710 = ORIENTED_EDGE('',*,*,#1711,.F.);
#1711 = EDGE_CURVE('',#1712,#1714,#1716,.T.);
#1712 = VERTEX_POINT('',#1713);
#1713 = CARTESIAN_POINT('',(5.311137922276,-5.415201930404,0.));
#1714 = VERTEX_POINT('',#1715);
#1715 = CARTESIAN_POINT('',(5.311137922276,-5.415201930404,    0.762001524003));
#1716 = B_SPLINE_CURVE_WITH_KNOTS('',1,(#1717,#1718),.UNSPECIFIED.,.F.,  .F.,(2,2),(0.,0.762001524003),.PIECEWISE_BEZIER_KNOTS.);
#1717 = CARTESIAN_POINT('',(5.311137922276,-5.415201930404,0.));
#1718 = CARTESIAN_POINT('',(5.311137922276,-5.415201930404,    0.762001524003));
#1719 = ORIENTED_EDGE('',*,*,#1720,.T.);
#1720 = EDGE_CURVE('',#1712,#1721,#1723,.T.);
#1721 = VERTEX_POINT('',#1722);
#1722 = CARTESIAN_POINT('',(5.311137922276,5.415201930404,0.));
#1723 = B_SPLINE_CURVE_WITH_KNOTS('',1,(#1724,#1725),.UNSPECIFIED.,.F.,  .F.,(2,2),(0.,0.762001524003),.PIECEWISE_BEZIER_KNOTS.);
#1724 = CARTESIAN_POINT('',(5.311137922276,-5.415201930404,0.));
#1725 = CARTESIAN_POINT('',(5.311137922276,5.415201930404,0.));
#1726 = ORIENTED_EDGE('',*,*,#1727,.T.);
#1727 = EDGE_CURVE('',#1721,#1728,#1730,.T.);
#1728 = VERTEX_POINT('',#1729);
#1729 = CARTESIAN_POINT('',(5.311137922276,5.415201930404,0.762001524003    ));
#1730 = B_SPLINE_CURVE_WITH_KNOTS('',1,(#1731,#1732),.UNSPECIFIED.,.F.,  .F.,(2,2),(0.,0.762001524003),.PIECEWISE_BEZIER_KNOTS.);
#1731 = CARTESIAN_POINT('',(5.311137922276,5.415201930404,0.));
#1732 = CARTESIAN_POINT('',(5.311137922276,5.415201930404,0.762001524003    ));
#1733 = ORIENTED_EDGE('',*,*,#1734,.F.);
#1734 = EDGE_CURVE('',#1714,#1728,#1735,.T.);
#1735 = B_SPLINE_CURVE_WITH_KNOTS('',1,(#1736,#1737),.UNSPECIFIED.,.F.,  .F.,(2,2),(0.,0.762001524003),.PIECEWISE_BEZIER_KNOTS.);
#1736 = CARTESIAN_POINT('',(5.311137922276,-5.415201930404,    0.762001524003));
#1737 = CARTESIAN_POINT('',(5.311137922276,5.415201930404,0.762001524003    ));
#1738 = B_SPLINE_SURFACE_WITH_KNOTS('',1,1,(    (#1739,#1740)    ,(#1741,#1742    )),.UNSPECIFIED.,.F.,.F.,.F.,(2,2),(2,2),(0.,0.762001524003),(    -0.762001524003,0.),.PIECEWISE_BEZIER_KNOTS.);
#1739 = CARTESIAN_POINT('',(5.311137922276,5.415201930404,0.));
#1740 = CARTESIAN_POINT('',(5.311137922276,-5.415201930404,0.));
#1741 = CARTESIAN_POINT('',(5.311137922276,5.415201930404,0.762001524003    ));
#1742 = CARTESIAN_POINT('',(5.311137922276,-5.415201930404,    0.762001524003));
#1743 = ADVANCED_FACE('',(#1744),#1758,.F.);
#1744 = FACE_BOUND('',#1745,.F.);
#1745 = EDGE_LOOP('',(#1746,#1751,#1752,#1757));
#1746 = ORIENTED_EDGE('',*,*,#1747,.F.);
#1747 = EDGE_CURVE('',#1676,#1712,#1748,.T.);
#1748 = B_SPLINE_CURVE_WITH_KNOTS('',1,(#1749,#1750),.UNSPECIFIED.,.F.,  .F.,(2,2),(0.,0.762001524003),.PIECEWISE_BEZIER_KNOTS.);
#1749 = CARTESIAN_POINT('',(-5.311137922276,-5.415201930404,0.));
#1750 = CARTESIAN_POINT('',(5.311137922276,-5.415201930404,0.));
#1751 = ORIENTED_EDGE('',*,*,#1675,.T.);
#1752 = ORIENTED_EDGE('',*,*,#1753,.T.);
#1753 = EDGE_CURVE('',#1678,#1714,#1754,.T.);
#1754 = B_SPLINE_CURVE_WITH_KNOTS('',1,(#1755,#1756),.UNSPECIFIED.,.F.,  .F.,(2,2),(0.,0.762001524003),.PIECEWISE_BEZIER_KNOTS.);
#1755 = CARTESIAN_POINT('',(-5.311137922276,-5.415201930404,    0.762001524003));
#1756 = CARTESIAN_POINT('',(5.311137922276,-5.415201930404,    0.762001524003));
#1757 = ORIENTED_EDGE('',*,*,#1711,.F.);
#1758 = B_SPLINE_SURFACE_WITH_KNOTS('',1,1,(    (#1759,#1760)    ,(#1761,#1762    )),.UNSPECIFIED.,.F.,.F.,.F.,(2,2),(2,2),(0.,0.762001524003),(0.,    0.762001524003),.PIECEWISE_BEZIER_KNOTS.);
#1759 = CARTESIAN_POINT('',(-5.311137922276,-5.415201930404,0.));
#1760 = CARTESIAN_POINT('',(5.311137922276,-5.415201930404,0.));
#1761 = CARTESIAN_POINT('',(-5.311137922276,-5.415201930404,    0.762001524003));
#1762 = CARTESIAN_POINT('',(5.311137922276,-5.415201930404,    0.762001524003));
#1763 = ADVANCED_FACE('',(#1764),#1778,.T.);
#1764 = FACE_BOUND('',#1765,.T.);
#1765 = EDGE_LOOP('',(#1766,#1771,#1772,#1777));
#1766 = ORIENTED_EDGE('',*,*,#1767,.F.);
#1767 = EDGE_CURVE('',#1685,#1721,#1768,.T.);
#1768 = B_SPLINE_CURVE_WITH_KNOTS('',1,(#1769,#1770),.UNSPECIFIED.,.F.,  .F.,(2,2),(0.,0.762001524003),.PIECEWISE_BEZIER_KNOTS.);
#1769 = CARTESIAN_POINT('',(-5.311137922276,5.415201930404,0.));
#1770 = CARTESIAN_POINT('',(5.311137922276,5.415201930404,0.));
#1771 = ORIENTED_EDGE('',*,*,#1691,.T.);
#1772 = ORIENTED_EDGE('',*,*,#1773,.T.);
#1773 = EDGE_CURVE('',#1692,#1728,#1774,.T.);
#1774 = B_SPLINE_CURVE_WITH_KNOTS('',1,(#1775,#1776),.UNSPECIFIED.,.F.,  .F.,(2,2),(0.,0.762001524003),.PIECEWISE_BEZIER_KNOTS.);
#1775 = CARTESIAN_POINT('',(-5.311137922276,5.415201930404,    0.762001524003));
#1776 = CARTESIAN_POINT('',(5.311137922276,5.415201930404,0.762001524003    ));
#1777 = ORIENTED_EDGE('',*,*,#1727,.F.);
#1778 = B_SPLINE_SURFACE_WITH_KNOTS('',1,1,(    (#1779,#1780)    ,(#1781,#1782    )),.UNSPECIFIED.,.F.,.F.,.F.,(2,2),(2,2),(0.,0.762001524003),(0.,    0.762001524003),.PIECEWISE_BEZIER_KNOTS.);
#1779 = CARTESIAN_POINT('',(-5.311137922276,5.415201930404,0.));
#1780 = CARTESIAN_POINT('',(5.311137922276,5.415201930404,0.));
#1781 = CARTESIAN_POINT('',(-5.311137922276,5.415201930404,    0.762001524003));
#1782 = CARTESIAN_POINT('',(5.311137922276,5.415201930404,0.762001524003    ));
#1783 = ADVANCED_FACE('',(#1784),#1790,.F.);
#1784 = FACE_BOUND('',#1785,.F.);
#1785 = EDGE_LOOP('',(#1786,#1787,#1788,#1789));
#1786 = ORIENTED_EDGE('',*,*,#1684,.F.);
#1787 = ORIENTED_EDGE('',*,*,#1747,.T.);
#1788 = ORIENTED_EDGE('',*,*,#1720,.T.);
#1789 = ORIENTED_EDGE('',*,*,#1767,.F.);
#1790 = B_SPLINE_SURFACE_WITH_KNOTS('',1,1,(    (#1791,#1792)    ,(#1793,#1794    )),.UNSPECIFIED.,.F.,.F.,.F.,(2,2),(2,2),(0.,0.762001524003),(0.,    0.762001524003),.PIECEWISE_BEZIER_KNOTS.);
#1791 = CARTESIAN_POINT('',(-5.311137922276,-5.415201930404,0.));
#1792 = CARTESIAN_POINT('',(-5.311137922276,5.415201930404,0.));
#1793 = CARTESIAN_POINT('',(5.311137922276,-5.415201930404,0.));
#1794 = CARTESIAN_POINT('',(5.311137922276,5.415201930404,0.));
#1795 = ADVANCED_FACE('',(#1796),#1802,.T.);
#1796 = FACE_BOUND('',#1797,.T.);
#1797 = EDGE_LOOP('',(#1798,#1799,#1800,#1801));
#1798 = ORIENTED_EDGE('',*,*,#1698,.F.);
#1799 = ORIENTED_EDGE('',*,*,#1753,.T.);
#1800 = ORIENTED_EDGE('',*,*,#1734,.T.);
#1801 = ORIENTED_EDGE('',*,*,#1773,.F.);
#1802 = B_SPLINE_SURFACE_WITH_KNOTS('',1,1,(    (#1803,#1804)    ,(#1805,#1806    )),.UNSPECIFIED.,.F.,.F.,.F.,(2,2),(2,2),(0.,0.762001524003),(0.,    0.762001524003),.PIECEWISE_BEZIER_KNOTS.);
#1803 = CARTESIAN_POINT('',(-5.311137922276,-5.415201930404,    0.762001524003));
#1804 = CARTESIAN_POINT('',(-5.311137922276,5.415201930404,    0.762001524003));
#1805 = CARTESIAN_POINT('',(5.311137922276,-5.415201930404,    0.762001524003));
#1806 = CARTESIAN_POINT('',(5.311137922276,5.415201930404,0.762001524003    ));
#1807 = ( GEOMETRIC_REPRESENTATION_CONTEXT(3) GLOBAL_UNCERTAINTY_ASSIGNED_CONTEXT((#1811)) GLOBAL_UNIT_ASSIGNED_CONTEXT((#1808,#1809,#1810)) REPRESENTATION_CONTEXT('Context #1','3D Context with UNIT and UNCERTAINTY') );
#1808 = ( LENGTH_UNIT() NAMED_UNIT(*) SI_UNIT(.MILLI.,.METRE.) );
#1809 = ( NAMED_UNIT(*) PLANE_ANGLE_UNIT() SI_UNIT($,.RADIAN.) );
#1810 = ( NAMED_UNIT(*) SI_UNIT($,.STERADIAN.) SOLID_ANGLE_UNIT() );
#1811 = UNCERTAINTY_MEASURE_WITH_UNIT(LENGTH_MEASURE(2.E-06),#1808,  'distance_accuracy_value','confusion accuracy');
#1812 = CONTEXT_DEPENDENT_SHAPE_REPRESENTATION(#1813,#1815);
#1813 = ( REPRESENTATION_RELATIONSHIP('','',#1668,#1645) REPRESENTATION_RELATIONSHIP_WITH_TRANSFORMATION(#1814) SHAPE_REPRESENTATION_RELATIONSHIP() );
#1814 = ITEM_DEFINED_TRANSFORMATION('','',#11,#1646);
#1815 = PRODUCT_DEFINITION_SHAPE('Placement','Placement of an item',  #1816);
#1816 = NEXT_ASSEMBLY_USAGE_OCCURRENCE('30','=>[0:1:1:24]','',#1640,  #1663,$);
#1817 = PRODUCT_RELATED_PRODUCT_CATEGORY('part',$,(#1665));
#1818 = SHAPE_DEFINITION_REPRESENTATION(#1819,#1825);
#1819 = PRODUCT_DEFINITION_SHAPE('','',#1820);
#1820 = PRODUCT_DEFINITION('design','',#1821,#1824);
#1821 = PRODUCT_DEFINITION_FORMATION('','',#1822);
#1822 = PRODUCT('R1~R0603~R0603~6DR2','R1~R0603~R0603~6DR2','',(#1823));
#1823 = PRODUCT_CONTEXT('',#2,'mechanical');
#1824 = PRODUCT_DEFINITION_CONTEXT('part definition',#2,'design');
#1825 = SHAPE_REPRESENTATION('',(#11,#1826),#1830);
#1826 = AXIS2_PLACEMENT_3D('',#1827,#1828,#1829);
#1827 = CARTESIAN_POINT('',(0.,0.,0.));
#1828 = DIRECTION('',(0.,0.,1.));
#1829 = DIRECTION('',(1.,0.,-0.));
#1830 = ( GEOMETRIC_REPRESENTATION_CONTEXT(3) GLOBAL_UNCERTAINTY_ASSIGNED_CONTEXT((#1834)) GLOBAL_UNIT_ASSIGNED_CONTEXT((#1831,#1832,#1833)) REPRESENTATION_CONTEXT('Context #1','3D Context with UNIT and UNCERTAINTY') );
#1831 = ( LENGTH_UNIT() NAMED_UNIT(*) SI_UNIT(.MILLI.,.METRE.) );
#1832 = ( NAMED_UNIT(*) PLANE_ANGLE_UNIT() SI_UNIT($,.RADIAN.) );
#1833 = ( NAMED_UNIT(*) SI_UNIT($,.STERADIAN.) SOLID_ANGLE_UNIT() );
#1834 = UNCERTAINTY_MEASURE_WITH_UNIT(LENGTH_MEASURE(2.E-07),#1831,  'distance_accuracy_value','confusion accuracy');
#1835 = CONTEXT_DEPENDENT_SHAPE_REPRESENTATION(#1836,#1838);
#1836 = ( REPRESENTATION_RELATIONSHIP('','',#1825,#10) REPRESENTATION_RELATIONSHIP_WITH_TRANSFORMATION(#1837) SHAPE_REPRESENTATION_RELATIONSHIP() );
#1837 = ITEM_DEFINED_TRANSFORMATION('','',#11,#87);
#1838 = PRODUCT_DEFINITION_SHAPE('Placement','Placement of an item',  #1839);
#1839 = NEXT_ASSEMBLY_USAGE_OCCURRENCE('33','=>[0:1:1:27]','',#5,#1820,$  );
#1840 = PRODUCT_RELATED_PRODUCT_CATEGORY('part',$,(#1822));
#1841 = SHAPE_DEFINITION_REPRESENTATION(#1842,#1848);
#1842 = PRODUCT_DEFINITION_SHAPE('','',#1843);
#1843 = PRODUCT_DEFINITION('design','',#1844,#1847);
#1844 = PRODUCT_DEFINITION_FORMATION('','',#1845);
#1845 = PRODUCT('R0603~R0603~6DR2','R0603~R0603~6DR2','',(#1846));
#1846 = PRODUCT_CONTEXT('',#2,'mechanical');
#1847 = PRODUCT_DEFINITION_CONTEXT('part definition',#2,'design');
#1848 = ADVANCED_BREP_SHAPE_REPRESENTATION('',(#11,#1849),#1987);
#1849 = MANIFOLD_SOLID_BREP('',#1850);
#1850 = CLOSED_SHELL('',(#1851,#1887,#1923,#1943,#1963,#1975));
#1851 = ADVANCED_FACE('',(#1852),#1882,.F.);
#1852 = FACE_BOUND('',#1853,.F.);
#1853 = EDGE_LOOP('',(#1854,#1863,#1870,#1877));
#1854 = ORIENTED_EDGE('',*,*,#1855,.F.);
#1855 = EDGE_CURVE('',#1856,#1858,#1860,.T.);
#1856 = VERTEX_POINT('',#1857);
#1857 = CARTESIAN_POINT('',(0.81,-0.405,0.));
#1858 = VERTEX_POINT('',#1859);
#1859 = CARTESIAN_POINT('',(0.81,-0.405,0.762001524003));
#1860 = B_SPLINE_CURVE_WITH_KNOTS('',1,(#1861,#1862),.UNSPECIFIED.,.F.,  .F.,(2,2),(0.,0.762001524003),.PIECEWISE_BEZIER_KNOTS.);
#1861 = CARTESIAN_POINT('',(0.81,-0.405,0.));
#1862 = CARTESIAN_POINT('',(0.81,-0.405,0.762001524003));
#1863 = ORIENTED_EDGE('',*,*,#1864,.T.);
#1864 = EDGE_CURVE('',#1856,#1865,#1867,.T.);
#1865 = VERTEX_POINT('',#1866);
#1866 = CARTESIAN_POINT('',(-0.81,-0.405,0.));
#1867 = B_SPLINE_CURVE_WITH_KNOTS('',1,(#1868,#1869),.UNSPECIFIED.,.F.,  .F.,(2,2),(0.,0.762001524003),.PIECEWISE_BEZIER_KNOTS.);
#1868 = CARTESIAN_POINT('',(0.81,-0.405,0.));
#1869 = CARTESIAN_POINT('',(-0.81,-0.405,0.));
#1870 = ORIENTED_EDGE('',*,*,#1871,.T.);
#1871 = EDGE_CURVE('',#1865,#1872,#1874,.T.);
#1872 = VERTEX_POINT('',#1873);
#1873 = CARTESIAN_POINT('',(-0.81,-0.405,0.762001524003));
#1874 = B_SPLINE_CURVE_WITH_KNOTS('',1,(#1875,#1876),.UNSPECIFIED.,.F.,  .F.,(2,2),(0.,0.762001524003),.PIECEWISE_BEZIER_KNOTS.);
#1875 = CARTESIAN_POINT('',(-0.81,-0.405,0.));
#1876 = CARTESIAN_POINT('',(-0.81,-0.405,0.762001524003));
#1877 = ORIENTED_EDGE('',*,*,#1878,.F.);
#1878 = EDGE_CURVE('',#1858,#1872,#1879,.T.);
#1879 = B_SPLINE_CURVE_WITH_KNOTS('',1,(#1880,#1881),.UNSPECIFIED.,.F.,  .F.,(2,2),(0.,0.762001524003),.PIECEWISE_BEZIER_KNOTS.);
#1880 = CARTESIAN_POINT('',(0.81,-0.405,0.762001524003));
#1881 = CARTESIAN_POINT('',(-0.81,-0.405,0.762001524003));
#1882 = B_SPLINE_SURFACE_WITH_KNOTS('',1,1,(    (#1883,#1884)    ,(#1885,#1886    )),.UNSPECIFIED.,.F.,.F.,.F.,(2,2),(2,2),(0.,0.762001524003),(    -0.762001524003,0.),.PIECEWISE_BEZIER_KNOTS.);
#1883 = CARTESIAN_POINT('',(-0.81,-0.405,0.));
#1884 = CARTESIAN_POINT('',(0.81,-0.405,0.));
#1885 = CARTESIAN_POINT('',(-0.81,-0.405,0.762001524003));
#1886 = CARTESIAN_POINT('',(0.81,-0.405,0.762001524003));
#1887 = ADVANCED_FACE('',(#1888),#1918,.T.);
#1888 = FACE_BOUND('',#1889,.T.);
#1889 = EDGE_LOOP('',(#1890,#1899,#1906,#1913));
#1890 = ORIENTED_EDGE('',*,*,#1891,.F.);
#1891 = EDGE_CURVE('',#1892,#1894,#1896,.T.);
#1892 = VERTEX_POINT('',#1893);
#1893 = CARTESIAN_POINT('',(0.81,0.405,0.));
#1894 = VERTEX_POINT('',#1895);
#1895 = CARTESIAN_POINT('',(0.81,0.405,0.762001524003));
#1896 = B_SPLINE_CURVE_WITH_KNOTS('',1,(#1897,#1898),.UNSPECIFIED.,.F.,  .F.,(2,2),(0.,0.762001524003),.PIECEWISE_BEZIER_KNOTS.);
#1897 = CARTESIAN_POINT('',(0.81,0.405,0.));
#1898 = CARTESIAN_POINT('',(0.81,0.405,0.762001524003));
#1899 = ORIENTED_EDGE('',*,*,#1900,.T.);
#1900 = EDGE_CURVE('',#1892,#1901,#1903,.T.);
#1901 = VERTEX_POINT('',#1902);
#1902 = CARTESIAN_POINT('',(-0.81,0.405,0.));
#1903 = B_SPLINE_CURVE_WITH_KNOTS('',1,(#1904,#1905),.UNSPECIFIED.,.F.,  .F.,(2,2),(0.,0.762001524003),.PIECEWISE_BEZIER_KNOTS.);
#1904 = CARTESIAN_POINT('',(0.81,0.405,0.));
#1905 = CARTESIAN_POINT('',(-0.81,0.405,0.));
#1906 = ORIENTED_EDGE('',*,*,#1907,.T.);
#1907 = EDGE_CURVE('',#1901,#1908,#1910,.T.);
#1908 = VERTEX_POINT('',#1909);
#1909 = CARTESIAN_POINT('',(-0.81,0.405,0.762001524003));
#1910 = B_SPLINE_CURVE_WITH_KNOTS('',1,(#1911,#1912),.UNSPECIFIED.,.F.,  .F.,(2,2),(0.,0.762001524003),.PIECEWISE_BEZIER_KNOTS.);
#1911 = CARTESIAN_POINT('',(-0.81,0.405,0.));
#1912 = CARTESIAN_POINT('',(-0.81,0.405,0.762001524003));
#1913 = ORIENTED_EDGE('',*,*,#1914,.F.);
#1914 = EDGE_CURVE('',#1894,#1908,#1915,.T.);
#1915 = B_SPLINE_CURVE_WITH_KNOTS('',1,(#1916,#1917),.UNSPECIFIED.,.F.,  .F.,(2,2),(0.,0.762001524003),.PIECEWISE_BEZIER_KNOTS.);
#1916 = CARTESIAN_POINT('',(0.81,0.405,0.762001524003));
#1917 = CARTESIAN_POINT('',(-0.81,0.405,0.762001524003));
#1918 = B_SPLINE_SURFACE_WITH_KNOTS('',1,1,(    (#1919,#1920)    ,(#1921,#1922    )),.UNSPECIFIED.,.F.,.F.,.F.,(2,2),(2,2),(0.,0.762001524003),(    -0.762001524003,0.),.PIECEWISE_BEZIER_KNOTS.);
#1919 = CARTESIAN_POINT('',(-0.81,0.405,0.));
#1920 = CARTESIAN_POINT('',(0.81,0.405,0.));
#1921 = CARTESIAN_POINT('',(-0.81,0.405,0.762001524003));
#1922 = CARTESIAN_POINT('',(0.81,0.405,0.762001524003));
#1923 = ADVANCED_FACE('',(#1924),#1938,.F.);
#1924 = FACE_BOUND('',#1925,.F.);
#1925 = EDGE_LOOP('',(#1926,#1931,#1932,#1937));
#1926 = ORIENTED_EDGE('',*,*,#1927,.F.);
#1927 = EDGE_CURVE('',#1856,#1892,#1928,.T.);
#1928 = B_SPLINE_CURVE_WITH_KNOTS('',1,(#1929,#1930),.UNSPECIFIED.,.F.,  .F.,(2,2),(0.,0.762001524003),.PIECEWISE_BEZIER_KNOTS.);
#1929 = CARTESIAN_POINT('',(0.81,-0.405,0.));
#1930 = CARTESIAN_POINT('',(0.81,0.405,0.));
#1931 = ORIENTED_EDGE('',*,*,#1855,.T.);
#1932 = ORIENTED_EDGE('',*,*,#1933,.T.);
#1933 = EDGE_CURVE('',#1858,#1894,#1934,.T.);
#1934 = B_SPLINE_CURVE_WITH_KNOTS('',1,(#1935,#1936),.UNSPECIFIED.,.F.,  .F.,(2,2),(0.,0.762001524003),.PIECEWISE_BEZIER_KNOTS.);
#1935 = CARTESIAN_POINT('',(0.81,-0.405,0.762001524003));
#1936 = CARTESIAN_POINT('',(0.81,0.405,0.762001524003));
#1937 = ORIENTED_EDGE('',*,*,#1891,.F.);
#1938 = B_SPLINE_SURFACE_WITH_KNOTS('',1,1,(    (#1939,#1940)    ,(#1941,#1942    )),.UNSPECIFIED.,.F.,.F.,.F.,(2,2),(2,2),(0.,0.762001524003),(0.,    0.762001524003),.PIECEWISE_BEZIER_KNOTS.);
#1939 = CARTESIAN_POINT('',(0.81,-0.405,0.));
#1940 = CARTESIAN_POINT('',(0.81,0.405,0.));
#1941 = CARTESIAN_POINT('',(0.81,-0.405,0.762001524003));
#1942 = CARTESIAN_POINT('',(0.81,0.405,0.762001524003));
#1943 = ADVANCED_FACE('',(#1944),#1958,.T.);
#1944 = FACE_BOUND('',#1945,.T.);
#1945 = EDGE_LOOP('',(#1946,#1951,#1952,#1957));
#1946 = ORIENTED_EDGE('',*,*,#1947,.F.);
#1947 = EDGE_CURVE('',#1865,#1901,#1948,.T.);
#1948 = B_SPLINE_CURVE_WITH_KNOTS('',1,(#1949,#1950),.UNSPECIFIED.,.F.,  .F.,(2,2),(0.,0.762001524003),.PIECEWISE_BEZIER_KNOTS.);
#1949 = CARTESIAN_POINT('',(-0.81,-0.405,0.));
#1950 = CARTESIAN_POINT('',(-0.81,0.405,0.));
#1951 = ORIENTED_EDGE('',*,*,#1871,.T.);
#1952 = ORIENTED_EDGE('',*,*,#1953,.T.);
#1953 = EDGE_CURVE('',#1872,#1908,#1954,.T.);
#1954 = B_SPLINE_CURVE_WITH_KNOTS('',1,(#1955,#1956),.UNSPECIFIED.,.F.,  .F.,(2,2),(0.,0.762001524003),.PIECEWISE_BEZIER_KNOTS.);
#1955 = CARTESIAN_POINT('',(-0.81,-0.405,0.762001524003));
#1956 = CARTESIAN_POINT('',(-0.81,0.405,0.762001524003));
#1957 = ORIENTED_EDGE('',*,*,#1907,.F.);
#1958 = B_SPLINE_SURFACE_WITH_KNOTS('',1,1,(    (#1959,#1960)    ,(#1961,#1962    )),.UNSPECIFIED.,.F.,.F.,.F.,(2,2),(2,2),(0.,0.762001524003),(0.,    0.762001524003),.PIECEWISE_BEZIER_KNOTS.);
#1959 = CARTESIAN_POINT('',(-0.81,-0.405,0.));
#1960 = CARTESIAN_POINT('',(-0.81,0.405,0.));
#1961 = CARTESIAN_POINT('',(-0.81,-0.405,0.762001524003));
#1962 = CARTESIAN_POINT('',(-0.81,0.405,0.762001524003));
#1963 = ADVANCED_FACE('',(#1964),#1970,.F.);
#1964 = FACE_BOUND('',#1965,.F.);
#1965 = EDGE_LOOP('',(#1966,#1967,#1968,#1969));
#1966 = ORIENTED_EDGE('',*,*,#1864,.F.);
#1967 = ORIENTED_EDGE('',*,*,#1927,.T.);
#1968 = ORIENTED_EDGE('',*,*,#1900,.T.);
#1969 = ORIENTED_EDGE('',*,*,#1947,.F.);
#1970 = B_SPLINE_SURFACE_WITH_KNOTS('',1,1,(    (#1971,#1972)    ,(#1973,#1974    )),.UNSPECIFIED.,.F.,.F.,.F.,(2,2),(2,2),(0.,0.762001524003),(0.,    0.762001524003),.PIECEWISE_BEZIER_KNOTS.);
#1971 = CARTESIAN_POINT('',(0.81,-0.405,0.));
#1972 = CARTESIAN_POINT('',(-0.81,-0.405,0.));
#1973 = CARTESIAN_POINT('',(0.81,0.405,0.));
#1974 = CARTESIAN_POINT('',(-0.81,0.405,0.));
#1975 = ADVANCED_FACE('',(#1976),#1982,.T.);
#1976 = FACE_BOUND('',#1977,.T.);
#1977 = EDGE_LOOP('',(#1978,#1979,#1980,#1981));
#1978 = ORIENTED_EDGE('',*,*,#1878,.F.);
#1979 = ORIENTED_EDGE('',*,*,#1933,.T.);
#1980 = ORIENTED_EDGE('',*,*,#1914,.T.);
#1981 = ORIENTED_EDGE('',*,*,#1953,.F.);
#1982 = B_SPLINE_SURFACE_WITH_KNOTS('',1,1,(    (#1983,#1984)    ,(#1985,#1986    )),.UNSPECIFIED.,.F.,.F.,.F.,(2,2),(2,2),(0.,0.762001524003),(0.,    0.762001524003),.PIECEWISE_BEZIER_KNOTS.);
#1983 = CARTESIAN_POINT('',(0.81,-0.405,0.762001524003));
#1984 = CARTESIAN_POINT('',(-0.81,-0.405,0.762001524003));
#1985 = CARTESIAN_POINT('',(0.81,0.405,0.762001524003));
#1986 = CARTESIAN_POINT('',(-0.81,0.405,0.762001524003));
#1987 = ( GEOMETRIC_REPRESENTATION_CONTEXT(3) GLOBAL_UNCERTAINTY_ASSIGNED_CONTEXT((#1991)) GLOBAL_UNIT_ASSIGNED_CONTEXT((#1988,#1989,#1990)) REPRESENTATION_CONTEXT('Context #1','3D Context with UNIT and UNCERTAINTY') );
#1988 = ( LENGTH_UNIT() NAMED_UNIT(*) SI_UNIT(.MILLI.,.METRE.) );
#1989 = ( NAMED_UNIT(*) PLANE_ANGLE_UNIT() SI_UNIT($,.RADIAN.) );
#1990 = ( NAMED_UNIT(*) SI_UNIT($,.STERADIAN.) SOLID_ANGLE_UNIT() );
#1991 = UNCERTAINTY_MEASURE_WITH_UNIT(LENGTH_MEASURE(2.E-07),#1988,  'distance_accuracy_value','confusion accuracy');
#1992 = CONTEXT_DEPENDENT_SHAPE_REPRESENTATION(#1993,#1995);
#1993 = ( REPRESENTATION_RELATIONSHIP('','',#1848,#1825) REPRESENTATION_RELATIONSHIP_WITH_TRANSFORMATION(#1994) SHAPE_REPRESENTATION_RELATIONSHIP() );
#1994 = ITEM_DEFINED_TRANSFORMATION('','',#11,#1826);
#1995 = PRODUCT_DEFINITION_SHAPE('Placement','Placement of an item',  #1996);
#1996 = NEXT_ASSEMBLY_USAGE_OCCURRENCE('32','=>[0:1:1:26]','',#1820,  #1843,$);
#1997 = PRODUCT_RELATED_PRODUCT_CATEGORY('part',$,(#1845));
#1998 = SHAPE_DEFINITION_REPRESENTATION(#1999,#2005);
#1999 = PRODUCT_DEFINITION_SHAPE('','',#2000);
#2000 = PRODUCT_DEFINITION('design','',#2001,#2004);
#2001 = PRODUCT_DEFINITION_FORMATION('','',#2002);
#2002 = PRODUCT('R2~R0603~R0603~6DR2','R2~R0603~R0603~6DR2','',(#2003));
#2003 = PRODUCT_CONTEXT('',#2,'mechanical');
#2004 = PRODUCT_DEFINITION_CONTEXT('part definition',#2,'design');
#2005 = SHAPE_REPRESENTATION('',(#11,#2006),#2010);
#2006 = AXIS2_PLACEMENT_3D('',#2007,#2008,#2009);
#2007 = CARTESIAN_POINT('',(0.,0.,0.));
#2008 = DIRECTION('',(0.,0.,1.));
#2009 = DIRECTION('',(1.,0.,-0.));
#2010 = ( GEOMETRIC_REPRESENTATION_CONTEXT(3) GLOBAL_UNCERTAINTY_ASSIGNED_CONTEXT((#2014)) GLOBAL_UNIT_ASSIGNED_CONTEXT((#2011,#2012,#2013)) REPRESENTATION_CONTEXT('Context #1','3D Context with UNIT and UNCERTAINTY') );
#2011 = ( LENGTH_UNIT() NAMED_UNIT(*) SI_UNIT(.MILLI.,.METRE.) );
#2012 = ( NAMED_UNIT(*) PLANE_ANGLE_UNIT() SI_UNIT($,.RADIAN.) );
#2013 = ( NAMED_UNIT(*) SI_UNIT($,.STERADIAN.) SOLID_ANGLE_UNIT() );
#2014 = UNCERTAINTY_MEASURE_WITH_UNIT(LENGTH_MEASURE(2.E-07),#2011,  'distance_accuracy_value','confusion accuracy');
#2015 = CONTEXT_DEPENDENT_SHAPE_REPRESENTATION(#2016,#2018);
#2016 = ( REPRESENTATION_RELATIONSHIP('','',#2005,#10) REPRESENTATION_RELATIONSHIP_WITH_TRANSFORMATION(#2017) SHAPE_REPRESENTATION_RELATIONSHIP() );
#2017 = ITEM_DEFINED_TRANSFORMATION('','',#11,#91);
#2018 = PRODUCT_DEFINITION_SHAPE('Placement','Placement of an item',  #2019);
#2019 = NEXT_ASSEMBLY_USAGE_OCCURRENCE('35','=>[0:1:1:28]','',#5,#2000,$  );
#2020 = PRODUCT_RELATED_PRODUCT_CATEGORY('part',$,(#2002));
#2021 = CONTEXT_DEPENDENT_SHAPE_REPRESENTATION(#2022,#2024);
#2022 = ( REPRESENTATION_RELATIONSHIP('','',#1848,#2005) REPRESENTATION_RELATIONSHIP_WITH_TRANSFORMATION(#2023) SHAPE_REPRESENTATION_RELATIONSHIP() );
#2023 = ITEM_DEFINED_TRANSFORMATION('','',#11,#2006);
#2024 = PRODUCT_DEFINITION_SHAPE('Placement','Placement of an item',  #2025);
#2025 = NEXT_ASSEMBLY_USAGE_OCCURRENCE('34','','',#2000,#1843,$);
#2026 = SHAPE_DEFINITION_REPRESENTATION(#2027,#2033);
#2027 = PRODUCT_DEFINITION_SHAPE('','',#2028);
#2028 = PRODUCT_DEFINITION('design','',#2029,#2032);
#2029 = PRODUCT_DEFINITION_FORMATION('','',#2030);
#2030 = PRODUCT('R3~R0603~R0603~6DR2','R3~R0603~R0603~6DR2','',(#2031));
#2031 = PRODUCT_CONTEXT('',#2,'mechanical');
#2032 = PRODUCT_DEFINITION_CONTEXT('part definition',#2,'design');
#2033 = SHAPE_REPRESENTATION('',(#11,#2034),#2038);
#2034 = AXIS2_PLACEMENT_3D('',#2035,#2036,#2037);
#2035 = CARTESIAN_POINT('',(0.,0.,0.));
#2036 = DIRECTION('',(0.,0.,1.));
#2037 = DIRECTION('',(1.,0.,-0.));
#2038 = ( GEOMETRIC_REPRESENTATION_CONTEXT(3) GLOBAL_UNCERTAINTY_ASSIGNED_CONTEXT((#2042)) GLOBAL_UNIT_ASSIGNED_CONTEXT((#2039,#2040,#2041)) REPRESENTATION_CONTEXT('Context #1','3D Context with UNIT and UNCERTAINTY') );
#2039 = ( LENGTH_UNIT() NAMED_UNIT(*) SI_UNIT(.MILLI.,.METRE.) );
#2040 = ( NAMED_UNIT(*) PLANE_ANGLE_UNIT() SI_UNIT($,.RADIAN.) );
#2041 = ( NAMED_UNIT(*) SI_UNIT($,.STERADIAN.) SOLID_ANGLE_UNIT() );
#2042 = UNCERTAINTY_MEASURE_WITH_UNIT(LENGTH_MEASURE(2.E-07),#2039,  'distance_accuracy_value','confusion accuracy');
#2043 = CONTEXT_DEPENDENT_SHAPE_REPRESENTATION(#2044,#2046);
#2044 = ( REPRESENTATION_RELATIONSHIP('','',#2033,#10) REPRESENTATION_RELATIONSHIP_WITH_TRANSFORMATION(#2045) SHAPE_REPRESENTATION_RELATIONSHIP() );
#2045 = ITEM_DEFINED_TRANSFORMATION('','',#11,#95);
#2046 = PRODUCT_DEFINITION_SHAPE('Placement','Placement of an item',  #2047);
#2047 = NEXT_ASSEMBLY_USAGE_OCCURRENCE('37','=>[0:1:1:29]','',#5,#2028,$  );
#2048 = PRODUCT_RELATED_PRODUCT_CATEGORY('part',$,(#2030));
#2049 = CONTEXT_DEPENDENT_SHAPE_REPRESENTATION(#2050,#2052);
#2050 = ( REPRESENTATION_RELATIONSHIP('','',#1848,#2033) REPRESENTATION_RELATIONSHIP_WITH_TRANSFORMATION(#2051) SHAPE_REPRESENTATION_RELATIONSHIP() );
#2051 = ITEM_DEFINED_TRANSFORMATION('','',#11,#2034);
#2052 = PRODUCT_DEFINITION_SHAPE('Placement','Placement of an item',  #2053);
#2053 = NEXT_ASSEMBLY_USAGE_OCCURRENCE('36','','',#2028,#1843,$);
#2054 = SHAPE_DEFINITION_REPRESENTATION(#2055,#2061);
#2055 = PRODUCT_DEFINITION_SHAPE('','',#2056);
#2056 = PRODUCT_DEFINITION('design','',#2057,#2060);
#2057 = PRODUCT_DEFINITION_FORMATION('','',#2058);
#2058 = PRODUCT('R4~R0603~R0603~6DR2','R4~R0603~R0603~6DR2','',(#2059));
#2059 = PRODUCT_CONTEXT('',#2,'mechanical');
#2060 = PRODUCT_DEFINITION_CONTEXT('part definition',#2,'design');
#2061 = SHAPE_REPRESENTATION('',(#11,#2062),#2066);
#2062 = AXIS2_PLACEMENT_3D('',#2063,#2064,#2065);
#2063 = CARTESIAN_POINT('',(0.,0.,0.));
#2064 = DIRECTION('',(0.,0.,1.));
#2065 = DIRECTION('',(1.,0.,-0.));
#2066 = ( GEOMETRIC_REPRESENTATION_CONTEXT(3) GLOBAL_UNCERTAINTY_ASSIGNED_CONTEXT((#2070)) GLOBAL_UNIT_ASSIGNED_CONTEXT((#2067,#2068,#2069)) REPRESENTATION_CONTEXT('Context #1','3D Context with UNIT and UNCERTAINTY') );
#2067 = ( LENGTH_UNIT() NAMED_UNIT(*) SI_UNIT(.MILLI.,.METRE.) );
#2068 = ( NAMED_UNIT(*) PLANE_ANGLE_UNIT() SI_UNIT($,.RADIAN.) );
#2069 = ( NAMED_UNIT(*) SI_UNIT($,.STERADIAN.) SOLID_ANGLE_UNIT() );
#2070 = UNCERTAINTY_MEASURE_WITH_UNIT(LENGTH_MEASURE(2.E-07),#2067,  'distance_accuracy_value','confusion accuracy');
#2071 = CONTEXT_DEPENDENT_SHAPE_REPRESENTATION(#2072,#2074);
#2072 = ( REPRESENTATION_RELATIONSHIP('','',#2061,#10) REPRESENTATION_RELATIONSHIP_WITH_TRANSFORMATION(#2073) SHAPE_REPRESENTATION_RELATIONSHIP() );
#2073 = ITEM_DEFINED_TRANSFORMATION('','',#11,#99);
#2074 = PRODUCT_DEFINITION_SHAPE('Placement','Placement of an item',  #2075);
#2075 = NEXT_ASSEMBLY_USAGE_OCCURRENCE('39','=>[0:1:1:30]','',#5,#2056,$  );
#2076 = PRODUCT_RELATED_PRODUCT_CATEGORY('part',$,(#2058));
#2077 = CONTEXT_DEPENDENT_SHAPE_REPRESENTATION(#2078,#2080);
#2078 = ( REPRESENTATION_RELATIONSHIP('','',#1848,#2061) REPRESENTATION_RELATIONSHIP_WITH_TRANSFORMATION(#2079) SHAPE_REPRESENTATION_RELATIONSHIP() );
#2079 = ITEM_DEFINED_TRANSFORMATION('','',#11,#2062);
#2080 = PRODUCT_DEFINITION_SHAPE('Placement','Placement of an item',  #2081);
#2081 = NEXT_ASSEMBLY_USAGE_OCCURRENCE('38','','',#2056,#1843,$);
#2082 = SHAPE_DEFINITION_REPRESENTATION(#2083,#2089);
#2083 = PRODUCT_DEFINITION_SHAPE('','',#2084);
#2084 = PRODUCT_DEFINITION('design','',#2085,#2088);
#2085 = PRODUCT_DEFINITION_FORMATION('','',#2086);
#2086 = PRODUCT('R5~R0603~R0603~6DR2','R5~R0603~R0603~6DR2','',(#2087));
#2087 = PRODUCT_CONTEXT('',#2,'mechanical');
#2088 = PRODUCT_DEFINITION_CONTEXT('part definition',#2,'design');
#2089 = SHAPE_REPRESENTATION('',(#11,#2090),#2094);
#2090 = AXIS2_PLACEMENT_3D('',#2091,#2092,#2093);
#2091 = CARTESIAN_POINT('',(0.,0.,0.));
#2092 = DIRECTION('',(0.,0.,1.));
#2093 = DIRECTION('',(1.,0.,-0.));
#2094 = ( GEOMETRIC_REPRESENTATION_CONTEXT(3) GLOBAL_UNCERTAINTY_ASSIGNED_CONTEXT((#2098)) GLOBAL_UNIT_ASSIGNED_CONTEXT((#2095,#2096,#2097)) REPRESENTATION_CONTEXT('Context #1','3D Context with UNIT and UNCERTAINTY') );
#2095 = ( LENGTH_UNIT() NAMED_UNIT(*) SI_UNIT(.MILLI.,.METRE.) );
#2096 = ( NAMED_UNIT(*) PLANE_ANGLE_UNIT() SI_UNIT($,.RADIAN.) );
#2097 = ( NAMED_UNIT(*) SI_UNIT($,.STERADIAN.) SOLID_ANGLE_UNIT() );
#2098 = UNCERTAINTY_MEASURE_WITH_UNIT(LENGTH_MEASURE(2.E-07),#2095,  'distance_accuracy_value','confusion accuracy');
#2099 = CONTEXT_DEPENDENT_SHAPE_REPRESENTATION(#2100,#2102);
#2100 = ( REPRESENTATION_RELATIONSHIP('','',#2089,#10) REPRESENTATION_RELATIONSHIP_WITH_TRANSFORMATION(#2101) SHAPE_REPRESENTATION_RELATIONSHIP() );
#2101 = ITEM_DEFINED_TRANSFORMATION('','',#11,#103);
#2102 = PRODUCT_DEFINITION_SHAPE('Placement','Placement of an item',  #2103);
#2103 = NEXT_ASSEMBLY_USAGE_OCCURRENCE('41','=>[0:1:1:31]','',#5,#2084,$  );
#2104 = PRODUCT_RELATED_PRODUCT_CATEGORY('part',$,(#2086));
#2105 = CONTEXT_DEPENDENT_SHAPE_REPRESENTATION(#2106,#2108);
#2106 = ( REPRESENTATION_RELATIONSHIP('','',#1848,#2089) REPRESENTATION_RELATIONSHIP_WITH_TRANSFORMATION(#2107) SHAPE_REPRESENTATION_RELATIONSHIP() );
#2107 = ITEM_DEFINED_TRANSFORMATION('','',#11,#2090);
#2108 = PRODUCT_DEFINITION_SHAPE('Placement','Placement of an item',  #2109);
#2109 = NEXT_ASSEMBLY_USAGE_OCCURRENCE('40','','',#2084,#1843,$);
#2110 = SHAPE_DEFINITION_REPRESENTATION(#2111,#2117);
#2111 = PRODUCT_DEFINITION_SHAPE('','',#2112);
#2112 = PRODUCT_DEFINITION('design','',#2113,#2116);
#2113 = PRODUCT_DEFINITION_FORMATION('','',#2114);
#2114 = PRODUCT('R6~R0603~R0603~6DR2','R6~R0603~R0603~6DR2','',(#2115));
#2115 = PRODUCT_CONTEXT('',#2,'mechanical');
#2116 = PRODUCT_DEFINITION_CONTEXT('part definition',#2,'design');
#2117 = SHAPE_REPRESENTATION('',(#11,#2118),#2122);
#2118 = AXIS2_PLACEMENT_3D('',#2119,#2120,#2121);
#2119 = CARTESIAN_POINT('',(0.,0.,0.));
#2120 = DIRECTION('',(0.,0.,1.));
#2121 = DIRECTION('',(1.,0.,-0.));
#2122 = ( GEOMETRIC_REPRESENTATION_CONTEXT(3) GLOBAL_UNCERTAINTY_ASSIGNED_CONTEXT((#2126)) GLOBAL_UNIT_ASSIGNED_CONTEXT((#2123,#2124,#2125)) REPRESENTATION_CONTEXT('Context #1','3D Context with UNIT and UNCERTAINTY') );
#2123 = ( LENGTH_UNIT() NAMED_UNIT(*) SI_UNIT(.MILLI.,.METRE.) );
#2124 = ( NAMED_UNIT(*) PLANE_ANGLE_UNIT() SI_UNIT($,.RADIAN.) );
#2125 = ( NAMED_UNIT(*) SI_UNIT($,.STERADIAN.) SOLID_ANGLE_UNIT() );
#2126 = UNCERTAINTY_MEASURE_WITH_UNIT(LENGTH_MEASURE(2.E-07),#2123,  'distance_accuracy_value','confusion accuracy');
#2127 = CONTEXT_DEPENDENT_SHAPE_REPRESENTATION(#2128,#2130);
#2128 = ( REPRESENTATION_RELATIONSHIP('','',#2117,#10) REPRESENTATION_RELATIONSHIP_WITH_TRANSFORMATION(#2129) SHAPE_REPRESENTATION_RELATIONSHIP() );
#2129 = ITEM_DEFINED_TRANSFORMATION('','',#11,#107);
#2130 = PRODUCT_DEFINITION_SHAPE('Placement','Placement of an item',  #2131);
#2131 = NEXT_ASSEMBLY_USAGE_OCCURRENCE('43','=>[0:1:1:32]','',#5,#2112,$  );
#2132 = PRODUCT_RELATED_PRODUCT_CATEGORY('part',$,(#2114));
#2133 = CONTEXT_DEPENDENT_SHAPE_REPRESENTATION(#2134,#2136);
#2134 = ( REPRESENTATION_RELATIONSHIP('','',#1848,#2117) REPRESENTATION_RELATIONSHIP_WITH_TRANSFORMATION(#2135) SHAPE_REPRESENTATION_RELATIONSHIP() );
#2135 = ITEM_DEFINED_TRANSFORMATION('','',#11,#2118);
#2136 = PRODUCT_DEFINITION_SHAPE('Placement','Placement of an item',  #2137);
#2137 = NEXT_ASSEMBLY_USAGE_OCCURRENCE('42','','',#2112,#1843,$);
#2138 = SHAPE_DEFINITION_REPRESENTATION(#2139,#2145);
#2139 = PRODUCT_DEFINITION_SHAPE('','',#2140);
#2140 = PRODUCT_DEFINITION('design','',#2141,#2144);
#2141 = PRODUCT_DEFINITION_FORMATION('','',#2142);
#2142 = PRODUCT('R7~R0603~R0603~6DR2','R7~R0603~R0603~6DR2','',(#2143));
#2143 = PRODUCT_CONTEXT('',#2,'mechanical');
#2144 = PRODUCT_DEFINITION_CONTEXT('part definition',#2,'design');
#2145 = SHAPE_REPRESENTATION('',(#11,#2146),#2150);
#2146 = AXIS2_PLACEMENT_3D('',#2147,#2148,#2149);
#2147 = CARTESIAN_POINT('',(0.,0.,0.));
#2148 = DIRECTION('',(0.,0.,1.));
#2149 = DIRECTION('',(1.,0.,-0.));
#2150 = ( GEOMETRIC_REPRESENTATION_CONTEXT(3) GLOBAL_UNCERTAINTY_ASSIGNED_CONTEXT((#2154)) GLOBAL_UNIT_ASSIGNED_CONTEXT((#2151,#2152,#2153)) REPRESENTATION_CONTEXT('Context #1','3D Context with UNIT and UNCERTAINTY') );
#2151 = ( LENGTH_UNIT() NAMED_UNIT(*) SI_UNIT(.MILLI.,.METRE.) );
#2152 = ( NAMED_UNIT(*) PLANE_ANGLE_UNIT() SI_UNIT($,.RADIAN.) );
#2153 = ( NAMED_UNIT(*) SI_UNIT($,.STERADIAN.) SOLID_ANGLE_UNIT() );
#2154 = UNCERTAINTY_MEASURE_WITH_UNIT(LENGTH_MEASURE(2.E-07),#2151,  'distance_accuracy_value','confusion accuracy');
#2155 = CONTEXT_DEPENDENT_SHAPE_REPRESENTATION(#2156,#2158);
#2156 = ( REPRESENTATION_RELATIONSHIP('','',#2145,#10) REPRESENTATION_RELATIONSHIP_WITH_TRANSFORMATION(#2157) SHAPE_REPRESENTATION_RELATIONSHIP() );
#2157 = ITEM_DEFINED_TRANSFORMATION('','',#11,#111);
#2158 = PRODUCT_DEFINITION_SHAPE('Placement','Placement of an item',  #2159);
#2159 = NEXT_ASSEMBLY_USAGE_OCCURRENCE('45','=>[0:1:1:33]','',#5,#2140,$  );
#2160 = PRODUCT_RELATED_PRODUCT_CATEGORY('part',$,(#2142));
#2161 = CONTEXT_DEPENDENT_SHAPE_REPRESENTATION(#2162,#2164);
#2162 = ( REPRESENTATION_RELATIONSHIP('','',#1848,#2145) REPRESENTATION_RELATIONSHIP_WITH_TRANSFORMATION(#2163) SHAPE_REPRESENTATION_RELATIONSHIP() );
#2163 = ITEM_DEFINED_TRANSFORMATION('','',#11,#2146);
#2164 = PRODUCT_DEFINITION_SHAPE('Placement','Placement of an item',  #2165);
#2165 = NEXT_ASSEMBLY_USAGE_OCCURRENCE('44','','',#2140,#1843,$);
#2166 = SHAPE_DEFINITION_REPRESENTATION(#2167,#2173);
#2167 = PRODUCT_DEFINITION_SHAPE('','',#2168);
#2168 = PRODUCT_DEFINITION('design','',#2169,#2172);
#2169 = PRODUCT_DEFINITION_FORMATION('','',#2170);
#2170 = PRODUCT('U1~TQFN-16_L3.0-W3.0-P0.50-BL-EP1.7~TQFN-16_L3.0-W3.0-P0.50-BL-EP1.7~6DR2','U1~TQFN-16_L3.0-W3.0-P0.50-BL-EP1.7~TQFN-16_L3.0-W3.0-P0.50-BL-EP1.7~6DR2','',(#2171));
#2171 = PRODUCT_CONTEXT('',#2,'mechanical');
#2172 = PRODUCT_DEFINITION_CONTEXT('part definition',#2,'design');
#2173 = SHAPE_REPRESENTATION('',(#11,#2174),#2178);
#2174 = AXIS2_PLACEMENT_3D('',#2175,#2176,#2177);
#2175 = CARTESIAN_POINT('',(0.,0.,0.));
#2176 = DIRECTION('',(0.,0.,1.));
#2177 = DIRECTION('',(1.,0.,-0.));
#2178 = ( GEOMETRIC_REPRESENTATION_CONTEXT(3) GLOBAL_UNCERTAINTY_ASSIGNED_CONTEXT((#2182)) GLOBAL_UNIT_ASSIGNED_CONTEXT((#2179,#2180,#2181)) REPRESENTATION_CONTEXT('Context #1','3D Context with UNIT and UNCERTAINTY') );
#2179 = ( LENGTH_UNIT() NAMED_UNIT(*) SI_UNIT(.MILLI.,.METRE.) );
#2180 = ( NAMED_UNIT(*) PLANE_ANGLE_UNIT() SI_UNIT($,.RADIAN.) );
#2181 = ( NAMED_UNIT(*) SI_UNIT($,.STERADIAN.) SOLID_ANGLE_UNIT() );
#2182 = UNCERTAINTY_MEASURE_WITH_UNIT(LENGTH_MEASURE(5.E-07),#2179,  'distance_accuracy_value','confusion accuracy');
#2183 = CONTEXT_DEPENDENT_SHAPE_REPRESENTATION(#2184,#2186);
#2184 = ( REPRESENTATION_RELATIONSHIP('','',#2173,#10) REPRESENTATION_RELATIONSHIP_WITH_TRANSFORMATION(#2185) SHAPE_REPRESENTATION_RELATIONSHIP() );
#2185 = ITEM_DEFINED_TRANSFORMATION('','',#11,#115);
#2186 = PRODUCT_DEFINITION_SHAPE('Placement','Placement of an item',  #2187);
#2187 = NEXT_ASSEMBLY_USAGE_OCCURRENCE('47','=>[0:1:1:35]','',#5,#2168,$  );
#2188 = PRODUCT_RELATED_PRODUCT_CATEGORY('part',$,(#2170));
#2189 = SHAPE_DEFINITION_REPRESENTATION(#2190,#2196);
#2190 = PRODUCT_DEFINITION_SHAPE('','',#2191);
#2191 = PRODUCT_DEFINITION('design','',#2192,#2195);
#2192 = PRODUCT_DEFINITION_FORMATION('','',#2193);
#2193 = PRODUCT('TQFN-16_L3.0-W3.0-P0.50-BL-EP1.7~TQFN-16_L3.0-W3.0-P0.50-BL-EP1.7~6DR2'  ,'TQFN-16_L3.0-W3.0-P0.50-BL-EP1.7~TQFN-16_L3.0-W3.0-P0.50-BL-EP1.7~6DR2'  ,'',(#2194));
#2194 = PRODUCT_CONTEXT('',#2,'mechanical');
#2195 = PRODUCT_DEFINITION_CONTEXT('part definition',#2,'design');
#2196 = ADVANCED_BREP_SHAPE_REPRESENTATION('',(#11,#2197),#2335);
#2197 = MANIFOLD_SOLID_BREP('',#2198);
#2198 = CLOSED_SHELL('',(#2199,#2235,#2271,#2291,#2311,#2323));
#2199 = ADVANCED_FACE('',(#2200),#2230,.F.);
#2200 = FACE_BOUND('',#2201,.F.);
#2201 = EDGE_LOOP('',(#2202,#2211,#2218,#2225));
#2202 = ORIENTED_EDGE('',*,*,#2203,.F.);
#2203 = EDGE_CURVE('',#2204,#2206,#2208,.T.);
#2204 = VERTEX_POINT('',#2205);
#2205 = CARTESIAN_POINT('',(-1.51,-1.51,0.));
#2206 = VERTEX_POINT('',#2207);
#2207 = CARTESIAN_POINT('',(-1.51,-1.51,0.762001524003));
#2208 = B_SPLINE_CURVE_WITH_KNOTS('',1,(#2209,#2210),.UNSPECIFIED.,.F.,  .F.,(2,2),(0.,0.762001524003),.PIECEWISE_BEZIER_KNOTS.);
#2209 = CARTESIAN_POINT('',(-1.51,-1.51,0.));
#2210 = CARTESIAN_POINT('',(-1.51,-1.51,0.762001524003));
#2211 = ORIENTED_EDGE('',*,*,#2212,.T.);
#2212 = EDGE_CURVE('',#2204,#2213,#2215,.T.);
#2213 = VERTEX_POINT('',#2214);
#2214 = CARTESIAN_POINT('',(-1.51,1.51,0.));
#2215 = B_SPLINE_CURVE_WITH_KNOTS('',1,(#2216,#2217),.UNSPECIFIED.,.F.,  .F.,(2,2),(0.,0.762001524003),.PIECEWISE_BEZIER_KNOTS.);
#2216 = CARTESIAN_POINT('',(-1.51,-1.51,0.));
#2217 = CARTESIAN_POINT('',(-1.51,1.51,0.));
#2218 = ORIENTED_EDGE('',*,*,#2219,.T.);
#2219 = EDGE_CURVE('',#2213,#2220,#2222,.T.);
#2220 = VERTEX_POINT('',#2221);
#2221 = CARTESIAN_POINT('',(-1.51,1.51,0.762001524003));
#2222 = B_SPLINE_CURVE_WITH_KNOTS('',1,(#2223,#2224),.UNSPECIFIED.,.F.,  .F.,(2,2),(0.,0.762001524003),.PIECEWISE_BEZIER_KNOTS.);
#2223 = CARTESIAN_POINT('',(-1.51,1.51,0.));
#2224 = CARTESIAN_POINT('',(-1.51,1.51,0.762001524003));
#2225 = ORIENTED_EDGE('',*,*,#2226,.F.);
#2226 = EDGE_CURVE('',#2206,#2220,#2227,.T.);
#2227 = B_SPLINE_CURVE_WITH_KNOTS('',1,(#2228,#2229),.UNSPECIFIED.,.F.,  .F.,(2,2),(0.,0.762001524003),.PIECEWISE_BEZIER_KNOTS.);
#2228 = CARTESIAN_POINT('',(-1.51,-1.51,0.762001524003));
#2229 = CARTESIAN_POINT('',(-1.51,1.51,0.762001524003));
#2230 = B_SPLINE_SURFACE_WITH_KNOTS('',1,1,(    (#2231,#2232)    ,(#2233,#2234    )),.UNSPECIFIED.,.F.,.F.,.F.,(2,2),(2,2),(0.,0.762001524003),(    -0.762001524003,0.),.PIECEWISE_BEZIER_KNOTS.);
#2231 = CARTESIAN_POINT('',(-1.51,1.51,0.));
#2232 = CARTESIAN_POINT('',(-1.51,-1.51,0.));
#2233 = CARTESIAN_POINT('',(-1.51,1.51,0.762001524003));
#2234 = CARTESIAN_POINT('',(-1.51,-1.51,0.762001524003));
#2235 = ADVANCED_FACE('',(#2236),#2266,.T.);
#2236 = FACE_BOUND('',#2237,.T.);
#2237 = EDGE_LOOP('',(#2238,#2247,#2254,#2261));
#2238 = ORIENTED_EDGE('',*,*,#2239,.F.);
#2239 = EDGE_CURVE('',#2240,#2242,#2244,.T.);
#2240 = VERTEX_POINT('',#2241);
#2241 = CARTESIAN_POINT('',(1.51,-1.51,0.));
#2242 = VERTEX_POINT('',#2243);
#2243 = CARTESIAN_POINT('',(1.51,-1.51,0.762001524003));
#2244 = B_SPLINE_CURVE_WITH_KNOTS('',1,(#2245,#2246),.UNSPECIFIED.,.F.,  .F.,(2,2),(0.,0.762001524003),.PIECEWISE_BEZIER_KNOTS.);
#2245 = CARTESIAN_POINT('',(1.51,-1.51,0.));
#2246 = CARTESIAN_POINT('',(1.51,-1.51,0.762001524003));
#2247 = ORIENTED_EDGE('',*,*,#2248,.T.);
#2248 = EDGE_CURVE('',#2240,#2249,#2251,.T.);
#2249 = VERTEX_POINT('',#2250);
#2250 = CARTESIAN_POINT('',(1.51,1.51,0.));
#2251 = B_SPLINE_CURVE_WITH_KNOTS('',1,(#2252,#2253),.UNSPECIFIED.,.F.,  .F.,(2,2),(0.,0.762001524003),.PIECEWISE_BEZIER_KNOTS.);
#2252 = CARTESIAN_POINT('',(1.51,-1.51,0.));
#2253 = CARTESIAN_POINT('',(1.51,1.51,0.));
#2254 = ORIENTED_EDGE('',*,*,#2255,.T.);
#2255 = EDGE_CURVE('',#2249,#2256,#2258,.T.);
#2256 = VERTEX_POINT('',#2257);
#2257 = CARTESIAN_POINT('',(1.51,1.51,0.762001524003));
#2258 = B_SPLINE_CURVE_WITH_KNOTS('',1,(#2259,#2260),.UNSPECIFIED.,.F.,  .F.,(2,2),(0.,0.762001524003),.PIECEWISE_BEZIER_KNOTS.);
#2259 = CARTESIAN_POINT('',(1.51,1.51,0.));
#2260 = CARTESIAN_POINT('',(1.51,1.51,0.762001524003));
#2261 = ORIENTED_EDGE('',*,*,#2262,.F.);
#2262 = EDGE_CURVE('',#2242,#2256,#2263,.T.);
#2263 = B_SPLINE_CURVE_WITH_KNOTS('',1,(#2264,#2265),.UNSPECIFIED.,.F.,  .F.,(2,2),(0.,0.762001524003),.PIECEWISE_BEZIER_KNOTS.);
#2264 = CARTESIAN_POINT('',(1.51,-1.51,0.762001524003));
#2265 = CARTESIAN_POINT('',(1.51,1.51,0.762001524003));
#2266 = B_SPLINE_SURFACE_WITH_KNOTS('',1,1,(    (#2267,#2268)    ,(#2269,#2270    )),.UNSPECIFIED.,.F.,.F.,.F.,(2,2),(2,2),(0.,0.762001524003),(    -0.762001524003,0.),.PIECEWISE_BEZIER_KNOTS.);
#2267 = CARTESIAN_POINT('',(1.51,1.51,0.));
#2268 = CARTESIAN_POINT('',(1.51,-1.51,0.));
#2269 = CARTESIAN_POINT('',(1.51,1.51,0.762001524003));
#2270 = CARTESIAN_POINT('',(1.51,-1.51,0.762001524003));
#2271 = ADVANCED_FACE('',(#2272),#2286,.F.);
#2272 = FACE_BOUND('',#2273,.F.);
#2273 = EDGE_LOOP('',(#2274,#2279,#2280,#2285));
#2274 = ORIENTED_EDGE('',*,*,#2275,.F.);
#2275 = EDGE_CURVE('',#2204,#2240,#2276,.T.);
#2276 = B_SPLINE_CURVE_WITH_KNOTS('',1,(#2277,#2278),.UNSPECIFIED.,.F.,  .F.,(2,2),(0.,0.762001524003),.PIECEWISE_BEZIER_KNOTS.);
#2277 = CARTESIAN_POINT('',(-1.51,-1.51,0.));
#2278 = CARTESIAN_POINT('',(1.51,-1.51,0.));
#2279 = ORIENTED_EDGE('',*,*,#2203,.T.);
#2280 = ORIENTED_EDGE('',*,*,#2281,.T.);
#2281 = EDGE_CURVE('',#2206,#2242,#2282,.T.);
#2282 = B_SPLINE_CURVE_WITH_KNOTS('',1,(#2283,#2284),.UNSPECIFIED.,.F.,  .F.,(2,2),(0.,0.762001524003),.PIECEWISE_BEZIER_KNOTS.);
#2283 = CARTESIAN_POINT('',(-1.51,-1.51,0.762001524003));
#2284 = CARTESIAN_POINT('',(1.51,-1.51,0.762001524003));
#2285 = ORIENTED_EDGE('',*,*,#2239,.F.);
#2286 = B_SPLINE_SURFACE_WITH_KNOTS('',1,1,(    (#2287,#2288)    ,(#2289,#2290    )),.UNSPECIFIED.,.F.,.F.,.F.,(2,2),(2,2),(0.,0.762001524003),(0.,    0.762001524003),.PIECEWISE_BEZIER_KNOTS.);
#2287 = CARTESIAN_POINT('',(-1.51,-1.51,0.));
#2288 = CARTESIAN_POINT('',(1.51,-1.51,0.));
#2289 = CARTESIAN_POINT('',(-1.51,-1.51,0.762001524003));
#2290 = CARTESIAN_POINT('',(1.51,-1.51,0.762001524003));
#2291 = ADVANCED_FACE('',(#2292),#2306,.T.);
#2292 = FACE_BOUND('',#2293,.T.);
#2293 = EDGE_LOOP('',(#2294,#2299,#2300,#2305));
#2294 = ORIENTED_EDGE('',*,*,#2295,.F.);
#2295 = EDGE_CURVE('',#2213,#2249,#2296,.T.);
#2296 = B_SPLINE_CURVE_WITH_KNOTS('',1,(#2297,#2298),.UNSPECIFIED.,.F.,  .F.,(2,2),(0.,0.762001524003),.PIECEWISE_BEZIER_KNOTS.);
#2297 = CARTESIAN_POINT('',(-1.51,1.51,0.));
#2298 = CARTESIAN_POINT('',(1.51,1.51,0.));
#2299 = ORIENTED_EDGE('',*,*,#2219,.T.);
#2300 = ORIENTED_EDGE('',*,*,#2301,.T.);
#2301 = EDGE_CURVE('',#2220,#2256,#2302,.T.);
#2302 = B_SPLINE_CURVE_WITH_KNOTS('',1,(#2303,#2304),.UNSPECIFIED.,.F.,  .F.,(2,2),(0.,0.762001524003),.PIECEWISE_BEZIER_KNOTS.);
#2303 = CARTESIAN_POINT('',(-1.51,1.51,0.762001524003));
#2304 = CARTESIAN_POINT('',(1.51,1.51,0.762001524003));
#2305 = ORIENTED_EDGE('',*,*,#2255,.F.);
#2306 = B_SPLINE_SURFACE_WITH_KNOTS('',1,1,(    (#2307,#2308)    ,(#2309,#2310    )),.UNSPECIFIED.,.F.,.F.,.F.,(2,2),(2,2),(0.,0.762001524003),(0.,    0.762001524003),.PIECEWISE_BEZIER_KNOTS.);
#2307 = CARTESIAN_POINT('',(-1.51,1.51,0.));
#2308 = CARTESIAN_POINT('',(1.51,1.51,0.));
#2309 = CARTESIAN_POINT('',(-1.51,1.51,0.762001524003));
#2310 = CARTESIAN_POINT('',(1.51,1.51,0.762001524003));
#2311 = ADVANCED_FACE('',(#2312),#2318,.F.);
#2312 = FACE_BOUND('',#2313,.F.);
#2313 = EDGE_LOOP('',(#2314,#2315,#2316,#2317));
#2314 = ORIENTED_EDGE('',*,*,#2212,.F.);
#2315 = ORIENTED_EDGE('',*,*,#2275,.T.);
#2316 = ORIENTED_EDGE('',*,*,#2248,.T.);
#2317 = ORIENTED_EDGE('',*,*,#2295,.F.);
#2318 = B_SPLINE_SURFACE_WITH_KNOTS('',1,1,(    (#2319,#2320)    ,(#2321,#2322    )),.UNSPECIFIED.,.F.,.F.,.F.,(2,2),(2,2),(0.,0.762001524003),(0.,    0.762001524003),.PIECEWISE_BEZIER_KNOTS.);
#2319 = CARTESIAN_POINT('',(-1.51,-1.51,0.));
#2320 = CARTESIAN_POINT('',(-1.51,1.51,0.));
#2321 = CARTESIAN_POINT('',(1.51,-1.51,0.));
#2322 = CARTESIAN_POINT('',(1.51,1.51,0.));
#2323 = ADVANCED_FACE('',(#2324),#2330,.T.);
#2324 = FACE_BOUND('',#2325,.T.);
#2325 = EDGE_LOOP('',(#2326,#2327,#2328,#2329));
#2326 = ORIENTED_EDGE('',*,*,#2226,.F.);
#2327 = ORIENTED_EDGE('',*,*,#2281,.T.);
#2328 = ORIENTED_EDGE('',*,*,#2262,.T.);
#2329 = ORIENTED_EDGE('',*,*,#2301,.F.);
#2330 = B_SPLINE_SURFACE_WITH_KNOTS('',1,1,(    (#2331,#2332)    ,(#2333,#2334    )),.UNSPECIFIED.,.F.,.F.,.F.,(2,2),(2,2),(0.,0.762001524003),(0.,    0.762001524003),.PIECEWISE_BEZIER_KNOTS.);
#2331 = CARTESIAN_POINT('',(-1.51,-1.51,0.762001524003));
#2332 = CARTESIAN_POINT('',(-1.51,1.51,0.762001524003));
#2333 = CARTESIAN_POINT('',(1.51,-1.51,0.762001524003));
#2334 = CARTESIAN_POINT('',(1.51,1.51,0.762001524003));
#2335 = ( GEOMETRIC_REPRESENTATION_CONTEXT(3) GLOBAL_UNCERTAINTY_ASSIGNED_CONTEXT((#2339)) GLOBAL_UNIT_ASSIGNED_CONTEXT((#2336,#2337,#2338)) REPRESENTATION_CONTEXT('Context #1','3D Context with UNIT and UNCERTAINTY') );
#2336 = ( LENGTH_UNIT() NAMED_UNIT(*) SI_UNIT(.MILLI.,.METRE.) );
#2337 = ( NAMED_UNIT(*) PLANE_ANGLE_UNIT() SI_UNIT($,.RADIAN.) );
#2338 = ( NAMED_UNIT(*) SI_UNIT($,.STERADIAN.) SOLID_ANGLE_UNIT() );
#2339 = UNCERTAINTY_MEASURE_WITH_UNIT(LENGTH_MEASURE(5.E-07),#2336,  'distance_accuracy_value','confusion accuracy');
#2340 = CONTEXT_DEPENDENT_SHAPE_REPRESENTATION(#2341,#2343);
#2341 = ( REPRESENTATION_RELATIONSHIP('','',#2196,#2173) REPRESENTATION_RELATIONSHIP_WITH_TRANSFORMATION(#2342) SHAPE_REPRESENTATION_RELATIONSHIP() );
#2342 = ITEM_DEFINED_TRANSFORMATION('','',#11,#2174);
#2343 = PRODUCT_DEFINITION_SHAPE('Placement','Placement of an item',  #2344);
#2344 = NEXT_ASSEMBLY_USAGE_OCCURRENCE('46','=>[0:1:1:34]','',#2168,  #2191,$);
#2345 = PRODUCT_RELATED_PRODUCT_CATEGORY('part',$,(#2193));
#2346 = SHAPE_DEFINITION_REPRESENTATION(#2347,#2353);
#2347 = PRODUCT_DEFINITION_SHAPE('','',#2348);
#2348 = PRODUCT_DEFINITION('design','',#2349,#2352);
#2349 = PRODUCT_DEFINITION_FORMATION('','',#2350);
#2350 = PRODUCT('RN1~RES-ARRAY-SMD_0201-8P-L1.4-W0.6-BL~RES-ARRAY-SMD_0201-8P-L1.4-W0.6-H0.35-BL~6DR2','RN1~RES-ARRAY-SMD_0201-8P-L1.4-W0.6-BL~RES-ARRAY-SMD_0201-8P-L1.4-W0.6-H0.35-BL~6DR2','',(#2351));
#2351 = PRODUCT_CONTEXT('',#2,'mechanical');
#2352 = PRODUCT_DEFINITION_CONTEXT('part definition',#2,'design');
#2353 = SHAPE_REPRESENTATION('',(#11,#2354),#2358);
#2354 = AXIS2_PLACEMENT_3D('',#2355,#2356,#2357);
#2355 = CARTESIAN_POINT('',(0.,0.,0.));
#2356 = DIRECTION('',(0.,0.,1.));
#2357 = DIRECTION('',(1.,0.,-0.));
#2358 = ( GEOMETRIC_REPRESENTATION_CONTEXT(3) GLOBAL_UNCERTAINTY_ASSIGNED_CONTEXT((#2362)) GLOBAL_UNIT_ASSIGNED_CONTEXT((#2359,#2360,#2361)) REPRESENTATION_CONTEXT('Context #1','3D Context with UNIT and UNCERTAINTY') );
#2359 = ( LENGTH_UNIT() NAMED_UNIT(*) SI_UNIT(.MILLI.,.METRE.) );
#2360 = ( NAMED_UNIT(*) PLANE_ANGLE_UNIT() SI_UNIT($,.RADIAN.) );
#2361 = ( NAMED_UNIT(*) SI_UNIT($,.STERADIAN.) SOLID_ANGLE_UNIT() );
#2362 = UNCERTAINTY_MEASURE_WITH_UNIT(LENGTH_MEASURE(2.E-07),#2359,  'distance_accuracy_value','confusion accuracy');
#2363 = CONTEXT_DEPENDENT_SHAPE_REPRESENTATION(#2364,#2366);
#2364 = ( REPRESENTATION_RELATIONSHIP('','',#2353,#10) REPRESENTATION_RELATIONSHIP_WITH_TRANSFORMATION(#2365) SHAPE_REPRESENTATION_RELATIONSHIP() );
#2365 = ITEM_DEFINED_TRANSFORMATION('','',#11,#119);
#2366 = PRODUCT_DEFINITION_SHAPE('Placement','Placement of an item',  #2367);
#2367 = NEXT_ASSEMBLY_USAGE_OCCURRENCE('49','=>[0:1:1:37]','',#5,#2348,$  );
#2368 = PRODUCT_RELATED_PRODUCT_CATEGORY('part',$,(#2350));
#2369 = SHAPE_DEFINITION_REPRESENTATION(#2370,#2376);
#2370 = PRODUCT_DEFINITION_SHAPE('','',#2371);
#2371 = PRODUCT_DEFINITION('design','',#2372,#2375);
#2372 = PRODUCT_DEFINITION_FORMATION('','',#2373);
#2373 = PRODUCT('RES-ARRAY-SMD_0201-8P-L1.4-W0.6-BL~RES-ARRAY-SMD_0201-8P-L1.4-W0.6-H0.35-BL~6DR2','RES-ARRAY-SMD_0201-8P-L1.4-W0.6-BL~RES-ARRAY-SMD_0201-8P-L1.4-W0.6-H0.35-BL~6DR2','',(#2374));
#2374 = PRODUCT_CONTEXT('',#2,'mechanical');
#2375 = PRODUCT_DEFINITION_CONTEXT('part definition',#2,'design');
#2376 = ADVANCED_BREP_SHAPE_REPRESENTATION('',(#11,#2377),#2515);
#2377 = MANIFOLD_SOLID_BREP('',#2378);
#2378 = CLOSED_SHELL('',(#2379,#2415,#2451,#2471,#2491,#2503));
#2379 = ADVANCED_FACE('',(#2380),#2410,.F.);
#2380 = FACE_BOUND('',#2381,.F.);
#2381 = EDGE_LOOP('',(#2382,#2391,#2398,#2405));
#2382 = ORIENTED_EDGE('',*,*,#2383,.F.);
#2383 = EDGE_CURVE('',#2384,#2386,#2388,.T.);
#2384 = VERTEX_POINT('',#2385);
#2385 = CARTESIAN_POINT('',(-0.7,-0.3,0.));
#2386 = VERTEX_POINT('',#2387);
#2387 = CARTESIAN_POINT('',(-0.7,-0.3,0.762001524003));
#2388 = B_SPLINE_CURVE_WITH_KNOTS('',1,(#2389,#2390),.UNSPECIFIED.,.F.,  .F.,(2,2),(0.,0.762001524003),.PIECEWISE_BEZIER_KNOTS.);
#2389 = CARTESIAN_POINT('',(-0.7,-0.3,0.));
#2390 = CARTESIAN_POINT('',(-0.7,-0.3,0.762001524003));
#2391 = ORIENTED_EDGE('',*,*,#2392,.T.);
#2392 = EDGE_CURVE('',#2384,#2393,#2395,.T.);
#2393 = VERTEX_POINT('',#2394);
#2394 = CARTESIAN_POINT('',(-0.7,0.3,0.));
#2395 = B_SPLINE_CURVE_WITH_KNOTS('',1,(#2396,#2397),.UNSPECIFIED.,.F.,  .F.,(2,2),(0.,0.762001524003),.PIECEWISE_BEZIER_KNOTS.);
#2396 = CARTESIAN_POINT('',(-0.7,-0.3,0.));
#2397 = CARTESIAN_POINT('',(-0.7,0.3,0.));
#2398 = ORIENTED_EDGE('',*,*,#2399,.T.);
#2399 = EDGE_CURVE('',#2393,#2400,#2402,.T.);
#2400 = VERTEX_POINT('',#2401);
#2401 = CARTESIAN_POINT('',(-0.7,0.3,0.762001524003));
#2402 = B_SPLINE_CURVE_WITH_KNOTS('',1,(#2403,#2404),.UNSPECIFIED.,.F.,  .F.,(2,2),(0.,0.762001524003),.PIECEWISE_BEZIER_KNOTS.);
#2403 = CARTESIAN_POINT('',(-0.7,0.3,0.));
#2404 = CARTESIAN_POINT('',(-0.7,0.3,0.762001524003));
#2405 = ORIENTED_EDGE('',*,*,#2406,.F.);
#2406 = EDGE_CURVE('',#2386,#2400,#2407,.T.);
#2407 = B_SPLINE_CURVE_WITH_KNOTS('',1,(#2408,#2409),.UNSPECIFIED.,.F.,  .F.,(2,2),(0.,0.762001524003),.PIECEWISE_BEZIER_KNOTS.);
#2408 = CARTESIAN_POINT('',(-0.7,-0.3,0.762001524003));
#2409 = CARTESIAN_POINT('',(-0.7,0.3,0.762001524003));
#2410 = B_SPLINE_SURFACE_WITH_KNOTS('',1,1,(    (#2411,#2412)    ,(#2413,#2414    )),.UNSPECIFIED.,.F.,.F.,.F.,(2,2),(2,2),(0.,0.762001524003),(    -0.762001524003,0.),.PIECEWISE_BEZIER_KNOTS.);
#2411 = CARTESIAN_POINT('',(-0.7,0.3,0.));
#2412 = CARTESIAN_POINT('',(-0.7,-0.3,0.));
#2413 = CARTESIAN_POINT('',(-0.7,0.3,0.762001524003));
#2414 = CARTESIAN_POINT('',(-0.7,-0.3,0.762001524003));
#2415 = ADVANCED_FACE('',(#2416),#2446,.T.);
#2416 = FACE_BOUND('',#2417,.T.);
#2417 = EDGE_LOOP('',(#2418,#2427,#2434,#2441));
#2418 = ORIENTED_EDGE('',*,*,#2419,.F.);
#2419 = EDGE_CURVE('',#2420,#2422,#2424,.T.);
#2420 = VERTEX_POINT('',#2421);
#2421 = CARTESIAN_POINT('',(0.7,-0.3,0.));
#2422 = VERTEX_POINT('',#2423);
#2423 = CARTESIAN_POINT('',(0.7,-0.3,0.762001524003));
#2424 = B_SPLINE_CURVE_WITH_KNOTS('',1,(#2425,#2426),.UNSPECIFIED.,.F.,  .F.,(2,2),(0.,0.762001524003),.PIECEWISE_BEZIER_KNOTS.);
#2425 = CARTESIAN_POINT('',(0.7,-0.3,0.));
#2426 = CARTESIAN_POINT('',(0.7,-0.3,0.762001524003));
#2427 = ORIENTED_EDGE('',*,*,#2428,.T.);
#2428 = EDGE_CURVE('',#2420,#2429,#2431,.T.);
#2429 = VERTEX_POINT('',#2430);
#2430 = CARTESIAN_POINT('',(0.7,0.3,0.));
#2431 = B_SPLINE_CURVE_WITH_KNOTS('',1,(#2432,#2433),.UNSPECIFIED.,.F.,  .F.,(2,2),(0.,0.762001524003),.PIECEWISE_BEZIER_KNOTS.);
#2432 = CARTESIAN_POINT('',(0.7,-0.3,0.));
#2433 = CARTESIAN_POINT('',(0.7,0.3,0.));
#2434 = ORIENTED_EDGE('',*,*,#2435,.T.);
#2435 = EDGE_CURVE('',#2429,#2436,#2438,.T.);
#2436 = VERTEX_POINT('',#2437);
#2437 = CARTESIAN_POINT('',(0.7,0.3,0.762001524003));
#2438 = B_SPLINE_CURVE_WITH_KNOTS('',1,(#2439,#2440),.UNSPECIFIED.,.F.,  .F.,(2,2),(0.,0.762001524003),.PIECEWISE_BEZIER_KNOTS.);
#2439 = CARTESIAN_POINT('',(0.7,0.3,0.));
#2440 = CARTESIAN_POINT('',(0.7,0.3,0.762001524003));
#2441 = ORIENTED_EDGE('',*,*,#2442,.F.);
#2442 = EDGE_CURVE('',#2422,#2436,#2443,.T.);
#2443 = B_SPLINE_CURVE_WITH_KNOTS('',1,(#2444,#2445),.UNSPECIFIED.,.F.,  .F.,(2,2),(0.,0.762001524003),.PIECEWISE_BEZIER_KNOTS.);
#2444 = CARTESIAN_POINT('',(0.7,-0.3,0.762001524003));
#2445 = CARTESIAN_POINT('',(0.7,0.3,0.762001524003));
#2446 = B_SPLINE_SURFACE_WITH_KNOTS('',1,1,(    (#2447,#2448)    ,(#2449,#2450    )),.UNSPECIFIED.,.F.,.F.,.F.,(2,2),(2,2),(0.,0.762001524003),(    -0.762001524003,0.),.PIECEWISE_BEZIER_KNOTS.);
#2447 = CARTESIAN_POINT('',(0.7,0.3,0.));
#2448 = CARTESIAN_POINT('',(0.7,-0.3,0.));
#2449 = CARTESIAN_POINT('',(0.7,0.3,0.762001524003));
#2450 = CARTESIAN_POINT('',(0.7,-0.3,0.762001524003));
#2451 = ADVANCED_FACE('',(#2452),#2466,.F.);
#2452 = FACE_BOUND('',#2453,.F.);
#2453 = EDGE_LOOP('',(#2454,#2459,#2460,#2465));
#2454 = ORIENTED_EDGE('',*,*,#2455,.F.);
#2455 = EDGE_CURVE('',#2384,#2420,#2456,.T.);
#2456 = B_SPLINE_CURVE_WITH_KNOTS('',1,(#2457,#2458),.UNSPECIFIED.,.F.,  .F.,(2,2),(0.,0.762001524003),.PIECEWISE_BEZIER_KNOTS.);
#2457 = CARTESIAN_POINT('',(-0.7,-0.3,0.));
#2458 = CARTESIAN_POINT('',(0.7,-0.3,0.));
#2459 = ORIENTED_EDGE('',*,*,#2383,.T.);
#2460 = ORIENTED_EDGE('',*,*,#2461,.T.);
#2461 = EDGE_CURVE('',#2386,#2422,#2462,.T.);
#2462 = B_SPLINE_CURVE_WITH_KNOTS('',1,(#2463,#2464),.UNSPECIFIED.,.F.,  .F.,(2,2),(0.,0.762001524003),.PIECEWISE_BEZIER_KNOTS.);
#2463 = CARTESIAN_POINT('',(-0.7,-0.3,0.762001524003));
#2464 = CARTESIAN_POINT('',(0.7,-0.3,0.762001524003));
#2465 = ORIENTED_EDGE('',*,*,#2419,.F.);
#2466 = B_SPLINE_SURFACE_WITH_KNOTS('',1,1,(    (#2467,#2468)    ,(#2469,#2470    )),.UNSPECIFIED.,.F.,.F.,.F.,(2,2),(2,2),(0.,0.762001524003),(0.,    0.762001524003),.PIECEWISE_BEZIER_KNOTS.);
#2467 = CARTESIAN_POINT('',(-0.7,-0.3,0.));
#2468 = CARTESIAN_POINT('',(0.7,-0.3,0.));
#2469 = CARTESIAN_POINT('',(-0.7,-0.3,0.762001524003));
#2470 = CARTESIAN_POINT('',(0.7,-0.3,0.762001524003));
#2471 = ADVANCED_FACE('',(#2472),#2486,.T.);
#2472 = FACE_BOUND('',#2473,.T.);
#2473 = EDGE_LOOP('',(#2474,#2479,#2480,#2485));
#2474 = ORIENTED_EDGE('',*,*,#2475,.F.);
#2475 = EDGE_CURVE('',#2393,#2429,#2476,.T.);
#2476 = B_SPLINE_CURVE_WITH_KNOTS('',1,(#2477,#2478),.UNSPECIFIED.,.F.,  .F.,(2,2),(0.,0.762001524003),.PIECEWISE_BEZIER_KNOTS.);
#2477 = CARTESIAN_POINT('',(-0.7,0.3,0.));
#2478 = CARTESIAN_POINT('',(0.7,0.3,0.));
#2479 = ORIENTED_EDGE('',*,*,#2399,.T.);
#2480 = ORIENTED_EDGE('',*,*,#2481,.T.);
#2481 = EDGE_CURVE('',#2400,#2436,#2482,.T.);
#2482 = B_SPLINE_CURVE_WITH_KNOTS('',1,(#2483,#2484),.UNSPECIFIED.,.F.,  .F.,(2,2),(0.,0.762001524003),.PIECEWISE_BEZIER_KNOTS.);
#2483 = CARTESIAN_POINT('',(-0.7,0.3,0.762001524003));
#2484 = CARTESIAN_POINT('',(0.7,0.3,0.762001524003));
#2485 = ORIENTED_EDGE('',*,*,#2435,.F.);
#2486 = B_SPLINE_SURFACE_WITH_KNOTS('',1,1,(    (#2487,#2488)    ,(#2489,#2490    )),.UNSPECIFIED.,.F.,.F.,.F.,(2,2),(2,2),(0.,0.762001524003),(0.,    0.762001524003),.PIECEWISE_BEZIER_KNOTS.);
#2487 = CARTESIAN_POINT('',(-0.7,0.3,0.));
#2488 = CARTESIAN_POINT('',(0.7,0.3,0.));
#2489 = CARTESIAN_POINT('',(-0.7,0.3,0.762001524003));
#2490 = CARTESIAN_POINT('',(0.7,0.3,0.762001524003));
#2491 = ADVANCED_FACE('',(#2492),#2498,.F.);
#2492 = FACE_BOUND('',#2493,.F.);
#2493 = EDGE_LOOP('',(#2494,#2495,#2496,#2497));
#2494 = ORIENTED_EDGE('',*,*,#2392,.F.);
#2495 = ORIENTED_EDGE('',*,*,#2455,.T.);
#2496 = ORIENTED_EDGE('',*,*,#2428,.T.);
#2497 = ORIENTED_EDGE('',*,*,#2475,.F.);
#2498 = B_SPLINE_SURFACE_WITH_KNOTS('',1,1,(    (#2499,#2500)    ,(#2501,#2502    )),.UNSPECIFIED.,.F.,.F.,.F.,(2,2),(2,2),(0.,0.762001524003),(0.,    0.762001524003),.PIECEWISE_BEZIER_KNOTS.);
#2499 = CARTESIAN_POINT('',(-0.7,-0.3,0.));
#2500 = CARTESIAN_POINT('',(-0.7,0.3,0.));
#2501 = CARTESIAN_POINT('',(0.7,-0.3,0.));
#2502 = CARTESIAN_POINT('',(0.7,0.3,0.));
#2503 = ADVANCED_FACE('',(#2504),#2510,.T.);
#2504 = FACE_BOUND('',#2505,.T.);
#2505 = EDGE_LOOP('',(#2506,#2507,#2508,#2509));
#2506 = ORIENTED_EDGE('',*,*,#2406,.F.);
#2507 = ORIENTED_EDGE('',*,*,#2461,.T.);
#2508 = ORIENTED_EDGE('',*,*,#2442,.T.);
#2509 = ORIENTED_EDGE('',*,*,#2481,.F.);
#2510 = B_SPLINE_SURFACE_WITH_KNOTS('',1,1,(    (#2511,#2512)    ,(#2513,#2514    )),.UNSPECIFIED.,.F.,.F.,.F.,(2,2),(2,2),(0.,0.762001524003),(0.,    0.762001524003),.PIECEWISE_BEZIER_KNOTS.);
#2511 = CARTESIAN_POINT('',(-0.7,-0.3,0.762001524003));
#2512 = CARTESIAN_POINT('',(-0.7,0.3,0.762001524003));
#2513 = CARTESIAN_POINT('',(0.7,-0.3,0.762001524003));
#2514 = CARTESIAN_POINT('',(0.7,0.3,0.762001524003));
#2515 = ( GEOMETRIC_REPRESENTATION_CONTEXT(3) GLOBAL_UNCERTAINTY_ASSIGNED_CONTEXT((#2519)) GLOBAL_UNIT_ASSIGNED_CONTEXT((#2516,#2517,#2518)) REPRESENTATION_CONTEXT('Context #1','3D Context with UNIT and UNCERTAINTY') );
#2516 = ( LENGTH_UNIT() NAMED_UNIT(*) SI_UNIT(.MILLI.,.METRE.) );
#2517 = ( NAMED_UNIT(*) PLANE_ANGLE_UNIT() SI_UNIT($,.RADIAN.) );
#2518 = ( NAMED_UNIT(*) SI_UNIT($,.STERADIAN.) SOLID_ANGLE_UNIT() );
#2519 = UNCERTAINTY_MEASURE_WITH_UNIT(LENGTH_MEASURE(2.E-07),#2516,  'distance_accuracy_value','confusion accuracy');
#2520 = CONTEXT_DEPENDENT_SHAPE_REPRESENTATION(#2521,#2523);
#2521 = ( REPRESENTATION_RELATIONSHIP('','',#2376,#2353) REPRESENTATION_RELATIONSHIP_WITH_TRANSFORMATION(#2522) SHAPE_REPRESENTATION_RELATIONSHIP() );
#2522 = ITEM_DEFINED_TRANSFORMATION('','',#11,#2354);
#2523 = PRODUCT_DEFINITION_SHAPE('Placement','Placement of an item',  #2524);
#2524 = NEXT_ASSEMBLY_USAGE_OCCURRENCE('48','=>[0:1:1:36]','',#2348,  #2371,$);
#2525 = PRODUCT_RELATED_PRODUCT_CATEGORY('part',$,(#2373));
#2526 = SHAPE_DEFINITION_REPRESENTATION(#2527,#2533);
#2527 = PRODUCT_DEFINITION_SHAPE('','',#2528);
#2528 = PRODUCT_DEFINITION('design','',#2529,#2532);
#2529 = PRODUCT_DEFINITION_FORMATION('','',#2530);
#2530 = PRODUCT('RN2~RES-ARRAY-SMD_0201-8P-L1.4-W0.6-BL~RES-ARRAY-SMD_0201-8P-L1.4-W0.6-H0.35-BL~6DR2','RN2~RES-ARRAY-SMD_0201-8P-L1.4-W0.6-BL~RES-ARRAY-SMD_0201-8P-L1.4-W0.6-H0.35-BL~6DR2','',(#2531));
#2531 = PRODUCT_CONTEXT('',#2,'mechanical');
#2532 = PRODUCT_DEFINITION_CONTEXT('part definition',#2,'design');
#2533 = SHAPE_REPRESENTATION('',(#11,#2534),#2538);
#2534 = AXIS2_PLACEMENT_3D('',#2535,#2536,#2537);
#2535 = CARTESIAN_POINT('',(0.,0.,0.));
#2536 = DIRECTION('',(0.,0.,1.));
#2537 = DIRECTION('',(1.,0.,-0.));
#2538 = ( GEOMETRIC_REPRESENTATION_CONTEXT(3) GLOBAL_UNCERTAINTY_ASSIGNED_CONTEXT((#2542)) GLOBAL_UNIT_ASSIGNED_CONTEXT((#2539,#2540,#2541)) REPRESENTATION_CONTEXT('Context #1','3D Context with UNIT and UNCERTAINTY') );
#2539 = ( LENGTH_UNIT() NAMED_UNIT(*) SI_UNIT(.MILLI.,.METRE.) );
#2540 = ( NAMED_UNIT(*) PLANE_ANGLE_UNIT() SI_UNIT($,.RADIAN.) );
#2541 = ( NAMED_UNIT(*) SI_UNIT($,.STERADIAN.) SOLID_ANGLE_UNIT() );
#2542 = UNCERTAINTY_MEASURE_WITH_UNIT(LENGTH_MEASURE(2.E-07),#2539,  'distance_accuracy_value','confusion accuracy');
#2543 = CONTEXT_DEPENDENT_SHAPE_REPRESENTATION(#2544,#2546);
#2544 = ( REPRESENTATION_RELATIONSHIP('','',#2533,#10) REPRESENTATION_RELATIONSHIP_WITH_TRANSFORMATION(#2545) SHAPE_REPRESENTATION_RELATIONSHIP() );
#2545 = ITEM_DEFINED_TRANSFORMATION('','',#11,#123);
#2546 = PRODUCT_DEFINITION_SHAPE('Placement','Placement of an item',  #2547);
#2547 = NEXT_ASSEMBLY_USAGE_OCCURRENCE('51','=>[0:1:1:38]','',#5,#2528,$  );
#2548 = PRODUCT_RELATED_PRODUCT_CATEGORY('part',$,(#2530));
#2549 = CONTEXT_DEPENDENT_SHAPE_REPRESENTATION(#2550,#2552);
#2550 = ( REPRESENTATION_RELATIONSHIP('','',#2376,#2533) REPRESENTATION_RELATIONSHIP_WITH_TRANSFORMATION(#2551) SHAPE_REPRESENTATION_RELATIONSHIP() );
#2551 = ITEM_DEFINED_TRANSFORMATION('','',#11,#2534);
#2552 = PRODUCT_DEFINITION_SHAPE('Placement','Placement of an item',  #2553);
#2553 = NEXT_ASSEMBLY_USAGE_OCCURRENCE('50','','',#2528,#2371,$);
#2554 = SHAPE_DEFINITION_REPRESENTATION(#2555,#2561);
#2555 = PRODUCT_DEFINITION_SHAPE('','',#2556);
#2556 = PRODUCT_DEFINITION('design','',#2557,#2560);
#2557 = PRODUCT_DEFINITION_FORMATION('','',#2558);
#2558 = PRODUCT('RN3~RES-ARRAY-SMD_0201-8P-L1.4-W0.6-BL~RES-ARRAY-SMD_0201-8P-L1.4-W0.6-H0.35-BL~6DR2','RN3~RES-ARRAY-SMD_0201-8P-L1.4-W0.6-BL~RES-ARRAY-SMD_0201-8P-L1.4-W0.6-H0.35-BL~6DR2','',(#2559));
#2559 = PRODUCT_CONTEXT('',#2,'mechanical');
#2560 = PRODUCT_DEFINITION_CONTEXT('part definition',#2,'design');
#2561 = SHAPE_REPRESENTATION('',(#11,#2562),#2566);
#2562 = AXIS2_PLACEMENT_3D('',#2563,#2564,#2565);
#2563 = CARTESIAN_POINT('',(0.,0.,0.));
#2564 = DIRECTION('',(0.,0.,1.));
#2565 = DIRECTION('',(1.,0.,-0.));
#2566 = ( GEOMETRIC_REPRESENTATION_CONTEXT(3) GLOBAL_UNCERTAINTY_ASSIGNED_CONTEXT((#2570)) GLOBAL_UNIT_ASSIGNED_CONTEXT((#2567,#2568,#2569)) REPRESENTATION_CONTEXT('Context #1','3D Context with UNIT and UNCERTAINTY') );
#2567 = ( LENGTH_UNIT() NAMED_UNIT(*) SI_UNIT(.MILLI.,.METRE.) );
#2568 = ( NAMED_UNIT(*) PLANE_ANGLE_UNIT() SI_UNIT($,.RADIAN.) );
#2569 = ( NAMED_UNIT(*) SI_UNIT($,.STERADIAN.) SOLID_ANGLE_UNIT() );
#2570 = UNCERTAINTY_MEASURE_WITH_UNIT(LENGTH_MEASURE(2.E-07),#2567,  'distance_accuracy_value','confusion accuracy');
#2571 = CONTEXT_DEPENDENT_SHAPE_REPRESENTATION(#2572,#2574);
#2572 = ( REPRESENTATION_RELATIONSHIP('','',#2561,#10) REPRESENTATION_RELATIONSHIP_WITH_TRANSFORMATION(#2573) SHAPE_REPRESENTATION_RELATIONSHIP() );
#2573 = ITEM_DEFINED_TRANSFORMATION('','',#11,#127);
#2574 = PRODUCT_DEFINITION_SHAPE('Placement','Placement of an item',  #2575);
#2575 = NEXT_ASSEMBLY_USAGE_OCCURRENCE('53','=>[0:1:1:39]','',#5,#2556,$  );
#2576 = PRODUCT_RELATED_PRODUCT_CATEGORY('part',$,(#2558));
#2577 = CONTEXT_DEPENDENT_SHAPE_REPRESENTATION(#2578,#2580);
#2578 = ( REPRESENTATION_RELATIONSHIP('','',#2376,#2561) REPRESENTATION_RELATIONSHIP_WITH_TRANSFORMATION(#2579) SHAPE_REPRESENTATION_RELATIONSHIP() );
#2579 = ITEM_DEFINED_TRANSFORMATION('','',#11,#2562);
#2580 = PRODUCT_DEFINITION_SHAPE('Placement','Placement of an item',  #2581);
#2581 = NEXT_ASSEMBLY_USAGE_OCCURRENCE('52','','',#2556,#2371,$);
#2582 = SHAPE_DEFINITION_REPRESENTATION(#2583,#2589);
#2583 = PRODUCT_DEFINITION_SHAPE('','',#2584);
#2584 = PRODUCT_DEFINITION('design','',#2585,#2588);
#2585 = PRODUCT_DEFINITION_FORMATION('','',#2586);
#2586 = PRODUCT('RN4~RES-ARRAY-SMD_0201-8P-L1.4-W0.6-BL~RES-ARRAY-SMD_0201-8P-L1.4-W0.6-H0.35-BL~6DR2','RN4~RES-ARRAY-SMD_0201-8P-L1.4-W0.6-BL~RES-ARRAY-SMD_0201-8P-L1.4-W0.6-H0.35-BL~6DR2','',(#2587));
#2587 = PRODUCT_CONTEXT('',#2,'mechanical');
#2588 = PRODUCT_DEFINITION_CONTEXT('part definition',#2,'design');
#2589 = SHAPE_REPRESENTATION('',(#11,#2590),#2594);
#2590 = AXIS2_PLACEMENT_3D('',#2591,#2592,#2593);
#2591 = CARTESIAN_POINT('',(0.,0.,0.));
#2592 = DIRECTION('',(0.,0.,1.));
#2593 = DIRECTION('',(1.,0.,-0.));
#2594 = ( GEOMETRIC_REPRESENTATION_CONTEXT(3) GLOBAL_UNCERTAINTY_ASSIGNED_CONTEXT((#2598)) GLOBAL_UNIT_ASSIGNED_CONTEXT((#2595,#2596,#2597)) REPRESENTATION_CONTEXT('Context #1','3D Context with UNIT and UNCERTAINTY') );
#2595 = ( LENGTH_UNIT() NAMED_UNIT(*) SI_UNIT(.MILLI.,.METRE.) );
#2596 = ( NAMED_UNIT(*) PLANE_ANGLE_UNIT() SI_UNIT($,.RADIAN.) );
#2597 = ( NAMED_UNIT(*) SI_UNIT($,.STERADIAN.) SOLID_ANGLE_UNIT() );
#2598 = UNCERTAINTY_MEASURE_WITH_UNIT(LENGTH_MEASURE(2.E-07),#2595,  'distance_accuracy_value','confusion accuracy');
#2599 = CONTEXT_DEPENDENT_SHAPE_REPRESENTATION(#2600,#2602);
#2600 = ( REPRESENTATION_RELATIONSHIP('','',#2589,#10) REPRESENTATION_RELATIONSHIP_WITH_TRANSFORMATION(#2601) SHAPE_REPRESENTATION_RELATIONSHIP() );
#2601 = ITEM_DEFINED_TRANSFORMATION('','',#11,#131);
#2602 = PRODUCT_DEFINITION_SHAPE('Placement','Placement of an item',  #2603);
#2603 = NEXT_ASSEMBLY_USAGE_OCCURRENCE('55','=>[0:1:1:40]','',#5,#2584,$  );
#2604 = PRODUCT_RELATED_PRODUCT_CATEGORY('part',$,(#2586));
#2605 = CONTEXT_DEPENDENT_SHAPE_REPRESENTATION(#2606,#2608);
#2606 = ( REPRESENTATION_RELATIONSHIP('','',#2376,#2589) REPRESENTATION_RELATIONSHIP_WITH_TRANSFORMATION(#2607) SHAPE_REPRESENTATION_RELATIONSHIP() );
#2607 = ITEM_DEFINED_TRANSFORMATION('','',#11,#2590);
#2608 = PRODUCT_DEFINITION_SHAPE('Placement','Placement of an item',  #2609);
#2609 = NEXT_ASSEMBLY_USAGE_OCCURRENCE('54','','',#2584,#2371,$);
#2610 = SHAPE_DEFINITION_REPRESENTATION(#2611,#2617);
#2611 = PRODUCT_DEFINITION_SHAPE('','',#2612);
#2612 = PRODUCT_DEFINITION('design','',#2613,#2616);
#2613 = PRODUCT_DEFINITION_FORMATION('','',#2614);
#2614 = PRODUCT('RN5~RES-ARRAY-SMD_0201-8P-L1.4-W0.6-BL~RES-ARRAY-SMD_0201-8P-L1.4-W0.6-H0.35-BL~6DR2','RN5~RES-ARRAY-SMD_0201-8P-L1.4-W0.6-BL~RES-ARRAY-SMD_0201-8P-L1.4-W0.6-H0.35-BL~6DR2','',(#2615));
#2615 = PRODUCT_CONTEXT('',#2,'mechanical');
#2616 = PRODUCT_DEFINITION_CONTEXT('part definition',#2,'design');
#2617 = SHAPE_REPRESENTATION('',(#11,#2618),#2622);
#2618 = AXIS2_PLACEMENT_3D('',#2619,#2620,#2621);
#2619 = CARTESIAN_POINT('',(0.,0.,0.));
#2620 = DIRECTION('',(0.,0.,1.));
#2621 = DIRECTION('',(1.,0.,-0.));
#2622 = ( GEOMETRIC_REPRESENTATION_CONTEXT(3) GLOBAL_UNCERTAINTY_ASSIGNED_CONTEXT((#2626)) GLOBAL_UNIT_ASSIGNED_CONTEXT((#2623,#2624,#2625)) REPRESENTATION_CONTEXT('Context #1','3D Context with UNIT and UNCERTAINTY') );
#2623 = ( LENGTH_UNIT() NAMED_UNIT(*) SI_UNIT(.MILLI.,.METRE.) );
#2624 = ( NAMED_UNIT(*) PLANE_ANGLE_UNIT() SI_UNIT($,.RADIAN.) );
#2625 = ( NAMED_UNIT(*) SI_UNIT($,.STERADIAN.) SOLID_ANGLE_UNIT() );
#2626 = UNCERTAINTY_MEASURE_WITH_UNIT(LENGTH_MEASURE(2.E-07),#2623,  'distance_accuracy_value','confusion accuracy');
#2627 = CONTEXT_DEPENDENT_SHAPE_REPRESENTATION(#2628,#2630);
#2628 = ( REPRESENTATION_RELATIONSHIP('','',#2617,#10) REPRESENTATION_RELATIONSHIP_WITH_TRANSFORMATION(#2629) SHAPE_REPRESENTATION_RELATIONSHIP() );
#2629 = ITEM_DEFINED_TRANSFORMATION('','',#11,#135);
#2630 = PRODUCT_DEFINITION_SHAPE('Placement','Placement of an item',  #2631);
#2631 = NEXT_ASSEMBLY_USAGE_OCCURRENCE('57','=>[0:1:1:41]','',#5,#2612,$  );
#2632 = PRODUCT_RELATED_PRODUCT_CATEGORY('part',$,(#2614));
#2633 = CONTEXT_DEPENDENT_SHAPE_REPRESENTATION(#2634,#2636);
#2634 = ( REPRESENTATION_RELATIONSHIP('','',#2376,#2617) REPRESENTATION_RELATIONSHIP_WITH_TRANSFORMATION(#2635) SHAPE_REPRESENTATION_RELATIONSHIP() );
#2635 = ITEM_DEFINED_TRANSFORMATION('','',#11,#2618);
#2636 = PRODUCT_DEFINITION_SHAPE('Placement','Placement of an item',  #2637);
#2637 = NEXT_ASSEMBLY_USAGE_OCCURRENCE('56','','',#2612,#2371,$);
#2638 = SHAPE_DEFINITION_REPRESENTATION(#2639,#2645);
#2639 = PRODUCT_DEFINITION_SHAPE('','',#2640);
#2640 = PRODUCT_DEFINITION('design','',#2641,#2644);
#2641 = PRODUCT_DEFINITION_FORMATION('','',#2642);
#2642 = PRODUCT('RN6~RES-ARRAY-SMD_0201-8P-L1.4-W0.6-BL~RES-ARRAY-SMD_0201-8P-L1.4-W0.6-H0.35-BL~6DR2','RN6~RES-ARRAY-SMD_0201-8P-L1.4-W0.6-BL~RES-ARRAY-SMD_0201-8P-L1.4-W0.6-H0.35-BL~6DR2','',(#2643));
#2643 = PRODUCT_CONTEXT('',#2,'mechanical');
#2644 = PRODUCT_DEFINITION_CONTEXT('part definition',#2,'design');
#2645 = SHAPE_REPRESENTATION('',(#11,#2646),#2650);
#2646 = AXIS2_PLACEMENT_3D('',#2647,#2648,#2649);
#2647 = CARTESIAN_POINT('',(0.,0.,0.));
#2648 = DIRECTION('',(0.,0.,1.));
#2649 = DIRECTION('',(1.,0.,-0.));
#2650 = ( GEOMETRIC_REPRESENTATION_CONTEXT(3) GLOBAL_UNCERTAINTY_ASSIGNED_CONTEXT((#2654)) GLOBAL_UNIT_ASSIGNED_CONTEXT((#2651,#2652,#2653)) REPRESENTATION_CONTEXT('Context #1','3D Context with UNIT and UNCERTAINTY') );
#2651 = ( LENGTH_UNIT() NAMED_UNIT(*) SI_UNIT(.MILLI.,.METRE.) );
#2652 = ( NAMED_UNIT(*) PLANE_ANGLE_UNIT() SI_UNIT($,.RADIAN.) );
#2653 = ( NAMED_UNIT(*) SI_UNIT($,.STERADIAN.) SOLID_ANGLE_UNIT() );
#2654 = UNCERTAINTY_MEASURE_WITH_UNIT(LENGTH_MEASURE(2.E-07),#2651,  'distance_accuracy_value','confusion accuracy');
#2655 = CONTEXT_DEPENDENT_SHAPE_REPRESENTATION(#2656,#2658);
#2656 = ( REPRESENTATION_RELATIONSHIP('','',#2645,#10) REPRESENTATION_RELATIONSHIP_WITH_TRANSFORMATION(#2657) SHAPE_REPRESENTATION_RELATIONSHIP() );
#2657 = ITEM_DEFINED_TRANSFORMATION('','',#11,#139);
#2658 = PRODUCT_DEFINITION_SHAPE('Placement','Placement of an item',  #2659);
#2659 = NEXT_ASSEMBLY_USAGE_OCCURRENCE('59','=>[0:1:1:42]','',#5,#2640,$  );
#2660 = PRODUCT_RELATED_PRODUCT_CATEGORY('part',$,(#2642));
#2661 = CONTEXT_DEPENDENT_SHAPE_REPRESENTATION(#2662,#2664);
#2662 = ( REPRESENTATION_RELATIONSHIP('','',#2376,#2645) REPRESENTATION_RELATIONSHIP_WITH_TRANSFORMATION(#2663) SHAPE_REPRESENTATION_RELATIONSHIP() );
#2663 = ITEM_DEFINED_TRANSFORMATION('','',#11,#2646);
#2664 = PRODUCT_DEFINITION_SHAPE('Placement','Placement of an item',  #2665);
#2665 = NEXT_ASSEMBLY_USAGE_OCCURRENCE('58','','',#2640,#2371,$);
#2666 = SHAPE_DEFINITION_REPRESENTATION(#2667,#2673);
#2667 = PRODUCT_DEFINITION_SHAPE('','',#2668);
#2668 = PRODUCT_DEFINITION('design','',#2669,#2672);
#2669 = PRODUCT_DEFINITION_FORMATION('','',#2670);
#2670 = PRODUCT('RN7~RES-ARRAY-SMD_0201-8P-L1.4-W0.6-BL~RES-ARRAY-SMD_0201-8P-L1.4-W0.6-H0.35-BL~6DR2','RN7~RES-ARRAY-SMD_0201-8P-L1.4-W0.6-BL~RES-ARRAY-SMD_0201-8P-L1.4-W0.6-H0.35-BL~6DR2','',(#2671));
#2671 = PRODUCT_CONTEXT('',#2,'mechanical');
#2672 = PRODUCT_DEFINITION_CONTEXT('part definition',#2,'design');
#2673 = SHAPE_REPRESENTATION('',(#11,#2674),#2678);
#2674 = AXIS2_PLACEMENT_3D('',#2675,#2676,#2677);
#2675 = CARTESIAN_POINT('',(0.,0.,0.));
#2676 = DIRECTION('',(0.,0.,1.));
#2677 = DIRECTION('',(1.,0.,-0.));
#2678 = ( GEOMETRIC_REPRESENTATION_CONTEXT(3) GLOBAL_UNCERTAINTY_ASSIGNED_CONTEXT((#2682)) GLOBAL_UNIT_ASSIGNED_CONTEXT((#2679,#2680,#2681)) REPRESENTATION_CONTEXT('Context #1','3D Context with UNIT and UNCERTAINTY') );
#2679 = ( LENGTH_UNIT() NAMED_UNIT(*) SI_UNIT(.MILLI.,.METRE.) );
#2680 = ( NAMED_UNIT(*) PLANE_ANGLE_UNIT() SI_UNIT($,.RADIAN.) );
#2681 = ( NAMED_UNIT(*) SI_UNIT($,.STERADIAN.) SOLID_ANGLE_UNIT() );
#2682 = UNCERTAINTY_MEASURE_WITH_UNIT(LENGTH_MEASURE(2.E-07),#2679,  'distance_accuracy_value','confusion accuracy');
#2683 = CONTEXT_DEPENDENT_SHAPE_REPRESENTATION(#2684,#2686);
#2684 = ( REPRESENTATION_RELATIONSHIP('','',#2673,#10) REPRESENTATION_RELATIONSHIP_WITH_TRANSFORMATION(#2685) SHAPE_REPRESENTATION_RELATIONSHIP() );
#2685 = ITEM_DEFINED_TRANSFORMATION('','',#11,#143);
#2686 = PRODUCT_DEFINITION_SHAPE('Placement','Placement of an item',  #2687);
#2687 = NEXT_ASSEMBLY_USAGE_OCCURRENCE('61','=>[0:1:1:43]','',#5,#2668,$  );
#2688 = PRODUCT_RELATED_PRODUCT_CATEGORY('part',$,(#2670));
#2689 = CONTEXT_DEPENDENT_SHAPE_REPRESENTATION(#2690,#2692);
#2690 = ( REPRESENTATION_RELATIONSHIP('','',#2376,#2673) REPRESENTATION_RELATIONSHIP_WITH_TRANSFORMATION(#2691) SHAPE_REPRESENTATION_RELATIONSHIP() );
#2691 = ITEM_DEFINED_TRANSFORMATION('','',#11,#2674);
#2692 = PRODUCT_DEFINITION_SHAPE('Placement','Placement of an item',  #2693);
#2693 = NEXT_ASSEMBLY_USAGE_OCCURRENCE('60','','',#2668,#2371,$);
#2694 = SHAPE_DEFINITION_REPRESENTATION(#2695,#2701);
#2695 = PRODUCT_DEFINITION_SHAPE('','',#2696);
#2696 = PRODUCT_DEFINITION('design','',#2697,#2700);
#2697 = PRODUCT_DEFINITION_FORMATION('','',#2698);
#2698 = PRODUCT(  'D1~SOD-123FL_L2.7-W1.8-LS3.8-RD~SOD-123FL_L2.8-W1.8-H1.1-LS3.6~6DR2',  'D1~SOD-123FL_L2.7-W1.8-LS3.8-RD~SOD-123FL_L2.8-W1.8-H1.1-LS3.6~6DR2',  '',(#2699));
#2699 = PRODUCT_CONTEXT('',#2,'mechanical');
#2700 = PRODUCT_DEFINITION_CONTEXT('part definition',#2,'design');
#2701 = SHAPE_REPRESENTATION('',(#11,#2702),#2706);
#2702 = AXIS2_PLACEMENT_3D('',#2703,#2704,#2705);
#2703 = CARTESIAN_POINT('',(0.,0.,0.));
#2704 = DIRECTION('',(0.,0.,1.));
#2705 = DIRECTION('',(1.,0.,-0.));
#2706 = ( GEOMETRIC_REPRESENTATION_CONTEXT(3) GLOBAL_UNCERTAINTY_ASSIGNED_CONTEXT((#2710)) GLOBAL_UNIT_ASSIGNED_CONTEXT((#2707,#2708,#2709)) REPRESENTATION_CONTEXT('Context #1','3D Context with UNIT and UNCERTAINTY') );
#2707 = ( LENGTH_UNIT() NAMED_UNIT(*) SI_UNIT(.MILLI.,.METRE.) );
#2708 = ( NAMED_UNIT(*) PLANE_ANGLE_UNIT() SI_UNIT($,.RADIAN.) );
#2709 = ( NAMED_UNIT(*) SI_UNIT($,.STERADIAN.) SOLID_ANGLE_UNIT() );
#2710 = UNCERTAINTY_MEASURE_WITH_UNIT(LENGTH_MEASURE(5.E-07),#2707,  'distance_accuracy_value','confusion accuracy');
#2711 = CONTEXT_DEPENDENT_SHAPE_REPRESENTATION(#2712,#2714);
#2712 = ( REPRESENTATION_RELATIONSHIP('','',#2701,#10) REPRESENTATION_RELATIONSHIP_WITH_TRANSFORMATION(#2713) SHAPE_REPRESENTATION_RELATIONSHIP() );
#2713 = ITEM_DEFINED_TRANSFORMATION('','',#11,#147);
#2714 = PRODUCT_DEFINITION_SHAPE('Placement','Placement of an item',  #2715);
#2715 = NEXT_ASSEMBLY_USAGE_OCCURRENCE('63','=>[0:1:1:45]','',#5,#2696,$  );
#2716 = PRODUCT_RELATED_PRODUCT_CATEGORY('part',$,(#2698));
#2717 = SHAPE_DEFINITION_REPRESENTATION(#2718,#2724);
#2718 = PRODUCT_DEFINITION_SHAPE('','',#2719);
#2719 = PRODUCT_DEFINITION('design','',#2720,#2723);
#2720 = PRODUCT_DEFINITION_FORMATION('','',#2721);
#2721 = PRODUCT(  'SOD-123FL_L2.7-W1.8-LS3.8-RD~SOD-123FL_L2.8-W1.8-H1.1-LS3.6~6DR2',  'SOD-123FL_L2.7-W1.8-LS3.8-RD~SOD-123FL_L2.8-W1.8-H1.1-LS3.6~6DR2','',  (#2722));
#2722 = PRODUCT_CONTEXT('',#2,'mechanical');
#2723 = PRODUCT_DEFINITION_CONTEXT('part definition',#2,'design');
#2724 = ADVANCED_BREP_SHAPE_REPRESENTATION('',(#11,#2725),#2863);
#2725 = MANIFOLD_SOLID_BREP('',#2726);
#2726 = CLOSED_SHELL('',(#2727,#2763,#2799,#2819,#2839,#2851));
#2727 = ADVANCED_FACE('',(#2728),#2758,.F.);
#2728 = FACE_BOUND('',#2729,.F.);
#2729 = EDGE_LOOP('',(#2730,#2739,#2746,#2753));
#2730 = ORIENTED_EDGE('',*,*,#2731,.F.);
#2731 = EDGE_CURVE('',#2732,#2734,#2736,.T.);
#2732 = VERTEX_POINT('',#2733);
#2733 = CARTESIAN_POINT('',(1.8,0.9,0.));
#2734 = VERTEX_POINT('',#2735);
#2735 = CARTESIAN_POINT('',(1.8,0.9,0.762001524003));
#2736 = B_SPLINE_CURVE_WITH_KNOTS('',1,(#2737,#2738),.UNSPECIFIED.,.F.,  .F.,(2,2),(0.,0.762001524003),.PIECEWISE_BEZIER_KNOTS.);
#2737 = CARTESIAN_POINT('',(1.8,0.9,0.));
#2738 = CARTESIAN_POINT('',(1.8,0.9,0.762001524003));
#2739 = ORIENTED_EDGE('',*,*,#2740,.T.);
#2740 = EDGE_CURVE('',#2732,#2741,#2743,.T.);
#2741 = VERTEX_POINT('',#2742);
#2742 = CARTESIAN_POINT('',(1.8,-0.9,0.));
#2743 = B_SPLINE_CURVE_WITH_KNOTS('',1,(#2744,#2745),.UNSPECIFIED.,.F.,  .F.,(2,2),(0.,0.762001524003),.PIECEWISE_BEZIER_KNOTS.);
#2744 = CARTESIAN_POINT('',(1.8,0.9,0.));
#2745 = CARTESIAN_POINT('',(1.8,-0.9,0.));
#2746 = ORIENTED_EDGE('',*,*,#2747,.T.);
#2747 = EDGE_CURVE('',#2741,#2748,#2750,.T.);
#2748 = VERTEX_POINT('',#2749);
#2749 = CARTESIAN_POINT('',(1.8,-0.9,0.762001524003));
#2750 = B_SPLINE_CURVE_WITH_KNOTS('',1,(#2751,#2752),.UNSPECIFIED.,.F.,  .F.,(2,2),(0.,0.762001524003),.PIECEWISE_BEZIER_KNOTS.);
#2751 = CARTESIAN_POINT('',(1.8,-0.9,0.));
#2752 = CARTESIAN_POINT('',(1.8,-0.9,0.762001524003));
#2753 = ORIENTED_EDGE('',*,*,#2754,.F.);
#2754 = EDGE_CURVE('',#2734,#2748,#2755,.T.);
#2755 = B_SPLINE_CURVE_WITH_KNOTS('',1,(#2756,#2757),.UNSPECIFIED.,.F.,  .F.,(2,2),(0.,0.762001524003),.PIECEWISE_BEZIER_KNOTS.);
#2756 = CARTESIAN_POINT('',(1.8,0.9,0.762001524003));
#2757 = CARTESIAN_POINT('',(1.8,-0.9,0.762001524003));
#2758 = B_SPLINE_SURFACE_WITH_KNOTS('',1,1,(    (#2759,#2760)    ,(#2761,#2762    )),.UNSPECIFIED.,.F.,.F.,.F.,(2,2),(2,2),(0.,0.762001524003),(    -0.762001524003,0.),.PIECEWISE_BEZIER_KNOTS.);
#2759 = CARTESIAN_POINT('',(1.8,-0.9,0.));
#2760 = CARTESIAN_POINT('',(1.8,0.9,0.));
#2761 = CARTESIAN_POINT('',(1.8,-0.9,0.762001524003));
#2762 = CARTESIAN_POINT('',(1.8,0.9,0.762001524003));
#2763 = ADVANCED_FACE('',(#2764),#2794,.T.);
#2764 = FACE_BOUND('',#2765,.T.);
#2765 = EDGE_LOOP('',(#2766,#2775,#2782,#2789));
#2766 = ORIENTED_EDGE('',*,*,#2767,.F.);
#2767 = EDGE_CURVE('',#2768,#2770,#2772,.T.);
#2768 = VERTEX_POINT('',#2769);
#2769 = CARTESIAN_POINT('',(-1.8,0.9,0.));
#2770 = VERTEX_POINT('',#2771);
#2771 = CARTESIAN_POINT('',(-1.8,0.9,0.762001524003));
#2772 = B_SPLINE_CURVE_WITH_KNOTS('',1,(#2773,#2774),.UNSPECIFIED.,.F.,  .F.,(2,2),(0.,0.762001524003),.PIECEWISE_BEZIER_KNOTS.);
#2773 = CARTESIAN_POINT('',(-1.8,0.9,0.));
#2774 = CARTESIAN_POINT('',(-1.8,0.9,0.762001524003));
#2775 = ORIENTED_EDGE('',*,*,#2776,.T.);
#2776 = EDGE_CURVE('',#2768,#2777,#2779,.T.);
#2777 = VERTEX_POINT('',#2778);
#2778 = CARTESIAN_POINT('',(-1.8,-0.9,0.));
#2779 = B_SPLINE_CURVE_WITH_KNOTS('',1,(#2780,#2781),.UNSPECIFIED.,.F.,  .F.,(2,2),(0.,0.762001524003),.PIECEWISE_BEZIER_KNOTS.);
#2780 = CARTESIAN_POINT('',(-1.8,0.9,0.));
#2781 = CARTESIAN_POINT('',(-1.8,-0.9,0.));
#2782 = ORIENTED_EDGE('',*,*,#2783,.T.);
#2783 = EDGE_CURVE('',#2777,#2784,#2786,.T.);
#2784 = VERTEX_POINT('',#2785);
#2785 = CARTESIAN_POINT('',(-1.8,-0.9,0.762001524003));
#2786 = B_SPLINE_CURVE_WITH_KNOTS('',1,(#2787,#2788),.UNSPECIFIED.,.F.,  .F.,(2,2),(0.,0.762001524003),.PIECEWISE_BEZIER_KNOTS.);
#2787 = CARTESIAN_POINT('',(-1.8,-0.9,0.));
#2788 = CARTESIAN_POINT('',(-1.8,-0.9,0.762001524003));
#2789 = ORIENTED_EDGE('',*,*,#2790,.F.);
#2790 = EDGE_CURVE('',#2770,#2784,#2791,.T.);
#2791 = B_SPLINE_CURVE_WITH_KNOTS('',1,(#2792,#2793),.UNSPECIFIED.,.F.,  .F.,(2,2),(0.,0.762001524003),.PIECEWISE_BEZIER_KNOTS.);
#2792 = CARTESIAN_POINT('',(-1.8,0.9,0.762001524003));
#2793 = CARTESIAN_POINT('',(-1.8,-0.9,0.762001524003));
#2794 = B_SPLINE_SURFACE_WITH_KNOTS('',1,1,(    (#2795,#2796)    ,(#2797,#2798    )),.UNSPECIFIED.,.F.,.F.,.F.,(2,2),(2,2),(0.,0.762001524003),(    -0.762001524003,0.),.PIECEWISE_BEZIER_KNOTS.);
#2795 = CARTESIAN_POINT('',(-1.8,-0.9,0.));
#2796 = CARTESIAN_POINT('',(-1.8,0.9,0.));
#2797 = CARTESIAN_POINT('',(-1.8,-0.9,0.762001524003));
#2798 = CARTESIAN_POINT('',(-1.8,0.9,0.762001524003));
#2799 = ADVANCED_FACE('',(#2800),#2814,.F.);
#2800 = FACE_BOUND('',#2801,.F.);
#2801 = EDGE_LOOP('',(#2802,#2807,#2808,#2813));
#2802 = ORIENTED_EDGE('',*,*,#2803,.F.);
#2803 = EDGE_CURVE('',#2732,#2768,#2804,.T.);
#2804 = B_SPLINE_CURVE_WITH_KNOTS('',1,(#2805,#2806),.UNSPECIFIED.,.F.,  .F.,(2,2),(0.,0.762001524003),.PIECEWISE_BEZIER_KNOTS.);
#2805 = CARTESIAN_POINT('',(1.8,0.9,0.));
#2806 = CARTESIAN_POINT('',(-1.8,0.9,0.));
#2807 = ORIENTED_EDGE('',*,*,#2731,.T.);
#2808 = ORIENTED_EDGE('',*,*,#2809,.T.);
#2809 = EDGE_CURVE('',#2734,#2770,#2810,.T.);
#2810 = B_SPLINE_CURVE_WITH_KNOTS('',1,(#2811,#2812),.UNSPECIFIED.,.F.,  .F.,(2,2),(0.,0.762001524003),.PIECEWISE_BEZIER_KNOTS.);
#2811 = CARTESIAN_POINT('',(1.8,0.9,0.762001524003));
#2812 = CARTESIAN_POINT('',(-1.8,0.9,0.762001524003));
#2813 = ORIENTED_EDGE('',*,*,#2767,.F.);
#2814 = B_SPLINE_SURFACE_WITH_KNOTS('',1,1,(    (#2815,#2816)    ,(#2817,#2818    )),.UNSPECIFIED.,.F.,.F.,.F.,(2,2),(2,2),(0.,0.762001524003),(0.,    0.762001524003),.PIECEWISE_BEZIER_KNOTS.);
#2815 = CARTESIAN_POINT('',(1.8,0.9,0.));
#2816 = CARTESIAN_POINT('',(-1.8,0.9,0.));
#2817 = CARTESIAN_POINT('',(1.8,0.9,0.762001524003));
#2818 = CARTESIAN_POINT('',(-1.8,0.9,0.762001524003));
#2819 = ADVANCED_FACE('',(#2820),#2834,.T.);
#2820 = FACE_BOUND('',#2821,.T.);
#2821 = EDGE_LOOP('',(#2822,#2827,#2828,#2833));
#2822 = ORIENTED_EDGE('',*,*,#2823,.F.);
#2823 = EDGE_CURVE('',#2741,#2777,#2824,.T.);
#2824 = B_SPLINE_CURVE_WITH_KNOTS('',1,(#2825,#2826),.UNSPECIFIED.,.F.,  .F.,(2,2),(0.,0.762001524003),.PIECEWISE_BEZIER_KNOTS.);
#2825 = CARTESIAN_POINT('',(1.8,-0.9,0.));
#2826 = CARTESIAN_POINT('',(-1.8,-0.9,0.));
#2827 = ORIENTED_EDGE('',*,*,#2747,.T.);
#2828 = ORIENTED_EDGE('',*,*,#2829,.T.);
#2829 = EDGE_CURVE('',#2748,#2784,#2830,.T.);
#2830 = B_SPLINE_CURVE_WITH_KNOTS('',1,(#2831,#2832),.UNSPECIFIED.,.F.,  .F.,(2,2),(0.,0.762001524003),.PIECEWISE_BEZIER_KNOTS.);
#2831 = CARTESIAN_POINT('',(1.8,-0.9,0.762001524003));
#2832 = CARTESIAN_POINT('',(-1.8,-0.9,0.762001524003));
#2833 = ORIENTED_EDGE('',*,*,#2783,.F.);
#2834 = B_SPLINE_SURFACE_WITH_KNOTS('',1,1,(    (#2835,#2836)    ,(#2837,#2838    )),.UNSPECIFIED.,.F.,.F.,.F.,(2,2),(2,2),(0.,0.762001524003),(0.,    0.762001524003),.PIECEWISE_BEZIER_KNOTS.);
#2835 = CARTESIAN_POINT('',(1.8,-0.9,0.));
#2836 = CARTESIAN_POINT('',(-1.8,-0.9,0.));
#2837 = CARTESIAN_POINT('',(1.8,-0.9,0.762001524003));
#2838 = CARTESIAN_POINT('',(-1.8,-0.9,0.762001524003));
#2839 = ADVANCED_FACE('',(#2840),#2846,.F.);
#2840 = FACE_BOUND('',#2841,.F.);
#2841 = EDGE_LOOP('',(#2842,#2843,#2844,#2845));
#2842 = ORIENTED_EDGE('',*,*,#2740,.F.);
#2843 = ORIENTED_EDGE('',*,*,#2803,.T.);
#2844 = ORIENTED_EDGE('',*,*,#2776,.T.);
#2845 = ORIENTED_EDGE('',*,*,#2823,.F.);
#2846 = B_SPLINE_SURFACE_WITH_KNOTS('',1,1,(    (#2847,#2848)    ,(#2849,#2850    )),.UNSPECIFIED.,.F.,.F.,.F.,(2,2),(2,2),(0.,0.762001524003),(0.,    0.762001524003),.PIECEWISE_BEZIER_KNOTS.);
#2847 = CARTESIAN_POINT('',(1.8,0.9,0.));
#2848 = CARTESIAN_POINT('',(1.8,-0.9,0.));
#2849 = CARTESIAN_POINT('',(-1.8,0.9,0.));
#2850 = CARTESIAN_POINT('',(-1.8,-0.9,0.));
#2851 = ADVANCED_FACE('',(#2852),#2858,.T.);
#2852 = FACE_BOUND('',#2853,.T.);
#2853 = EDGE_LOOP('',(#2854,#2855,#2856,#2857));
#2854 = ORIENTED_EDGE('',*,*,#2754,.F.);
#2855 = ORIENTED_EDGE('',*,*,#2809,.T.);
#2856 = ORIENTED_EDGE('',*,*,#2790,.T.);
#2857 = ORIENTED_EDGE('',*,*,#2829,.F.);
#2858 = B_SPLINE_SURFACE_WITH_KNOTS('',1,1,(    (#2859,#2860)    ,(#2861,#2862    )),.UNSPECIFIED.,.F.,.F.,.F.,(2,2),(2,2),(0.,0.762001524003),(0.,    0.762001524003),.PIECEWISE_BEZIER_KNOTS.);
#2859 = CARTESIAN_POINT('',(1.8,0.9,0.762001524003));
#2860 = CARTESIAN_POINT('',(1.8,-0.9,0.762001524003));
#2861 = CARTESIAN_POINT('',(-1.8,0.9,0.762001524003));
#2862 = CARTESIAN_POINT('',(-1.8,-0.9,0.762001524003));
#2863 = ( GEOMETRIC_REPRESENTATION_CONTEXT(3) GLOBAL_UNCERTAINTY_ASSIGNED_CONTEXT((#2867)) GLOBAL_UNIT_ASSIGNED_CONTEXT((#2864,#2865,#2866)) REPRESENTATION_CONTEXT('Context #1','3D Context with UNIT and UNCERTAINTY') );
#2864 = ( LENGTH_UNIT() NAMED_UNIT(*) SI_UNIT(.MILLI.,.METRE.) );
#2865 = ( NAMED_UNIT(*) PLANE_ANGLE_UNIT() SI_UNIT($,.RADIAN.) );
#2866 = ( NAMED_UNIT(*) SI_UNIT($,.STERADIAN.) SOLID_ANGLE_UNIT() );
#2867 = UNCERTAINTY_MEASURE_WITH_UNIT(LENGTH_MEASURE(5.E-07),#2864,  'distance_accuracy_value','confusion accuracy');
#2868 = CONTEXT_DEPENDENT_SHAPE_REPRESENTATION(#2869,#2871);
#2869 = ( REPRESENTATION_RELATIONSHIP('','',#2724,#2701) REPRESENTATION_RELATIONSHIP_WITH_TRANSFORMATION(#2870) SHAPE_REPRESENTATION_RELATIONSHIP() );
#2870 = ITEM_DEFINED_TRANSFORMATION('','',#11,#2702);
#2871 = PRODUCT_DEFINITION_SHAPE('Placement','Placement of an item',  #2872);
#2872 = NEXT_ASSEMBLY_USAGE_OCCURRENCE('62','=>[0:1:1:44]','',#2696,  #2719,$);
#2873 = PRODUCT_RELATED_PRODUCT_CATEGORY('part',$,(#2721));
#2874 = MECHANICAL_DESIGN_GEOMETRIC_PRESENTATION_REPRESENTATION('',(    #2875,#2885,#2893,#2900,#2907,#2914,#2921,#2928,#2935),#455);
#2875 = STYLED_ITEM('color',(#2876),#165);
#2876 = PRESENTATION_STYLE_ASSIGNMENT((#2877,#2883));
#2877 = SURFACE_STYLE_USAGE(.BOTH.,#2878);
#2878 = SURFACE_SIDE_STYLE('',(#2879));
#2879 = SURFACE_STYLE_FILL_AREA(#2880);
#2880 = FILL_AREA_STYLE('',(#2881));
#2881 = FILL_AREA_STYLE_COLOUR('',#2882);
#2882 = COLOUR_RGB('',0.206895373913,0.417002959305,0.619000406538);
#2883 = CURVE_STYLE('',#2884,POSITIVE_LENGTH_MEASURE(0.1),#2882);
#2884 = DRAUGHTING_PRE_DEFINED_CURVE_FONT('continuous');
#2885 = OVER_RIDING_STYLED_ITEM('overriding color',(#2886),#167,#2875);
#2886 = PRESENTATION_STYLE_ASSIGNMENT((#2887));
#2887 = SURFACE_STYLE_USAGE(.BOTH.,#2888);
#2888 = SURFACE_SIDE_STYLE('',(#2889));
#2889 = SURFACE_STYLE_FILL_AREA(#2890);
#2890 = FILL_AREA_STYLE('',(#2891));
#2891 = FILL_AREA_STYLE_COLOUR('',#2892);
#2892 = COLOUR_RGB('',0.937179583391,0.9357410338,0.649182888601);
#2893 = OVER_RIDING_STYLED_ITEM('overriding color',(#2894),#209,#2875);
#2894 = PRESENTATION_STYLE_ASSIGNMENT((#2895));
#2895 = SURFACE_STYLE_USAGE(.BOTH.,#2896);
#2896 = SURFACE_SIDE_STYLE('',(#2897));
#2897 = SURFACE_STYLE_FILL_AREA(#2898);
#2898 = FILL_AREA_STYLE('',(#2899));
#2899 = FILL_AREA_STYLE_COLOUR('',#2892);
#2900 = OVER_RIDING_STYLED_ITEM('overriding color',(#2901),#240,#2875);
#2901 = PRESENTATION_STYLE_ASSIGNMENT((#2902));
#2902 = SURFACE_STYLE_USAGE(.BOTH.,#2903);
#2903 = SURFACE_SIDE_STYLE('',(#2904));
#2904 = SURFACE_STYLE_FILL_AREA(#2905);
#2905 = FILL_AREA_STYLE('',(#2906));
#2906 = FILL_AREA_STYLE_COLOUR('',#2892);
#2907 = OVER_RIDING_STYLED_ITEM('overriding color',(#2908),#273,#2875);
#2908 = PRESENTATION_STYLE_ASSIGNMENT((#2909));
#2909 = SURFACE_STYLE_USAGE(.BOTH.,#2910);
#2910 = SURFACE_SIDE_STYLE('',(#2911));
#2911 = SURFACE_STYLE_FILL_AREA(#2912);
#2912 = FILL_AREA_STYLE('',(#2913));
#2913 = FILL_AREA_STYLE_COLOUR('',#2892);
#2914 = OVER_RIDING_STYLED_ITEM('overriding color',(#2915),#304,#2875);
#2915 = PRESENTATION_STYLE_ASSIGNMENT((#2916));
#2916 = SURFACE_STYLE_USAGE(.BOTH.,#2917);
#2917 = SURFACE_SIDE_STYLE('',(#2918));
#2918 = SURFACE_STYLE_FILL_AREA(#2919);
#2919 = FILL_AREA_STYLE('',(#2920));
#2920 = FILL_AREA_STYLE_COLOUR('',#2892);
#2921 = OVER_RIDING_STYLED_ITEM('overriding color',(#2922),#337,#2875);
#2922 = PRESENTATION_STYLE_ASSIGNMENT((#2923));
#2923 = SURFACE_STYLE_USAGE(.BOTH.,#2924);
#2924 = SURFACE_SIDE_STYLE('',(#2925));
#2925 = SURFACE_STYLE_FILL_AREA(#2926);
#2926 = FILL_AREA_STYLE('',(#2927));
#2927 = FILL_AREA_STYLE_COLOUR('',#2892);
#2928 = OVER_RIDING_STYLED_ITEM('overriding color',(#2929),#368,#2875);
#2929 = PRESENTATION_STYLE_ASSIGNMENT((#2930));
#2930 = SURFACE_STYLE_USAGE(.BOTH.,#2931);
#2931 = SURFACE_SIDE_STYLE('',(#2932));
#2932 = SURFACE_STYLE_FILL_AREA(#2933);
#2933 = FILL_AREA_STYLE('',(#2934));
#2934 = FILL_AREA_STYLE_COLOUR('',#2892);
#2935 = OVER_RIDING_STYLED_ITEM('overriding color',(#2936),#401,#2875);
#2936 = PRESENTATION_STYLE_ASSIGNMENT((#2937));
#2937 = SURFACE_STYLE_USAGE(.BOTH.,#2938);
#2938 = SURFACE_SIDE_STYLE('',(#2939));
#2939 = SURFACE_STYLE_FILL_AREA(#2940);
#2940 = FILL_AREA_STYLE('',(#2941));
#2941 = FILL_AREA_STYLE_COLOUR('',#2892);


ENDSEC;
END-ISO-10303-21;