ISO-10303-21;
HEADER;
FILE_DESCRIPTION(('Designed by EasyEDA Pro'),'2;1');
FILE_NAME('Open CASCADE Shape Model','2026-08-17T18:02:51',('Author'),(
    'Open CASCADE'),'Open CASCADE STEP processor 7.8','Open CASCADE 7.8'
  ,'Unknown');
FILE_SCHEMA(('AUTOMOTIVE_DESIGN { 1 0 10303 214 1 1 1 1 }'));
ENDSEC;
DATA;

#1 = APPLICATION_PROTOCOL_DEFINITION('international standard',  'automotive_design',2000,#2);
#2 = APPLICATION_CONTEXT(  'core data for automotive mechanical design processes');
#3 = SHAPE_DEFINITION_REPRESENTATION(#4,#10);
#4 = PRODUCT_DEFINITION_SHAPE('','',#5);
#5 = PRODUCT_DEFINITION('design','',#6,#9);
#6 = PRODUCT_DEFINITION_FORMATION('','',#7);
#7 = PRODUCT('EasyEDA PCB Model~CMJN','EasyEDA PCB Model~CMJN','',(#8));
#8 = PRODUCT_CONTEXT('',#2,'mechanical');
#9 = PRODUCT_DEFINITION_CONTEXT('part definition',#2,'design');
#10=SHAPE_REPRESENTATION('',(#11,#15,#19,#23,#27,#31,#35,#39,#43,#47,#51,#55,#59,#63,#67,#71,#75,#79,#83,#87),#91);
#11 = AXIS2_PLACEMENT_3D('',#12,#13,#14);
#12 = CARTESIAN_POINT('',(0.,0.,0.));
#13 = DIRECTION('',(0.,0.,1.));
#14 = DIRECTION('',(1.,0.,-0.));
#15 = AXIS2_PLACEMENT_3D('',#16,#17,#18);
#16 = CARTESIAN_POINT('',(0.,0.,0.));
#17 = DIRECTION('',(0.,0.,1.));
#18 = DIRECTION('',(1.,0.,-0.));
#19 = AXIS2_PLACEMENT_3D('',#20,#21,#22);
#20 = CARTESIAN_POINT('',(0.,0.,1.596156972314));
#21 = DIRECTION('',(0.,0.,1.));
#22 = DIRECTION('',(1.,0.,-0.));
#23 = AXIS2_PLACEMENT_3D('',#24,#25,#26);
#24 = CARTESIAN_POINT('',(0.,0.,-1.E-02));
#25 = DIRECTION('',(0.,0.,1.));
#26 = DIRECTION('',(1.,0.,-0.));
#27 = AXIS2_PLACEMENT_3D('',#28,#29,#30);
#28 = CARTESIAN_POINT('',(0.,0.,0.));
#29 = DIRECTION('',(0.,0.,1.));
#30 = DIRECTION('',(1.,0.,-0.));
#31 = AXIS2_PLACEMENT_3D('',#32,#33,#34);
#32 = CARTESIAN_POINT('',(0.,0.,0.));
#33 = DIRECTION('',(0.,0.,1.));
#34 = DIRECTION('',(1.,0.,-0.));
#35 = AXIS2_PLACEMENT_3D('',#36,#37,#38);
#36 = CARTESIAN_POINT('',(9.862047244094,-12.71185674371,1.586156972314)  );
#37 = DIRECTION('',(-0.,0.,1.));
#38 = DIRECTION('',(1.110223024625E-16,-1.,0.));
#39 = AXIS2_PLACEMENT_3D('',#40,#41,#42);
#40 = CARTESIAN_POINT('',(31.369062738125,-4.445008890018,1.586156972314    ));
#41 = DIRECTION('',(-0.,0.,1.));
#42 = DIRECTION('',(1.110223024625E-16,-1.,0.));
#43 = AXIS2_PLACEMENT_3D('',#44,#45,#46);
#44 = CARTESIAN_POINT('',(33.274066548133,-4.445008890018,1.586156972314    ));
#45 = DIRECTION('',(-0.,0.,1.));
#46 = DIRECTION('',(1.110223024625E-16,-1.,0.));
#47 = AXIS2_PLACEMENT_3D('',#48,#49,#50);
#48 = CARTESIAN_POINT('',(8.636017272035,-4.572009144018,1.586156972314)  );
#49 = DIRECTION('',(-0.,0.,1.));
#50 = DIRECTION('',(1.110223024625E-16,-1.,0.));
#51 = AXIS2_PLACEMENT_3D('',#52,#53,#54);
#52 = CARTESIAN_POINT('',(11.684023368047,-22.22504445008,1.586156972314    ));
#53 = DIRECTION('',(-0.,0.,1.));
#54 = DIRECTION('',(1.110223024625E-16,-1.,0.));
#55 = AXIS2_PLACEMENT_3D('',#56,#57,#58);
#56 = CARTESIAN_POINT('',(3.302006604013,-28.19405638811,1.586156972314)  );
#57 = DIRECTION('',(-0.,0.,1.));
#58 = DIRECTION('',(1.110223024625E-16,-1.,0.));
#59 = AXIS2_PLACEMENT_3D('',#60,#61,#62);
#60 = CARTESIAN_POINT('',(11.684023368047,-28.19405638811,1.586156972314    ));
#61 = DIRECTION('',(0.,-0.,1.));
#62 = DIRECTION('',(1.110223024625E-16,1.,0.));
#63 = AXIS2_PLACEMENT_3D('',#64,#65,#66);
#64 = CARTESIAN_POINT('',(3.302006604013,-22.22504445008,1.586156972314)  );
#65 = DIRECTION('',(0.,-0.,1.));
#66 = DIRECTION('',(1.110223024625E-16,1.,0.));
#67 = AXIS2_PLACEMENT_3D('',#68,#69,#70);
#68 = CARTESIAN_POINT('',(5.508234696469,-8.668280416561,1.586156972314)  );
#69 = DIRECTION('',(0.,-0.,1.));
#70 = DIRECTION('',(1.110223024625E-16,1.,0.));
#71 = AXIS2_PLACEMENT_3D('',#72,#73,#74);
#72 = CARTESIAN_POINT('',(6.433040386081,-12.71185674371,1.586156972314)  );
#73 = DIRECTION('',(0.,-0.,1.));
#74 = DIRECTION('',(1.110223024625E-16,1.,0.));
#75 = AXIS2_PLACEMENT_3D('',#76,#77,#78);
#76 = CARTESIAN_POINT('',(20.132936245872,-4.411559563119,1.586156972314    ));
#77 = DIRECTION('',(0.,0.,1.));
#78 = DIRECTION('',(-1.,1.224646799147E-16,0.));
#79 = AXIS2_PLACEMENT_3D('',#80,#81,#82);
#80 = CARTESIAN_POINT('',(7.162687325375,-28.19405638811,1.586156972314)  );
#81 = DIRECTION('',(0.,0.,1.));
#82 = DIRECTION('',(1.,0.,0.));
#83 = AXIS2_PLACEMENT_3D('',#84,#85,#86);
#84 = CARTESIAN_POINT('',(7.162687325375,-22.25148336296,1.586156972314)  );
#85 = DIRECTION('',(0.,0.,1.));
#86 = DIRECTION('',(1.,0.,0.));
#87 = AXIS2_PLACEMENT_3D('',#88,#89,#90);
#88 = CARTESIAN_POINT('',(20.132936245872,-35.56007112014,1.586156972314    ));
#89 = DIRECTION('',(0.,0.,1.));
#90 = DIRECTION('',(1.,0.,0.));
#91 = ( GEOMETRIC_REPRESENTATION_CONTEXT(3) GLOBAL_UNCERTAINTY_ASSIGNED_CONTEXT((#95)) GLOBAL_UNIT_ASSIGNED_CONTEXT((#92,#93,#94)) REPRESENTATION_CONTEXT('Context #1',  '3D Context with UNIT and UNCERTAINTY') );
#92 = ( LENGTH_UNIT() NAMED_UNIT(*) SI_UNIT(.MILLI.,.METRE.) );
#93 = ( NAMED_UNIT(*) PLANE_ANGLE_UNIT() SI_UNIT($,.RADIAN.) );
#94 = ( NAMED_UNIT(*) SI_UNIT($,.STERADIAN.) SOLID_ANGLE_UNIT() );
#95 = UNCERTAINTY_MEASURE_WITH_UNIT(LENGTH_MEASURE(5.E-07),#92,  'distance_accuracy_value','confusion accuracy');
#96 = PRODUCT_RELATED_PRODUCT_CATEGORY('part',$,(#7));
#97 = SHAPE_DEFINITION_REPRESENTATION(#98,#104);
#98 = PRODUCT_DEFINITION_SHAPE('','',#99);
#99 = PRODUCT_DEFINITION('design','',#100,#103);
#100 = PRODUCT_DEFINITION_FORMATION('','',#101);
#101 = PRODUCT('Board~CMJN','Board~CMJN','',(#102));
#102 = PRODUCT_CONTEXT('',#2,'mechanical');
#103 = PRODUCT_DEFINITION_CONTEXT('part definition',#2,'design');
#104 = ADVANCED_BREP_SHAPE_REPRESENTATION('',(#11,#105),#1243);
#105 = MANIFOLD_SOLID_BREP('',#106);
#106 = CLOSED_SHELL('',(#107,#147,#180,#211,#244,#275,#308,#339,#363,    #405,#429,#471,#495,#537,#568,#601,#632,#665,#696,#729,#751,#793,    #824,#857,#888,#921,#952,#985,#1007,#1049,#1073,#1115,#1139,#1191));
#107 = ADVANCED_FACE('',(#108),#142,.T.);
#108 = FACE_BOUND('',#109,.T.);
#109 = EDGE_LOOP('',(#110,#120,#128,#136));
#110 = ORIENTED_EDGE('',*,*,#111,.T.);
#111 = EDGE_CURVE('',#112,#114,#116,.T.);
#112 = VERTEX_POINT('',#113);
#113 = CARTESIAN_POINT('',(2.50000508001,-1.270002540005E-02,0.));
#114 = VERTEX_POINT('',#115);
#115 = CARTESIAN_POINT('',(2.50000508001,-1.270002540005E-02,    1.586156972314));
#116 = LINE('',#117,#118);
#117 = CARTESIAN_POINT('',(2.50000508001,-1.270002540005E-02,0.));
#118 = VECTOR('',#119,1.);
#119 = DIRECTION('',(0.,0.,1.));
#120 = ORIENTED_EDGE('',*,*,#121,.T.);
#121 = EDGE_CURVE('',#114,#122,#124,.T.);
#122 = VERTEX_POINT('',#123);
#123 = CARTESIAN_POINT('',(37.500073660147,-1.270002540005E-02,    1.586156972314));
#124 = LINE('',#125,#126);
#125 = CARTESIAN_POINT('',(2.50000508001,-1.270002540005E-02,    1.586156972314));
#126 = VECTOR('',#127,1.);
#127 = DIRECTION('',(1.,0.,0.));
#128 = ORIENTED_EDGE('',*,*,#129,.F.);
#129 = EDGE_CURVE('',#130,#122,#132,.T.);
#130 = VERTEX_POINT('',#131);
#131 = CARTESIAN_POINT('',(37.500073660147,-1.270002540005E-02,0.));
#132 = LINE('',#133,#134);
#133 = CARTESIAN_POINT('',(37.500073660147,-1.270002540005E-02,0.));
#134 = VECTOR('',#135,1.);
#135 = DIRECTION('',(0.,0.,1.));
#136 = ORIENTED_EDGE('',*,*,#137,.F.);
#137 = EDGE_CURVE('',#112,#130,#138,.T.);
#138 = LINE('',#139,#140);
#139 = CARTESIAN_POINT('',(2.50000508001,-1.270002540005E-02,0.));
#140 = VECTOR('',#141,1.);
#141 = DIRECTION('',(1.,0.,0.));
#142 = PLANE('',#143);
#143 = AXIS2_PLACEMENT_3D('',#144,#145,#146);
#144 = CARTESIAN_POINT('',(2.50000508001,-1.270002540005E-02,0.));
#145 = DIRECTION('',(0.,1.,0.));
#146 = DIRECTION('',(1.,0.,0.));
#147 = ADVANCED_FACE('',(#148),#175,.T.);
#148 = FACE_BOUND('',#149,.T.);
#149 = EDGE_LOOP('',(#150,#151,#160,#168));
#150 = ORIENTED_EDGE('',*,*,#129,.T.);
#151 = ORIENTED_EDGE('',*,*,#152,.T.);
#152 = EDGE_CURVE('',#122,#153,#155,.T.);
#153 = VERTEX_POINT('',#154);
#154 = CARTESIAN_POINT('',(39.987378714757,-2.50000508001,1.586156972314    ));
#155 = CIRCLE('',#156,2.48730505461);
#156 = AXIS2_PLACEMENT_3D('',#157,#158,#159);
#157 = CARTESIAN_POINT('',(37.500073660147,-2.50000508001,1.586156972314    ));
#158 = DIRECTION('',(0.,0.,-1.));
#159 = DIRECTION('',(-2.524969674747E-15,1.,0.));
#160 = ORIENTED_EDGE('',*,*,#161,.F.);
#161 = EDGE_CURVE('',#162,#153,#164,.T.);
#162 = VERTEX_POINT('',#163);
#163 = CARTESIAN_POINT('',(39.987378714757,-2.50000508001,0.));
#164 = LINE('',#165,#166);
#165 = CARTESIAN_POINT('',(39.987378714757,-2.50000508001,0.));
#166 = VECTOR('',#167,1.);
#167 = DIRECTION('',(0.,0.,1.));
#168 = ORIENTED_EDGE('',*,*,#169,.F.);
#169 = EDGE_CURVE('',#130,#162,#170,.T.);
#170 = CIRCLE('',#171,2.48730505461);
#171 = AXIS2_PLACEMENT_3D('',#172,#173,#174);
#172 = CARTESIAN_POINT('',(37.500073660147,-2.50000508001,0.));
#173 = DIRECTION('',(0.,0.,-1.));
#174 = DIRECTION('',(-2.524969674747E-15,1.,0.));
#175 = CYLINDRICAL_SURFACE('',#176,2.48730505461);
#176 = AXIS2_PLACEMENT_3D('',#177,#178,#179);
#177 = CARTESIAN_POINT('',(37.500073660147,-2.50000508001,0.));
#178 = DIRECTION('',(0.,0.,-1.));
#179 = DIRECTION('',(-2.524969674747E-15,1.,0.));
#180 = ADVANCED_FACE('',(#181),#206,.T.);
#181 = FACE_BOUND('',#182,.T.);
#182 = EDGE_LOOP('',(#183,#184,#192,#200));
#183 = ORIENTED_EDGE('',*,*,#161,.T.);
#184 = ORIENTED_EDGE('',*,*,#185,.T.);
#185 = EDGE_CURVE('',#153,#186,#188,.T.);
#186 = VERTEX_POINT('',#187);
#187 = CARTESIAN_POINT('',(39.987378714757,-37.50007366014,    1.586156972314));
#188 = LINE('',#189,#190);
#189 = CARTESIAN_POINT('',(39.987378714757,-2.50000508001,1.586156972314    ));
#190 = VECTOR('',#191,1.);
#191 = DIRECTION('',(-2.030118124292E-16,-1.,0.));
#192 = ORIENTED_EDGE('',*,*,#193,.F.);
#193 = EDGE_CURVE('',#194,#186,#196,.T.);
#194 = VERTEX_POINT('',#195);
#195 = CARTESIAN_POINT('',(39.987378714757,-37.50007366014,0.));
#196 = LINE('',#197,#198);
#197 = CARTESIAN_POINT('',(39.987378714757,-37.50007366014,0.));
#198 = VECTOR('',#199,1.);
#199 = DIRECTION('',(0.,0.,1.));
#200 = ORIENTED_EDGE('',*,*,#201,.F.);
#201 = EDGE_CURVE('',#162,#194,#202,.T.);
#202 = LINE('',#203,#204);
#203 = CARTESIAN_POINT('',(39.987378714757,-2.50000508001,0.));
#204 = VECTOR('',#205,1.);
#205 = DIRECTION('',(-2.030118124292E-16,-1.,0.));
#206 = PLANE('',#207);
#207 = AXIS2_PLACEMENT_3D('',#208,#209,#210);
#208 = CARTESIAN_POINT('',(39.987378714757,-2.50000508001,0.));
#209 = DIRECTION('',(1.,-2.030118124292E-16,0.));
#210 = DIRECTION('',(-2.030118124292E-16,-1.,0.));
#211 = ADVANCED_FACE('',(#212),#239,.T.);
#212 = FACE_BOUND('',#213,.T.);
#213 = EDGE_LOOP('',(#214,#215,#224,#232));
#214 = ORIENTED_EDGE('',*,*,#193,.T.);
#215 = ORIENTED_EDGE('',*,*,#216,.T.);
#216 = EDGE_CURVE('',#186,#217,#219,.T.);
#217 = VERTEX_POINT('',#218);
#218 = CARTESIAN_POINT('',(37.500073660147,-39.98737871475,    1.586156972314));
#219 = CIRCLE('',#220,2.48730505461);
#220 = AXIS2_PLACEMENT_3D('',#221,#222,#223);
#221 = CARTESIAN_POINT('',(37.500073660147,-37.50007366014,    1.586156972314));
#222 = DIRECTION('',(0.,0.,-1.));
#223 = DIRECTION('',(1.,2.461845432878E-15,0.));
#224 = ORIENTED_EDGE('',*,*,#225,.F.);
#225 = EDGE_CURVE('',#226,#217,#228,.T.);
#226 = VERTEX_POINT('',#227);
#227 = CARTESIAN_POINT('',(37.500073660147,-39.98737871475,0.));
#228 = LINE('',#229,#230);
#229 = CARTESIAN_POINT('',(37.500073660147,-39.98737871475,0.));
#230 = VECTOR('',#231,1.);
#231 = DIRECTION('',(0.,0.,1.));
#232 = ORIENTED_EDGE('',*,*,#233,.F.);
#233 = EDGE_CURVE('',#194,#226,#234,.T.);
#234 = CIRCLE('',#235,2.48730505461);
#235 = AXIS2_PLACEMENT_3D('',#236,#237,#238);
#236 = CARTESIAN_POINT('',(37.500073660147,-37.50007366014,0.));
#237 = DIRECTION('',(0.,0.,-1.));
#238 = DIRECTION('',(1.,2.461845432878E-15,0.));
#239 = CYLINDRICAL_SURFACE('',#240,2.48730505461);
#240 = AXIS2_PLACEMENT_3D('',#241,#242,#243);
#241 = CARTESIAN_POINT('',(37.500073660147,-37.50007366014,0.));
#242 = DIRECTION('',(0.,0.,-1.));
#243 = DIRECTION('',(1.,2.461845432878E-15,0.));
#244 = ADVANCED_FACE('',(#245),#270,.T.);
#245 = FACE_BOUND('',#246,.T.);
#246 = EDGE_LOOP('',(#247,#248,#256,#264));
#247 = ORIENTED_EDGE('',*,*,#225,.T.);
#248 = ORIENTED_EDGE('',*,*,#249,.T.);
#249 = EDGE_CURVE('',#217,#250,#252,.T.);
#250 = VERTEX_POINT('',#251);
#251 = CARTESIAN_POINT('',(2.50000508001,-39.98737871475,1.586156972314)  );
#252 = LINE('',#253,#254);
#253 = CARTESIAN_POINT('',(37.500073660147,-39.98737871475,    1.586156972314));
#254 = VECTOR('',#255,1.);
#255 = DIRECTION('',(-1.,2.030118124292E-16,0.));
#256 = ORIENTED_EDGE('',*,*,#257,.F.);
#257 = EDGE_CURVE('',#258,#250,#260,.T.);
#258 = VERTEX_POINT('',#259);
#259 = CARTESIAN_POINT('',(2.50000508001,-39.98737871475,0.));
#260 = LINE('',#261,#262);
#261 = CARTESIAN_POINT('',(2.50000508001,-39.98737871475,0.));
#262 = VECTOR('',#263,1.);
#263 = DIRECTION('',(0.,0.,1.));
#264 = ORIENTED_EDGE('',*,*,#265,.F.);
#265 = EDGE_CURVE('',#226,#258,#266,.T.);
#266 = LINE('',#267,#268);
#267 = CARTESIAN_POINT('',(37.500073660147,-39.98737871475,0.));
#268 = VECTOR('',#269,1.);
#269 = DIRECTION('',(-1.,2.030118124292E-16,0.));
#270 = PLANE('',#271);
#271 = AXIS2_PLACEMENT_3D('',#272,#273,#274);
#272 = CARTESIAN_POINT('',(37.500073660147,-39.98737871475,0.));
#273 = DIRECTION('',(-2.030118124292E-16,-1.,0.));
#274 = DIRECTION('',(-1.,2.030118124292E-16,0.));
#275 = ADVANCED_FACE('',(#276),#303,.T.);
#276 = FACE_BOUND('',#277,.T.);
#277 = EDGE_LOOP('',(#278,#279,#288,#296));
#278 = ORIENTED_EDGE('',*,*,#257,.T.);
#279 = ORIENTED_EDGE('',*,*,#280,.T.);
#280 = EDGE_CURVE('',#250,#281,#283,.T.);
#281 = VERTEX_POINT('',#282);
#282 = CARTESIAN_POINT('',(1.270002540005E-02,-37.50007366014,    1.586156972314));
#283 = CIRCLE('',#284,2.48730505461);
#284 = AXIS2_PLACEMENT_3D('',#285,#286,#287);
#285 = CARTESIAN_POINT('',(2.50000508001,-37.50007366014,1.586156972314)  );
#286 = DIRECTION('',(-0.,0.,-1.));
#287 = DIRECTION('',(2.272472707272E-15,-1.,-0.));
#288 = ORIENTED_EDGE('',*,*,#289,.F.);
#289 = EDGE_CURVE('',#290,#281,#292,.T.);
#290 = VERTEX_POINT('',#291);
#291 = CARTESIAN_POINT('',(1.270002540005E-02,-37.50007366014,0.));
#292 = LINE('',#293,#294);
#293 = CARTESIAN_POINT('',(1.270002540005E-02,-37.50007366014,0.));
#294 = VECTOR('',#295,1.);
#295 = DIRECTION('',(0.,0.,1.));
#296 = ORIENTED_EDGE('',*,*,#297,.F.);
#297 = EDGE_CURVE('',#258,#290,#298,.T.);
#298 = CIRCLE('',#299,2.48730505461);
#299 = AXIS2_PLACEMENT_3D('',#300,#301,#302);
#300 = CARTESIAN_POINT('',(2.50000508001,-37.50007366014,0.));
#301 = DIRECTION('',(-0.,0.,-1.));
#302 = DIRECTION('',(2.272472707272E-15,-1.,-0.));
#303 = CYLINDRICAL_SURFACE('',#304,2.48730505461);
#304 = AXIS2_PLACEMENT_3D('',#305,#306,#307);
#305 = CARTESIAN_POINT('',(2.50000508001,-37.50007366014,0.));
#306 = DIRECTION('',(-0.,0.,-1.));
#307 = DIRECTION('',(2.272472707272E-15,-1.,-0.));
#308 = ADVANCED_FACE('',(#309),#334,.T.);
#309 = FACE_BOUND('',#310,.T.);
#310 = EDGE_LOOP('',(#311,#312,#320,#328));
#311 = ORIENTED_EDGE('',*,*,#289,.T.);
#312 = ORIENTED_EDGE('',*,*,#313,.T.);
#313 = EDGE_CURVE('',#281,#314,#316,.T.);
#314 = VERTEX_POINT('',#315);
#315 = CARTESIAN_POINT('',(1.270002540005E-02,-2.50000508001,    1.586156972314));
#316 = LINE('',#317,#318);
#317 = CARTESIAN_POINT('',(1.270002540005E-02,-37.50007366014,    1.586156972314));
#318 = VECTOR('',#319,1.);
#319 = DIRECTION('',(9.05523880147E-17,1.,0.));
#320 = ORIENTED_EDGE('',*,*,#321,.F.);
#321 = EDGE_CURVE('',#322,#314,#324,.T.);
#322 = VERTEX_POINT('',#323);
#323 = CARTESIAN_POINT('',(1.270002540005E-02,-2.50000508001,0.));
#324 = LINE('',#325,#326);
#325 = CARTESIAN_POINT('',(1.270002540005E-02,-2.50000508001,0.));
#326 = VECTOR('',#327,1.);
#327 = DIRECTION('',(0.,0.,1.));
#328 = ORIENTED_EDGE('',*,*,#329,.F.);
#329 = EDGE_CURVE('',#290,#322,#330,.T.);
#330 = LINE('',#331,#332);
#331 = CARTESIAN_POINT('',(1.270002540005E-02,-37.50007366014,0.));
#332 = VECTOR('',#333,1.);
#333 = DIRECTION('',(9.05523880147E-17,1.,0.));
#334 = PLANE('',#335);
#335 = AXIS2_PLACEMENT_3D('',#336,#337,#338);
#336 = CARTESIAN_POINT('',(1.270002540005E-02,-37.50007366014,0.));
#337 = DIRECTION('',(-1.,9.05523880147E-17,0.));
#338 = DIRECTION('',(9.05523880147E-17,1.,0.));
#339 = ADVANCED_FACE('',(#340),#358,.T.);
#340 = FACE_BOUND('',#341,.T.);
#341 = EDGE_LOOP('',(#342,#343,#350,#351));
#342 = ORIENTED_EDGE('',*,*,#321,.T.);
#343 = ORIENTED_EDGE('',*,*,#344,.T.);
#344 = EDGE_CURVE('',#314,#114,#345,.T.);
#345 = CIRCLE('',#346,2.48730505461);
#346 = AXIS2_PLACEMENT_3D('',#347,#348,#349);
#347 = CARTESIAN_POINT('',(2.50000508001,-2.50000508001,1.586156972314)  );
#348 = DIRECTION('',(0.,0.,-1.));
#349 = DIRECTION('',(-1.,-5.049939349494E-16,-0.));
#350 = ORIENTED_EDGE('',*,*,#111,.F.);
#351 = ORIENTED_EDGE('',*,*,#352,.F.);
#352 = EDGE_CURVE('',#322,#112,#353,.T.);
#353 = CIRCLE('',#354,2.48730505461);
#354 = AXIS2_PLACEMENT_3D('',#355,#356,#357);
#355 = CARTESIAN_POINT('',(2.50000508001,-2.50000508001,0.));
#356 = DIRECTION('',(0.,0.,-1.));
#357 = DIRECTION('',(-1.,-5.049939349494E-16,-0.));
#358 = CYLINDRICAL_SURFACE('',#359,2.48730505461);
#359 = AXIS2_PLACEMENT_3D('',#360,#361,#362);
#360 = CARTESIAN_POINT('',(2.50000508001,-2.50000508001,0.));
#361 = DIRECTION('',(0.,0.,-1.));
#362 = DIRECTION('',(-1.,-5.049939349494E-16,-0.));
#363 = ADVANCED_FACE('',(#364),#400,.F.);
#364 = FACE_BOUND('',#365,.T.);
#365 = EDGE_LOOP('',(#366,#376,#385,#393));
#366 = ORIENTED_EDGE('',*,*,#367,.T.);
#367 = EDGE_CURVE('',#368,#370,#372,.T.);
#368 = VERTEX_POINT('',#369);
#369 = CARTESIAN_POINT('',(4.000007620015,-37.50007366014,0.));
#370 = VERTEX_POINT('',#371);
#371 = CARTESIAN_POINT('',(4.000007620015,-37.50007366014,1.586156972314    ));
#372 = LINE('',#373,#374);
#373 = CARTESIAN_POINT('',(4.000007620015,-37.50007366014,0.));
#374 = VECTOR('',#375,1.);
#375 = DIRECTION('',(0.,0.,1.));
#376 = ORIENTED_EDGE('',*,*,#377,.T.);
#377 = EDGE_CURVE('',#370,#378,#380,.T.);
#378 = VERTEX_POINT('',#379);
#379 = CARTESIAN_POINT('',(1.000002540005,-37.50007366014,1.586156972314    ));
#380 = CIRCLE('',#381,1.500002540005);
#381 = AXIS2_PLACEMENT_3D('',#382,#383,#384);
#382 = CARTESIAN_POINT('',(2.50000508001,-37.50007366014,1.586156972314)  );
#383 = DIRECTION('',(0.,0.,1.));
#384 = DIRECTION('',(1.,1.110223024625E-16,-0.));
#385 = ORIENTED_EDGE('',*,*,#386,.F.);
#386 = EDGE_CURVE('',#387,#378,#389,.T.);
#387 = VERTEX_POINT('',#388);
#388 = CARTESIAN_POINT('',(1.000002540005,-37.50007366014,0.));
#389 = LINE('',#390,#391);
#390 = CARTESIAN_POINT('',(1.000002540005,-37.50007366014,0.));
#391 = VECTOR('',#392,1.);
#392 = DIRECTION('',(0.,0.,1.));
#393 = ORIENTED_EDGE('',*,*,#394,.F.);
#394 = EDGE_CURVE('',#368,#387,#395,.T.);
#395 = CIRCLE('',#396,1.500002540005);
#396 = AXIS2_PLACEMENT_3D('',#397,#398,#399);
#397 = CARTESIAN_POINT('',(2.50000508001,-37.50007366014,0.));
#398 = DIRECTION('',(0.,0.,1.));
#399 = DIRECTION('',(1.,1.110223024625E-16,-0.));
#400 = CYLINDRICAL_SURFACE('',#401,1.500002540005);
#401 = AXIS2_PLACEMENT_3D('',#402,#403,#404);
#402 = CARTESIAN_POINT('',(2.50000508001,-37.50007366014,0.));
#403 = DIRECTION('',(-0.,-0.,-1.));
#404 = DIRECTION('',(1.,1.110223024625E-16,-0.));
#405 = ADVANCED_FACE('',(#406),#424,.F.);
#406 = FACE_BOUND('',#407,.T.);
#407 = EDGE_LOOP('',(#408,#409,#416,#417));
#408 = ORIENTED_EDGE('',*,*,#386,.T.);
#409 = ORIENTED_EDGE('',*,*,#410,.T.);
#410 = EDGE_CURVE('',#378,#370,#411,.T.);
#411 = CIRCLE('',#412,1.500002540005);
#412 = AXIS2_PLACEMENT_3D('',#413,#414,#415);
#413 = CARTESIAN_POINT('',(2.50000508001,-37.50007366014,1.586156972314)  );
#414 = DIRECTION('',(0.,0.,1.));
#415 = DIRECTION('',(-1.,-1.110223024625E-16,0.));
#416 = ORIENTED_EDGE('',*,*,#367,.F.);
#417 = ORIENTED_EDGE('',*,*,#418,.F.);
#418 = EDGE_CURVE('',#387,#368,#419,.T.);
#419 = CIRCLE('',#420,1.500002540005);
#420 = AXIS2_PLACEMENT_3D('',#421,#422,#423);
#421 = CARTESIAN_POINT('',(2.50000508001,-37.50007366014,0.));
#422 = DIRECTION('',(0.,0.,1.));
#423 = DIRECTION('',(-1.,-1.110223024625E-16,0.));
#424 = CYLINDRICAL_SURFACE('',#425,1.500002540005);
#425 = AXIS2_PLACEMENT_3D('',#426,#427,#428);
#426 = CARTESIAN_POINT('',(2.50000508001,-37.50007366014,0.));
#427 = DIRECTION('',(-0.,-0.,-1.));
#428 = DIRECTION('',(-1.,-1.110223024625E-16,0.));
#429 = ADVANCED_FACE('',(#430),#466,.F.);
#430 = FACE_BOUND('',#431,.T.);
#431 = EDGE_LOOP('',(#432,#442,#451,#459));
#432 = ORIENTED_EDGE('',*,*,#433,.T.);
#433 = EDGE_CURVE('',#434,#436,#438,.T.);
#434 = VERTEX_POINT('',#435);
#435 = CARTESIAN_POINT('',(4.000007620015,-2.50000508001,0.));
#436 = VERTEX_POINT('',#437);
#437 = CARTESIAN_POINT('',(4.000007620015,-2.50000508001,1.586156972314)  );
#438 = LINE('',#439,#440);
#439 = CARTESIAN_POINT('',(4.000007620015,-2.50000508001,0.));
#440 = VECTOR('',#441,1.);
#441 = DIRECTION('',(0.,0.,1.));
#442 = ORIENTED_EDGE('',*,*,#443,.T.);
#443 = EDGE_CURVE('',#436,#444,#446,.T.);
#444 = VERTEX_POINT('',#445);
#445 = CARTESIAN_POINT('',(1.000002540005,-2.50000508001,1.586156972314)  );
#446 = CIRCLE('',#447,1.500002540005);
#447 = AXIS2_PLACEMENT_3D('',#448,#449,#450);
#448 = CARTESIAN_POINT('',(2.50000508001,-2.50000508001,1.586156972314)  );
#449 = DIRECTION('',(0.,0.,1.));
#450 = DIRECTION('',(1.,1.110223024625E-16,-0.));
#451 = ORIENTED_EDGE('',*,*,#452,.F.);
#452 = EDGE_CURVE('',#453,#444,#455,.T.);
#453 = VERTEX_POINT('',#454);
#454 = CARTESIAN_POINT('',(1.000002540005,-2.50000508001,0.));
#455 = LINE('',#456,#457);
#456 = CARTESIAN_POINT('',(1.000002540005,-2.50000508001,0.));
#457 = VECTOR('',#458,1.);
#458 = DIRECTION('',(0.,0.,1.));
#459 = ORIENTED_EDGE('',*,*,#460,.F.);
#460 = EDGE_CURVE('',#434,#453,#461,.T.);
#461 = CIRCLE('',#462,1.500002540005);
#462 = AXIS2_PLACEMENT_3D('',#463,#464,#465);
#463 = CARTESIAN_POINT('',(2.50000508001,-2.50000508001,0.));
#464 = DIRECTION('',(0.,0.,1.));
#465 = DIRECTION('',(1.,1.110223024625E-16,-0.));
#466 = CYLINDRICAL_SURFACE('',#467,1.500002540005);
#467 = AXIS2_PLACEMENT_3D('',#468,#469,#470);
#468 = CARTESIAN_POINT('',(2.50000508001,-2.50000508001,0.));
#469 = DIRECTION('',(-0.,-0.,-1.));
#470 = DIRECTION('',(1.,1.110223024625E-16,-0.));
#471 = ADVANCED_FACE('',(#472),#490,.F.);
#472 = FACE_BOUND('',#473,.T.);
#473 = EDGE_LOOP('',(#474,#475,#482,#483));
#474 = ORIENTED_EDGE('',*,*,#452,.T.);
#475 = ORIENTED_EDGE('',*,*,#476,.T.);
#476 = EDGE_CURVE('',#444,#436,#477,.T.);
#477 = CIRCLE('',#478,1.500002540005);
#478 = AXIS2_PLACEMENT_3D('',#479,#480,#481);
#479 = CARTESIAN_POINT('',(2.50000508001,-2.50000508001,1.586156972314)  );
#480 = DIRECTION('',(0.,0.,1.));
#481 = DIRECTION('',(-1.,-1.110223024625E-16,0.));
#482 = ORIENTED_EDGE('',*,*,#433,.F.);
#483 = ORIENTED_EDGE('',*,*,#484,.F.);
#484 = EDGE_CURVE('',#453,#434,#485,.T.);
#485 = CIRCLE('',#486,1.500002540005);
#486 = AXIS2_PLACEMENT_3D('',#487,#488,#489);
#487 = CARTESIAN_POINT('',(2.50000508001,-2.50000508001,0.));
#488 = DIRECTION('',(0.,0.,1.));
#489 = DIRECTION('',(-1.,-1.110223024625E-16,0.));
#490 = CYLINDRICAL_SURFACE('',#491,1.500002540005);
#491 = AXIS2_PLACEMENT_3D('',#492,#493,#494);
#492 = CARTESIAN_POINT('',(2.50000508001,-2.50000508001,0.));
#493 = DIRECTION('',(-0.,-0.,-1.));
#494 = DIRECTION('',(-1.,-1.110223024625E-16,0.));
#495 = ADVANCED_FACE('',(#496),#532,.F.);
#496 = FACE_BOUND('',#497,.T.);
#497 = EDGE_LOOP('',(#498,#508,#517,#525));
#498 = ORIENTED_EDGE('',*,*,#499,.T.);
#499 = EDGE_CURVE('',#500,#502,#504,.T.);
#500 = VERTEX_POINT('',#501);
#501 = CARTESIAN_POINT('',(12.107023114046,-7.978016256033,0.));
#502 = VERTEX_POINT('',#503);
#503 = CARTESIAN_POINT('',(12.107023114046,-7.978016256033,    1.586156972314));
#504 = LINE('',#505,#506);
#505 = CARTESIAN_POINT('',(12.107023114046,-7.978016256033,0.));
#506 = VECTOR('',#507,1.);
#507 = DIRECTION('',(0.,0.,1.));
#508 = ORIENTED_EDGE('',*,*,#509,.T.);
#509 = EDGE_CURVE('',#502,#510,#512,.T.);
#510 = VERTEX_POINT('',#511);
#511 = CARTESIAN_POINT('',(11.107020574041,-6.978013716027,    1.586156972314));
#512 = CIRCLE('',#513,1.000002540005);
#513 = AXIS2_PLACEMENT_3D('',#514,#515,#516);
#514 = CARTESIAN_POINT('',(11.107020574041,-7.978016256033,    1.586156972314));
#515 = DIRECTION('',(0.,-0.,1.));
#516 = DIRECTION('',(1.,-8.635486588581E-16,-0.));
#517 = ORIENTED_EDGE('',*,*,#518,.F.);
#518 = EDGE_CURVE('',#519,#510,#521,.T.);
#519 = VERTEX_POINT('',#520);
#520 = CARTESIAN_POINT('',(11.107020574041,-6.978013716027,0.));
#521 = LINE('',#522,#523);
#522 = CARTESIAN_POINT('',(11.107020574041,-6.978013716027,0.));
#523 = VECTOR('',#524,1.);
#524 = DIRECTION('',(0.,0.,1.));
#525 = ORIENTED_EDGE('',*,*,#526,.F.);
#526 = EDGE_CURVE('',#500,#519,#527,.T.);
#527 = CIRCLE('',#528,1.000002540005);
#528 = AXIS2_PLACEMENT_3D('',#529,#530,#531);
#529 = CARTESIAN_POINT('',(11.107020574041,-7.978016256033,0.));
#530 = DIRECTION('',(0.,-0.,1.));
#531 = DIRECTION('',(1.,-8.635486588581E-16,-0.));
#532 = CYLINDRICAL_SURFACE('',#533,1.000002540005);
#533 = AXIS2_PLACEMENT_3D('',#534,#535,#536);
#534 = CARTESIAN_POINT('',(11.107020574041,-7.978016256033,0.));
#535 = DIRECTION('',(-0.,0.,-1.));
#536 = DIRECTION('',(1.,-8.635486588581E-16,-0.));
#537 = ADVANCED_FACE('',(#538),#563,.T.);
#538 = FACE_BOUND('',#539,.T.);
#539 = EDGE_LOOP('',(#540,#541,#549,#557));
#540 = ORIENTED_EDGE('',*,*,#518,.T.);
#541 = ORIENTED_EDGE('',*,*,#542,.T.);
#542 = EDGE_CURVE('',#510,#543,#545,.T.);
#543 = VERTEX_POINT('',#544);
#544 = CARTESIAN_POINT('',(10.107020574041,-6.978013716027,    1.586156972314));
#545 = LINE('',#546,#547);
#546 = CARTESIAN_POINT('',(11.107020574041,-6.978013716027,    1.586156972314));
#547 = VECTOR('',#548,1.);
#548 = DIRECTION('',(-1.,0.,0.));
#549 = ORIENTED_EDGE('',*,*,#550,.F.);
#550 = EDGE_CURVE('',#551,#543,#553,.T.);
#551 = VERTEX_POINT('',#552);
#552 = CARTESIAN_POINT('',(10.107020574041,-6.978013716027,0.));
#553 = LINE('',#554,#555);
#554 = CARTESIAN_POINT('',(10.107020574041,-6.978013716027,0.));
#555 = VECTOR('',#556,1.);
#556 = DIRECTION('',(0.,0.,1.));
#557 = ORIENTED_EDGE('',*,*,#558,.F.);
#558 = EDGE_CURVE('',#519,#551,#559,.T.);
#559 = LINE('',#560,#561);
#560 = CARTESIAN_POINT('',(11.107020574041,-6.978013716027,0.));
#561 = VECTOR('',#562,1.);
#562 = DIRECTION('',(-1.,0.,0.));
#563 = PLANE('',#564);
#564 = AXIS2_PLACEMENT_3D('',#565,#566,#567);
#565 = CARTESIAN_POINT('',(11.107020574041,-6.978013716027,0.));
#566 = DIRECTION('',(0.,-1.,0.));
#567 = DIRECTION('',(-1.,0.,0.));
#568 = ADVANCED_FACE('',(#569),#596,.F.);
#569 = FACE_BOUND('',#570,.T.);
#570 = EDGE_LOOP('',(#571,#572,#581,#589));
#571 = ORIENTED_EDGE('',*,*,#550,.T.);
#572 = ORIENTED_EDGE('',*,*,#573,.T.);
#573 = EDGE_CURVE('',#543,#574,#576,.T.);
#574 = VERTEX_POINT('',#575);
#575 = CARTESIAN_POINT('',(9.107018034036,-7.978016256033,1.586156972314    ));
#576 = CIRCLE('',#577,1.000002540005);
#577 = AXIS2_PLACEMENT_3D('',#578,#579,#580);
#578 = CARTESIAN_POINT('',(10.107020574041,-7.978016256033,    1.586156972314));
#579 = DIRECTION('',(0.,0.,1.));
#580 = DIRECTION('',(-7.850442353255E-17,1.,0.));
#581 = ORIENTED_EDGE('',*,*,#582,.F.);
#582 = EDGE_CURVE('',#583,#574,#585,.T.);
#583 = VERTEX_POINT('',#584);
#584 = CARTESIAN_POINT('',(9.107018034036,-7.978016256033,0.));
#585 = LINE('',#586,#587);
#586 = CARTESIAN_POINT('',(9.107018034036,-7.978016256033,0.));
#587 = VECTOR('',#588,1.);
#588 = DIRECTION('',(0.,0.,1.));
#589 = ORIENTED_EDGE('',*,*,#590,.F.);
#590 = EDGE_CURVE('',#551,#583,#591,.T.);
#591 = CIRCLE('',#592,1.000002540005);
#592 = AXIS2_PLACEMENT_3D('',#593,#594,#595);
#593 = CARTESIAN_POINT('',(10.107020574041,-7.978016256033,0.));
#594 = DIRECTION('',(0.,0.,1.));
#595 = DIRECTION('',(-7.850442353255E-17,1.,0.));
#596 = CYLINDRICAL_SURFACE('',#597,1.000002540005);
#597 = AXIS2_PLACEMENT_3D('',#598,#599,#600);
#598 = CARTESIAN_POINT('',(10.107020574041,-7.978016256033,0.));
#599 = DIRECTION('',(-0.,-0.,-1.));
#600 = DIRECTION('',(-7.850442353255E-17,1.,0.));
#601 = ADVANCED_FACE('',(#602),#627,.T.);
#602 = FACE_BOUND('',#603,.T.);
#603 = EDGE_LOOP('',(#604,#605,#613,#621));
#604 = ORIENTED_EDGE('',*,*,#582,.T.);
#605 = ORIENTED_EDGE('',*,*,#606,.T.);
#606 = EDGE_CURVE('',#574,#607,#609,.T.);
#607 = VERTEX_POINT('',#608);
#608 = CARTESIAN_POINT('',(9.107018034036,-8.178016256033,1.586156972314    ));
#609 = LINE('',#610,#611);
#610 = CARTESIAN_POINT('',(9.107018034036,-7.978016256033,1.586156972314    ));
#611 = VECTOR('',#612,1.);
#612 = DIRECTION('',(0.,-1.,0.));
#613 = ORIENTED_EDGE('',*,*,#614,.F.);
#614 = EDGE_CURVE('',#615,#607,#617,.T.);
#615 = VERTEX_POINT('',#616);
#616 = CARTESIAN_POINT('',(9.107018034036,-8.178016256033,0.));
#617 = LINE('',#618,#619);
#618 = CARTESIAN_POINT('',(9.107018034036,-8.178016256033,0.));
#619 = VECTOR('',#620,1.);
#620 = DIRECTION('',(0.,0.,1.));
#621 = ORIENTED_EDGE('',*,*,#622,.F.);
#622 = EDGE_CURVE('',#583,#615,#623,.T.);
#623 = LINE('',#624,#625);
#624 = CARTESIAN_POINT('',(9.107018034036,-7.978016256033,0.));
#625 = VECTOR('',#626,1.);
#626 = DIRECTION('',(0.,-1.,0.));
#627 = PLANE('',#628);
#628 = AXIS2_PLACEMENT_3D('',#629,#630,#631);
#629 = CARTESIAN_POINT('',(9.107018034036,-7.978016256033,0.));
#630 = DIRECTION('',(1.,0.,-0.));
#631 = DIRECTION('',(0.,-1.,0.));
#632 = ADVANCED_FACE('',(#633),#660,.F.);
#633 = FACE_BOUND('',#634,.T.);
#634 = EDGE_LOOP('',(#635,#636,#645,#653));
#635 = ORIENTED_EDGE('',*,*,#614,.T.);
#636 = ORIENTED_EDGE('',*,*,#637,.T.);
#637 = EDGE_CURVE('',#607,#638,#640,.T.);
#638 = VERTEX_POINT('',#639);
#639 = CARTESIAN_POINT('',(10.107020574041,-9.178018796038,    1.586156972314));
#640 = CIRCLE('',#641,1.000002540005);
#641 = AXIS2_PLACEMENT_3D('',#642,#643,#644);
#642 = CARTESIAN_POINT('',(10.107020574041,-8.178016256033,    1.586156972314));
#643 = DIRECTION('',(0.,0.,1.));
#644 = DIRECTION('',(-1.,0.,0.));
#645 = ORIENTED_EDGE('',*,*,#646,.F.);
#646 = EDGE_CURVE('',#647,#638,#649,.T.);
#647 = VERTEX_POINT('',#648);
#648 = CARTESIAN_POINT('',(10.107020574041,-9.178018796038,0.));
#649 = LINE('',#650,#651);
#650 = CARTESIAN_POINT('',(10.107020574041,-9.178018796038,0.));
#651 = VECTOR('',#652,1.);
#652 = DIRECTION('',(0.,0.,1.));
#653 = ORIENTED_EDGE('',*,*,#654,.F.);
#654 = EDGE_CURVE('',#615,#647,#655,.T.);
#655 = CIRCLE('',#656,1.000002540005);
#656 = AXIS2_PLACEMENT_3D('',#657,#658,#659);
#657 = CARTESIAN_POINT('',(10.107020574041,-8.178016256033,0.));
#658 = DIRECTION('',(0.,0.,1.));
#659 = DIRECTION('',(-1.,0.,0.));
#660 = CYLINDRICAL_SURFACE('',#661,1.000002540005);
#661 = AXIS2_PLACEMENT_3D('',#662,#663,#664);
#662 = CARTESIAN_POINT('',(10.107020574041,-8.178016256033,0.));
#663 = DIRECTION('',(-0.,-0.,-1.));
#664 = DIRECTION('',(-1.,0.,0.));
#665 = ADVANCED_FACE('',(#666),#691,.T.);
#666 = FACE_BOUND('',#667,.T.);
#667 = EDGE_LOOP('',(#668,#669,#677,#685));
#668 = ORIENTED_EDGE('',*,*,#646,.T.);
#669 = ORIENTED_EDGE('',*,*,#670,.T.);
#670 = EDGE_CURVE('',#638,#671,#673,.T.);
#671 = VERTEX_POINT('',#672);
#672 = CARTESIAN_POINT('',(11.107020574041,-9.178018796038,    1.586156972314));
#673 = LINE('',#674,#675);
#674 = CARTESIAN_POINT('',(10.107020574041,-9.178018796038,    1.586156972314));
#675 = VECTOR('',#676,1.);
#676 = DIRECTION('',(1.,0.,0.));
#677 = ORIENTED_EDGE('',*,*,#678,.F.);
#678 = EDGE_CURVE('',#679,#671,#681,.T.);
#679 = VERTEX_POINT('',#680);
#680 = CARTESIAN_POINT('',(11.107020574041,-9.178018796038,0.));
#681 = LINE('',#682,#683);
#682 = CARTESIAN_POINT('',(11.107020574041,-9.178018796038,0.));
#683 = VECTOR('',#684,1.);
#684 = DIRECTION('',(0.,0.,1.));
#685 = ORIENTED_EDGE('',*,*,#686,.F.);
#686 = EDGE_CURVE('',#647,#679,#687,.T.);
#687 = LINE('',#688,#689);
#688 = CARTESIAN_POINT('',(10.107020574041,-9.178018796038,0.));
#689 = VECTOR('',#690,1.);
#690 = DIRECTION('',(1.,0.,0.));
#691 = PLANE('',#692);
#692 = AXIS2_PLACEMENT_3D('',#693,#694,#695);
#693 = CARTESIAN_POINT('',(10.107020574041,-9.178018796038,0.));
#694 = DIRECTION('',(0.,1.,0.));
#695 = DIRECTION('',(1.,0.,0.));
#696 = ADVANCED_FACE('',(#697),#724,.F.);
#697 = FACE_BOUND('',#698,.T.);
#698 = EDGE_LOOP('',(#699,#700,#709,#717));
#699 = ORIENTED_EDGE('',*,*,#678,.T.);
#700 = ORIENTED_EDGE('',*,*,#701,.T.);
#701 = EDGE_CURVE('',#671,#702,#704,.T.);
#702 = VERTEX_POINT('',#703);
#703 = CARTESIAN_POINT('',(12.107023114046,-8.178016256033,    1.586156972314));
#704 = CIRCLE('',#705,1.000002540005);
#705 = AXIS2_PLACEMENT_3D('',#706,#707,#708);
#706 = CARTESIAN_POINT('',(11.107020574041,-8.178016256033,    1.586156972314));
#707 = DIRECTION('',(0.,0.,1.));
#708 = DIRECTION('',(7.850442353255E-17,-1.,0.));
#709 = ORIENTED_EDGE('',*,*,#710,.F.);
#710 = EDGE_CURVE('',#711,#702,#713,.T.);
#711 = VERTEX_POINT('',#712);
#712 = CARTESIAN_POINT('',(12.107023114046,-8.178016256033,0.));
#713 = LINE('',#714,#715);
#714 = CARTESIAN_POINT('',(12.107023114046,-8.178016256033,0.));
#715 = VECTOR('',#716,1.);
#716 = DIRECTION('',(0.,0.,1.));
#717 = ORIENTED_EDGE('',*,*,#718,.F.);
#718 = EDGE_CURVE('',#679,#711,#719,.T.);
#719 = CIRCLE('',#720,1.000002540005);
#720 = AXIS2_PLACEMENT_3D('',#721,#722,#723);
#721 = CARTESIAN_POINT('',(11.107020574041,-8.178016256033,0.));
#722 = DIRECTION('',(0.,0.,1.));
#723 = DIRECTION('',(7.850442353255E-17,-1.,0.));
#724 = CYLINDRICAL_SURFACE('',#725,1.000002540005);
#725 = AXIS2_PLACEMENT_3D('',#726,#727,#728);
#726 = CARTESIAN_POINT('',(11.107020574041,-8.178016256033,0.));
#727 = DIRECTION('',(-0.,-0.,-1.));
#728 = DIRECTION('',(7.850442353255E-17,-1.,0.));
#729 = ADVANCED_FACE('',(#730),#746,.T.);
#730 = FACE_BOUND('',#731,.T.);
#731 = EDGE_LOOP('',(#732,#733,#739,#740));
#732 = ORIENTED_EDGE('',*,*,#710,.T.);
#733 = ORIENTED_EDGE('',*,*,#734,.T.);
#734 = EDGE_CURVE('',#702,#502,#735,.T.);
#735 = LINE('',#736,#737);
#736 = CARTESIAN_POINT('',(12.107023114046,-8.178016256033,    1.586156972314));
#737 = VECTOR('',#738,1.);
#738 = DIRECTION('',(-1.7763568394E-14,1.,0.));
#739 = ORIENTED_EDGE('',*,*,#499,.F.);
#740 = ORIENTED_EDGE('',*,*,#741,.F.);
#741 = EDGE_CURVE('',#711,#500,#742,.T.);
#742 = LINE('',#743,#744);
#743 = CARTESIAN_POINT('',(12.107023114046,-8.178016256033,0.));
#744 = VECTOR('',#745,1.);
#745 = DIRECTION('',(-1.7763568394E-14,1.,0.));
#746 = PLANE('',#747);
#747 = AXIS2_PLACEMENT_3D('',#748,#749,#750);
#748 = CARTESIAN_POINT('',(12.107023114046,-8.178016256033,0.));
#749 = DIRECTION('',(-1.,-1.7763568394E-14,0.));
#750 = DIRECTION('',(-1.7763568394E-14,1.,0.));
#751 = ADVANCED_FACE('',(#752),#788,.F.);
#752 = FACE_BOUND('',#753,.T.);
#753 = EDGE_LOOP('',(#754,#764,#773,#781));
#754 = ORIENTED_EDGE('',*,*,#755,.T.);
#755 = EDGE_CURVE('',#756,#758,#760,.T.);
#756 = VERTEX_POINT('',#757);
#757 = CARTESIAN_POINT('',(31.295062230124,-7.965016510033,0.));
#758 = VERTEX_POINT('',#759);
#759 = CARTESIAN_POINT('',(31.295062230124,-7.965016510033,    1.586156972314));
#760 = LINE('',#761,#762);
#761 = CARTESIAN_POINT('',(31.295062230124,-7.965016510033,0.));
#762 = VECTOR('',#763,1.);
#763 = DIRECTION('',(0.,0.,1.));
#764 = ORIENTED_EDGE('',*,*,#765,.T.);
#765 = EDGE_CURVE('',#758,#766,#768,.T.);
#766 = VERTEX_POINT('',#767);
#767 = CARTESIAN_POINT('',(30.295059690119,-6.965013970028,    1.586156972314));
#768 = CIRCLE('',#769,1.000002540005);
#769 = AXIS2_PLACEMENT_3D('',#770,#771,#772);
#770 = CARTESIAN_POINT('',(30.295059690119,-7.965016510033,    1.586156972314));
#771 = DIRECTION('',(0.,-0.,1.));
#772 = DIRECTION('',(1.,-8.635486588581E-16,-0.));
#773 = ORIENTED_EDGE('',*,*,#774,.F.);
#774 = EDGE_CURVE('',#775,#766,#777,.T.);
#775 = VERTEX_POINT('',#776);
#776 = CARTESIAN_POINT('',(30.295059690119,-6.965013970028,0.));
#777 = LINE('',#778,#779);
#778 = CARTESIAN_POINT('',(30.295059690119,-6.965013970028,0.));
#779 = VECTOR('',#780,1.);
#780 = DIRECTION('',(0.,0.,1.));
#781 = ORIENTED_EDGE('',*,*,#782,.F.);
#782 = EDGE_CURVE('',#756,#775,#783,.T.);
#783 = CIRCLE('',#784,1.000002540005);
#784 = AXIS2_PLACEMENT_3D('',#785,#786,#787);
#785 = CARTESIAN_POINT('',(30.295059690119,-7.965016510033,0.));
#786 = DIRECTION('',(0.,-0.,1.));
#787 = DIRECTION('',(1.,-8.635486588581E-16,-0.));
#788 = CYLINDRICAL_SURFACE('',#789,1.000002540005);
#789 = AXIS2_PLACEMENT_3D('',#790,#791,#792);
#790 = CARTESIAN_POINT('',(30.295059690119,-7.965016510033,0.));
#791 = DIRECTION('',(-0.,0.,-1.));
#792 = DIRECTION('',(1.,-8.635486588581E-16,-0.));
#793 = ADVANCED_FACE('',(#794),#819,.T.);
#794 = FACE_BOUND('',#795,.T.);
#795 = EDGE_LOOP('',(#796,#797,#805,#813));
#796 = ORIENTED_EDGE('',*,*,#774,.T.);
#797 = ORIENTED_EDGE('',*,*,#798,.T.);
#798 = EDGE_CURVE('',#766,#799,#801,.T.);
#799 = VERTEX_POINT('',#800);
#800 = CARTESIAN_POINT('',(29.295059690119,-6.965013970028,    1.586156972314));
#801 = LINE('',#802,#803);
#802 = CARTESIAN_POINT('',(30.295059690119,-6.965013970028,    1.586156972314));
#803 = VECTOR('',#804,1.);
#804 = DIRECTION('',(-1.,-8.881784197001E-16,0.));
#805 = ORIENTED_EDGE('',*,*,#806,.F.);
#806 = EDGE_CURVE('',#807,#799,#809,.T.);
#807 = VERTEX_POINT('',#808);
#808 = CARTESIAN_POINT('',(29.295059690119,-6.965013970028,0.));
#809 = LINE('',#810,#811);
#810 = CARTESIAN_POINT('',(29.295059690119,-6.965013970028,0.));
#811 = VECTOR('',#812,1.);
#812 = DIRECTION('',(0.,0.,1.));
#813 = ORIENTED_EDGE('',*,*,#814,.F.);
#814 = EDGE_CURVE('',#775,#807,#815,.T.);
#815 = LINE('',#816,#817);
#816 = CARTESIAN_POINT('',(30.295059690119,-6.965013970028,0.));
#817 = VECTOR('',#818,1.);
#818 = DIRECTION('',(-1.,-8.881784197001E-16,0.));
#819 = PLANE('',#820);
#820 = AXIS2_PLACEMENT_3D('',#821,#822,#823);
#821 = CARTESIAN_POINT('',(30.295059690119,-6.965013970028,0.));
#822 = DIRECTION('',(8.881784197001E-16,-1.,0.));
#823 = DIRECTION('',(-1.,-8.881784197001E-16,0.));
#824 = ADVANCED_FACE('',(#825),#852,.F.);
#825 = FACE_BOUND('',#826,.T.);
#826 = EDGE_LOOP('',(#827,#828,#837,#845));
#827 = ORIENTED_EDGE('',*,*,#806,.T.);
#828 = ORIENTED_EDGE('',*,*,#829,.T.);
#829 = EDGE_CURVE('',#799,#830,#832,.T.);
#830 = VERTEX_POINT('',#831);
#831 = CARTESIAN_POINT('',(28.295057150114,-7.965016510033,    1.586156972314));
#832 = CIRCLE('',#833,1.000002540005);
#833 = AXIS2_PLACEMENT_3D('',#834,#835,#836);
#834 = CARTESIAN_POINT('',(29.295059690119,-7.965016510033,    1.586156972314));
#835 = DIRECTION('',(0.,0.,1.));
#836 = DIRECTION('',(-7.850442353255E-17,1.,0.));
#837 = ORIENTED_EDGE('',*,*,#838,.F.);
#838 = EDGE_CURVE('',#839,#830,#841,.T.);
#839 = VERTEX_POINT('',#840);
#840 = CARTESIAN_POINT('',(28.295057150114,-7.965016510033,0.));
#841 = LINE('',#842,#843);
#842 = CARTESIAN_POINT('',(28.295057150114,-7.965016510033,0.));
#843 = VECTOR('',#844,1.);
#844 = DIRECTION('',(0.,0.,1.));
#845 = ORIENTED_EDGE('',*,*,#846,.F.);
#846 = EDGE_CURVE('',#807,#839,#847,.T.);
#847 = CIRCLE('',#848,1.000002540005);
#848 = AXIS2_PLACEMENT_3D('',#849,#850,#851);
#849 = CARTESIAN_POINT('',(29.295059690119,-7.965016510033,0.));
#850 = DIRECTION('',(0.,0.,1.));
#851 = DIRECTION('',(-7.850442353255E-17,1.,0.));
#852 = CYLINDRICAL_SURFACE('',#853,1.000002540005);
#853 = AXIS2_PLACEMENT_3D('',#854,#855,#856);
#854 = CARTESIAN_POINT('',(29.295059690119,-7.965016510033,0.));
#855 = DIRECTION('',(-0.,-0.,-1.));
#856 = DIRECTION('',(-7.850442353255E-17,1.,0.));
#857 = ADVANCED_FACE('',(#858),#883,.T.);
#858 = FACE_BOUND('',#859,.T.);
#859 = EDGE_LOOP('',(#860,#861,#869,#877));
#860 = ORIENTED_EDGE('',*,*,#838,.T.);
#861 = ORIENTED_EDGE('',*,*,#862,.T.);
#862 = EDGE_CURVE('',#830,#863,#865,.T.);
#863 = VERTEX_POINT('',#864);
#864 = CARTESIAN_POINT('',(28.295057150114,-8.165016510033,    1.586156972314));
#865 = LINE('',#866,#867);
#866 = CARTESIAN_POINT('',(28.295057150114,-7.965016510033,    1.586156972314));
#867 = VECTOR('',#868,1.);
#868 = DIRECTION('',(0.,-1.,0.));
#869 = ORIENTED_EDGE('',*,*,#870,.F.);
#870 = EDGE_CURVE('',#871,#863,#873,.T.);
#871 = VERTEX_POINT('',#872);
#872 = CARTESIAN_POINT('',(28.295057150114,-8.165016510033,0.));
#873 = LINE('',#874,#875);
#874 = CARTESIAN_POINT('',(28.295057150114,-8.165016510033,0.));
#875 = VECTOR('',#876,1.);
#876 = DIRECTION('',(0.,0.,1.));
#877 = ORIENTED_EDGE('',*,*,#878,.F.);
#878 = EDGE_CURVE('',#839,#871,#879,.T.);
#879 = LINE('',#880,#881);
#880 = CARTESIAN_POINT('',(28.295057150114,-7.965016510033,0.));
#881 = VECTOR('',#882,1.);
#882 = DIRECTION('',(0.,-1.,0.));
#883 = PLANE('',#884);
#884 = AXIS2_PLACEMENT_3D('',#885,#886,#887);
#885 = CARTESIAN_POINT('',(28.295057150114,-7.965016510033,0.));
#886 = DIRECTION('',(1.,0.,-0.));
#887 = DIRECTION('',(0.,-1.,0.));
#888 = ADVANCED_FACE('',(#889),#916,.F.);
#889 = FACE_BOUND('',#890,.T.);
#890 = EDGE_LOOP('',(#891,#892,#901,#909));
#891 = ORIENTED_EDGE('',*,*,#870,.T.);
#892 = ORIENTED_EDGE('',*,*,#893,.T.);
#893 = EDGE_CURVE('',#863,#894,#896,.T.);
#894 = VERTEX_POINT('',#895);
#895 = CARTESIAN_POINT('',(29.295059690119,-9.165019050038,    1.586156972314));
#896 = CIRCLE('',#897,1.000002540005);
#897 = AXIS2_PLACEMENT_3D('',#898,#899,#900);
#898 = CARTESIAN_POINT('',(29.295059690119,-8.165016510033,    1.586156972314));
#899 = DIRECTION('',(0.,0.,1.));
#900 = DIRECTION('',(-1.,3.925221176628E-16,0.));
#901 = ORIENTED_EDGE('',*,*,#902,.F.);
#902 = EDGE_CURVE('',#903,#894,#905,.T.);
#903 = VERTEX_POINT('',#904);
#904 = CARTESIAN_POINT('',(29.295059690119,-9.165019050038,0.));
#905 = LINE('',#906,#907);
#906 = CARTESIAN_POINT('',(29.295059690119,-9.165019050038,0.));
#907 = VECTOR('',#908,1.);
#908 = DIRECTION('',(0.,0.,1.));
#909 = ORIENTED_EDGE('',*,*,#910,.F.);
#910 = EDGE_CURVE('',#871,#903,#911,.T.);
#911 = CIRCLE('',#912,1.000002540005);
#912 = AXIS2_PLACEMENT_3D('',#913,#914,#915);
#913 = CARTESIAN_POINT('',(29.295059690119,-8.165016510033,0.));
#914 = DIRECTION('',(0.,0.,1.));
#915 = DIRECTION('',(-1.,3.925221176628E-16,0.));
#916 = CYLINDRICAL_SURFACE('',#917,1.000002540005);
#917 = AXIS2_PLACEMENT_3D('',#918,#919,#920);
#918 = CARTESIAN_POINT('',(29.295059690119,-8.165016510033,0.));
#919 = DIRECTION('',(-0.,-0.,-1.));
#920 = DIRECTION('',(-1.,3.925221176628E-16,0.));
#921 = ADVANCED_FACE('',(#922),#947,.T.);
#922 = FACE_BOUND('',#923,.T.);
#923 = EDGE_LOOP('',(#924,#925,#933,#941));
#924 = ORIENTED_EDGE('',*,*,#902,.T.);
#925 = ORIENTED_EDGE('',*,*,#926,.T.);
#926 = EDGE_CURVE('',#894,#927,#929,.T.);
#927 = VERTEX_POINT('',#928);
#928 = CARTESIAN_POINT('',(30.295059690119,-9.165019050038,    1.586156972314));
#929 = LINE('',#930,#931);
#930 = CARTESIAN_POINT('',(29.295059690119,-9.165019050038,    1.586156972314));
#931 = VECTOR('',#932,1.);
#932 = DIRECTION('',(1.,0.,0.));
#933 = ORIENTED_EDGE('',*,*,#934,.F.);
#934 = EDGE_CURVE('',#935,#927,#937,.T.);
#935 = VERTEX_POINT('',#936);
#936 = CARTESIAN_POINT('',(30.295059690119,-9.165019050038,0.));
#937 = LINE('',#938,#939);
#938 = CARTESIAN_POINT('',(30.295059690119,-9.165019050038,0.));
#939 = VECTOR('',#940,1.);
#940 = DIRECTION('',(0.,0.,1.));
#941 = ORIENTED_EDGE('',*,*,#942,.F.);
#942 = EDGE_CURVE('',#903,#935,#943,.T.);
#943 = LINE('',#944,#945);
#944 = CARTESIAN_POINT('',(29.295059690119,-9.165019050038,0.));
#945 = VECTOR('',#946,1.);
#946 = DIRECTION('',(1.,0.,0.));
#947 = PLANE('',#948);
#948 = AXIS2_PLACEMENT_3D('',#949,#950,#951);
#949 = CARTESIAN_POINT('',(29.295059690119,-9.165019050038,0.));
#950 = DIRECTION('',(0.,1.,0.));
#951 = DIRECTION('',(1.,0.,0.));
#952 = ADVANCED_FACE('',(#953),#980,.F.);
#953 = FACE_BOUND('',#954,.T.);
#954 = EDGE_LOOP('',(#955,#956,#965,#973));
#955 = ORIENTED_EDGE('',*,*,#934,.T.);
#956 = ORIENTED_EDGE('',*,*,#957,.T.);
#957 = EDGE_CURVE('',#927,#958,#960,.T.);
#958 = VERTEX_POINT('',#959);
#959 = CARTESIAN_POINT('',(31.295062230124,-8.165016510033,    1.586156972314));
#960 = CIRCLE('',#961,1.000002540005);
#961 = AXIS2_PLACEMENT_3D('',#962,#963,#964);
#962 = CARTESIAN_POINT('',(30.295059690119,-8.165016510033,    1.586156972314));
#963 = DIRECTION('',(0.,0.,1.));
#964 = DIRECTION('',(7.850442353255E-17,-1.,0.));
#965 = ORIENTED_EDGE('',*,*,#966,.F.);
#966 = EDGE_CURVE('',#967,#958,#969,.T.);
#967 = VERTEX_POINT('',#968);
#968 = CARTESIAN_POINT('',(31.295062230124,-8.165016510033,0.));
#969 = LINE('',#970,#971);
#970 = CARTESIAN_POINT('',(31.295062230124,-8.165016510033,0.));
#971 = VECTOR('',#972,1.);
#972 = DIRECTION('',(0.,0.,1.));
#973 = ORIENTED_EDGE('',*,*,#974,.F.);
#974 = EDGE_CURVE('',#935,#967,#975,.T.);
#975 = CIRCLE('',#976,1.000002540005);
#976 = AXIS2_PLACEMENT_3D('',#977,#978,#979);
#977 = CARTESIAN_POINT('',(30.295059690119,-8.165016510033,0.));
#978 = DIRECTION('',(0.,0.,1.));
#979 = DIRECTION('',(7.850442353255E-17,-1.,0.));
#980 = CYLINDRICAL_SURFACE('',#981,1.000002540005);
#981 = AXIS2_PLACEMENT_3D('',#982,#983,#984);
#982 = CARTESIAN_POINT('',(30.295059690119,-8.165016510033,0.));
#983 = DIRECTION('',(-0.,-0.,-1.));
#984 = DIRECTION('',(7.850442353255E-17,-1.,0.));
#985 = ADVANCED_FACE('',(#986),#1002,.T.);
#986 = FACE_BOUND('',#987,.T.);
#987 = EDGE_LOOP('',(#988,#989,#995,#996));
#988 = ORIENTED_EDGE('',*,*,#966,.T.);
#989 = ORIENTED_EDGE('',*,*,#990,.T.);
#990 = EDGE_CURVE('',#958,#758,#991,.T.);
#991 = LINE('',#992,#993);
#992 = CARTESIAN_POINT('',(31.295062230124,-8.165016510033,    1.586156972314));
#993 = VECTOR('',#994,1.);
#994 = DIRECTION('',(0.,1.,0.));
#995 = ORIENTED_EDGE('',*,*,#755,.F.);
#996 = ORIENTED_EDGE('',*,*,#997,.F.);
#997 = EDGE_CURVE('',#967,#756,#998,.T.);
#998 = LINE('',#999,#1000);
#999 = CARTESIAN_POINT('',(31.295062230124,-8.165016510033,0.));
#1000 = VECTOR('',#1001,1.);
#1001 = DIRECTION('',(0.,1.,0.));
#1002 = PLANE('',#1003);
#1003 = AXIS2_PLACEMENT_3D('',#1004,#1005,#1006);
#1004 = CARTESIAN_POINT('',(31.295062230124,-8.165016510033,0.));
#1005 = DIRECTION('',(-1.,0.,0.));
#1006 = DIRECTION('',(0.,1.,0.));
#1007 = ADVANCED_FACE('',(#1008),#1044,.F.);
#1008 = FACE_BOUND('',#1009,.T.);
#1009 = EDGE_LOOP('',(#1010,#1020,#1029,#1037));
#1010 = ORIENTED_EDGE('',*,*,#1011,.T.);
#1011 = EDGE_CURVE('',#1012,#1014,#1016,.T.);
#1012 = VERTEX_POINT('',#1013);
#1013 = CARTESIAN_POINT('',(39.000076200152,-2.50000508001,0.));
#1014 = VERTEX_POINT('',#1015);
#1015 = CARTESIAN_POINT('',(39.000076200152,-2.50000508001,    1.586156972314));
#1016 = LINE('',#1017,#1018);
#1017 = CARTESIAN_POINT('',(39.000076200152,-2.50000508001,0.));
#1018 = VECTOR('',#1019,1.);
#1019 = DIRECTION('',(0.,0.,1.));
#1020 = ORIENTED_EDGE('',*,*,#1021,.T.);
#1021 = EDGE_CURVE('',#1014,#1022,#1024,.T.);
#1022 = VERTEX_POINT('',#1023);
#1023 = CARTESIAN_POINT('',(36.000071120142,-2.50000508001,    1.586156972314));
#1024 = CIRCLE('',#1025,1.500002540005);
#1025 = AXIS2_PLACEMENT_3D('',#1026,#1027,#1028);
#1026 = CARTESIAN_POINT('',(37.500073660147,-2.50000508001,    1.586156972314));
#1027 = DIRECTION('',(0.,0.,1.));
#1028 = DIRECTION('',(1.,1.110223024625E-16,-0.));
#1029 = ORIENTED_EDGE('',*,*,#1030,.F.);
#1030 = EDGE_CURVE('',#1031,#1022,#1033,.T.);
#1031 = VERTEX_POINT('',#1032);
#1032 = CARTESIAN_POINT('',(36.000071120142,-2.50000508001,0.));
#1033 = LINE('',#1034,#1035);
#1034 = CARTESIAN_POINT('',(36.000071120142,-2.50000508001,0.));
#1035 = VECTOR('',#1036,1.);
#1036 = DIRECTION('',(0.,0.,1.));
#1037 = ORIENTED_EDGE('',*,*,#1038,.F.);
#1038 = EDGE_CURVE('',#1012,#1031,#1039,.T.);
#1039 = CIRCLE('',#1040,1.500002540005);
#1040 = AXIS2_PLACEMENT_3D('',#1041,#1042,#1043);
#1041 = CARTESIAN_POINT('',(37.500073660147,-2.50000508001,0.));
#1042 = DIRECTION('',(0.,0.,1.));
#1043 = DIRECTION('',(1.,1.110223024625E-16,-0.));
#1044 = CYLINDRICAL_SURFACE('',#1045,1.500002540005);
#1045 = AXIS2_PLACEMENT_3D('',#1046,#1047,#1048);
#1046 = CARTESIAN_POINT('',(37.500073660147,-2.50000508001,0.));
#1047 = DIRECTION('',(-0.,-0.,-1.));
#1048 = DIRECTION('',(1.,1.110223024625E-16,-0.));
#1049 = ADVANCED_FACE('',(#1050),#1068,.F.);
#1050 = FACE_BOUND('',#1051,.T.);
#1051 = EDGE_LOOP('',(#1052,#1053,#1060,#1061));
#1052 = ORIENTED_EDGE('',*,*,#1030,.T.);
#1053 = ORIENTED_EDGE('',*,*,#1054,.T.);
#1054 = EDGE_CURVE('',#1022,#1014,#1055,.T.);
#1055 = CIRCLE('',#1056,1.500002540005);
#1056 = AXIS2_PLACEMENT_3D('',#1057,#1058,#1059);
#1057 = CARTESIAN_POINT('',(37.500073660147,-2.50000508001,    1.586156972314));
#1058 = DIRECTION('',(0.,0.,1.));
#1059 = DIRECTION('',(-1.,-1.110223024625E-16,0.));
#1060 = ORIENTED_EDGE('',*,*,#1011,.F.);
#1061 = ORIENTED_EDGE('',*,*,#1062,.F.);
#1062 = EDGE_CURVE('',#1031,#1012,#1063,.T.);
#1063 = CIRCLE('',#1064,1.500002540005);
#1064 = AXIS2_PLACEMENT_3D('',#1065,#1066,#1067);
#1065 = CARTESIAN_POINT('',(37.500073660147,-2.50000508001,0.));
#1066 = DIRECTION('',(0.,0.,1.));
#1067 = DIRECTION('',(-1.,-1.110223024625E-16,0.));
#1068 = CYLINDRICAL_SURFACE('',#1069,1.500002540005);
#1069 = AXIS2_PLACEMENT_3D('',#1070,#1071,#1072);
#1070 = CARTESIAN_POINT('',(37.500073660147,-2.50000508001,0.));
#1071 = DIRECTION('',(-0.,-0.,-1.));
#1072 = DIRECTION('',(-1.,-1.110223024625E-16,0.));
#1073 = ADVANCED_FACE('',(#1074),#1110,.F.);
#1074 = FACE_BOUND('',#1075,.T.);
#1075 = EDGE_LOOP('',(#1076,#1086,#1095,#1103));
#1076 = ORIENTED_EDGE('',*,*,#1077,.T.);
#1077 = EDGE_CURVE('',#1078,#1080,#1082,.T.);
#1078 = VERTEX_POINT('',#1079);
#1079 = CARTESIAN_POINT('',(39.000076200152,-37.50007366014,0.));
#1080 = VERTEX_POINT('',#1081);
#1081 = CARTESIAN_POINT('',(39.000076200152,-37.50007366014,    1.586156972314));
#1082 = LINE('',#1083,#1084);
#1083 = CARTESIAN_POINT('',(39.000076200152,-37.50007366014,0.));
#1084 = VECTOR('',#1085,1.);
#1085 = DIRECTION('',(0.,0.,1.));
#1086 = ORIENTED_EDGE('',*,*,#1087,.T.);
#1087 = EDGE_CURVE('',#1080,#1088,#1090,.T.);
#1088 = VERTEX_POINT('',#1089);
#1089 = CARTESIAN_POINT('',(36.000071120142,-37.50007366014,    1.586156972314));
#1090 = CIRCLE('',#1091,1.500002540005);
#1091 = AXIS2_PLACEMENT_3D('',#1092,#1093,#1094);
#1092 = CARTESIAN_POINT('',(37.500073660147,-37.50007366014,    1.586156972314));
#1093 = DIRECTION('',(0.,0.,1.));
#1094 = DIRECTION('',(1.,1.110223024625E-16,-0.));
#1095 = ORIENTED_EDGE('',*,*,#1096,.F.);
#1096 = EDGE_CURVE('',#1097,#1088,#1099,.T.);
#1097 = VERTEX_POINT('',#1098);
#1098 = CARTESIAN_POINT('',(36.000071120142,-37.50007366014,0.));
#1099 = LINE('',#1100,#1101);
#1100 = CARTESIAN_POINT('',(36.000071120142,-37.50007366014,0.));
#1101 = VECTOR('',#1102,1.);
#1102 = DIRECTION('',(0.,0.,1.));
#1103 = ORIENTED_EDGE('',*,*,#1104,.F.);
#1104 = EDGE_CURVE('',#1078,#1097,#1105,.T.);
#1105 = CIRCLE('',#1106,1.500002540005);
#1106 = AXIS2_PLACEMENT_3D('',#1107,#1108,#1109);
#1107 = CARTESIAN_POINT('',(37.500073660147,-37.50007366014,0.));
#1108 = DIRECTION('',(0.,0.,1.));
#1109 = DIRECTION('',(1.,1.110223024625E-16,-0.));
#1110 = CYLINDRICAL_SURFACE('',#1111,1.500002540005);
#1111 = AXIS2_PLACEMENT_3D('',#1112,#1113,#1114);
#1112 = CARTESIAN_POINT('',(37.500073660147,-37.50007366014,0.));
#1113 = DIRECTION('',(-0.,-0.,-1.));
#1114 = DIRECTION('',(1.,1.110223024625E-16,-0.));
#1115 = ADVANCED_FACE('',(#1116),#1134,.F.);
#1116 = FACE_BOUND('',#1117,.T.);
#1117 = EDGE_LOOP('',(#1118,#1119,#1126,#1127));
#1118 = ORIENTED_EDGE('',*,*,#1096,.T.);
#1119 = ORIENTED_EDGE('',*,*,#1120,.T.);
#1120 = EDGE_CURVE('',#1088,#1080,#1121,.T.);
#1121 = CIRCLE('',#1122,1.500002540005);
#1122 = AXIS2_PLACEMENT_3D('',#1123,#1124,#1125);
#1123 = CARTESIAN_POINT('',(37.500073660147,-37.50007366014,    1.586156972314));
#1124 = DIRECTION('',(0.,0.,1.));
#1125 = DIRECTION('',(-1.,-1.110223024625E-16,0.));
#1126 = ORIENTED_EDGE('',*,*,#1077,.F.);
#1127 = ORIENTED_EDGE('',*,*,#1128,.F.);
#1128 = EDGE_CURVE('',#1097,#1078,#1129,.T.);
#1129 = CIRCLE('',#1130,1.500002540005);
#1130 = AXIS2_PLACEMENT_3D('',#1131,#1132,#1133);
#1131 = CARTESIAN_POINT('',(37.500073660147,-37.50007366014,0.));
#1132 = DIRECTION('',(0.,0.,1.));
#1133 = DIRECTION('',(-1.,-1.110223024625E-16,0.));
#1134 = CYLINDRICAL_SURFACE('',#1135,1.500002540005);
#1135 = AXIS2_PLACEMENT_3D('',#1136,#1137,#1138);
#1136 = CARTESIAN_POINT('',(37.500073660147,-37.50007366014,0.));
#1137 = DIRECTION('',(-0.,-0.,-1.));
#1138 = DIRECTION('',(-1.,-1.110223024625E-16,0.));
#1139 = ADVANCED_FACE('',(#1140,#1150,#1154,#1158,#1168,#1178,#1182),  #1186,.T.);
#1140 = FACE_BOUND('',#1141,.T.);
#1141 = EDGE_LOOP('',(#1142,#1143,#1144,#1145,#1146,#1147,#1148,#1149));
#1142 = ORIENTED_EDGE('',*,*,#137,.T.);
#1143 = ORIENTED_EDGE('',*,*,#169,.T.);
#1144 = ORIENTED_EDGE('',*,*,#201,.T.);
#1145 = ORIENTED_EDGE('',*,*,#233,.T.);
#1146 = ORIENTED_EDGE('',*,*,#265,.T.);
#1147 = ORIENTED_EDGE('',*,*,#297,.T.);
#1148 = ORIENTED_EDGE('',*,*,#329,.T.);
#1149 = ORIENTED_EDGE('',*,*,#352,.T.);
#1150 = FACE_BOUND('',#1151,.T.);
#1151 = EDGE_LOOP('',(#1152,#1153));
#1152 = ORIENTED_EDGE('',*,*,#394,.T.);
#1153 = ORIENTED_EDGE('',*,*,#418,.T.);
#1154 = FACE_BOUND('',#1155,.T.);
#1155 = EDGE_LOOP('',(#1156,#1157));
#1156 = ORIENTED_EDGE('',*,*,#460,.T.);
#1157 = ORIENTED_EDGE('',*,*,#484,.T.);
#1158 = FACE_BOUND('',#1159,.T.);
#1159 = EDGE_LOOP('',(#1160,#1161,#1162,#1163,#1164,#1165,#1166,#1167));
#1160 = ORIENTED_EDGE('',*,*,#526,.T.);
#1161 = ORIENTED_EDGE('',*,*,#558,.T.);
#1162 = ORIENTED_EDGE('',*,*,#590,.T.);
#1163 = ORIENTED_EDGE('',*,*,#622,.T.);
#1164 = ORIENTED_EDGE('',*,*,#654,.T.);
#1165 = ORIENTED_EDGE('',*,*,#686,.T.);
#1166 = ORIENTED_EDGE('',*,*,#718,.T.);
#1167 = ORIENTED_EDGE('',*,*,#741,.T.);
#1168 = FACE_BOUND('',#1169,.T.);
#1169 = EDGE_LOOP('',(#1170,#1171,#1172,#1173,#1174,#1175,#1176,#1177));
#1170 = ORIENTED_EDGE('',*,*,#782,.T.);
#1171 = ORIENTED_EDGE('',*,*,#814,.T.);
#1172 = ORIENTED_EDGE('',*,*,#846,.T.);
#1173 = ORIENTED_EDGE('',*,*,#878,.T.);
#1174 = ORIENTED_EDGE('',*,*,#910,.T.);
#1175 = ORIENTED_EDGE('',*,*,#942,.T.);
#1176 = ORIENTED_EDGE('',*,*,#974,.T.);
#1177 = ORIENTED_EDGE('',*,*,#997,.T.);
#1178 = FACE_BOUND('',#1179,.T.);
#1179 = EDGE_LOOP('',(#1180,#1181));
#1180 = ORIENTED_EDGE('',*,*,#1038,.T.);
#1181 = ORIENTED_EDGE('',*,*,#1062,.T.);
#1182 = FACE_BOUND('',#1183,.T.);
#1183 = EDGE_LOOP('',(#1184,#1185));
#1184 = ORIENTED_EDGE('',*,*,#1104,.T.);
#1185 = ORIENTED_EDGE('',*,*,#1128,.T.);
#1186 = PLANE('',#1187);
#1187 = AXIS2_PLACEMENT_3D('',#1188,#1189,#1190);
#1188 = CARTESIAN_POINT('',(20.000039370079,-20.00003937007,0.));
#1189 = DIRECTION('',(-0.,-0.,-1.));
#1190 = DIRECTION('',(-1.,0.,0.));
#1191 = ADVANCED_FACE('',(#1192,#1202,#1206,#1210,#1220,#1230,#1234),  #1238,.F.);
#1192 = FACE_BOUND('',#1193,.F.);
#1193 = EDGE_LOOP('',(#1194,#1195,#1196,#1197,#1198,#1199,#1200,#1201));
#1194 = ORIENTED_EDGE('',*,*,#121,.T.);
#1195 = ORIENTED_EDGE('',*,*,#152,.T.);
#1196 = ORIENTED_EDGE('',*,*,#185,.T.);
#1197 = ORIENTED_EDGE('',*,*,#216,.T.);
#1198 = ORIENTED_EDGE('',*,*,#249,.T.);
#1199 = ORIENTED_EDGE('',*,*,#280,.T.);
#1200 = ORIENTED_EDGE('',*,*,#313,.T.);
#1201 = ORIENTED_EDGE('',*,*,#344,.T.);
#1202 = FACE_BOUND('',#1203,.F.);
#1203 = EDGE_LOOP('',(#1204,#1205));
#1204 = ORIENTED_EDGE('',*,*,#377,.T.);
#1205 = ORIENTED_EDGE('',*,*,#410,.T.);
#1206 = FACE_BOUND('',#1207,.F.);
#1207 = EDGE_LOOP('',(#1208,#1209));
#1208 = ORIENTED_EDGE('',*,*,#443,.T.);
#1209 = ORIENTED_EDGE('',*,*,#476,.T.);
#1210 = FACE_BOUND('',#1211,.F.);
#1211 = EDGE_LOOP('',(#1212,#1213,#1214,#1215,#1216,#1217,#1218,#1219));
#1212 = ORIENTED_EDGE('',*,*,#509,.T.);
#1213 = ORIENTED_EDGE('',*,*,#542,.T.);
#1214 = ORIENTED_EDGE('',*,*,#573,.T.);
#1215 = ORIENTED_EDGE('',*,*,#606,.T.);
#1216 = ORIENTED_EDGE('',*,*,#637,.T.);
#1217 = ORIENTED_EDGE('',*,*,#670,.T.);
#1218 = ORIENTED_EDGE('',*,*,#701,.T.);
#1219 = ORIENTED_EDGE('',*,*,#734,.T.);
#1220 = FACE_BOUND('',#1221,.F.);
#1221 = EDGE_LOOP('',(#1222,#1223,#1224,#1225,#1226,#1227,#1228,#1229));
#1222 = ORIENTED_EDGE('',*,*,#765,.T.);
#1223 = ORIENTED_EDGE('',*,*,#798,.T.);
#1224 = ORIENTED_EDGE('',*,*,#829,.T.);
#1225 = ORIENTED_EDGE('',*,*,#862,.T.);
#1226 = ORIENTED_EDGE('',*,*,#893,.T.);
#1227 = ORIENTED_EDGE('',*,*,#926,.T.);
#1228 = ORIENTED_EDGE('',*,*,#957,.T.);
#1229 = ORIENTED_EDGE('',*,*,#990,.T.);
#1230 = FACE_BOUND('',#1231,.F.);
#1231 = EDGE_LOOP('',(#1232,#1233));
#1232 = ORIENTED_EDGE('',*,*,#1021,.T.);
#1233 = ORIENTED_EDGE('',*,*,#1054,.T.);
#1234 = FACE_BOUND('',#1235,.F.);
#1235 = EDGE_LOOP('',(#1236,#1237));
#1236 = ORIENTED_EDGE('',*,*,#1087,.T.);
#1237 = ORIENTED_EDGE('',*,*,#1120,.T.);
#1238 = PLANE('',#1239);
#1239 = AXIS2_PLACEMENT_3D('',#1240,#1241,#1242);
#1240 = CARTESIAN_POINT('',(20.000039370079,-20.00003937007,    1.586156972314));
#1241 = DIRECTION('',(-0.,-0.,-1.));
#1242 = DIRECTION('',(-1.,0.,0.));
#1243 = ( GEOMETRIC_REPRESENTATION_CONTEXT(3) GLOBAL_UNCERTAINTY_ASSIGNED_CONTEXT((#1247)) GLOBAL_UNIT_ASSIGNED_CONTEXT((#1244,#1245,#1246)) REPRESENTATION_CONTEXT('Context #1','3D Context with UNIT and UNCERTAINTY') );
#1244 = ( LENGTH_UNIT() NAMED_UNIT(*) SI_UNIT(.MILLI.,.METRE.) );
#1245 = ( NAMED_UNIT(*) PLANE_ANGLE_UNIT() SI_UNIT($,.RADIAN.) );
#1246 = ( NAMED_UNIT(*) SI_UNIT($,.STERADIAN.) SOLID_ANGLE_UNIT() );
#1247 = UNCERTAINTY_MEASURE_WITH_UNIT(LENGTH_MEASURE(1.E-07),#1244,  'distance_accuracy_value','confusion accuracy');
#1248 = CONTEXT_DEPENDENT_SHAPE_REPRESENTATION(#1249,#1251);
#1249 = ( REPRESENTATION_RELATIONSHIP('','',#104,#10) REPRESENTATION_RELATIONSHIP_WITH_TRANSFORMATION(#1250) SHAPE_REPRESENTATION_RELATIONSHIP() );
#1250 = ITEM_DEFINED_TRANSFORMATION('','',#11,#15);
#1251 = PRODUCT_DEFINITION_SHAPE('Placement','Placement of an item',  #1252);
#1252 = NEXT_ASSEMBLY_USAGE_OCCURRENCE('1','=>[0:1:1:2]','',#5,#99,$);
#1253 = PRODUCT_RELATED_PRODUCT_CATEGORY('part',$,(#101));
#1254 = SHAPE_DEFINITION_REPRESENTATION(#1255,#1261);
#1255 = PRODUCT_DEFINITION_SHAPE('','',#1256);
#1256 = PRODUCT_DEFINITION('design','',#1257,#1260);
#1257 = PRODUCT_DEFINITION_FORMATION('','',#1258);
#1258 = PRODUCT('TopCopper~CMJN','TopCopper~CMJN','',(#1259));
#1259 = PRODUCT_CONTEXT('',#2,'mechanical');
#1260 = PRODUCT_DEFINITION_CONTEXT('part definition',#2,'design');
#1261 = SHAPE_REPRESENTATION('',(#11),#1262);
#1262 = ( GEOMETRIC_REPRESENTATION_CONTEXT(3) GLOBAL_UNCERTAINTY_ASSIGNED_CONTEXT((#1266)) GLOBAL_UNIT_ASSIGNED_CONTEXT((#1263,#1264,#1265)) REPRESENTATION_CONTEXT('Context #1','3D Context with UNIT and UNCERTAINTY') );
#1263 = ( LENGTH_UNIT() NAMED_UNIT(*) SI_UNIT(.MILLI.,.METRE.) );
#1264 = ( NAMED_UNIT(*) PLANE_ANGLE_UNIT() SI_UNIT($,.RADIAN.) );
#1265 = ( NAMED_UNIT(*) SI_UNIT($,.STERADIAN.) SOLID_ANGLE_UNIT() );
#1266 = UNCERTAINTY_MEASURE_WITH_UNIT(LENGTH_MEASURE(1.E-07),#1263,  'distance_accuracy_value','confusion accuracy');
#1267 = CONTEXT_DEPENDENT_SHAPE_REPRESENTATION(#1268,#1270);
#1268 = ( REPRESENTATION_RELATIONSHIP('','',#1261,#10) REPRESENTATION_RELATIONSHIP_WITH_TRANSFORMATION(#1269) SHAPE_REPRESENTATION_RELATIONSHIP() );
#1269 = ITEM_DEFINED_TRANSFORMATION('','',#11,#19);
#1270 = PRODUCT_DEFINITION_SHAPE('Placement','Placement of an item',  #1271);
#1271 = NEXT_ASSEMBLY_USAGE_OCCURRENCE('2','=>[0:1:1:3]','',#5,#1256,$);
#1272 = PRODUCT_RELATED_PRODUCT_CATEGORY('part',$,(#1258));
#1273 = SHAPE_DEFINITION_REPRESENTATION(#1274,#1280);
#1274 = PRODUCT_DEFINITION_SHAPE('','',#1275);
#1275 = PRODUCT_DEFINITION('design','',#1276,#1279);
#1276 = PRODUCT_DEFINITION_FORMATION('','',#1277);
#1277 = PRODUCT('BottomCopper~CMJN','BottomCopper~CMJN','',(#1278));
#1278 = PRODUCT_CONTEXT('',#2,'mechanical');
#1279 = PRODUCT_DEFINITION_CONTEXT('part definition',#2,'design');
#1280 = SHAPE_REPRESENTATION('',(#11),#1281);
#1281 = ( GEOMETRIC_REPRESENTATION_CONTEXT(3) GLOBAL_UNCERTAINTY_ASSIGNED_CONTEXT((#1285)) GLOBAL_UNIT_ASSIGNED_CONTEXT((#1282,#1283,#1284)) REPRESENTATION_CONTEXT('Context #1','3D Context with UNIT and UNCERTAINTY') );
#1282 = ( LENGTH_UNIT() NAMED_UNIT(*) SI_UNIT(.MILLI.,.METRE.) );
#1283 = ( NAMED_UNIT(*) PLANE_ANGLE_UNIT() SI_UNIT($,.RADIAN.) );
#1284 = ( NAMED_UNIT(*) SI_UNIT($,.STERADIAN.) SOLID_ANGLE_UNIT() );
#1285 = UNCERTAINTY_MEASURE_WITH_UNIT(LENGTH_MEASURE(1.E-07),#1282,  'distance_accuracy_value','confusion accuracy');
#1286 = CONTEXT_DEPENDENT_SHAPE_REPRESENTATION(#1287,#1289);
#1287 = ( REPRESENTATION_RELATIONSHIP('','',#1280,#10) REPRESENTATION_RELATIONSHIP_WITH_TRANSFORMATION(#1288) SHAPE_REPRESENTATION_RELATIONSHIP() );
#1288 = ITEM_DEFINED_TRANSFORMATION('','',#11,#23);
#1289 = PRODUCT_DEFINITION_SHAPE('Placement','Placement of an item',  #1290);
#1290 = NEXT_ASSEMBLY_USAGE_OCCURRENCE('3','=>[0:1:1:4]','',#5,#1275,$);
#1291 = PRODUCT_RELATED_PRODUCT_CATEGORY('part',$,(#1277));
#1292 = SHAPE_DEFINITION_REPRESENTATION(#1293,#1299);
#1293 = PRODUCT_DEFINITION_SHAPE('','',#1294);
#1294 = PRODUCT_DEFINITION('design','',#1295,#1298);
#1295 = PRODUCT_DEFINITION_FORMATION('','',#1296);
#1296 = PRODUCT('TopFpcStiffener~CMJN','TopFpcStiffener~CMJN','',(#1297)  );
#1297 = PRODUCT_CONTEXT('',#2,'mechanical');
#1298 = PRODUCT_DEFINITION_CONTEXT('part definition',#2,'design');
#1299 = SHAPE_REPRESENTATION('',(#11),#1300);
#1300 = ( GEOMETRIC_REPRESENTATION_CONTEXT(3) GLOBAL_UNCERTAINTY_ASSIGNED_CONTEXT((#1304)) GLOBAL_UNIT_ASSIGNED_CONTEXT((#1301,#1302,#1303)) REPRESENTATION_CONTEXT('Context #1','3D Context with UNIT and UNCERTAINTY') );
#1301 = ( LENGTH_UNIT() NAMED_UNIT(*) SI_UNIT(.MILLI.,.METRE.) );
#1302 = ( NAMED_UNIT(*) PLANE_ANGLE_UNIT() SI_UNIT($,.RADIAN.) );
#1303 = ( NAMED_UNIT(*) SI_UNIT($,.STERADIAN.) SOLID_ANGLE_UNIT() );
#1304 = UNCERTAINTY_MEASURE_WITH_UNIT(LENGTH_MEASURE(1.E-07),#1301,  'distance_accuracy_value','confusion accuracy');
#1305 = CONTEXT_DEPENDENT_SHAPE_REPRESENTATION(#1306,#1308);
#1306 = ( REPRESENTATION_RELATIONSHIP('','',#1299,#10) REPRESENTATION_RELATIONSHIP_WITH_TRANSFORMATION(#1307) SHAPE_REPRESENTATION_RELATIONSHIP() );
#1307 = ITEM_DEFINED_TRANSFORMATION('','',#11,#27);
#1308 = PRODUCT_DEFINITION_SHAPE('Placement','Placement of an item',  #1309);
#1309 = NEXT_ASSEMBLY_USAGE_OCCURRENCE('4','=>[0:1:1:5]','',#5,#1294,$);
#1310 = PRODUCT_RELATED_PRODUCT_CATEGORY('part',$,(#1296));
#1311 = SHAPE_DEFINITION_REPRESENTATION(#1312,#1318);
#1312 = PRODUCT_DEFINITION_SHAPE('','',#1313);
#1313 = PRODUCT_DEFINITION('design','',#1314,#1317);
#1314 = PRODUCT_DEFINITION_FORMATION('','',#1315);
#1315 = PRODUCT('BottomFpcStiffener~CMJN','BottomFpcStiffener~CMJN','',(    #1316));
#1316 = PRODUCT_CONTEXT('',#2,'mechanical');
#1317 = PRODUCT_DEFINITION_CONTEXT('part definition',#2,'design');
#1318 = SHAPE_REPRESENTATION('',(#11),#1319);
#1319 = ( GEOMETRIC_REPRESENTATION_CONTEXT(3) GLOBAL_UNCERTAINTY_ASSIGNED_CONTEXT((#1323)) GLOBAL_UNIT_ASSIGNED_CONTEXT((#1320,#1321,#1322)) REPRESENTATION_CONTEXT('Context #1','3D Context with UNIT and UNCERTAINTY') );
#1320 = ( LENGTH_UNIT() NAMED_UNIT(*) SI_UNIT(.MILLI.,.METRE.) );
#1321 = ( NAMED_UNIT(*) PLANE_ANGLE_UNIT() SI_UNIT($,.RADIAN.) );
#1322 = ( NAMED_UNIT(*) SI_UNIT($,.STERADIAN.) SOLID_ANGLE_UNIT() );
#1323 = UNCERTAINTY_MEASURE_WITH_UNIT(LENGTH_MEASURE(1.E-07),#1320,  'distance_accuracy_value','confusion accuracy');
#1324 = CONTEXT_DEPENDENT_SHAPE_REPRESENTATION(#1325,#1327);
#1325 = ( REPRESENTATION_RELATIONSHIP('','',#1318,#10) REPRESENTATION_RELATIONSHIP_WITH_TRANSFORMATION(#1326) SHAPE_REPRESENTATION_RELATIONSHIP() );
#1326 = ITEM_DEFINED_TRANSFORMATION('','',#11,#31);
#1327 = PRODUCT_DEFINITION_SHAPE('Placement','Placement of an item',  #1328);
#1328 = NEXT_ASSEMBLY_USAGE_OCCURRENCE('5','=>[0:1:1:6]','',#5,#1313,$);
#1329 = PRODUCT_RELATED_PRODUCT_CATEGORY('part',$,(#1315));
#1330 = SHAPE_DEFINITION_REPRESENTATION(#1331,#1337);
#1331 = PRODUCT_DEFINITION_SHAPE('','',#1332);
#1332 = PRODUCT_DEFINITION('design','',#1333,#1336);
#1333 = PRODUCT_DEFINITION_FORMATION('','',#1334);
#1334 = PRODUCT('C1~C0603~C0603_L1.6-W0.8-H0.8~CMJN',  'C1~C0603~C0603_L1.6-W0.8-H0.8~CMJN','',(#1335));
#1335 = PRODUCT_CONTEXT('',#2,'mechanical');
#1336 = PRODUCT_DEFINITION_CONTEXT('part definition',#2,'design');
#1337 = SHAPE_REPRESENTATION('',(#11,#1338),#1342);
#1338 = AXIS2_PLACEMENT_3D('',#1339,#1340,#1341);
#1339 = CARTESIAN_POINT('',(0.,0.,0.));
#1340 = DIRECTION('',(0.,0.,1.));
#1341 = DIRECTION('',(1.,0.,-0.));
#1342 = ( GEOMETRIC_REPRESENTATION_CONTEXT(3) GLOBAL_UNCERTAINTY_ASSIGNED_CONTEXT((#1346)) GLOBAL_UNIT_ASSIGNED_CONTEXT((#1343,#1344,#1345)) REPRESENTATION_CONTEXT('Context #1','3D Context with UNIT and UNCERTAINTY') );
#1343 = ( LENGTH_UNIT() NAMED_UNIT(*) SI_UNIT(.MILLI.,.METRE.) );
#1344 = ( NAMED_UNIT(*) PLANE_ANGLE_UNIT() SI_UNIT($,.RADIAN.) );
#1345 = ( NAMED_UNIT(*) SI_UNIT($,.STERADIAN.) SOLID_ANGLE_UNIT() );
#1346 = UNCERTAINTY_MEASURE_WITH_UNIT(LENGTH_MEASURE(2.E-07),#1343,  'distance_accuracy_value','confusion accuracy');
#1347 = CONTEXT_DEPENDENT_SHAPE_REPRESENTATION(#1348,#1350);
#1348 = ( REPRESENTATION_RELATIONSHIP('','',#1337,#10) REPRESENTATION_RELATIONSHIP_WITH_TRANSFORMATION(#1349) SHAPE_REPRESENTATION_RELATIONSHIP() );
#1349 = ITEM_DEFINED_TRANSFORMATION('','',#11,#35);
#1350 = PRODUCT_DEFINITION_SHAPE('Placement','Placement of an item',  #1351);
#1351 = NEXT_ASSEMBLY_USAGE_OCCURRENCE('7','=>[0:1:1:8]','',#5,#1332,$);
#1352 = PRODUCT_RELATED_PRODUCT_CATEGORY('part',$,(#1334));
#1353 = SHAPE_DEFINITION_REPRESENTATION(#1354,#1360);
#1354 = PRODUCT_DEFINITION_SHAPE('','',#1355);
#1355 = PRODUCT_DEFINITION('design','',#1356,#1359);
#1356 = PRODUCT_DEFINITION_FORMATION('','',#1357);
#1357 = PRODUCT('C0603~C0603_L1.6-W0.8-H0.8~CMJN',  'C0603~C0603_L1.6-W0.8-H0.8~CMJN','',(#1358));
#1358 = PRODUCT_CONTEXT('',#2,'mechanical');
#1359 = PRODUCT_DEFINITION_CONTEXT('part definition',#2,'design');
#1360 = ADVANCED_BREP_SHAPE_REPRESENTATION('',(#11,#1361),#1499);
#1361 = MANIFOLD_SOLID_BREP('',#1362);
#1362 = CLOSED_SHELL('',(#1363,#1399,#1435,#1455,#1475,#1487));
#1363 = ADVANCED_FACE('',(#1364),#1394,.F.);
#1364 = FACE_BOUND('',#1365,.F.);
#1365 = EDGE_LOOP('',(#1366,#1375,#1382,#1389));
#1366 = ORIENTED_EDGE('',*,*,#1367,.F.);
#1367 = EDGE_CURVE('',#1368,#1370,#1372,.T.);
#1368 = VERTEX_POINT('',#1369);
#1369 = CARTESIAN_POINT('',(-0.8,-0.4,0.));
#1370 = VERTEX_POINT('',#1371);
#1371 = CARTESIAN_POINT('',(-0.8,-0.4,0.762001524003));
#1372 = B_SPLINE_CURVE_WITH_KNOTS('',1,(#1373,#1374),.UNSPECIFIED.,.F.,  .F.,(2,2),(0.,0.762001524003),.PIECEWISE_BEZIER_KNOTS.);
#1373 = CARTESIAN_POINT('',(-0.8,-0.4,0.));
#1374 = CARTESIAN_POINT('',(-0.8,-0.4,0.762001524003));
#1375 = ORIENTED_EDGE('',*,*,#1376,.T.);
#1376 = EDGE_CURVE('',#1368,#1377,#1379,.T.);
#1377 = VERTEX_POINT('',#1378);
#1378 = CARTESIAN_POINT('',(-0.8,0.4,0.));
#1379 = B_SPLINE_CURVE_WITH_KNOTS('',1,(#1380,#1381),.UNSPECIFIED.,.F.,  .F.,(2,2),(0.,0.762001524003),.PIECEWISE_BEZIER_KNOTS.);
#1380 = CARTESIAN_POINT('',(-0.8,-0.4,0.));
#1381 = CARTESIAN_POINT('',(-0.8,0.4,0.));
#1382 = ORIENTED_EDGE('',*,*,#1383,.T.);
#1383 = EDGE_CURVE('',#1377,#1384,#1386,.T.);
#1384 = VERTEX_POINT('',#1385);
#1385 = CARTESIAN_POINT('',(-0.8,0.4,0.762001524003));
#1386 = B_SPLINE_CURVE_WITH_KNOTS('',1,(#1387,#1388),.UNSPECIFIED.,.F.,  .F.,(2,2),(0.,0.762001524003),.PIECEWISE_BEZIER_KNOTS.);
#1387 = CARTESIAN_POINT('',(-0.8,0.4,0.));
#1388 = CARTESIAN_POINT('',(-0.8,0.4,0.762001524003));
#1389 = ORIENTED_EDGE('',*,*,#1390,.F.);
#1390 = EDGE_CURVE('',#1370,#1384,#1391,.T.);
#1391 = B_SPLINE_CURVE_WITH_KNOTS('',1,(#1392,#1393),.UNSPECIFIED.,.F.,  .F.,(2,2),(0.,0.762001524003),.PIECEWISE_BEZIER_KNOTS.);
#1392 = CARTESIAN_POINT('',(-0.8,-0.4,0.762001524003));
#1393 = CARTESIAN_POINT('',(-0.8,0.4,0.762001524003));
#1394 = B_SPLINE_SURFACE_WITH_KNOTS('',1,1,(    (#1395,#1396)    ,(#1397,#1398    )),.UNSPECIFIED.,.F.,.F.,.F.,(2,2),(2,2),(0.,0.762001524003),(    -0.762001524003,0.),.PIECEWISE_BEZIER_KNOTS.);
#1395 = CARTESIAN_POINT('',(-0.8,0.4,0.));
#1396 = CARTESIAN_POINT('',(-0.8,-0.4,0.));
#1397 = CARTESIAN_POINT('',(-0.8,0.4,0.762001524003));
#1398 = CARTESIAN_POINT('',(-0.8,-0.4,0.762001524003));
#1399 = ADVANCED_FACE('',(#1400),#1430,.T.);
#1400 = FACE_BOUND('',#1401,.T.);
#1401 = EDGE_LOOP('',(#1402,#1411,#1418,#1425));
#1402 = ORIENTED_EDGE('',*,*,#1403,.F.);
#1403 = EDGE_CURVE('',#1404,#1406,#1408,.T.);
#1404 = VERTEX_POINT('',#1405);
#1405 = CARTESIAN_POINT('',(0.8,-0.4,0.));
#1406 = VERTEX_POINT('',#1407);
#1407 = CARTESIAN_POINT('',(0.8,-0.4,0.762001524003));
#1408 = B_SPLINE_CURVE_WITH_KNOTS('',1,(#1409,#1410),.UNSPECIFIED.,.F.,  .F.,(2,2),(0.,0.762001524003),.PIECEWISE_BEZIER_KNOTS.);
#1409 = CARTESIAN_POINT('',(0.8,-0.4,0.));
#1410 = CARTESIAN_POINT('',(0.8,-0.4,0.762001524003));
#1411 = ORIENTED_EDGE('',*,*,#1412,.T.);
#1412 = EDGE_CURVE('',#1404,#1413,#1415,.T.);
#1413 = VERTEX_POINT('',#1414);
#1414 = CARTESIAN_POINT('',(0.8,0.4,0.));
#1415 = B_SPLINE_CURVE_WITH_KNOTS('',1,(#1416,#1417),.UNSPECIFIED.,.F.,  .F.,(2,2),(0.,0.762001524003),.PIECEWISE_BEZIER_KNOTS.);
#1416 = CARTESIAN_POINT('',(0.8,-0.4,0.));
#1417 = CARTESIAN_POINT('',(0.8,0.4,0.));
#1418 = ORIENTED_EDGE('',*,*,#1419,.T.);
#1419 = EDGE_CURVE('',#1413,#1420,#1422,.T.);
#1420 = VERTEX_POINT('',#1421);
#1421 = CARTESIAN_POINT('',(0.8,0.4,0.762001524003));
#1422 = B_SPLINE_CURVE_WITH_KNOTS('',1,(#1423,#1424),.UNSPECIFIED.,.F.,  .F.,(2,2),(0.,0.762001524003),.PIECEWISE_BEZIER_KNOTS.);
#1423 = CARTESIAN_POINT('',(0.8,0.4,0.));
#1424 = CARTESIAN_POINT('',(0.8,0.4,0.762001524003));
#1425 = ORIENTED_EDGE('',*,*,#1426,.F.);
#1426 = EDGE_CURVE('',#1406,#1420,#1427,.T.);
#1427 = B_SPLINE_CURVE_WITH_KNOTS('',1,(#1428,#1429),.UNSPECIFIED.,.F.,  .F.,(2,2),(0.,0.762001524003),.PIECEWISE_BEZIER_KNOTS.);
#1428 = CARTESIAN_POINT('',(0.8,-0.4,0.762001524003));
#1429 = CARTESIAN_POINT('',(0.8,0.4,0.762001524003));
#1430 = B_SPLINE_SURFACE_WITH_KNOTS('',1,1,(    (#1431,#1432)    ,(#1433,#1434    )),.UNSPECIFIED.,.F.,.F.,.F.,(2,2),(2,2),(0.,0.762001524003),(    -0.762001524003,0.),.PIECEWISE_BEZIER_KNOTS.);
#1431 = CARTESIAN_POINT('',(0.8,0.4,0.));
#1432 = CARTESIAN_POINT('',(0.8,-0.4,0.));
#1433 = CARTESIAN_POINT('',(0.8,0.4,0.762001524003));
#1434 = CARTESIAN_POINT('',(0.8,-0.4,0.762001524003));
#1435 = ADVANCED_FACE('',(#1436),#1450,.F.);
#1436 = FACE_BOUND('',#1437,.F.);
#1437 = EDGE_LOOP('',(#1438,#1443,#1444,#1449));
#1438 = ORIENTED_EDGE('',*,*,#1439,.F.);
#1439 = EDGE_CURVE('',#1368,#1404,#1440,.T.);
#1440 = B_SPLINE_CURVE_WITH_KNOTS('',1,(#1441,#1442),.UNSPECIFIED.,.F.,  .F.,(2,2),(0.,0.762001524003),.PIECEWISE_BEZIER_KNOTS.);
#1441 = CARTESIAN_POINT('',(-0.8,-0.4,0.));
#1442 = CARTESIAN_POINT('',(0.8,-0.4,0.));
#1443 = ORIENTED_EDGE('',*,*,#1367,.T.);
#1444 = ORIENTED_EDGE('',*,*,#1445,.T.);
#1445 = EDGE_CURVE('',#1370,#1406,#1446,.T.);
#1446 = B_SPLINE_CURVE_WITH_KNOTS('',1,(#1447,#1448),.UNSPECIFIED.,.F.,  .F.,(2,2),(0.,0.762001524003),.PIECEWISE_BEZIER_KNOTS.);
#1447 = CARTESIAN_POINT('',(-0.8,-0.4,0.762001524003));
#1448 = CARTESIAN_POINT('',(0.8,-0.4,0.762001524003));
#1449 = ORIENTED_EDGE('',*,*,#1403,.F.);
#1450 = B_SPLINE_SURFACE_WITH_KNOTS('',1,1,(    (#1451,#1452)    ,(#1453,#1454    )),.UNSPECIFIED.,.F.,.F.,.F.,(2,2),(2,2),(0.,0.762001524003),(0.,    0.762001524003),.PIECEWISE_BEZIER_KNOTS.);
#1451 = CARTESIAN_POINT('',(-0.8,-0.4,0.));
#1452 = CARTESIAN_POINT('',(0.8,-0.4,0.));
#1453 = CARTESIAN_POINT('',(-0.8,-0.4,0.762001524003));
#1454 = CARTESIAN_POINT('',(0.8,-0.4,0.762001524003));
#1455 = ADVANCED_FACE('',(#1456),#1470,.T.);
#1456 = FACE_BOUND('',#1457,.T.);
#1457 = EDGE_LOOP('',(#1458,#1463,#1464,#1469));
#1458 = ORIENTED_EDGE('',*,*,#1459,.F.);
#1459 = EDGE_CURVE('',#1377,#1413,#1460,.T.);
#1460 = B_SPLINE_CURVE_WITH_KNOTS('',1,(#1461,#1462),.UNSPECIFIED.,.F.,  .F.,(2,2),(0.,0.762001524003),.PIECEWISE_BEZIER_KNOTS.);
#1461 = CARTESIAN_POINT('',(-0.8,0.4,0.));
#1462 = CARTESIAN_POINT('',(0.8,0.4,0.));
#1463 = ORIENTED_EDGE('',*,*,#1383,.T.);
#1464 = ORIENTED_EDGE('',*,*,#1465,.T.);
#1465 = EDGE_CURVE('',#1384,#1420,#1466,.T.);
#1466 = B_SPLINE_CURVE_WITH_KNOTS('',1,(#1467,#1468),.UNSPECIFIED.,.F.,  .F.,(2,2),(0.,0.762001524003),.PIECEWISE_BEZIER_KNOTS.);
#1467 = CARTESIAN_POINT('',(-0.8,0.4,0.762001524003));
#1468 = CARTESIAN_POINT('',(0.8,0.4,0.762001524003));
#1469 = ORIENTED_EDGE('',*,*,#1419,.F.);
#1470 = B_SPLINE_SURFACE_WITH_KNOTS('',1,1,(    (#1471,#1472)    ,(#1473,#1474    )),.UNSPECIFIED.,.F.,.F.,.F.,(2,2),(2,2),(0.,0.762001524003),(0.,    0.762001524003),.PIECEWISE_BEZIER_KNOTS.);
#1471 = CARTESIAN_POINT('',(-0.8,0.4,0.));
#1472 = CARTESIAN_POINT('',(0.8,0.4,0.));
#1473 = CARTESIAN_POINT('',(-0.8,0.4,0.762001524003));
#1474 = CARTESIAN_POINT('',(0.8,0.4,0.762001524003));
#1475 = ADVANCED_FACE('',(#1476),#1482,.F.);
#1476 = FACE_BOUND('',#1477,.F.);
#1477 = EDGE_LOOP('',(#1478,#1479,#1480,#1481));
#1478 = ORIENTED_EDGE('',*,*,#1376,.F.);
#1479 = ORIENTED_EDGE('',*,*,#1439,.T.);
#1480 = ORIENTED_EDGE('',*,*,#1412,.T.);
#1481 = ORIENTED_EDGE('',*,*,#1459,.F.);
#1482 = B_SPLINE_SURFACE_WITH_KNOTS('',1,1,(    (#1483,#1484)    ,(#1485,#1486    )),.UNSPECIFIED.,.F.,.F.,.F.,(2,2),(2,2),(0.,0.762001524003),(0.,    0.762001524003),.PIECEWISE_BEZIER_KNOTS.);
#1483 = CARTESIAN_POINT('',(-0.8,-0.4,0.));
#1484 = CARTESIAN_POINT('',(-0.8,0.4,0.));
#1485 = CARTESIAN_POINT('',(0.8,-0.4,0.));
#1486 = CARTESIAN_POINT('',(0.8,0.4,0.));
#1487 = ADVANCED_FACE('',(#1488),#1494,.T.);
#1488 = FACE_BOUND('',#1489,.T.);
#1489 = EDGE_LOOP('',(#1490,#1491,#1492,#1493));
#1490 = ORIENTED_EDGE('',*,*,#1390,.F.);
#1491 = ORIENTED_EDGE('',*,*,#1445,.T.);
#1492 = ORIENTED_EDGE('',*,*,#1426,.T.);
#1493 = ORIENTED_EDGE('',*,*,#1465,.F.);
#1494 = B_SPLINE_SURFACE_WITH_KNOTS('',1,1,(    (#1495,#1496)    ,(#1497,#1498    )),.UNSPECIFIED.,.F.,.F.,.F.,(2,2),(2,2),(0.,0.762001524003),(0.,    0.762001524003),.PIECEWISE_BEZIER_KNOTS.);
#1495 = CARTESIAN_POINT('',(-0.8,-0.4,0.762001524003));
#1496 = CARTESIAN_POINT('',(-0.8,0.4,0.762001524003));
#1497 = CARTESIAN_POINT('',(0.8,-0.4,0.762001524003));
#1498 = CARTESIAN_POINT('',(0.8,0.4,0.762001524003));
#1499 = ( GEOMETRIC_REPRESENTATION_CONTEXT(3) GLOBAL_UNCERTAINTY_ASSIGNED_CONTEXT((#1503)) GLOBAL_UNIT_ASSIGNED_CONTEXT((#1500,#1501,#1502)) REPRESENTATION_CONTEXT('Context #1','3D Context with UNIT and UNCERTAINTY') );
#1500 = ( LENGTH_UNIT() NAMED_UNIT(*) SI_UNIT(.MILLI.,.METRE.) );
#1501 = ( NAMED_UNIT(*) PLANE_ANGLE_UNIT() SI_UNIT($,.RADIAN.) );
#1502 = ( NAMED_UNIT(*) SI_UNIT($,.STERADIAN.) SOLID_ANGLE_UNIT() );
#1503 = UNCERTAINTY_MEASURE_WITH_UNIT(LENGTH_MEASURE(2.E-07),#1500,  'distance_accuracy_value','confusion accuracy');
#1504 = CONTEXT_DEPENDENT_SHAPE_REPRESENTATION(#1505,#1507);
#1505 = ( REPRESENTATION_RELATIONSHIP('','',#1360,#1337) REPRESENTATION_RELATIONSHIP_WITH_TRANSFORMATION(#1506) SHAPE_REPRESENTATION_RELATIONSHIP() );
#1506 = ITEM_DEFINED_TRANSFORMATION('','',#11,#1338);
#1507 = PRODUCT_DEFINITION_SHAPE('Placement','Placement of an item',  #1508);
#1508 = NEXT_ASSEMBLY_USAGE_OCCURRENCE('6','=>[0:1:1:7]','',#1332,#1355,  $);
#1509 = PRODUCT_RELATED_PRODUCT_CATEGORY('part',$,(#1357));
#1510 = SHAPE_DEFINITION_REPRESENTATION(#1511,#1517);
#1511 = PRODUCT_DEFINITION_SHAPE('','',#1512);
#1512 = PRODUCT_DEFINITION('design','',#1513,#1516);
#1513 = PRODUCT_DEFINITION_FORMATION('','',#1514);
#1514 = PRODUCT('C2~C0603~C0603_L1.6-W0.8-H0.8~CMJN',  'C2~C0603~C0603_L1.6-W0.8-H0.8~CMJN','',(#1515));
#1515 = PRODUCT_CONTEXT('',#2,'mechanical');
#1516 = PRODUCT_DEFINITION_CONTEXT('part definition',#2,'design');
#1517 = SHAPE_REPRESENTATION('',(#11,#1518),#1522);
#1518 = AXIS2_PLACEMENT_3D('',#1519,#1520,#1521);
#1519 = CARTESIAN_POINT('',(0.,0.,0.));
#1520 = DIRECTION('',(0.,0.,1.));
#1521 = DIRECTION('',(1.,0.,-0.));
#1522 = ( GEOMETRIC_REPRESENTATION_CONTEXT(3) GLOBAL_UNCERTAINTY_ASSIGNED_CONTEXT((#1526)) GLOBAL_UNIT_ASSIGNED_CONTEXT((#1523,#1524,#1525)) REPRESENTATION_CONTEXT('Context #1','3D Context with UNIT and UNCERTAINTY') );
#1523 = ( LENGTH_UNIT() NAMED_UNIT(*) SI_UNIT(.MILLI.,.METRE.) );
#1524 = ( NAMED_UNIT(*) PLANE_ANGLE_UNIT() SI_UNIT($,.RADIAN.) );
#1525 = ( NAMED_UNIT(*) SI_UNIT($,.STERADIAN.) SOLID_ANGLE_UNIT() );
#1526 = UNCERTAINTY_MEASURE_WITH_UNIT(LENGTH_MEASURE(2.E-07),#1523,  'distance_accuracy_value','confusion accuracy');
#1527 = CONTEXT_DEPENDENT_SHAPE_REPRESENTATION(#1528,#1530);
#1528 = ( REPRESENTATION_RELATIONSHIP('','',#1517,#10) REPRESENTATION_RELATIONSHIP_WITH_TRANSFORMATION(#1529) SHAPE_REPRESENTATION_RELATIONSHIP() );
#1529 = ITEM_DEFINED_TRANSFORMATION('','',#11,#39);
#1530 = PRODUCT_DEFINITION_SHAPE('Placement','Placement of an item',  #1531);
#1531 = NEXT_ASSEMBLY_USAGE_OCCURRENCE('9','=>[0:1:1:9]','',#5,#1512,$);
#1532 = PRODUCT_RELATED_PRODUCT_CATEGORY('part',$,(#1514));
#1533 = CONTEXT_DEPENDENT_SHAPE_REPRESENTATION(#1534,#1536);
#1534 = ( REPRESENTATION_RELATIONSHIP('','',#1360,#1517) REPRESENTATION_RELATIONSHIP_WITH_TRANSFORMATION(#1535) SHAPE_REPRESENTATION_RELATIONSHIP() );
#1535 = ITEM_DEFINED_TRANSFORMATION('','',#11,#1518);
#1536 = PRODUCT_DEFINITION_SHAPE('Placement','Placement of an item',  #1537);
#1537 = NEXT_ASSEMBLY_USAGE_OCCURRENCE('8','','',#1512,#1355,$);
#1538 = SHAPE_DEFINITION_REPRESENTATION(#1539,#1545);
#1539 = PRODUCT_DEFINITION_SHAPE('','',#1540);
#1540 = PRODUCT_DEFINITION('design','',#1541,#1544);
#1541 = PRODUCT_DEFINITION_FORMATION('','',#1542);
#1542 = PRODUCT('C7~C0603~C0603_L1.6-W0.8-H0.8~CMJN',  'C7~C0603~C0603_L1.6-W0.8-H0.8~CMJN','',(#1543));
#1543 = PRODUCT_CONTEXT('',#2,'mechanical');
#1544 = PRODUCT_DEFINITION_CONTEXT('part definition',#2,'design');
#1545 = SHAPE_REPRESENTATION('',(#11,#1546),#1550);
#1546 = AXIS2_PLACEMENT_3D('',#1547,#1548,#1549);
#1547 = CARTESIAN_POINT('',(0.,0.,0.));
#1548 = DIRECTION('',(0.,0.,1.));
#1549 = DIRECTION('',(1.,0.,-0.));
#1550 = ( GEOMETRIC_REPRESENTATION_CONTEXT(3) GLOBAL_UNCERTAINTY_ASSIGNED_CONTEXT((#1554)) GLOBAL_UNIT_ASSIGNED_CONTEXT((#1551,#1552,#1553)) REPRESENTATION_CONTEXT('Context #1','3D Context with UNIT and UNCERTAINTY') );
#1551 = ( LENGTH_UNIT() NAMED_UNIT(*) SI_UNIT(.MILLI.,.METRE.) );
#1552 = ( NAMED_UNIT(*) PLANE_ANGLE_UNIT() SI_UNIT($,.RADIAN.) );
#1553 = ( NAMED_UNIT(*) SI_UNIT($,.STERADIAN.) SOLID_ANGLE_UNIT() );
#1554 = UNCERTAINTY_MEASURE_WITH_UNIT(LENGTH_MEASURE(2.E-07),#1551,  'distance_accuracy_value','confusion accuracy');
#1555 = CONTEXT_DEPENDENT_SHAPE_REPRESENTATION(#1556,#1558);
#1556 = ( REPRESENTATION_RELATIONSHIP('','',#1545,#10) REPRESENTATION_RELATIONSHIP_WITH_TRANSFORMATION(#1557) SHAPE_REPRESENTATION_RELATIONSHIP() );
#1557 = ITEM_DEFINED_TRANSFORMATION('','',#11,#43);
#1558 = PRODUCT_DEFINITION_SHAPE('Placement','Placement of an item',  #1559);
#1559 = NEXT_ASSEMBLY_USAGE_OCCURRENCE('11','=>[0:1:1:10]','',#5,#1540,$  );
#1560 = PRODUCT_RELATED_PRODUCT_CATEGORY('part',$,(#1542));
#1561 = CONTEXT_DEPENDENT_SHAPE_REPRESENTATION(#1562,#1564);
#1562 = ( REPRESENTATION_RELATIONSHIP('','',#1360,#1545) REPRESENTATION_RELATIONSHIP_WITH_TRANSFORMATION(#1563) SHAPE_REPRESENTATION_RELATIONSHIP() );
#1563 = ITEM_DEFINED_TRANSFORMATION('','',#11,#1546);
#1564 = PRODUCT_DEFINITION_SHAPE('Placement','Placement of an item',  #1565);
#1565 = NEXT_ASSEMBLY_USAGE_OCCURRENCE('10','','',#1540,#1355,$);
#1566 = SHAPE_DEFINITION_REPRESENTATION(#1567,#1573);
#1567 = PRODUCT_DEFINITION_SHAPE('','',#1568);
#1568 = PRODUCT_DEFINITION('design','',#1569,#1572);
#1569 = PRODUCT_DEFINITION_FORMATION('','',#1570);
#1570 = PRODUCT('C8~C0603~C0603_L1.6-W0.8-H0.8~CMJN',  'C8~C0603~C0603_L1.6-W0.8-H0.8~CMJN','',(#1571));
#1571 = PRODUCT_CONTEXT('',#2,'mechanical');
#1572 = PRODUCT_DEFINITION_CONTEXT('part definition',#2,'design');
#1573 = SHAPE_REPRESENTATION('',(#11,#1574),#1578);
#1574 = AXIS2_PLACEMENT_3D('',#1575,#1576,#1577);
#1575 = CARTESIAN_POINT('',(0.,0.,0.));
#1576 = DIRECTION('',(0.,0.,1.));
#1577 = DIRECTION('',(1.,0.,-0.));
#1578 = ( GEOMETRIC_REPRESENTATION_CONTEXT(3) GLOBAL_UNCERTAINTY_ASSIGNED_CONTEXT((#1582)) GLOBAL_UNIT_ASSIGNED_CONTEXT((#1579,#1580,#1581)) REPRESENTATION_CONTEXT('Context #1','3D Context with UNIT and UNCERTAINTY') );
#1579 = ( LENGTH_UNIT() NAMED_UNIT(*) SI_UNIT(.MILLI.,.METRE.) );
#1580 = ( NAMED_UNIT(*) PLANE_ANGLE_UNIT() SI_UNIT($,.RADIAN.) );
#1581 = ( NAMED_UNIT(*) SI_UNIT($,.STERADIAN.) SOLID_ANGLE_UNIT() );
#1582 = UNCERTAINTY_MEASURE_WITH_UNIT(LENGTH_MEASURE(2.E-07),#1579,  'distance_accuracy_value','confusion accuracy');
#1583 = CONTEXT_DEPENDENT_SHAPE_REPRESENTATION(#1584,#1586);
#1584 = ( REPRESENTATION_RELATIONSHIP('','',#1573,#10) REPRESENTATION_RELATIONSHIP_WITH_TRANSFORMATION(#1585) SHAPE_REPRESENTATION_RELATIONSHIP() );
#1585 = ITEM_DEFINED_TRANSFORMATION('','',#11,#47);
#1586 = PRODUCT_DEFINITION_SHAPE('Placement','Placement of an item',  #1587);
#1587 = NEXT_ASSEMBLY_USAGE_OCCURRENCE('13','=>[0:1:1:11]','',#5,#1568,$  );
#1588 = PRODUCT_RELATED_PRODUCT_CATEGORY('part',$,(#1570));
#1589 = CONTEXT_DEPENDENT_SHAPE_REPRESENTATION(#1590,#1592);
#1590 = ( REPRESENTATION_RELATIONSHIP('','',#1360,#1573) REPRESENTATION_RELATIONSHIP_WITH_TRANSFORMATION(#1591) SHAPE_REPRESENTATION_RELATIONSHIP() );
#1591 = ITEM_DEFINED_TRANSFORMATION('','',#11,#1574);
#1592 = PRODUCT_DEFINITION_SHAPE('Placement','Placement of an item',  #1593);
#1593 = NEXT_ASSEMBLY_USAGE_OCCURRENCE('12','','',#1568,#1355,$);
#1594 = SHAPE_DEFINITION_REPRESENTATION(#1595,#1601);
#1595 = PRODUCT_DEFINITION_SHAPE('','',#1596);
#1596 = PRODUCT_DEFINITION('design','',#1597,#1600);
#1597 = PRODUCT_DEFINITION_FORMATION('','',#1598);
#1598 = PRODUCT('C4~C0805~C0805_L2.0-W1.3-H1.3~CMJN',  'C4~C0805~C0805_L2.0-W1.3-H1.3~CMJN','',(#1599));
#1599 = PRODUCT_CONTEXT('',#2,'mechanical');
#1600 = PRODUCT_DEFINITION_CONTEXT('part definition',#2,'design');
#1601 = SHAPE_REPRESENTATION('',(#11,#1602),#1606);
#1602 = AXIS2_PLACEMENT_3D('',#1603,#1604,#1605);
#1603 = CARTESIAN_POINT('',(0.,0.,0.));
#1604 = DIRECTION('',(0.,0.,1.));
#1605 = DIRECTION('',(1.,0.,-0.));
#1606 = ( GEOMETRIC_REPRESENTATION_CONTEXT(3) GLOBAL_UNCERTAINTY_ASSIGNED_CONTEXT((#1610)) GLOBAL_UNIT_ASSIGNED_CONTEXT((#1607,#1608,#1609)) REPRESENTATION_CONTEXT('Context #1','3D Context with UNIT and UNCERTAINTY') );
#1607 = ( LENGTH_UNIT() NAMED_UNIT(*) SI_UNIT(.MILLI.,.METRE.) );
#1608 = ( NAMED_UNIT(*) PLANE_ANGLE_UNIT() SI_UNIT($,.RADIAN.) );
#1609 = ( NAMED_UNIT(*) SI_UNIT($,.STERADIAN.) SOLID_ANGLE_UNIT() );
#1610 = UNCERTAINTY_MEASURE_WITH_UNIT(LENGTH_MEASURE(2.E-07),#1607,  'distance_accuracy_value','confusion accuracy');
#1611 = CONTEXT_DEPENDENT_SHAPE_REPRESENTATION(#1612,#1614);
#1612 = ( REPRESENTATION_RELATIONSHIP('','',#1601,#10) REPRESENTATION_RELATIONSHIP_WITH_TRANSFORMATION(#1613) SHAPE_REPRESENTATION_RELATIONSHIP() );
#1613 = ITEM_DEFINED_TRANSFORMATION('','',#11,#51);
#1614 = PRODUCT_DEFINITION_SHAPE('Placement','Placement of an item',  #1615);
#1615 = NEXT_ASSEMBLY_USAGE_OCCURRENCE('15','=>[0:1:1:13]','',#5,#1596,$  );
#1616 = PRODUCT_RELATED_PRODUCT_CATEGORY('part',$,(#1598));
#1617 = SHAPE_DEFINITION_REPRESENTATION(#1618,#1624);
#1618 = PRODUCT_DEFINITION_SHAPE('','',#1619);
#1619 = PRODUCT_DEFINITION('design','',#1620,#1623);
#1620 = PRODUCT_DEFINITION_FORMATION('','',#1621);
#1621 = PRODUCT('C0805~C0805_L2.0-W1.3-H1.3~CMJN',  'C0805~C0805_L2.0-W1.3-H1.3~CMJN','',(#1622));
#1622 = PRODUCT_CONTEXT('',#2,'mechanical');
#1623 = PRODUCT_DEFINITION_CONTEXT('part definition',#2,'design');
#1624 = ADVANCED_BREP_SHAPE_REPRESENTATION('',(#11,#1625),#1763);
#1625 = MANIFOLD_SOLID_BREP('',#1626);
#1626 = CLOSED_SHELL('',(#1627,#1663,#1699,#1719,#1739,#1751));
#1627 = ADVANCED_FACE('',(#1628),#1658,.F.);
#1628 = FACE_BOUND('',#1629,.F.);
#1629 = EDGE_LOOP('',(#1630,#1639,#1646,#1653));
#1630 = ORIENTED_EDGE('',*,*,#1631,.F.);
#1631 = EDGE_CURVE('',#1632,#1634,#1636,.T.);
#1632 = VERTEX_POINT('',#1633);
#1633 = CARTESIAN_POINT('',(-1.,-0.649987299975,0.));
#1634 = VERTEX_POINT('',#1635);
#1635 = CARTESIAN_POINT('',(-1.,-0.649987299975,0.762001524003));
#1636 = B_SPLINE_CURVE_WITH_KNOTS('',1,(#1637,#1638),.UNSPECIFIED.,.F.,  .F.,(2,2),(0.,0.762001524003),.PIECEWISE_BEZIER_KNOTS.);
#1637 = CARTESIAN_POINT('',(-1.,-0.649987299975,0.));
#1638 = CARTESIAN_POINT('',(-1.,-0.649987299975,0.762001524003));
#1639 = ORIENTED_EDGE('',*,*,#1640,.T.);
#1640 = EDGE_CURVE('',#1632,#1641,#1643,.T.);
#1641 = VERTEX_POINT('',#1642);
#1642 = CARTESIAN_POINT('',(-1.,0.650012700025,0.));
#1643 = B_SPLINE_CURVE_WITH_KNOTS('',1,(#1644,#1645),.UNSPECIFIED.,.F.,  .F.,(2,2),(0.,0.762001524003),.PIECEWISE_BEZIER_KNOTS.);
#1644 = CARTESIAN_POINT('',(-1.,-0.649987299975,0.));
#1645 = CARTESIAN_POINT('',(-1.,0.650012700025,0.));
#1646 = ORIENTED_EDGE('',*,*,#1647,.T.);
#1647 = EDGE_CURVE('',#1641,#1648,#1650,.T.);
#1648 = VERTEX_POINT('',#1649);
#1649 = CARTESIAN_POINT('',(-1.,0.650012700025,0.762001524003));
#1650 = B_SPLINE_CURVE_WITH_KNOTS('',1,(#1651,#1652),.UNSPECIFIED.,.F.,  .F.,(2,2),(0.,0.762001524003),.PIECEWISE_BEZIER_KNOTS.);
#1651 = CARTESIAN_POINT('',(-1.,0.650012700025,0.));
#1652 = CARTESIAN_POINT('',(-1.,0.650012700025,0.762001524003));
#1653 = ORIENTED_EDGE('',*,*,#1654,.F.);
#1654 = EDGE_CURVE('',#1634,#1648,#1655,.T.);
#1655 = B_SPLINE_CURVE_WITH_KNOTS('',1,(#1656,#1657),.UNSPECIFIED.,.F.,  .F.,(2,2),(0.,0.762001524003),.PIECEWISE_BEZIER_KNOTS.);
#1656 = CARTESIAN_POINT('',(-1.,-0.649987299975,0.762001524003));
#1657 = CARTESIAN_POINT('',(-1.,0.650012700025,0.762001524003));
#1658 = B_SPLINE_SURFACE_WITH_KNOTS('',1,1,(    (#1659,#1660)    ,(#1661,#1662    )),.UNSPECIFIED.,.F.,.F.,.F.,(2,2),(2,2),(0.,0.762001524003),(    -0.762001524003,0.),.PIECEWISE_BEZIER_KNOTS.);
#1659 = CARTESIAN_POINT('',(-1.,0.650012700025,0.));
#1660 = CARTESIAN_POINT('',(-1.,-0.649987299975,0.));
#1661 = CARTESIAN_POINT('',(-1.,0.650012700025,0.762001524003));
#1662 = CARTESIAN_POINT('',(-1.,-0.649987299975,0.762001524003));
#1663 = ADVANCED_FACE('',(#1664),#1694,.T.);
#1664 = FACE_BOUND('',#1665,.T.);
#1665 = EDGE_LOOP('',(#1666,#1675,#1682,#1689));
#1666 = ORIENTED_EDGE('',*,*,#1667,.F.);
#1667 = EDGE_CURVE('',#1668,#1670,#1672,.T.);
#1668 = VERTEX_POINT('',#1669);
#1669 = CARTESIAN_POINT('',(1.,-0.649987299975,0.));
#1670 = VERTEX_POINT('',#1671);
#1671 = CARTESIAN_POINT('',(1.,-0.649987299975,0.762001524003));
#1672 = B_SPLINE_CURVE_WITH_KNOTS('',1,(#1673,#1674),.UNSPECIFIED.,.F.,  .F.,(2,2),(0.,0.762001524003),.PIECEWISE_BEZIER_KNOTS.);
#1673 = CARTESIAN_POINT('',(1.,-0.649987299975,0.));
#1674 = CARTESIAN_POINT('',(1.,-0.649987299975,0.762001524003));
#1675 = ORIENTED_EDGE('',*,*,#1676,.T.);
#1676 = EDGE_CURVE('',#1668,#1677,#1679,.T.);
#1677 = VERTEX_POINT('',#1678);
#1678 = CARTESIAN_POINT('',(1.,0.650012700025,0.));
#1679 = B_SPLINE_CURVE_WITH_KNOTS('',1,(#1680,#1681),.UNSPECIFIED.,.F.,  .F.,(2,2),(0.,0.762001524003),.PIECEWISE_BEZIER_KNOTS.);
#1680 = CARTESIAN_POINT('',(1.,-0.649987299975,0.));
#1681 = CARTESIAN_POINT('',(1.,0.650012700025,0.));
#1682 = ORIENTED_EDGE('',*,*,#1683,.T.);
#1683 = EDGE_CURVE('',#1677,#1684,#1686,.T.);
#1684 = VERTEX_POINT('',#1685);
#1685 = CARTESIAN_POINT('',(1.,0.650012700025,0.762001524003));
#1686 = B_SPLINE_CURVE_WITH_KNOTS('',1,(#1687,#1688),.UNSPECIFIED.,.F.,  .F.,(2,2),(0.,0.762001524003),.PIECEWISE_BEZIER_KNOTS.);
#1687 = CARTESIAN_POINT('',(1.,0.650012700025,0.));
#1688 = CARTESIAN_POINT('',(1.,0.650012700025,0.762001524003));
#1689 = ORIENTED_EDGE('',*,*,#1690,.F.);
#1690 = EDGE_CURVE('',#1670,#1684,#1691,.T.);
#1691 = B_SPLINE_CURVE_WITH_KNOTS('',1,(#1692,#1693),.UNSPECIFIED.,.F.,  .F.,(2,2),(0.,0.762001524003),.PIECEWISE_BEZIER_KNOTS.);
#1692 = CARTESIAN_POINT('',(1.,-0.649987299975,0.762001524003));
#1693 = CARTESIAN_POINT('',(1.,0.650012700025,0.762001524003));
#1694 = B_SPLINE_SURFACE_WITH_KNOTS('',1,1,(    (#1695,#1696)    ,(#1697,#1698    )),.UNSPECIFIED.,.F.,.F.,.F.,(2,2),(2,2),(0.,0.762001524003),(    -0.762001524003,0.),.PIECEWISE_BEZIER_KNOTS.);
#1695 = CARTESIAN_POINT('',(1.,0.650012700025,0.));
#1696 = CARTESIAN_POINT('',(1.,-0.649987299975,0.));
#1697 = CARTESIAN_POINT('',(1.,0.650012700025,0.762001524003));
#1698 = CARTESIAN_POINT('',(1.,-0.649987299975,0.762001524003));
#1699 = ADVANCED_FACE('',(#1700),#1714,.F.);
#1700 = FACE_BOUND('',#1701,.F.);
#1701 = EDGE_LOOP('',(#1702,#1707,#1708,#1713));
#1702 = ORIENTED_EDGE('',*,*,#1703,.F.);
#1703 = EDGE_CURVE('',#1632,#1668,#1704,.T.);
#1704 = B_SPLINE_CURVE_WITH_KNOTS('',1,(#1705,#1706),.UNSPECIFIED.,.F.,  .F.,(2,2),(0.,0.762001524003),.PIECEWISE_BEZIER_KNOTS.);
#1705 = CARTESIAN_POINT('',(-1.,-0.649987299975,0.));
#1706 = CARTESIAN_POINT('',(1.,-0.649987299975,0.));
#1707 = ORIENTED_EDGE('',*,*,#1631,.T.);
#1708 = ORIENTED_EDGE('',*,*,#1709,.T.);
#1709 = EDGE_CURVE('',#1634,#1670,#1710,.T.);
#1710 = B_SPLINE_CURVE_WITH_KNOTS('',1,(#1711,#1712),.UNSPECIFIED.,.F.,  .F.,(2,2),(0.,0.762001524003),.PIECEWISE_BEZIER_KNOTS.);
#1711 = CARTESIAN_POINT('',(-1.,-0.649987299975,0.762001524003));
#1712 = CARTESIAN_POINT('',(1.,-0.649987299975,0.762001524003));
#1713 = ORIENTED_EDGE('',*,*,#1667,.F.);
#1714 = B_SPLINE_SURFACE_WITH_KNOTS('',1,1,(    (#1715,#1716)    ,(#1717,#1718    )),.UNSPECIFIED.,.F.,.F.,.F.,(2,2),(2,2),(0.,0.762001524003),(0.,    0.762001524003),.PIECEWISE_BEZIER_KNOTS.);
#1715 = CARTESIAN_POINT('',(-1.,-0.649987299975,0.));
#1716 = CARTESIAN_POINT('',(1.,-0.649987299975,0.));
#1717 = CARTESIAN_POINT('',(-1.,-0.649987299975,0.762001524003));
#1718 = CARTESIAN_POINT('',(1.,-0.649987299975,0.762001524003));
#1719 = ADVANCED_FACE('',(#1720),#1734,.T.);
#1720 = FACE_BOUND('',#1721,.T.);
#1721 = EDGE_LOOP('',(#1722,#1727,#1728,#1733));
#1722 = ORIENTED_EDGE('',*,*,#1723,.F.);
#1723 = EDGE_CURVE('',#1641,#1677,#1724,.T.);
#1724 = B_SPLINE_CURVE_WITH_KNOTS('',1,(#1725,#1726),.UNSPECIFIED.,.F.,  .F.,(2,2),(0.,0.762001524003),.PIECEWISE_BEZIER_KNOTS.);
#1725 = CARTESIAN_POINT('',(-1.,0.650012700025,0.));
#1726 = CARTESIAN_POINT('',(1.,0.650012700025,0.));
#1727 = ORIENTED_EDGE('',*,*,#1647,.T.);
#1728 = ORIENTED_EDGE('',*,*,#1729,.T.);
#1729 = EDGE_CURVE('',#1648,#1684,#1730,.T.);
#1730 = B_SPLINE_CURVE_WITH_KNOTS('',1,(#1731,#1732),.UNSPECIFIED.,.F.,  .F.,(2,2),(0.,0.762001524003),.PIECEWISE_BEZIER_KNOTS.);
#1731 = CARTESIAN_POINT('',(-1.,0.650012700025,0.762001524003));
#1732 = CARTESIAN_POINT('',(1.,0.650012700025,0.762001524003));
#1733 = ORIENTED_EDGE('',*,*,#1683,.F.);
#1734 = B_SPLINE_SURFACE_WITH_KNOTS('',1,1,(    (#1735,#1736)    ,(#1737,#1738    )),.UNSPECIFIED.,.F.,.F.,.F.,(2,2),(2,2),(0.,0.762001524003),(0.,    0.762001524003),.PIECEWISE_BEZIER_KNOTS.);
#1735 = CARTESIAN_POINT('',(-1.,0.650012700025,0.));
#1736 = CARTESIAN_POINT('',(1.,0.650012700025,0.));
#1737 = CARTESIAN_POINT('',(-1.,0.650012700025,0.762001524003));
#1738 = CARTESIAN_POINT('',(1.,0.650012700025,0.762001524003));
#1739 = ADVANCED_FACE('',(#1740),#1746,.F.);
#1740 = FACE_BOUND('',#1741,.F.);
#1741 = EDGE_LOOP('',(#1742,#1743,#1744,#1745));
#1742 = ORIENTED_EDGE('',*,*,#1640,.F.);
#1743 = ORIENTED_EDGE('',*,*,#1703,.T.);
#1744 = ORIENTED_EDGE('',*,*,#1676,.T.);
#1745 = ORIENTED_EDGE('',*,*,#1723,.F.);
#1746 = B_SPLINE_SURFACE_WITH_KNOTS('',1,1,(    (#1747,#1748)    ,(#1749,#1750    )),.UNSPECIFIED.,.F.,.F.,.F.,(2,2),(2,2),(0.,0.762001524003),(0.,    0.762001524003),.PIECEWISE_BEZIER_KNOTS.);
#1747 = CARTESIAN_POINT('',(-1.,-0.649987299975,0.));
#1748 = CARTESIAN_POINT('',(-1.,0.650012700025,0.));
#1749 = CARTESIAN_POINT('',(1.,-0.649987299975,0.));
#1750 = CARTESIAN_POINT('',(1.,0.650012700025,0.));
#1751 = ADVANCED_FACE('',(#1752),#1758,.T.);
#1752 = FACE_BOUND('',#1753,.T.);
#1753 = EDGE_LOOP('',(#1754,#1755,#1756,#1757));
#1754 = ORIENTED_EDGE('',*,*,#1654,.F.);
#1755 = ORIENTED_EDGE('',*,*,#1709,.T.);
#1756 = ORIENTED_EDGE('',*,*,#1690,.T.);
#1757 = ORIENTED_EDGE('',*,*,#1729,.F.);
#1758 = B_SPLINE_SURFACE_WITH_KNOTS('',1,1,(    (#1759,#1760)    ,(#1761,#1762    )),.UNSPECIFIED.,.F.,.F.,.F.,(2,2),(2,2),(0.,0.762001524003),(0.,    0.762001524003),.PIECEWISE_BEZIER_KNOTS.);
#1759 = CARTESIAN_POINT('',(-1.,-0.649987299975,0.762001524003));
#1760 = CARTESIAN_POINT('',(-1.,0.650012700025,0.762001524003));
#1761 = CARTESIAN_POINT('',(1.,-0.649987299975,0.762001524003));
#1762 = CARTESIAN_POINT('',(1.,0.650012700025,0.762001524003));
#1763 = ( GEOMETRIC_REPRESENTATION_CONTEXT(3) GLOBAL_UNCERTAINTY_ASSIGNED_CONTEXT((#1767)) GLOBAL_UNIT_ASSIGNED_CONTEXT((#1764,#1765,#1766)) REPRESENTATION_CONTEXT('Context #1','3D Context with UNIT and UNCERTAINTY') );
#1764 = ( LENGTH_UNIT() NAMED_UNIT(*) SI_UNIT(.MILLI.,.METRE.) );
#1765 = ( NAMED_UNIT(*) PLANE_ANGLE_UNIT() SI_UNIT($,.RADIAN.) );
#1766 = ( NAMED_UNIT(*) SI_UNIT($,.STERADIAN.) SOLID_ANGLE_UNIT() );
#1767 = UNCERTAINTY_MEASURE_WITH_UNIT(LENGTH_MEASURE(2.E-07),#1764,  'distance_accuracy_value','confusion accuracy');
#1768 = CONTEXT_DEPENDENT_SHAPE_REPRESENTATION(#1769,#1771);
#1769 = ( REPRESENTATION_RELATIONSHIP('','',#1624,#1601) REPRESENTATION_RELATIONSHIP_WITH_TRANSFORMATION(#1770) SHAPE_REPRESENTATION_RELATIONSHIP() );
#1770 = ITEM_DEFINED_TRANSFORMATION('','',#11,#1602);
#1771 = PRODUCT_DEFINITION_SHAPE('Placement','Placement of an item',  #1772);
#1772 = NEXT_ASSEMBLY_USAGE_OCCURRENCE('14','=>[0:1:1:12]','',#1596,  #1619,$);
#1773 = PRODUCT_RELATED_PRODUCT_CATEGORY('part',$,(#1621));
#1774 = SHAPE_DEFINITION_REPRESENTATION(#1775,#1781);
#1775 = PRODUCT_DEFINITION_SHAPE('','',#1776);
#1776 = PRODUCT_DEFINITION('design','',#1777,#1780);
#1777 = PRODUCT_DEFINITION_FORMATION('','',#1778);
#1778 = PRODUCT('C6~C0805~C0805_L2.0-W1.3-H1.3~CMJN',  'C6~C0805~C0805_L2.0-W1.3-H1.3~CMJN','',(#1779));
#1779 = PRODUCT_CONTEXT('',#2,'mechanical');
#1780 = PRODUCT_DEFINITION_CONTEXT('part definition',#2,'design');
#1781 = SHAPE_REPRESENTATION('',(#11,#1782),#1786);
#1782 = AXIS2_PLACEMENT_3D('',#1783,#1784,#1785);
#1783 = CARTESIAN_POINT('',(0.,0.,0.));
#1784 = DIRECTION('',(0.,0.,1.));
#1785 = DIRECTION('',(1.,0.,-0.));
#1786 = ( GEOMETRIC_REPRESENTATION_CONTEXT(3) GLOBAL_UNCERTAINTY_ASSIGNED_CONTEXT((#1790)) GLOBAL_UNIT_ASSIGNED_CONTEXT((#1787,#1788,#1789)) REPRESENTATION_CONTEXT('Context #1','3D Context with UNIT and UNCERTAINTY') );
#1787 = ( LENGTH_UNIT() NAMED_UNIT(*) SI_UNIT(.MILLI.,.METRE.) );
#1788 = ( NAMED_UNIT(*) PLANE_ANGLE_UNIT() SI_UNIT($,.RADIAN.) );
#1789 = ( NAMED_UNIT(*) SI_UNIT($,.STERADIAN.) SOLID_ANGLE_UNIT() );
#1790 = UNCERTAINTY_MEASURE_WITH_UNIT(LENGTH_MEASURE(2.E-07),#1787,  'distance_accuracy_value','confusion accuracy');
#1791 = CONTEXT_DEPENDENT_SHAPE_REPRESENTATION(#1792,#1794);
#1792 = ( REPRESENTATION_RELATIONSHIP('','',#1781,#10) REPRESENTATION_RELATIONSHIP_WITH_TRANSFORMATION(#1793) SHAPE_REPRESENTATION_RELATIONSHIP() );
#1793 = ITEM_DEFINED_TRANSFORMATION('','',#11,#55);
#1794 = PRODUCT_DEFINITION_SHAPE('Placement','Placement of an item',  #1795);
#1795 = NEXT_ASSEMBLY_USAGE_OCCURRENCE('17','=>[0:1:1:14]','',#5,#1776,$  );
#1796 = PRODUCT_RELATED_PRODUCT_CATEGORY('part',$,(#1778));
#1797 = CONTEXT_DEPENDENT_SHAPE_REPRESENTATION(#1798,#1800);
#1798 = ( REPRESENTATION_RELATIONSHIP('','',#1624,#1781) REPRESENTATION_RELATIONSHIP_WITH_TRANSFORMATION(#1799) SHAPE_REPRESENTATION_RELATIONSHIP() );
#1799 = ITEM_DEFINED_TRANSFORMATION('','',#11,#1782);
#1800 = PRODUCT_DEFINITION_SHAPE('Placement','Placement of an item',  #1801);
#1801 = NEXT_ASSEMBLY_USAGE_OCCURRENCE('16','','',#1776,#1619,$);
#1802 = SHAPE_DEFINITION_REPRESENTATION(#1803,#1809);
#1803 = PRODUCT_DEFINITION_SHAPE('','',#1804);
#1804 = PRODUCT_DEFINITION('design','',#1805,#1808);
#1805 = PRODUCT_DEFINITION_FORMATION('','',#1806);
#1806 = PRODUCT('C24~C0805~C0805_L2.0-W1.3-H1.3~CMJN',  'C24~C0805~C0805_L2.0-W1.3-H1.3~CMJN','',(#1807));
#1807 = PRODUCT_CONTEXT('',#2,'mechanical');
#1808 = PRODUCT_DEFINITION_CONTEXT('part definition',#2,'design');
#1809 = SHAPE_REPRESENTATION('',(#11,#1810),#1814);
#1810 = AXIS2_PLACEMENT_3D('',#1811,#1812,#1813);
#1811 = CARTESIAN_POINT('',(0.,0.,0.));
#1812 = DIRECTION('',(0.,0.,1.));
#1813 = DIRECTION('',(1.,0.,-0.));
#1814 = ( GEOMETRIC_REPRESENTATION_CONTEXT(3) GLOBAL_UNCERTAINTY_ASSIGNED_CONTEXT((#1818)) GLOBAL_UNIT_ASSIGNED_CONTEXT((#1815,#1816,#1817)) REPRESENTATION_CONTEXT('Context #1','3D Context with UNIT and UNCERTAINTY') );
#1815 = ( LENGTH_UNIT() NAMED_UNIT(*) SI_UNIT(.MILLI.,.METRE.) );
#1816 = ( NAMED_UNIT(*) PLANE_ANGLE_UNIT() SI_UNIT($,.RADIAN.) );
#1817 = ( NAMED_UNIT(*) SI_UNIT($,.STERADIAN.) SOLID_ANGLE_UNIT() );
#1818 = UNCERTAINTY_MEASURE_WITH_UNIT(LENGTH_MEASURE(2.E-07),#1815,  'distance_accuracy_value','confusion accuracy');
#1819 = CONTEXT_DEPENDENT_SHAPE_REPRESENTATION(#1820,#1822);
#1820 = ( REPRESENTATION_RELATIONSHIP('','',#1809,#10) REPRESENTATION_RELATIONSHIP_WITH_TRANSFORMATION(#1821) SHAPE_REPRESENTATION_RELATIONSHIP() );
#1821 = ITEM_DEFINED_TRANSFORMATION('','',#11,#59);
#1822 = PRODUCT_DEFINITION_SHAPE('Placement','Placement of an item',  #1823);
#1823 = NEXT_ASSEMBLY_USAGE_OCCURRENCE('19','=>[0:1:1:15]','',#5,#1804,$  );
#1824 = PRODUCT_RELATED_PRODUCT_CATEGORY('part',$,(#1806));
#1825 = CONTEXT_DEPENDENT_SHAPE_REPRESENTATION(#1826,#1828);
#1826 = ( REPRESENTATION_RELATIONSHIP('','',#1624,#1809) REPRESENTATION_RELATIONSHIP_WITH_TRANSFORMATION(#1827) SHAPE_REPRESENTATION_RELATIONSHIP() );
#1827 = ITEM_DEFINED_TRANSFORMATION('','',#11,#1810);
#1828 = PRODUCT_DEFINITION_SHAPE('Placement','Placement of an item',  #1829);
#1829 = NEXT_ASSEMBLY_USAGE_OCCURRENCE('18','','',#1804,#1619,$);
#1830 = SHAPE_DEFINITION_REPRESENTATION(#1831,#1837);
#1831 = PRODUCT_DEFINITION_SHAPE('','',#1832);
#1832 = PRODUCT_DEFINITION('design','',#1833,#1836);
#1833 = PRODUCT_DEFINITION_FORMATION('','',#1834);
#1834 = PRODUCT('C25~C0805~C0805_L2.0-W1.3-H1.3~CMJN',  'C25~C0805~C0805_L2.0-W1.3-H1.3~CMJN','',(#1835));
#1835 = PRODUCT_CONTEXT('',#2,'mechanical');
#1836 = PRODUCT_DEFINITION_CONTEXT('part definition',#2,'design');
#1837 = SHAPE_REPRESENTATION('',(#11,#1838),#1842);
#1838 = AXIS2_PLACEMENT_3D('',#1839,#1840,#1841);
#1839 = CARTESIAN_POINT('',(0.,0.,0.));
#1840 = DIRECTION('',(0.,0.,1.));
#1841 = DIRECTION('',(1.,0.,-0.));
#1842 = ( GEOMETRIC_REPRESENTATION_CONTEXT(3) GLOBAL_UNCERTAINTY_ASSIGNED_CONTEXT((#1846)) GLOBAL_UNIT_ASSIGNED_CONTEXT((#1843,#1844,#1845)) REPRESENTATION_CONTEXT('Context #1','3D Context with UNIT and UNCERTAINTY') );
#1843 = ( LENGTH_UNIT() NAMED_UNIT(*) SI_UNIT(.MILLI.,.METRE.) );
#1844 = ( NAMED_UNIT(*) PLANE_ANGLE_UNIT() SI_UNIT($,.RADIAN.) );
#1845 = ( NAMED_UNIT(*) SI_UNIT($,.STERADIAN.) SOLID_ANGLE_UNIT() );
#1846 = UNCERTAINTY_MEASURE_WITH_UNIT(LENGTH_MEASURE(2.E-07),#1843,  'distance_accuracy_value','confusion accuracy');
#1847 = CONTEXT_DEPENDENT_SHAPE_REPRESENTATION(#1848,#1850);
#1848 = ( REPRESENTATION_RELATIONSHIP('','',#1837,#10) REPRESENTATION_RELATIONSHIP_WITH_TRANSFORMATION(#1849) SHAPE_REPRESENTATION_RELATIONSHIP() );
#1849 = ITEM_DEFINED_TRANSFORMATION('','',#11,#63);
#1850 = PRODUCT_DEFINITION_SHAPE('Placement','Placement of an item',  #1851);
#1851 = NEXT_ASSEMBLY_USAGE_OCCURRENCE('21','=>[0:1:1:16]','',#5,#1832,$  );
#1852 = PRODUCT_RELATED_PRODUCT_CATEGORY('part',$,(#1834));
#1853 = CONTEXT_DEPENDENT_SHAPE_REPRESENTATION(#1854,#1856);
#1854 = ( REPRESENTATION_RELATIONSHIP('','',#1624,#1837) REPRESENTATION_RELATIONSHIP_WITH_TRANSFORMATION(#1855) SHAPE_REPRESENTATION_RELATIONSHIP() );
#1855 = ITEM_DEFINED_TRANSFORMATION('','',#11,#1838);
#1856 = PRODUCT_DEFINITION_SHAPE('Placement','Placement of an item',  #1857);
#1857 = NEXT_ASSEMBLY_USAGE_OCCURRENCE('20','','',#1832,#1619,$);
#1858 = SHAPE_DEFINITION_REPRESENTATION(#1859,#1865);
#1859 = PRODUCT_DEFINITION_SHAPE('','',#1860);
#1860 = PRODUCT_DEFINITION('design','',#1861,#1864);
#1861 = PRODUCT_DEFINITION_FORMATION('','',#1862);
#1862 = PRODUCT('Rclk~R0603~R0603_L1.6-W0.8-H0.8~CMJN',  'Rclk~R0603~R0603_L1.6-W0.8-H0.8~CMJN','',(#1863));
#1863 = PRODUCT_CONTEXT('',#2,'mechanical');
#1864 = PRODUCT_DEFINITION_CONTEXT('part definition',#2,'design');
#1865 = SHAPE_REPRESENTATION('',(#11,#1866),#1870);
#1866 = AXIS2_PLACEMENT_3D('',#1867,#1868,#1869);
#1867 = CARTESIAN_POINT('',(0.,0.,0.));
#1868 = DIRECTION('',(0.,0.,1.));
#1869 = DIRECTION('',(1.,0.,-0.));
#1870 = ( GEOMETRIC_REPRESENTATION_CONTEXT(3) GLOBAL_UNCERTAINTY_ASSIGNED_CONTEXT((#1874)) GLOBAL_UNIT_ASSIGNED_CONTEXT((#1871,#1872,#1873)) REPRESENTATION_CONTEXT('Context #1','3D Context with UNIT and UNCERTAINTY') );
#1871 = ( LENGTH_UNIT() NAMED_UNIT(*) SI_UNIT(.MILLI.,.METRE.) );
#1872 = ( NAMED_UNIT(*) PLANE_ANGLE_UNIT() SI_UNIT($,.RADIAN.) );
#1873 = ( NAMED_UNIT(*) SI_UNIT($,.STERADIAN.) SOLID_ANGLE_UNIT() );
#1874 = UNCERTAINTY_MEASURE_WITH_UNIT(LENGTH_MEASURE(2.E-07),#1871,  'distance_accuracy_value','confusion accuracy');
#1875 = CONTEXT_DEPENDENT_SHAPE_REPRESENTATION(#1876,#1878);
#1876 = ( REPRESENTATION_RELATIONSHIP('','',#1865,#10) REPRESENTATION_RELATIONSHIP_WITH_TRANSFORMATION(#1877) SHAPE_REPRESENTATION_RELATIONSHIP() );
#1877 = ITEM_DEFINED_TRANSFORMATION('','',#11,#67);
#1878 = PRODUCT_DEFINITION_SHAPE('Placement','Placement of an item',  #1879);
#1879 = NEXT_ASSEMBLY_USAGE_OCCURRENCE('23','=>[0:1:1:18]','',#5,#1860,$  );
#1880 = PRODUCT_RELATED_PRODUCT_CATEGORY('part',$,(#1862));
#1881 = SHAPE_DEFINITION_REPRESENTATION(#1882,#1888);
#1882 = PRODUCT_DEFINITION_SHAPE('','',#1883);
#1883 = PRODUCT_DEFINITION('design','',#1884,#1887);
#1884 = PRODUCT_DEFINITION_FORMATION('','',#1885);
#1885 = PRODUCT('R0603~R0603_L1.6-W0.8-H0.8~CMJN',  'R0603~R0603_L1.6-W0.8-H0.8~CMJN','',(#1886));
#1886 = PRODUCT_CONTEXT('',#2,'mechanical');
#1887 = PRODUCT_DEFINITION_CONTEXT('part definition',#2,'design');
#1888 = ADVANCED_BREP_SHAPE_REPRESENTATION('',(#11,#1889),#2027);
#1889 = MANIFOLD_SOLID_BREP('',#1890);
#1890 = CLOSED_SHELL('',(#1891,#1927,#1963,#1983,#2003,#2015));
#1891 = ADVANCED_FACE('',(#1892),#1922,.F.);
#1892 = FACE_BOUND('',#1893,.F.);
#1893 = EDGE_LOOP('',(#1894,#1903,#1910,#1917));
#1894 = ORIENTED_EDGE('',*,*,#1895,.F.);
#1895 = EDGE_CURVE('',#1896,#1898,#1900,.T.);
#1896 = VERTEX_POINT('',#1897);
#1897 = CARTESIAN_POINT('',(-0.8,-0.4,0.));
#1898 = VERTEX_POINT('',#1899);
#1899 = CARTESIAN_POINT('',(-0.8,-0.4,0.762001524003));
#1900 = B_SPLINE_CURVE_WITH_KNOTS('',1,(#1901,#1902),.UNSPECIFIED.,.F.,  .F.,(2,2),(0.,0.762001524003),.PIECEWISE_BEZIER_KNOTS.);
#1901 = CARTESIAN_POINT('',(-0.8,-0.4,0.));
#1902 = CARTESIAN_POINT('',(-0.8,-0.4,0.762001524003));
#1903 = ORIENTED_EDGE('',*,*,#1904,.T.);
#1904 = EDGE_CURVE('',#1896,#1905,#1907,.T.);
#1905 = VERTEX_POINT('',#1906);
#1906 = CARTESIAN_POINT('',(-0.8,0.4,0.));
#1907 = B_SPLINE_CURVE_WITH_KNOTS('',1,(#1908,#1909),.UNSPECIFIED.,.F.,  .F.,(2,2),(0.,0.762001524003),.PIECEWISE_BEZIER_KNOTS.);
#1908 = CARTESIAN_POINT('',(-0.8,-0.4,0.));
#1909 = CARTESIAN_POINT('',(-0.8,0.4,0.));
#1910 = ORIENTED_EDGE('',*,*,#1911,.T.);
#1911 = EDGE_CURVE('',#1905,#1912,#1914,.T.);
#1912 = VERTEX_POINT('',#1913);
#1913 = CARTESIAN_POINT('',(-0.8,0.4,0.762001524003));
#1914 = B_SPLINE_CURVE_WITH_KNOTS('',1,(#1915,#1916),.UNSPECIFIED.,.F.,  .F.,(2,2),(0.,0.762001524003),.PIECEWISE_BEZIER_KNOTS.);
#1915 = CARTESIAN_POINT('',(-0.8,0.4,0.));
#1916 = CARTESIAN_POINT('',(-0.8,0.4,0.762001524003));
#1917 = ORIENTED_EDGE('',*,*,#1918,.F.);
#1918 = EDGE_CURVE('',#1898,#1912,#1919,.T.);
#1919 = B_SPLINE_CURVE_WITH_KNOTS('',1,(#1920,#1921),.UNSPECIFIED.,.F.,  .F.,(2,2),(0.,0.762001524003),.PIECEWISE_BEZIER_KNOTS.);
#1920 = CARTESIAN_POINT('',(-0.8,-0.4,0.762001524003));
#1921 = CARTESIAN_POINT('',(-0.8,0.4,0.762001524003));
#1922 = B_SPLINE_SURFACE_WITH_KNOTS('',1,1,(    (#1923,#1924)    ,(#1925,#1926    )),.UNSPECIFIED.,.F.,.F.,.F.,(2,2),(2,2),(0.,0.762001524003),(    -0.762001524003,0.),.PIECEWISE_BEZIER_KNOTS.);
#1923 = CARTESIAN_POINT('',(-0.8,0.4,0.));
#1924 = CARTESIAN_POINT('',(-0.8,-0.4,0.));
#1925 = CARTESIAN_POINT('',(-0.8,0.4,0.762001524003));
#1926 = CARTESIAN_POINT('',(-0.8,-0.4,0.762001524003));
#1927 = ADVANCED_FACE('',(#1928),#1958,.T.);
#1928 = FACE_BOUND('',#1929,.T.);
#1929 = EDGE_LOOP('',(#1930,#1939,#1946,#1953));
#1930 = ORIENTED_EDGE('',*,*,#1931,.F.);
#1931 = EDGE_CURVE('',#1932,#1934,#1936,.T.);
#1932 = VERTEX_POINT('',#1933);
#1933 = CARTESIAN_POINT('',(0.8,-0.4,0.));
#1934 = VERTEX_POINT('',#1935);
#1935 = CARTESIAN_POINT('',(0.8,-0.4,0.762001524003));
#1936 = B_SPLINE_CURVE_WITH_KNOTS('',1,(#1937,#1938),.UNSPECIFIED.,.F.,  .F.,(2,2),(0.,0.762001524003),.PIECEWISE_BEZIER_KNOTS.);
#1937 = CARTESIAN_POINT('',(0.8,-0.4,0.));
#1938 = CARTESIAN_POINT('',(0.8,-0.4,0.762001524003));
#1939 = ORIENTED_EDGE('',*,*,#1940,.T.);
#1940 = EDGE_CURVE('',#1932,#1941,#1943,.T.);
#1941 = VERTEX_POINT('',#1942);
#1942 = CARTESIAN_POINT('',(0.8,0.4,0.));
#1943 = B_SPLINE_CURVE_WITH_KNOTS('',1,(#1944,#1945),.UNSPECIFIED.,.F.,  .F.,(2,2),(0.,0.762001524003),.PIECEWISE_BEZIER_KNOTS.);
#1944 = CARTESIAN_POINT('',(0.8,-0.4,0.));
#1945 = CARTESIAN_POINT('',(0.8,0.4,0.));
#1946 = ORIENTED_EDGE('',*,*,#1947,.T.);
#1947 = EDGE_CURVE('',#1941,#1948,#1950,.T.);
#1948 = VERTEX_POINT('',#1949);
#1949 = CARTESIAN_POINT('',(0.8,0.4,0.762001524003));
#1950 = B_SPLINE_CURVE_WITH_KNOTS('',1,(#1951,#1952),.UNSPECIFIED.,.F.,  .F.,(2,2),(0.,0.762001524003),.PIECEWISE_BEZIER_KNOTS.);
#1951 = CARTESIAN_POINT('',(0.8,0.4,0.));
#1952 = CARTESIAN_POINT('',(0.8,0.4,0.762001524003));
#1953 = ORIENTED_EDGE('',*,*,#1954,.F.);
#1954 = EDGE_CURVE('',#1934,#1948,#1955,.T.);
#1955 = B_SPLINE_CURVE_WITH_KNOTS('',1,(#1956,#1957),.UNSPECIFIED.,.F.,  .F.,(2,2),(0.,0.762001524003),.PIECEWISE_BEZIER_KNOTS.);
#1956 = CARTESIAN_POINT('',(0.8,-0.4,0.762001524003));
#1957 = CARTESIAN_POINT('',(0.8,0.4,0.762001524003));
#1958 = B_SPLINE_SURFACE_WITH_KNOTS('',1,1,(    (#1959,#1960)    ,(#1961,#1962    )),.UNSPECIFIED.,.F.,.F.,.F.,(2,2),(2,2),(0.,0.762001524003),(    -0.762001524003,0.),.PIECEWISE_BEZIER_KNOTS.);
#1959 = CARTESIAN_POINT('',(0.8,0.4,0.));
#1960 = CARTESIAN_POINT('',(0.8,-0.4,0.));
#1961 = CARTESIAN_POINT('',(0.8,0.4,0.762001524003));
#1962 = CARTESIAN_POINT('',(0.8,-0.4,0.762001524003));
#1963 = ADVANCED_FACE('',(#1964),#1978,.F.);
#1964 = FACE_BOUND('',#1965,.F.);
#1965 = EDGE_LOOP('',(#1966,#1971,#1972,#1977));
#1966 = ORIENTED_EDGE('',*,*,#1967,.F.);
#1967 = EDGE_CURVE('',#1896,#1932,#1968,.T.);
#1968 = B_SPLINE_CURVE_WITH_KNOTS('',1,(#1969,#1970),.UNSPECIFIED.,.F.,  .F.,(2,2),(0.,0.762001524003),.PIECEWISE_BEZIER_KNOTS.);
#1969 = CARTESIAN_POINT('',(-0.8,-0.4,0.));
#1970 = CARTESIAN_POINT('',(0.8,-0.4,0.));
#1971 = ORIENTED_EDGE('',*,*,#1895,.T.);
#1972 = ORIENTED_EDGE('',*,*,#1973,.T.);
#1973 = EDGE_CURVE('',#1898,#1934,#1974,.T.);
#1974 = B_SPLINE_CURVE_WITH_KNOTS('',1,(#1975,#1976),.UNSPECIFIED.,.F.,  .F.,(2,2),(0.,0.762001524003),.PIECEWISE_BEZIER_KNOTS.);
#1975 = CARTESIAN_POINT('',(-0.8,-0.4,0.762001524003));
#1976 = CARTESIAN_POINT('',(0.8,-0.4,0.762001524003));
#1977 = ORIENTED_EDGE('',*,*,#1931,.F.);
#1978 = B_SPLINE_SURFACE_WITH_KNOTS('',1,1,(    (#1979,#1980)    ,(#1981,#1982    )),.UNSPECIFIED.,.F.,.F.,.F.,(2,2),(2,2),(0.,0.762001524003),(0.,    0.762001524003),.PIECEWISE_BEZIER_KNOTS.);
#1979 = CARTESIAN_POINT('',(-0.8,-0.4,0.));
#1980 = CARTESIAN_POINT('',(0.8,-0.4,0.));
#1981 = CARTESIAN_POINT('',(-0.8,-0.4,0.762001524003));
#1982 = CARTESIAN_POINT('',(0.8,-0.4,0.762001524003));
#1983 = ADVANCED_FACE('',(#1984),#1998,.T.);
#1984 = FACE_BOUND('',#1985,.T.);
#1985 = EDGE_LOOP('',(#1986,#1991,#1992,#1997));
#1986 = ORIENTED_EDGE('',*,*,#1987,.F.);
#1987 = EDGE_CURVE('',#1905,#1941,#1988,.T.);
#1988 = B_SPLINE_CURVE_WITH_KNOTS('',1,(#1989,#1990),.UNSPECIFIED.,.F.,  .F.,(2,2),(0.,0.762001524003),.PIECEWISE_BEZIER_KNOTS.);
#1989 = CARTESIAN_POINT('',(-0.8,0.4,0.));
#1990 = CARTESIAN_POINT('',(0.8,0.4,0.));
#1991 = ORIENTED_EDGE('',*,*,#1911,.T.);
#1992 = ORIENTED_EDGE('',*,*,#1993,.T.);
#1993 = EDGE_CURVE('',#1912,#1948,#1994,.T.);
#1994 = B_SPLINE_CURVE_WITH_KNOTS('',1,(#1995,#1996),.UNSPECIFIED.,.F.,  .F.,(2,2),(0.,0.762001524003),.PIECEWISE_BEZIER_KNOTS.);
#1995 = CARTESIAN_POINT('',(-0.8,0.4,0.762001524003));
#1996 = CARTESIAN_POINT('',(0.8,0.4,0.762001524003));
#1997 = ORIENTED_EDGE('',*,*,#1947,.F.);
#1998 = B_SPLINE_SURFACE_WITH_KNOTS('',1,1,(    (#1999,#2000)    ,(#2001,#2002    )),.UNSPECIFIED.,.F.,.F.,.F.,(2,2),(2,2),(0.,0.762001524003),(0.,    0.762001524003),.PIECEWISE_BEZIER_KNOTS.);
#1999 = CARTESIAN_POINT('',(-0.8,0.4,0.));
#2000 = CARTESIAN_POINT('',(0.8,0.4,0.));
#2001 = CARTESIAN_POINT('',(-0.8,0.4,0.762001524003));
#2002 = CARTESIAN_POINT('',(0.8,0.4,0.762001524003));
#2003 = ADVANCED_FACE('',(#2004),#2010,.F.);
#2004 = FACE_BOUND('',#2005,.F.);
#2005 = EDGE_LOOP('',(#2006,#2007,#2008,#2009));
#2006 = ORIENTED_EDGE('',*,*,#1904,.F.);
#2007 = ORIENTED_EDGE('',*,*,#1967,.T.);
#2008 = ORIENTED_EDGE('',*,*,#1940,.T.);
#2009 = ORIENTED_EDGE('',*,*,#1987,.F.);
#2010 = B_SPLINE_SURFACE_WITH_KNOTS('',1,1,(    (#2011,#2012)    ,(#2013,#2014    )),.UNSPECIFIED.,.F.,.F.,.F.,(2,2),(2,2),(0.,0.762001524003),(0.,    0.762001524003),.PIECEWISE_BEZIER_KNOTS.);
#2011 = CARTESIAN_POINT('',(-0.8,-0.4,0.));
#2012 = CARTESIAN_POINT('',(-0.8,0.4,0.));
#2013 = CARTESIAN_POINT('',(0.8,-0.4,0.));
#2014 = CARTESIAN_POINT('',(0.8,0.4,0.));
#2015 = ADVANCED_FACE('',(#2016),#2022,.T.);
#2016 = FACE_BOUND('',#2017,.T.);
#2017 = EDGE_LOOP('',(#2018,#2019,#2020,#2021));
#2018 = ORIENTED_EDGE('',*,*,#1918,.F.);
#2019 = ORIENTED_EDGE('',*,*,#1973,.T.);
#2020 = ORIENTED_EDGE('',*,*,#1954,.T.);
#2021 = ORIENTED_EDGE('',*,*,#1993,.F.);
#2022 = B_SPLINE_SURFACE_WITH_KNOTS('',1,1,(    (#2023,#2024)    ,(#2025,#2026    )),.UNSPECIFIED.,.F.,.F.,.F.,(2,2),(2,2),(0.,0.762001524003),(0.,    0.762001524003),.PIECEWISE_BEZIER_KNOTS.);
#2023 = CARTESIAN_POINT('',(-0.8,-0.4,0.762001524003));
#2024 = CARTESIAN_POINT('',(-0.8,0.4,0.762001524003));
#2025 = CARTESIAN_POINT('',(0.8,-0.4,0.762001524003));
#2026 = CARTESIAN_POINT('',(0.8,0.4,0.762001524003));
#2027 = ( GEOMETRIC_REPRESENTATION_CONTEXT(3) GLOBAL_UNCERTAINTY_ASSIGNED_CONTEXT((#2031)) GLOBAL_UNIT_ASSIGNED_CONTEXT((#2028,#2029,#2030)) REPRESENTATION_CONTEXT('Context #1','3D Context with UNIT and UNCERTAINTY') );
#2028 = ( LENGTH_UNIT() NAMED_UNIT(*) SI_UNIT(.MILLI.,.METRE.) );
#2029 = ( NAMED_UNIT(*) PLANE_ANGLE_UNIT() SI_UNIT($,.RADIAN.) );
#2030 = ( NAMED_UNIT(*) SI_UNIT($,.STERADIAN.) SOLID_ANGLE_UNIT() );
#2031 = UNCERTAINTY_MEASURE_WITH_UNIT(LENGTH_MEASURE(2.E-07),#2028,  'distance_accuracy_value','confusion accuracy');
#2032 = CONTEXT_DEPENDENT_SHAPE_REPRESENTATION(#2033,#2035);
#2033 = ( REPRESENTATION_RELATIONSHIP('','',#1888,#1865) REPRESENTATION_RELATIONSHIP_WITH_TRANSFORMATION(#2034) SHAPE_REPRESENTATION_RELATIONSHIP() );
#2034 = ITEM_DEFINED_TRANSFORMATION('','',#11,#1866);
#2035 = PRODUCT_DEFINITION_SHAPE('Placement','Placement of an item',  #2036);
#2036 = NEXT_ASSEMBLY_USAGE_OCCURRENCE('22','=>[0:1:1:17]','',#1860,  #1883,$);
#2037 = PRODUCT_RELATED_PRODUCT_CATEGORY('part',$,(#1885));
#2038 = SHAPE_DEFINITION_REPRESENTATION(#2039,#2045);
#2039 = PRODUCT_DEFINITION_SHAPE('','',#2040);
#2040 = PRODUCT_DEFINITION('design','',#2041,#2044);
#2041 = PRODUCT_DEFINITION_FORMATION('','',#2042);
#2042 = PRODUCT(  'X1~OSC-SMD_4P-L3.2-W2.5-BL~OSC-SMD_4P-L3.2-W2.5-H1.0~CMJN',  'X1~OSC-SMD_4P-L3.2-W2.5-BL~OSC-SMD_4P-L3.2-W2.5-H1.0~CMJN','',(#2043)  );
#2043 = PRODUCT_CONTEXT('',#2,'mechanical');
#2044 = PRODUCT_DEFINITION_CONTEXT('part definition',#2,'design');
#2045 = SHAPE_REPRESENTATION('',(#11,#2046),#2050);
#2046 = AXIS2_PLACEMENT_3D('',#2047,#2048,#2049);
#2047 = CARTESIAN_POINT('',(0.,0.,0.));
#2048 = DIRECTION('',(0.,0.,1.));
#2049 = DIRECTION('',(1.,0.,-0.));
#2050 = ( GEOMETRIC_REPRESENTATION_CONTEXT(3) GLOBAL_UNCERTAINTY_ASSIGNED_CONTEXT((#2054)) GLOBAL_UNIT_ASSIGNED_CONTEXT((#2051,#2052,#2053)) REPRESENTATION_CONTEXT('Context #1','3D Context with UNIT and UNCERTAINTY') );
#2051 = ( LENGTH_UNIT() NAMED_UNIT(*) SI_UNIT(.MILLI.,.METRE.) );
#2052 = ( NAMED_UNIT(*) PLANE_ANGLE_UNIT() SI_UNIT($,.RADIAN.) );
#2053 = ( NAMED_UNIT(*) SI_UNIT($,.STERADIAN.) SOLID_ANGLE_UNIT() );
#2054 = UNCERTAINTY_MEASURE_WITH_UNIT(LENGTH_MEASURE(5.E-07),#2051,  'distance_accuracy_value','confusion accuracy');
#2055 = CONTEXT_DEPENDENT_SHAPE_REPRESENTATION(#2056,#2058);
#2056 = ( REPRESENTATION_RELATIONSHIP('','',#2045,#10) REPRESENTATION_RELATIONSHIP_WITH_TRANSFORMATION(#2057) SHAPE_REPRESENTATION_RELATIONSHIP() );
#2057 = ITEM_DEFINED_TRANSFORMATION('','',#11,#71);
#2058 = PRODUCT_DEFINITION_SHAPE('Placement','Placement of an item',  #2059);
#2059 = NEXT_ASSEMBLY_USAGE_OCCURRENCE('25','=>[0:1:1:20]','',#5,#2040,$  );
#2060 = PRODUCT_RELATED_PRODUCT_CATEGORY('part',$,(#2042));
#2061 = SHAPE_DEFINITION_REPRESENTATION(#2062,#2068);
#2062 = PRODUCT_DEFINITION_SHAPE('','',#2063);
#2063 = PRODUCT_DEFINITION('design','',#2064,#2067);
#2064 = PRODUCT_DEFINITION_FORMATION('','',#2065);
#2065 = PRODUCT('OSC-SMD_4P-L3.2-W2.5-BL~OSC-SMD_4P-L3.2-W2.5-H1.0~CMJN'  ,'OSC-SMD_4P-L3.2-W2.5-BL~OSC-SMD_4P-L3.2-W2.5-H1.0~CMJN','',(#2066));
#2066 = PRODUCT_CONTEXT('',#2,'mechanical');
#2067 = PRODUCT_DEFINITION_CONTEXT('part definition',#2,'design');
#2068 = ADVANCED_BREP_SHAPE_REPRESENTATION('',(#11,#2069),#2207);
#2069 = MANIFOLD_SOLID_BREP('',#2070);
#2070 = CLOSED_SHELL('',(#2071,#2107,#2143,#2163,#2183,#2195));
#2071 = ADVANCED_FACE('',(#2072),#2102,.F.);
#2072 = FACE_BOUND('',#2073,.F.);
#2073 = EDGE_LOOP('',(#2074,#2083,#2090,#2097));
#2074 = ORIENTED_EDGE('',*,*,#2075,.F.);
#2075 = EDGE_CURVE('',#2076,#2078,#2080,.T.);
#2076 = VERTEX_POINT('',#2077);
#2077 = CARTESIAN_POINT('',(-1.6,-1.25,0.));
#2078 = VERTEX_POINT('',#2079);
#2079 = CARTESIAN_POINT('',(-1.6,-1.25,0.762001524003));
#2080 = B_SPLINE_CURVE_WITH_KNOTS('',1,(#2081,#2082),.UNSPECIFIED.,.F.,  .F.,(2,2),(0.,0.762001524003),.PIECEWISE_BEZIER_KNOTS.);
#2081 = CARTESIAN_POINT('',(-1.6,-1.25,0.));
#2082 = CARTESIAN_POINT('',(-1.6,-1.25,0.762001524003));
#2083 = ORIENTED_EDGE('',*,*,#2084,.T.);
#2084 = EDGE_CURVE('',#2076,#2085,#2087,.T.);
#2085 = VERTEX_POINT('',#2086);
#2086 = CARTESIAN_POINT('',(-1.6,1.25,0.));
#2087 = B_SPLINE_CURVE_WITH_KNOTS('',1,(#2088,#2089),.UNSPECIFIED.,.F.,  .F.,(2,2),(0.,0.762001524003),.PIECEWISE_BEZIER_KNOTS.);
#2088 = CARTESIAN_POINT('',(-1.6,-1.25,0.));
#2089 = CARTESIAN_POINT('',(-1.6,1.25,0.));
#2090 = ORIENTED_EDGE('',*,*,#2091,.T.);
#2091 = EDGE_CURVE('',#2085,#2092,#2094,.T.);
#2092 = VERTEX_POINT('',#2093);
#2093 = CARTESIAN_POINT('',(-1.6,1.25,0.762001524003));
#2094 = B_SPLINE_CURVE_WITH_KNOTS('',1,(#2095,#2096),.UNSPECIFIED.,.F.,  .F.,(2,2),(0.,0.762001524003),.PIECEWISE_BEZIER_KNOTS.);
#2095 = CARTESIAN_POINT('',(-1.6,1.25,0.));
#2096 = CARTESIAN_POINT('',(-1.6,1.25,0.762001524003));
#2097 = ORIENTED_EDGE('',*,*,#2098,.F.);
#2098 = EDGE_CURVE('',#2078,#2092,#2099,.T.);
#2099 = B_SPLINE_CURVE_WITH_KNOTS('',1,(#2100,#2101),.UNSPECIFIED.,.F.,  .F.,(2,2),(0.,0.762001524003),.PIECEWISE_BEZIER_KNOTS.);
#2100 = CARTESIAN_POINT('',(-1.6,-1.25,0.762001524003));
#2101 = CARTESIAN_POINT('',(-1.6,1.25,0.762001524003));
#2102 = B_SPLINE_SURFACE_WITH_KNOTS('',1,1,(    (#2103,#2104)    ,(#2105,#2106    )),.UNSPECIFIED.,.F.,.F.,.F.,(2,2),(2,2),(0.,0.762001524003),(    -0.762001524003,0.),.PIECEWISE_BEZIER_KNOTS.);
#2103 = CARTESIAN_POINT('',(-1.6,1.25,0.));
#2104 = CARTESIAN_POINT('',(-1.6,-1.25,0.));
#2105 = CARTESIAN_POINT('',(-1.6,1.25,0.762001524003));
#2106 = CARTESIAN_POINT('',(-1.6,-1.25,0.762001524003));
#2107 = ADVANCED_FACE('',(#2108),#2138,.T.);
#2108 = FACE_BOUND('',#2109,.T.);
#2109 = EDGE_LOOP('',(#2110,#2119,#2126,#2133));
#2110 = ORIENTED_EDGE('',*,*,#2111,.F.);
#2111 = EDGE_CURVE('',#2112,#2114,#2116,.T.);
#2112 = VERTEX_POINT('',#2113);
#2113 = CARTESIAN_POINT('',(1.6,-1.25,0.));
#2114 = VERTEX_POINT('',#2115);
#2115 = CARTESIAN_POINT('',(1.6,-1.25,0.762001524003));
#2116 = B_SPLINE_CURVE_WITH_KNOTS('',1,(#2117,#2118),.UNSPECIFIED.,.F.,  .F.,(2,2),(0.,0.762001524003),.PIECEWISE_BEZIER_KNOTS.);
#2117 = CARTESIAN_POINT('',(1.6,-1.25,0.));
#2118 = CARTESIAN_POINT('',(1.6,-1.25,0.762001524003));
#2119 = ORIENTED_EDGE('',*,*,#2120,.T.);
#2120 = EDGE_CURVE('',#2112,#2121,#2123,.T.);
#2121 = VERTEX_POINT('',#2122);
#2122 = CARTESIAN_POINT('',(1.6,1.25,0.));
#2123 = B_SPLINE_CURVE_WITH_KNOTS('',1,(#2124,#2125),.UNSPECIFIED.,.F.,  .F.,(2,2),(0.,0.762001524003),.PIECEWISE_BEZIER_KNOTS.);
#2124 = CARTESIAN_POINT('',(1.6,-1.25,0.));
#2125 = CARTESIAN_POINT('',(1.6,1.25,0.));
#2126 = ORIENTED_EDGE('',*,*,#2127,.T.);
#2127 = EDGE_CURVE('',#2121,#2128,#2130,.T.);
#2128 = VERTEX_POINT('',#2129);
#2129 = CARTESIAN_POINT('',(1.6,1.25,0.762001524003));
#2130 = B_SPLINE_CURVE_WITH_KNOTS('',1,(#2131,#2132),.UNSPECIFIED.,.F.,  .F.,(2,2),(0.,0.762001524003),.PIECEWISE_BEZIER_KNOTS.);
#2131 = CARTESIAN_POINT('',(1.6,1.25,0.));
#2132 = CARTESIAN_POINT('',(1.6,1.25,0.762001524003));
#2133 = ORIENTED_EDGE('',*,*,#2134,.F.);
#2134 = EDGE_CURVE('',#2114,#2128,#2135,.T.);
#2135 = B_SPLINE_CURVE_WITH_KNOTS('',1,(#2136,#2137),.UNSPECIFIED.,.F.,  .F.,(2,2),(0.,0.762001524003),.PIECEWISE_BEZIER_KNOTS.);
#2136 = CARTESIAN_POINT('',(1.6,-1.25,0.762001524003));
#2137 = CARTESIAN_POINT('',(1.6,1.25,0.762001524003));
#2138 = B_SPLINE_SURFACE_WITH_KNOTS('',1,1,(    (#2139,#2140)    ,(#2141,#2142    )),.UNSPECIFIED.,.F.,.F.,.F.,(2,2),(2,2),(0.,0.762001524003),(    -0.762001524003,0.),.PIECEWISE_BEZIER_KNOTS.);
#2139 = CARTESIAN_POINT('',(1.6,1.25,0.));
#2140 = CARTESIAN_POINT('',(1.6,-1.25,0.));
#2141 = CARTESIAN_POINT('',(1.6,1.25,0.762001524003));
#2142 = CARTESIAN_POINT('',(1.6,-1.25,0.762001524003));
#2143 = ADVANCED_FACE('',(#2144),#2158,.F.);
#2144 = FACE_BOUND('',#2145,.F.);
#2145 = EDGE_LOOP('',(#2146,#2151,#2152,#2157));
#2146 = ORIENTED_EDGE('',*,*,#2147,.F.);
#2147 = EDGE_CURVE('',#2076,#2112,#2148,.T.);
#2148 = B_SPLINE_CURVE_WITH_KNOTS('',1,(#2149,#2150),.UNSPECIFIED.,.F.,  .F.,(2,2),(0.,0.762001524003),.PIECEWISE_BEZIER_KNOTS.);
#2149 = CARTESIAN_POINT('',(-1.6,-1.25,0.));
#2150 = CARTESIAN_POINT('',(1.6,-1.25,0.));
#2151 = ORIENTED_EDGE('',*,*,#2075,.T.);
#2152 = ORIENTED_EDGE('',*,*,#2153,.T.);
#2153 = EDGE_CURVE('',#2078,#2114,#2154,.T.);
#2154 = B_SPLINE_CURVE_WITH_KNOTS('',1,(#2155,#2156),.UNSPECIFIED.,.F.,  .F.,(2,2),(0.,0.762001524003),.PIECEWISE_BEZIER_KNOTS.);
#2155 = CARTESIAN_POINT('',(-1.6,-1.25,0.762001524003));
#2156 = CARTESIAN_POINT('',(1.6,-1.25,0.762001524003));
#2157 = ORIENTED_EDGE('',*,*,#2111,.F.);
#2158 = B_SPLINE_SURFACE_WITH_KNOTS('',1,1,(    (#2159,#2160)    ,(#2161,#2162    )),.UNSPECIFIED.,.F.,.F.,.F.,(2,2),(2,2),(0.,0.762001524003),(0.,    0.762001524003),.PIECEWISE_BEZIER_KNOTS.);
#2159 = CARTESIAN_POINT('',(-1.6,-1.25,0.));
#2160 = CARTESIAN_POINT('',(1.6,-1.25,0.));
#2161 = CARTESIAN_POINT('',(-1.6,-1.25,0.762001524003));
#2162 = CARTESIAN_POINT('',(1.6,-1.25,0.762001524003));
#2163 = ADVANCED_FACE('',(#2164),#2178,.T.);
#2164 = FACE_BOUND('',#2165,.T.);
#2165 = EDGE_LOOP('',(#2166,#2171,#2172,#2177));
#2166 = ORIENTED_EDGE('',*,*,#2167,.F.);
#2167 = EDGE_CURVE('',#2085,#2121,#2168,.T.);
#2168 = B_SPLINE_CURVE_WITH_KNOTS('',1,(#2169,#2170),.UNSPECIFIED.,.F.,  .F.,(2,2),(0.,0.762001524003),.PIECEWISE_BEZIER_KNOTS.);
#2169 = CARTESIAN_POINT('',(-1.6,1.25,0.));
#2170 = CARTESIAN_POINT('',(1.6,1.25,0.));
#2171 = ORIENTED_EDGE('',*,*,#2091,.T.);
#2172 = ORIENTED_EDGE('',*,*,#2173,.T.);
#2173 = EDGE_CURVE('',#2092,#2128,#2174,.T.);
#2174 = B_SPLINE_CURVE_WITH_KNOTS('',1,(#2175,#2176),.UNSPECIFIED.,.F.,  .F.,(2,2),(0.,0.762001524003),.PIECEWISE_BEZIER_KNOTS.);
#2175 = CARTESIAN_POINT('',(-1.6,1.25,0.762001524003));
#2176 = CARTESIAN_POINT('',(1.6,1.25,0.762001524003));
#2177 = ORIENTED_EDGE('',*,*,#2127,.F.);
#2178 = B_SPLINE_SURFACE_WITH_KNOTS('',1,1,(    (#2179,#2180)    ,(#2181,#2182    )),.UNSPECIFIED.,.F.,.F.,.F.,(2,2),(2,2),(0.,0.762001524003),(0.,    0.762001524003),.PIECEWISE_BEZIER_KNOTS.);
#2179 = CARTESIAN_POINT('',(-1.6,1.25,0.));
#2180 = CARTESIAN_POINT('',(1.6,1.25,0.));
#2181 = CARTESIAN_POINT('',(-1.6,1.25,0.762001524003));
#2182 = CARTESIAN_POINT('',(1.6,1.25,0.762001524003));
#2183 = ADVANCED_FACE('',(#2184),#2190,.F.);
#2184 = FACE_BOUND('',#2185,.F.);
#2185 = EDGE_LOOP('',(#2186,#2187,#2188,#2189));
#2186 = ORIENTED_EDGE('',*,*,#2084,.F.);
#2187 = ORIENTED_EDGE('',*,*,#2147,.T.);
#2188 = ORIENTED_EDGE('',*,*,#2120,.T.);
#2189 = ORIENTED_EDGE('',*,*,#2167,.F.);
#2190 = B_SPLINE_SURFACE_WITH_KNOTS('',1,1,(    (#2191,#2192)    ,(#2193,#2194    )),.UNSPECIFIED.,.F.,.F.,.F.,(2,2),(2,2),(0.,0.762001524003),(0.,    0.762001524003),.PIECEWISE_BEZIER_KNOTS.);
#2191 = CARTESIAN_POINT('',(-1.6,-1.25,0.));
#2192 = CARTESIAN_POINT('',(-1.6,1.25,0.));
#2193 = CARTESIAN_POINT('',(1.6,-1.25,0.));
#2194 = CARTESIAN_POINT('',(1.6,1.25,0.));
#2195 = ADVANCED_FACE('',(#2196),#2202,.T.);
#2196 = FACE_BOUND('',#2197,.T.);
#2197 = EDGE_LOOP('',(#2198,#2199,#2200,#2201));
#2198 = ORIENTED_EDGE('',*,*,#2098,.F.);
#2199 = ORIENTED_EDGE('',*,*,#2153,.T.);
#2200 = ORIENTED_EDGE('',*,*,#2134,.T.);
#2201 = ORIENTED_EDGE('',*,*,#2173,.F.);
#2202 = B_SPLINE_SURFACE_WITH_KNOTS('',1,1,(    (#2203,#2204)    ,(#2205,#2206    )),.UNSPECIFIED.,.F.,.F.,.F.,(2,2),(2,2),(0.,0.762001524003),(0.,    0.762001524003),.PIECEWISE_BEZIER_KNOTS.);
#2203 = CARTESIAN_POINT('',(-1.6,-1.25,0.762001524003));
#2204 = CARTESIAN_POINT('',(-1.6,1.25,0.762001524003));
#2205 = CARTESIAN_POINT('',(1.6,-1.25,0.762001524003));
#2206 = CARTESIAN_POINT('',(1.6,1.25,0.762001524003));
#2207 = ( GEOMETRIC_REPRESENTATION_CONTEXT(3) GLOBAL_UNCERTAINTY_ASSIGNED_CONTEXT((#2211)) GLOBAL_UNIT_ASSIGNED_CONTEXT((#2208,#2209,#2210)) REPRESENTATION_CONTEXT('Context #1','3D Context with UNIT and UNCERTAINTY') );
#2208 = ( LENGTH_UNIT() NAMED_UNIT(*) SI_UNIT(.MILLI.,.METRE.) );
#2209 = ( NAMED_UNIT(*) PLANE_ANGLE_UNIT() SI_UNIT($,.RADIAN.) );
#2210 = ( NAMED_UNIT(*) SI_UNIT($,.STERADIAN.) SOLID_ANGLE_UNIT() );
#2211 = UNCERTAINTY_MEASURE_WITH_UNIT(LENGTH_MEASURE(5.E-07),#2208,  'distance_accuracy_value','confusion accuracy');
#2212 = CONTEXT_DEPENDENT_SHAPE_REPRESENTATION(#2213,#2215);
#2213 = ( REPRESENTATION_RELATIONSHIP('','',#2068,#2045) REPRESENTATION_RELATIONSHIP_WITH_TRANSFORMATION(#2214) SHAPE_REPRESENTATION_RELATIONSHIP() );
#2214 = ITEM_DEFINED_TRANSFORMATION('','',#11,#2046);
#2215 = PRODUCT_DEFINITION_SHAPE('Placement','Placement of an item',  #2216);
#2216 = NEXT_ASSEMBLY_USAGE_OCCURRENCE('24','=>[0:1:1:19]','',#2040,  #2063,$);
#2217 = PRODUCT_RELATED_PRODUCT_CATEGORY('part',$,(#2065));
#2218 = SHAPE_DEFINITION_REPRESENTATION(#2219,#2225);
#2219 = PRODUCT_DEFINITION_SHAPE('','',#2220);
#2220 = PRODUCT_DEFINITION('design','',#2221,#2224);
#2221 = PRODUCT_DEFINITION_FORMATION('','',#2222);
#2222 = PRODUCT('OV5640-Dvp~FPC-SMD_24P-P0.50_FPC-05FB-24PH20~FPC-SMD_24P-P0.50_FPC-05FB-24PH20~CMJN','OV5640-Dvp~FPC-SMD_24P-P0.50_FPC-05FB-24PH20~FPC-SMD_24P-P0.50_FPC-05FB-24PH20~CMJN','',(#2223));
#2223 = PRODUCT_CONTEXT('',#2,'mechanical');
#2224 = PRODUCT_DEFINITION_CONTEXT('part definition',#2,'design');
#2225 = SHAPE_REPRESENTATION('',(#11,#2226),#2230);
#2226 = AXIS2_PLACEMENT_3D('',#2227,#2228,#2229);
#2227 = CARTESIAN_POINT('',(0.,0.,0.));
#2228 = DIRECTION('',(0.,0.,1.));
#2229 = DIRECTION('',(1.,0.,-0.));
#2230 = ( GEOMETRIC_REPRESENTATION_CONTEXT(3) GLOBAL_UNCERTAINTY_ASSIGNED_CONTEXT((#2234)) GLOBAL_UNIT_ASSIGNED_CONTEXT((#2231,#2232,#2233)) REPRESENTATION_CONTEXT('Context #1','3D Context with UNIT and UNCERTAINTY') );
#2231 = ( LENGTH_UNIT() NAMED_UNIT(*) SI_UNIT(.MILLI.,.METRE.) );
#2232 = ( NAMED_UNIT(*) PLANE_ANGLE_UNIT() SI_UNIT($,.RADIAN.) );
#2233 = ( NAMED_UNIT(*) SI_UNIT($,.STERADIAN.) SOLID_ANGLE_UNIT() );
#2234 = UNCERTAINTY_MEASURE_WITH_UNIT(LENGTH_MEASURE(2.E-06),#2231,  'distance_accuracy_value','confusion accuracy');
#2235 = CONTEXT_DEPENDENT_SHAPE_REPRESENTATION(#2236,#2238);
#2236 = ( REPRESENTATION_RELATIONSHIP('','',#2225,#10) REPRESENTATION_RELATIONSHIP_WITH_TRANSFORMATION(#2237) SHAPE_REPRESENTATION_RELATIONSHIP() );
#2237 = ITEM_DEFINED_TRANSFORMATION('','',#11,#75);
#2238 = PRODUCT_DEFINITION_SHAPE('Placement','Placement of an item',  #2239);
#2239 = NEXT_ASSEMBLY_USAGE_OCCURRENCE('27','=>[0:1:1:22]','',#5,#2220,$  );
#2240 = PRODUCT_RELATED_PRODUCT_CATEGORY('part',$,(#2222));
#2241 = SHAPE_DEFINITION_REPRESENTATION(#2242,#2248);
#2242 = PRODUCT_DEFINITION_SHAPE('','',#2243);
#2243 = PRODUCT_DEFINITION('design','',#2244,#2247);
#2244 = PRODUCT_DEFINITION_FORMATION('','',#2245);
#2245 = PRODUCT('FPC-SMD_24P-P0.50_FPC-05FB-24PH20~FPC-SMD_24P-P0.50_FPC-05FB-24PH20~CMJN','FPC-SMD_24P-P0.50_FPC-05FB-24PH20~FPC-SMD_24P-P0.50_FPC-05FB-24PH20~CMJN','',(#2246));
#2246 = PRODUCT_CONTEXT('',#2,'mechanical');
#2247 = PRODUCT_DEFINITION_CONTEXT('part definition',#2,'design');
#2248 = ADVANCED_BREP_SHAPE_REPRESENTATION('',(#11,#2249),#2387);
#2249 = MANIFOLD_SOLID_BREP('',#2250);
#2250 = CLOSED_SHELL('',(#2251,#2287,#2323,#2343,#2363,#2375));
#2251 = ADVANCED_FACE('',(#2252),#2282,.F.);
#2252 = FACE_BOUND('',#2253,.F.);
#2253 = EDGE_LOOP('',(#2254,#2263,#2270,#2277));
#2254 = ORIENTED_EDGE('',*,*,#2255,.F.);
#2255 = EDGE_CURVE('',#2256,#2258,#2260,.T.);
#2256 = VERTEX_POINT('',#2257);
#2257 = CARTESIAN_POINT('',(-7.750050800102,-3.525044450089,0.));
#2258 = VERTEX_POINT('',#2259);
#2259 = CARTESIAN_POINT('',(-7.750050800102,-3.525044450089,    0.762001524003));
#2260 = B_SPLINE_CURVE_WITH_KNOTS('',1,(#2261,#2262),.UNSPECIFIED.,.F.,  .F.,(2,2),(0.,0.762001524003),.PIECEWISE_BEZIER_KNOTS.);
#2261 = CARTESIAN_POINT('',(-7.750050800102,-3.525044450089,0.));
#2262 = CARTESIAN_POINT('',(-7.750050800102,-3.525044450089,    0.762001524003));
#2263 = ORIENTED_EDGE('',*,*,#2264,.T.);
#2264 = EDGE_CURVE('',#2256,#2265,#2267,.T.);
#2265 = VERTEX_POINT('',#2266);
#2266 = CARTESIAN_POINT('',(-7.750050800102,1.874955549911,0.));
#2267 = B_SPLINE_CURVE_WITH_KNOTS('',1,(#2268,#2269),.UNSPECIFIED.,.F.,  .F.,(2,2),(0.,0.762001524003),.PIECEWISE_BEZIER_KNOTS.);
#2268 = CARTESIAN_POINT('',(-7.750050800102,-3.525044450089,0.));
#2269 = CARTESIAN_POINT('',(-7.750050800102,1.874955549911,0.));
#2270 = ORIENTED_EDGE('',*,*,#2271,.T.);
#2271 = EDGE_CURVE('',#2265,#2272,#2274,.T.);
#2272 = VERTEX_POINT('',#2273);
#2273 = CARTESIAN_POINT('',(-7.750050800102,1.874955549911,    0.762001524003));
#2274 = B_SPLINE_CURVE_WITH_KNOTS('',1,(#2275,#2276),.UNSPECIFIED.,.F.,  .F.,(2,2),(0.,0.762001524003),.PIECEWISE_BEZIER_KNOTS.);
#2275 = CARTESIAN_POINT('',(-7.750050800102,1.874955549911,0.));
#2276 = CARTESIAN_POINT('',(-7.750050800102,1.874955549911,    0.762001524003));
#2277 = ORIENTED_EDGE('',*,*,#2278,.F.);
#2278 = EDGE_CURVE('',#2258,#2272,#2279,.T.);
#2279 = B_SPLINE_CURVE_WITH_KNOTS('',1,(#2280,#2281),.UNSPECIFIED.,.F.,  .F.,(2,2),(0.,0.762001524003),.PIECEWISE_BEZIER_KNOTS.);
#2280 = CARTESIAN_POINT('',(-7.750050800102,-3.525044450089,    0.762001524003));
#2281 = CARTESIAN_POINT('',(-7.750050800102,1.874955549911,    0.762001524003));
#2282 = B_SPLINE_SURFACE_WITH_KNOTS('',1,1,(    (#2283,#2284)    ,(#2285,#2286    )),.UNSPECIFIED.,.F.,.F.,.F.,(2,2),(2,2),(0.,0.762001524003),(    -0.762001524003,0.),.PIECEWISE_BEZIER_KNOTS.);
#2283 = CARTESIAN_POINT('',(-7.750050800102,1.874955549911,0.));
#2284 = CARTESIAN_POINT('',(-7.750050800102,-3.525044450089,0.));
#2285 = CARTESIAN_POINT('',(-7.750050800102,1.874955549911,    0.762001524003));
#2286 = CARTESIAN_POINT('',(-7.750050800102,-3.525044450089,    0.762001524003));
#2287 = ADVANCED_FACE('',(#2288),#2318,.T.);
#2288 = FACE_BOUND('',#2289,.T.);
#2289 = EDGE_LOOP('',(#2290,#2299,#2306,#2313));
#2290 = ORIENTED_EDGE('',*,*,#2291,.F.);
#2291 = EDGE_CURVE('',#2292,#2294,#2296,.T.);
#2292 = VERTEX_POINT('',#2293);
#2293 = CARTESIAN_POINT('',(7.749949199898,-3.525044450089,0.));
#2294 = VERTEX_POINT('',#2295);
#2295 = CARTESIAN_POINT('',(7.749949199898,-3.525044450089,    0.762001524003));
#2296 = B_SPLINE_CURVE_WITH_KNOTS('',1,(#2297,#2298),.UNSPECIFIED.,.F.,  .F.,(2,2),(0.,0.762001524003),.PIECEWISE_BEZIER_KNOTS.);
#2297 = CARTESIAN_POINT('',(7.749949199898,-3.525044450089,0.));
#2298 = CARTESIAN_POINT('',(7.749949199898,-3.525044450089,    0.762001524003));
#2299 = ORIENTED_EDGE('',*,*,#2300,.T.);
#2300 = EDGE_CURVE('',#2292,#2301,#2303,.T.);
#2301 = VERTEX_POINT('',#2302);
#2302 = CARTESIAN_POINT('',(7.749949199898,1.874955549911,0.));
#2303 = B_SPLINE_CURVE_WITH_KNOTS('',1,(#2304,#2305),.UNSPECIFIED.,.F.,  .F.,(2,2),(0.,0.762001524003),.PIECEWISE_BEZIER_KNOTS.);
#2304 = CARTESIAN_POINT('',(7.749949199898,-3.525044450089,0.));
#2305 = CARTESIAN_POINT('',(7.749949199898,1.874955549911,0.));
#2306 = ORIENTED_EDGE('',*,*,#2307,.T.);
#2307 = EDGE_CURVE('',#2301,#2308,#2310,.T.);
#2308 = VERTEX_POINT('',#2309);
#2309 = CARTESIAN_POINT('',(7.749949199898,1.874955549911,0.762001524003    ));
#2310 = B_SPLINE_CURVE_WITH_KNOTS('',1,(#2311,#2312),.UNSPECIFIED.,.F.,  .F.,(2,2),(0.,0.762001524003),.PIECEWISE_BEZIER_KNOTS.);
#2311 = CARTESIAN_POINT('',(7.749949199898,1.874955549911,0.));
#2312 = CARTESIAN_POINT('',(7.749949199898,1.874955549911,0.762001524003    ));
#2313 = ORIENTED_EDGE('',*,*,#2314,.F.);
#2314 = EDGE_CURVE('',#2294,#2308,#2315,.T.);
#2315 = B_SPLINE_CURVE_WITH_KNOTS('',1,(#2316,#2317),.UNSPECIFIED.,.F.,  .F.,(2,2),(0.,0.762001524003),.PIECEWISE_BEZIER_KNOTS.);
#2316 = CARTESIAN_POINT('',(7.749949199898,-3.525044450089,    0.762001524003));
#2317 = CARTESIAN_POINT('',(7.749949199898,1.874955549911,0.762001524003    ));
#2318 = B_SPLINE_SURFACE_WITH_KNOTS('',1,1,(    (#2319,#2320)    ,(#2321,#2322    )),.UNSPECIFIED.,.F.,.F.,.F.,(2,2),(2,2),(0.,0.762001524003),(    -0.762001524003,0.),.PIECEWISE_BEZIER_KNOTS.);
#2319 = CARTESIAN_POINT('',(7.749949199898,1.874955549911,0.));
#2320 = CARTESIAN_POINT('',(7.749949199898,-3.525044450089,0.));
#2321 = CARTESIAN_POINT('',(7.749949199898,1.874955549911,0.762001524003    ));
#2322 = CARTESIAN_POINT('',(7.749949199898,-3.525044450089,    0.762001524003));
#2323 = ADVANCED_FACE('',(#2324),#2338,.F.);
#2324 = FACE_BOUND('',#2325,.F.);
#2325 = EDGE_LOOP('',(#2326,#2331,#2332,#2337));
#2326 = ORIENTED_EDGE('',*,*,#2327,.F.);
#2327 = EDGE_CURVE('',#2256,#2292,#2328,.T.);
#2328 = B_SPLINE_CURVE_WITH_KNOTS('',1,(#2329,#2330),.UNSPECIFIED.,.F.,  .F.,(2,2),(0.,0.762001524003),.PIECEWISE_BEZIER_KNOTS.);
#2329 = CARTESIAN_POINT('',(-7.750050800102,-3.525044450089,0.));
#2330 = CARTESIAN_POINT('',(7.749949199898,-3.525044450089,0.));
#2331 = ORIENTED_EDGE('',*,*,#2255,.T.);
#2332 = ORIENTED_EDGE('',*,*,#2333,.T.);
#2333 = EDGE_CURVE('',#2258,#2294,#2334,.T.);
#2334 = B_SPLINE_CURVE_WITH_KNOTS('',1,(#2335,#2336),.UNSPECIFIED.,.F.,  .F.,(2,2),(0.,0.762001524003),.PIECEWISE_BEZIER_KNOTS.);
#2335 = CARTESIAN_POINT('',(-7.750050800102,-3.525044450089,    0.762001524003));
#2336 = CARTESIAN_POINT('',(7.749949199898,-3.525044450089,    0.762001524003));
#2337 = ORIENTED_EDGE('',*,*,#2291,.F.);
#2338 = B_SPLINE_SURFACE_WITH_KNOTS('',1,1,(    (#2339,#2340)    ,(#2341,#2342    )),.UNSPECIFIED.,.F.,.F.,.F.,(2,2),(2,2),(0.,0.762001524003),(0.,    0.762001524003),.PIECEWISE_BEZIER_KNOTS.);
#2339 = CARTESIAN_POINT('',(-7.750050800102,-3.525044450089,0.));
#2340 = CARTESIAN_POINT('',(7.749949199898,-3.525044450089,0.));
#2341 = CARTESIAN_POINT('',(-7.750050800102,-3.525044450089,    0.762001524003));
#2342 = CARTESIAN_POINT('',(7.749949199898,-3.525044450089,    0.762001524003));
#2343 = ADVANCED_FACE('',(#2344),#2358,.T.);
#2344 = FACE_BOUND('',#2345,.T.);
#2345 = EDGE_LOOP('',(#2346,#2351,#2352,#2357));
#2346 = ORIENTED_EDGE('',*,*,#2347,.F.);
#2347 = EDGE_CURVE('',#2265,#2301,#2348,.T.);
#2348 = B_SPLINE_CURVE_WITH_KNOTS('',1,(#2349,#2350),.UNSPECIFIED.,.F.,  .F.,(2,2),(0.,0.762001524003),.PIECEWISE_BEZIER_KNOTS.);
#2349 = CARTESIAN_POINT('',(-7.750050800102,1.874955549911,0.));
#2350 = CARTESIAN_POINT('',(7.749949199898,1.874955549911,0.));
#2351 = ORIENTED_EDGE('',*,*,#2271,.T.);
#2352 = ORIENTED_EDGE('',*,*,#2353,.T.);
#2353 = EDGE_CURVE('',#2272,#2308,#2354,.T.);
#2354 = B_SPLINE_CURVE_WITH_KNOTS('',1,(#2355,#2356),.UNSPECIFIED.,.F.,  .F.,(2,2),(0.,0.762001524003),.PIECEWISE_BEZIER_KNOTS.);
#2355 = CARTESIAN_POINT('',(-7.750050800102,1.874955549911,    0.762001524003));
#2356 = CARTESIAN_POINT('',(7.749949199898,1.874955549911,0.762001524003    ));
#2357 = ORIENTED_EDGE('',*,*,#2307,.F.);
#2358 = B_SPLINE_SURFACE_WITH_KNOTS('',1,1,(    (#2359,#2360)    ,(#2361,#2362    )),.UNSPECIFIED.,.F.,.F.,.F.,(2,2),(2,2),(0.,0.762001524003),(0.,    0.762001524003),.PIECEWISE_BEZIER_KNOTS.);
#2359 = CARTESIAN_POINT('',(-7.750050800102,1.874955549911,0.));
#2360 = CARTESIAN_POINT('',(7.749949199898,1.874955549911,0.));
#2361 = CARTESIAN_POINT('',(-7.750050800102,1.874955549911,    0.762001524003));
#2362 = CARTESIAN_POINT('',(7.749949199898,1.874955549911,0.762001524003    ));
#2363 = ADVANCED_FACE('',(#2364),#2370,.F.);
#2364 = FACE_BOUND('',#2365,.F.);
#2365 = EDGE_LOOP('',(#2366,#2367,#2368,#2369));
#2366 = ORIENTED_EDGE('',*,*,#2264,.F.);
#2367 = ORIENTED_EDGE('',*,*,#2327,.T.);
#2368 = ORIENTED_EDGE('',*,*,#2300,.T.);
#2369 = ORIENTED_EDGE('',*,*,#2347,.F.);
#2370 = B_SPLINE_SURFACE_WITH_KNOTS('',1,1,(    (#2371,#2372)    ,(#2373,#2374    )),.UNSPECIFIED.,.F.,.F.,.F.,(2,2),(2,2),(0.,0.762001524003),(0.,    0.762001524003),.PIECEWISE_BEZIER_KNOTS.);
#2371 = CARTESIAN_POINT('',(-7.750050800102,-3.525044450089,0.));
#2372 = CARTESIAN_POINT('',(-7.750050800102,1.874955549911,0.));
#2373 = CARTESIAN_POINT('',(7.749949199898,-3.525044450089,0.));
#2374 = CARTESIAN_POINT('',(7.749949199898,1.874955549911,0.));
#2375 = ADVANCED_FACE('',(#2376),#2382,.T.);
#2376 = FACE_BOUND('',#2377,.T.);
#2377 = EDGE_LOOP('',(#2378,#2379,#2380,#2381));
#2378 = ORIENTED_EDGE('',*,*,#2278,.F.);
#2379 = ORIENTED_EDGE('',*,*,#2333,.T.);
#2380 = ORIENTED_EDGE('',*,*,#2314,.T.);
#2381 = ORIENTED_EDGE('',*,*,#2353,.F.);
#2382 = B_SPLINE_SURFACE_WITH_KNOTS('',1,1,(    (#2383,#2384)    ,(#2385,#2386    )),.UNSPECIFIED.,.F.,.F.,.F.,(2,2),(2,2),(0.,0.762001524003),(0.,    0.762001524003),.PIECEWISE_BEZIER_KNOTS.);
#2383 = CARTESIAN_POINT('',(-7.750050800102,-3.525044450089,    0.762001524003));
#2384 = CARTESIAN_POINT('',(-7.750050800102,1.874955549911,    0.762001524003));
#2385 = CARTESIAN_POINT('',(7.749949199898,-3.525044450089,    0.762001524003));
#2386 = CARTESIAN_POINT('',(7.749949199898,1.874955549911,0.762001524003    ));
#2387 = ( GEOMETRIC_REPRESENTATION_CONTEXT(3) GLOBAL_UNCERTAINTY_ASSIGNED_CONTEXT((#2391)) GLOBAL_UNIT_ASSIGNED_CONTEXT((#2388,#2389,#2390)) REPRESENTATION_CONTEXT('Context #1','3D Context with UNIT and UNCERTAINTY') );
#2388 = ( LENGTH_UNIT() NAMED_UNIT(*) SI_UNIT(.MILLI.,.METRE.) );
#2389 = ( NAMED_UNIT(*) PLANE_ANGLE_UNIT() SI_UNIT($,.RADIAN.) );
#2390 = ( NAMED_UNIT(*) SI_UNIT($,.STERADIAN.) SOLID_ANGLE_UNIT() );
#2391 = UNCERTAINTY_MEASURE_WITH_UNIT(LENGTH_MEASURE(2.E-06),#2388,  'distance_accuracy_value','confusion accuracy');
#2392 = CONTEXT_DEPENDENT_SHAPE_REPRESENTATION(#2393,#2395);
#2393 = ( REPRESENTATION_RELATIONSHIP('','',#2248,#2225) REPRESENTATION_RELATIONSHIP_WITH_TRANSFORMATION(#2394) SHAPE_REPRESENTATION_RELATIONSHIP() );
#2394 = ITEM_DEFINED_TRANSFORMATION('','',#11,#2226);
#2395 = PRODUCT_DEFINITION_SHAPE('Placement','Placement of an item',  #2396);
#2396 = NEXT_ASSEMBLY_USAGE_OCCURRENCE('26','=>[0:1:1:21]','',#2220,  #2243,$);
#2397 = PRODUCT_RELATED_PRODUCT_CATEGORY('part',$,(#2245));
#2398 = SHAPE_DEFINITION_REPRESENTATION(#2399,#2405);
#2399 = PRODUCT_DEFINITION_SHAPE('','',#2400);
#2400 = PRODUCT_DEFINITION('design','',#2401,#2404);
#2401 = PRODUCT_DEFINITION_FORMATION('','',#2402);
#2402 = PRODUCT('U1~SOT-23-5_L2.9-W1.6-P0.95-LS2.8-BR~SOT-23-5_L2.9-W1.6-P0.95-LS2.8-BR~CMJN','U1~SOT-23-5_L2.9-W1.6-P0.95-LS2.8-BR~SOT-23-5_L2.9-W1.6-P0.95-LS2.8-BR~CMJN','',(#2403));
#2403 = PRODUCT_CONTEXT('',#2,'mechanical');
#2404 = PRODUCT_DEFINITION_CONTEXT('part definition',#2,'design');
#2405 = SHAPE_REPRESENTATION('',(#11,#2406),#2410);
#2406 = AXIS2_PLACEMENT_3D('',#2407,#2408,#2409);
#2407 = CARTESIAN_POINT('',(0.,0.,0.));
#2408 = DIRECTION('',(0.,0.,1.));
#2409 = DIRECTION('',(1.,0.,-0.));
#2410 = ( GEOMETRIC_REPRESENTATION_CONTEXT(3) GLOBAL_UNCERTAINTY_ASSIGNED_CONTEXT((#2414)) GLOBAL_UNIT_ASSIGNED_CONTEXT((#2411,#2412,#2413)) REPRESENTATION_CONTEXT('Context #1','3D Context with UNIT and UNCERTAINTY') );
#2411 = ( LENGTH_UNIT() NAMED_UNIT(*) SI_UNIT(.MILLI.,.METRE.) );
#2412 = ( NAMED_UNIT(*) PLANE_ANGLE_UNIT() SI_UNIT($,.RADIAN.) );
#2413 = ( NAMED_UNIT(*) SI_UNIT($,.STERADIAN.) SOLID_ANGLE_UNIT() );
#2414 = UNCERTAINTY_MEASURE_WITH_UNIT(LENGTH_MEASURE(5.E-07),#2411,  'distance_accuracy_value','confusion accuracy');
#2415 = CONTEXT_DEPENDENT_SHAPE_REPRESENTATION(#2416,#2418);
#2416 = ( REPRESENTATION_RELATIONSHIP('','',#2405,#10) REPRESENTATION_RELATIONSHIP_WITH_TRANSFORMATION(#2417) SHAPE_REPRESENTATION_RELATIONSHIP() );
#2417 = ITEM_DEFINED_TRANSFORMATION('','',#11,#79);
#2418 = PRODUCT_DEFINITION_SHAPE('Placement','Placement of an item',  #2419);
#2419 = NEXT_ASSEMBLY_USAGE_OCCURRENCE('29','=>[0:1:1:24]','',#5,#2400,$  );
#2420 = PRODUCT_RELATED_PRODUCT_CATEGORY('part',$,(#2402));
#2421 = SHAPE_DEFINITION_REPRESENTATION(#2422,#2428);
#2422 = PRODUCT_DEFINITION_SHAPE('','',#2423);
#2423 = PRODUCT_DEFINITION('design','',#2424,#2427);
#2424 = PRODUCT_DEFINITION_FORMATION('','',#2425);
#2425 = PRODUCT('SOT-23-5_L2.9-W1.6-P0.95-LS2.8-BR~SOT-23-5_L2.9-W1.6-P0.95-LS2.8-BR~CMJN','SOT-23-5_L2.9-W1.6-P0.95-LS2.8-BR~SOT-23-5_L2.9-W1.6-P0.95-LS2.8-BR~CMJN','',(#2426));
#2426 = PRODUCT_CONTEXT('',#2,'mechanical');
#2427 = PRODUCT_DEFINITION_CONTEXT('part definition',#2,'design');
#2428 = ADVANCED_BREP_SHAPE_REPRESENTATION('',(#11,#2429),#2567);
#2429 = MANIFOLD_SOLID_BREP('',#2430);
#2430 = CLOSED_SHELL('',(#2431,#2467,#2503,#2523,#2543,#2555));
#2431 = ADVANCED_FACE('',(#2432),#2462,.F.);
#2432 = FACE_BOUND('',#2433,.F.);
#2433 = EDGE_LOOP('',(#2434,#2443,#2450,#2457));
#2434 = ORIENTED_EDGE('',*,*,#2435,.F.);
#2435 = EDGE_CURVE('',#2436,#2438,#2440,.T.);
#2436 = VERTEX_POINT('',#2437);
#2437 = CARTESIAN_POINT('',(1.45,-1.45,0.));
#2438 = VERTEX_POINT('',#2439);
#2439 = CARTESIAN_POINT('',(1.45,-1.45,0.762001524003));
#2440 = B_SPLINE_CURVE_WITH_KNOTS('',1,(#2441,#2442),.UNSPECIFIED.,.F.,  .F.,(2,2),(0.,0.762001524003),.PIECEWISE_BEZIER_KNOTS.);
#2441 = CARTESIAN_POINT('',(1.45,-1.45,0.));
#2442 = CARTESIAN_POINT('',(1.45,-1.45,0.762001524003));
#2443 = ORIENTED_EDGE('',*,*,#2444,.T.);
#2444 = EDGE_CURVE('',#2436,#2445,#2447,.T.);
#2445 = VERTEX_POINT('',#2446);
#2446 = CARTESIAN_POINT('',(-1.45,-1.45,0.));
#2447 = B_SPLINE_CURVE_WITH_KNOTS('',1,(#2448,#2449),.UNSPECIFIED.,.F.,  .F.,(2,2),(0.,0.762001524003),.PIECEWISE_BEZIER_KNOTS.);
#2448 = CARTESIAN_POINT('',(1.45,-1.45,0.));
#2449 = CARTESIAN_POINT('',(-1.45,-1.45,0.));
#2450 = ORIENTED_EDGE('',*,*,#2451,.T.);
#2451 = EDGE_CURVE('',#2445,#2452,#2454,.T.);
#2452 = VERTEX_POINT('',#2453);
#2453 = CARTESIAN_POINT('',(-1.45,-1.45,0.762001524003));
#2454 = B_SPLINE_CURVE_WITH_KNOTS('',1,(#2455,#2456),.UNSPECIFIED.,.F.,  .F.,(2,2),(0.,0.762001524003),.PIECEWISE_BEZIER_KNOTS.);
#2455 = CARTESIAN_POINT('',(-1.45,-1.45,0.));
#2456 = CARTESIAN_POINT('',(-1.45,-1.45,0.762001524003));
#2457 = ORIENTED_EDGE('',*,*,#2458,.F.);
#2458 = EDGE_CURVE('',#2438,#2452,#2459,.T.);
#2459 = B_SPLINE_CURVE_WITH_KNOTS('',1,(#2460,#2461),.UNSPECIFIED.,.F.,  .F.,(2,2),(0.,0.762001524003),.PIECEWISE_BEZIER_KNOTS.);
#2460 = CARTESIAN_POINT('',(1.45,-1.45,0.762001524003));
#2461 = CARTESIAN_POINT('',(-1.45,-1.45,0.762001524003));
#2462 = B_SPLINE_SURFACE_WITH_KNOTS('',1,1,(    (#2463,#2464)    ,(#2465,#2466    )),.UNSPECIFIED.,.F.,.F.,.F.,(2,2),(2,2),(0.,0.762001524003),(    -0.762001524003,0.),.PIECEWISE_BEZIER_KNOTS.);
#2463 = CARTESIAN_POINT('',(-1.45,-1.45,0.));
#2464 = CARTESIAN_POINT('',(1.45,-1.45,0.));
#2465 = CARTESIAN_POINT('',(-1.45,-1.45,0.762001524003));
#2466 = CARTESIAN_POINT('',(1.45,-1.45,0.762001524003));
#2467 = ADVANCED_FACE('',(#2468),#2498,.T.);
#2468 = FACE_BOUND('',#2469,.T.);
#2469 = EDGE_LOOP('',(#2470,#2479,#2486,#2493));
#2470 = ORIENTED_EDGE('',*,*,#2471,.F.);
#2471 = EDGE_CURVE('',#2472,#2474,#2476,.T.);
#2472 = VERTEX_POINT('',#2473);
#2473 = CARTESIAN_POINT('',(1.45,1.45,0.));
#2474 = VERTEX_POINT('',#2475);
#2475 = CARTESIAN_POINT('',(1.45,1.45,0.762001524003));
#2476 = B_SPLINE_CURVE_WITH_KNOTS('',1,(#2477,#2478),.UNSPECIFIED.,.F.,  .F.,(2,2),(0.,0.762001524003),.PIECEWISE_BEZIER_KNOTS.);
#2477 = CARTESIAN_POINT('',(1.45,1.45,0.));
#2478 = CARTESIAN_POINT('',(1.45,1.45,0.762001524003));
#2479 = ORIENTED_EDGE('',*,*,#2480,.T.);
#2480 = EDGE_CURVE('',#2472,#2481,#2483,.T.);
#2481 = VERTEX_POINT('',#2482);
#2482 = CARTESIAN_POINT('',(-1.45,1.45,0.));
#2483 = B_SPLINE_CURVE_WITH_KNOTS('',1,(#2484,#2485),.UNSPECIFIED.,.F.,  .F.,(2,2),(0.,0.762001524003),.PIECEWISE_BEZIER_KNOTS.);
#2484 = CARTESIAN_POINT('',(1.45,1.45,0.));
#2485 = CARTESIAN_POINT('',(-1.45,1.45,0.));
#2486 = ORIENTED_EDGE('',*,*,#2487,.T.);
#2487 = EDGE_CURVE('',#2481,#2488,#2490,.T.);
#2488 = VERTEX_POINT('',#2489);
#2489 = CARTESIAN_POINT('',(-1.45,1.45,0.762001524003));
#2490 = B_SPLINE_CURVE_WITH_KNOTS('',1,(#2491,#2492),.UNSPECIFIED.,.F.,  .F.,(2,2),(0.,0.762001524003),.PIECEWISE_BEZIER_KNOTS.);
#2491 = CARTESIAN_POINT('',(-1.45,1.45,0.));
#2492 = CARTESIAN_POINT('',(-1.45,1.45,0.762001524003));
#2493 = ORIENTED_EDGE('',*,*,#2494,.F.);
#2494 = EDGE_CURVE('',#2474,#2488,#2495,.T.);
#2495 = B_SPLINE_CURVE_WITH_KNOTS('',1,(#2496,#2497),.UNSPECIFIED.,.F.,  .F.,(2,2),(0.,0.762001524003),.PIECEWISE_BEZIER_KNOTS.);
#2496 = CARTESIAN_POINT('',(1.45,1.45,0.762001524003));
#2497 = CARTESIAN_POINT('',(-1.45,1.45,0.762001524003));
#2498 = B_SPLINE_SURFACE_WITH_KNOTS('',1,1,(    (#2499,#2500)    ,(#2501,#2502    )),.UNSPECIFIED.,.F.,.F.,.F.,(2,2),(2,2),(0.,0.762001524003),(    -0.762001524003,0.),.PIECEWISE_BEZIER_KNOTS.);
#2499 = CARTESIAN_POINT('',(-1.45,1.45,0.));
#2500 = CARTESIAN_POINT('',(1.45,1.45,0.));
#2501 = CARTESIAN_POINT('',(-1.45,1.45,0.762001524003));
#2502 = CARTESIAN_POINT('',(1.45,1.45,0.762001524003));
#2503 = ADVANCED_FACE('',(#2504),#2518,.F.);
#2504 = FACE_BOUND('',#2505,.F.);
#2505 = EDGE_LOOP('',(#2506,#2511,#2512,#2517));
#2506 = ORIENTED_EDGE('',*,*,#2507,.F.);
#2507 = EDGE_CURVE('',#2436,#2472,#2508,.T.);
#2508 = B_SPLINE_CURVE_WITH_KNOTS('',1,(#2509,#2510),.UNSPECIFIED.,.F.,  .F.,(2,2),(0.,0.762001524003),.PIECEWISE_BEZIER_KNOTS.);
#2509 = CARTESIAN_POINT('',(1.45,-1.45,0.));
#2510 = CARTESIAN_POINT('',(1.45,1.45,0.));
#2511 = ORIENTED_EDGE('',*,*,#2435,.T.);
#2512 = ORIENTED_EDGE('',*,*,#2513,.T.);
#2513 = EDGE_CURVE('',#2438,#2474,#2514,.T.);
#2514 = B_SPLINE_CURVE_WITH_KNOTS('',1,(#2515,#2516),.UNSPECIFIED.,.F.,  .F.,(2,2),(0.,0.762001524003),.PIECEWISE_BEZIER_KNOTS.);
#2515 = CARTESIAN_POINT('',(1.45,-1.45,0.762001524003));
#2516 = CARTESIAN_POINT('',(1.45,1.45,0.762001524003));
#2517 = ORIENTED_EDGE('',*,*,#2471,.F.);
#2518 = B_SPLINE_SURFACE_WITH_KNOTS('',1,1,(    (#2519,#2520)    ,(#2521,#2522    )),.UNSPECIFIED.,.F.,.F.,.F.,(2,2),(2,2),(0.,0.762001524003),(0.,    0.762001524003),.PIECEWISE_BEZIER_KNOTS.);
#2519 = CARTESIAN_POINT('',(1.45,-1.45,0.));
#2520 = CARTESIAN_POINT('',(1.45,1.45,0.));
#2521 = CARTESIAN_POINT('',(1.45,-1.45,0.762001524003));
#2522 = CARTESIAN_POINT('',(1.45,1.45,0.762001524003));
#2523 = ADVANCED_FACE('',(#2524),#2538,.T.);
#2524 = FACE_BOUND('',#2525,.T.);
#2525 = EDGE_LOOP('',(#2526,#2531,#2532,#2537));
#2526 = ORIENTED_EDGE('',*,*,#2527,.F.);
#2527 = EDGE_CURVE('',#2445,#2481,#2528,.T.);
#2528 = B_SPLINE_CURVE_WITH_KNOTS('',1,(#2529,#2530),.UNSPECIFIED.,.F.,  .F.,(2,2),(0.,0.762001524003),.PIECEWISE_BEZIER_KNOTS.);
#2529 = CARTESIAN_POINT('',(-1.45,-1.45,0.));
#2530 = CARTESIAN_POINT('',(-1.45,1.45,0.));
#2531 = ORIENTED_EDGE('',*,*,#2451,.T.);
#2532 = ORIENTED_EDGE('',*,*,#2533,.T.);
#2533 = EDGE_CURVE('',#2452,#2488,#2534,.T.);
#2534 = B_SPLINE_CURVE_WITH_KNOTS('',1,(#2535,#2536),.UNSPECIFIED.,.F.,  .F.,(2,2),(0.,0.762001524003),.PIECEWISE_BEZIER_KNOTS.);
#2535 = CARTESIAN_POINT('',(-1.45,-1.45,0.762001524003));
#2536 = CARTESIAN_POINT('',(-1.45,1.45,0.762001524003));
#2537 = ORIENTED_EDGE('',*,*,#2487,.F.);
#2538 = B_SPLINE_SURFACE_WITH_KNOTS('',1,1,(    (#2539,#2540)    ,(#2541,#2542    )),.UNSPECIFIED.,.F.,.F.,.F.,(2,2),(2,2),(0.,0.762001524003),(0.,    0.762001524003),.PIECEWISE_BEZIER_KNOTS.);
#2539 = CARTESIAN_POINT('',(-1.45,-1.45,0.));
#2540 = CARTESIAN_POINT('',(-1.45,1.45,0.));
#2541 = CARTESIAN_POINT('',(-1.45,-1.45,0.762001524003));
#2542 = CARTESIAN_POINT('',(-1.45,1.45,0.762001524003));
#2543 = ADVANCED_FACE('',(#2544),#2550,.F.);
#2544 = FACE_BOUND('',#2545,.F.);
#2545 = EDGE_LOOP('',(#2546,#2547,#2548,#2549));
#2546 = ORIENTED_EDGE('',*,*,#2444,.F.);
#2547 = ORIENTED_EDGE('',*,*,#2507,.T.);
#2548 = ORIENTED_EDGE('',*,*,#2480,.T.);
#2549 = ORIENTED_EDGE('',*,*,#2527,.F.);
#2550 = B_SPLINE_SURFACE_WITH_KNOTS('',1,1,(    (#2551,#2552)    ,(#2553,#2554    )),.UNSPECIFIED.,.F.,.F.,.F.,(2,2),(2,2),(0.,0.762001524003),(0.,    0.762001524003),.PIECEWISE_BEZIER_KNOTS.);
#2551 = CARTESIAN_POINT('',(1.45,-1.45,0.));
#2552 = CARTESIAN_POINT('',(-1.45,-1.45,0.));
#2553 = CARTESIAN_POINT('',(1.45,1.45,0.));
#2554 = CARTESIAN_POINT('',(-1.45,1.45,0.));
#2555 = ADVANCED_FACE('',(#2556),#2562,.T.);
#2556 = FACE_BOUND('',#2557,.T.);
#2557 = EDGE_LOOP('',(#2558,#2559,#2560,#2561));
#2558 = ORIENTED_EDGE('',*,*,#2458,.F.);
#2559 = ORIENTED_EDGE('',*,*,#2513,.T.);
#2560 = ORIENTED_EDGE('',*,*,#2494,.T.);
#2561 = ORIENTED_EDGE('',*,*,#2533,.F.);
#2562 = B_SPLINE_SURFACE_WITH_KNOTS('',1,1,(    (#2563,#2564)    ,(#2565,#2566    )),.UNSPECIFIED.,.F.,.F.,.F.,(2,2),(2,2),(0.,0.762001524003),(0.,    0.762001524003),.PIECEWISE_BEZIER_KNOTS.);
#2563 = CARTESIAN_POINT('',(1.45,-1.45,0.762001524003));
#2564 = CARTESIAN_POINT('',(-1.45,-1.45,0.762001524003));
#2565 = CARTESIAN_POINT('',(1.45,1.45,0.762001524003));
#2566 = CARTESIAN_POINT('',(-1.45,1.45,0.762001524003));
#2567 = ( GEOMETRIC_REPRESENTATION_CONTEXT(3) GLOBAL_UNCERTAINTY_ASSIGNED_CONTEXT((#2571)) GLOBAL_UNIT_ASSIGNED_CONTEXT((#2568,#2569,#2570)) REPRESENTATION_CONTEXT('Context #1','3D Context with UNIT and UNCERTAINTY') );
#2568 = ( LENGTH_UNIT() NAMED_UNIT(*) SI_UNIT(.MILLI.,.METRE.) );
#2569 = ( NAMED_UNIT(*) PLANE_ANGLE_UNIT() SI_UNIT($,.RADIAN.) );
#2570 = ( NAMED_UNIT(*) SI_UNIT($,.STERADIAN.) SOLID_ANGLE_UNIT() );
#2571 = UNCERTAINTY_MEASURE_WITH_UNIT(LENGTH_MEASURE(5.E-07),#2568,  'distance_accuracy_value','confusion accuracy');
#2572 = CONTEXT_DEPENDENT_SHAPE_REPRESENTATION(#2573,#2575);
#2573 = ( REPRESENTATION_RELATIONSHIP('','',#2428,#2405) REPRESENTATION_RELATIONSHIP_WITH_TRANSFORMATION(#2574) SHAPE_REPRESENTATION_RELATIONSHIP() );
#2574 = ITEM_DEFINED_TRANSFORMATION('','',#11,#2406);
#2575 = PRODUCT_DEFINITION_SHAPE('Placement','Placement of an item',  #2576);
#2576 = NEXT_ASSEMBLY_USAGE_OCCURRENCE('28','=>[0:1:1:23]','',#2400,  #2423,$);
#2577 = PRODUCT_RELATED_PRODUCT_CATEGORY('part',$,(#2425));
#2578 = SHAPE_DEFINITION_REPRESENTATION(#2579,#2585);
#2579 = PRODUCT_DEFINITION_SHAPE('','',#2580);
#2580 = PRODUCT_DEFINITION('design','',#2581,#2584);
#2581 = PRODUCT_DEFINITION_FORMATION('','',#2582);
#2582 = PRODUCT('U3~SOT-23-5_L2.9-W1.6-P0.95-LS2.8-BR~SOT-23-5_L2.9-W1.6-P0.95-LS2.8-BR~CMJN','U3~SOT-23-5_L2.9-W1.6-P0.95-LS2.8-BR~SOT-23-5_L2.9-W1.6-P0.95-LS2.8-BR~CMJN','',(#2583));
#2583 = PRODUCT_CONTEXT('',#2,'mechanical');
#2584 = PRODUCT_DEFINITION_CONTEXT('part definition',#2,'design');
#2585 = SHAPE_REPRESENTATION('',(#11,#2586),#2590);
#2586 = AXIS2_PLACEMENT_3D('',#2587,#2588,#2589);
#2587 = CARTESIAN_POINT('',(0.,0.,0.));
#2588 = DIRECTION('',(0.,0.,1.));
#2589 = DIRECTION('',(1.,0.,-0.));
#2590 = ( GEOMETRIC_REPRESENTATION_CONTEXT(3) GLOBAL_UNCERTAINTY_ASSIGNED_CONTEXT((#2594)) GLOBAL_UNIT_ASSIGNED_CONTEXT((#2591,#2592,#2593)) REPRESENTATION_CONTEXT('Context #1','3D Context with UNIT and UNCERTAINTY') );
#2591 = ( LENGTH_UNIT() NAMED_UNIT(*) SI_UNIT(.MILLI.,.METRE.) );
#2592 = ( NAMED_UNIT(*) PLANE_ANGLE_UNIT() SI_UNIT($,.RADIAN.) );
#2593 = ( NAMED_UNIT(*) SI_UNIT($,.STERADIAN.) SOLID_ANGLE_UNIT() );
#2594 = UNCERTAINTY_MEASURE_WITH_UNIT(LENGTH_MEASURE(5.E-07),#2591,  'distance_accuracy_value','confusion accuracy');
#2595 = CONTEXT_DEPENDENT_SHAPE_REPRESENTATION(#2596,#2598);
#2596 = ( REPRESENTATION_RELATIONSHIP('','',#2585,#10) REPRESENTATION_RELATIONSHIP_WITH_TRANSFORMATION(#2597) SHAPE_REPRESENTATION_RELATIONSHIP() );
#2597 = ITEM_DEFINED_TRANSFORMATION('','',#11,#83);
#2598 = PRODUCT_DEFINITION_SHAPE('Placement','Placement of an item',  #2599);
#2599 = NEXT_ASSEMBLY_USAGE_OCCURRENCE('31','=>[0:1:1:25]','',#5,#2580,$  );
#2600 = PRODUCT_RELATED_PRODUCT_CATEGORY('part',$,(#2582));
#2601 = CONTEXT_DEPENDENT_SHAPE_REPRESENTATION(#2602,#2604);
#2602 = ( REPRESENTATION_RELATIONSHIP('','',#2428,#2585) REPRESENTATION_RELATIONSHIP_WITH_TRANSFORMATION(#2603) SHAPE_REPRESENTATION_RELATIONSHIP() );
#2603 = ITEM_DEFINED_TRANSFORMATION('','',#11,#2586);
#2604 = PRODUCT_DEFINITION_SHAPE('Placement','Placement of an item',  #2605);
#2605 = NEXT_ASSEMBLY_USAGE_OCCURRENCE('30','','',#2580,#2423,$);
#2606 = SHAPE_DEFINITION_REPRESENTATION(#2607,#2613);
#2607 = PRODUCT_DEFINITION_SHAPE('','',#2608);
#2608 = PRODUCT_DEFINITION('design','',#2609,#2612);
#2609 = PRODUCT_DEFINITION_FORMATION('','',#2610);
#2610 = PRODUCT('RA8P1~FPC-SMD_20P-P0.50_FPC-05FB-20PH20~FPC-SMD_20P-P0.50_FPC-05FB-20PH20~CMJN','RA8P1~FPC-SMD_20P-P0.50_FPC-05FB-20PH20~FPC-SMD_20P-P0.50_FPC-05FB-20PH20~CMJN','',(#2611));
#2611 = PRODUCT_CONTEXT('',#2,'mechanical');
#2612 = PRODUCT_DEFINITION_CONTEXT('part definition',#2,'design');
#2613 = SHAPE_REPRESENTATION('',(#11,#2614),#2618);
#2614 = AXIS2_PLACEMENT_3D('',#2615,#2616,#2617);
#2615 = CARTESIAN_POINT('',(0.,0.,0.));
#2616 = DIRECTION('',(0.,0.,1.));
#2617 = DIRECTION('',(1.,0.,-0.));
#2618 = ( GEOMETRIC_REPRESENTATION_CONTEXT(3) GLOBAL_UNCERTAINTY_ASSIGNED_CONTEXT((#2622)) GLOBAL_UNIT_ASSIGNED_CONTEXT((#2619,#2620,#2621)) REPRESENTATION_CONTEXT('Context #1','3D Context with UNIT and UNCERTAINTY') );
#2619 = ( LENGTH_UNIT() NAMED_UNIT(*) SI_UNIT(.MILLI.,.METRE.) );
#2620 = ( NAMED_UNIT(*) PLANE_ANGLE_UNIT() SI_UNIT($,.RADIAN.) );
#2621 = ( NAMED_UNIT(*) SI_UNIT($,.STERADIAN.) SOLID_ANGLE_UNIT() );
#2622 = UNCERTAINTY_MEASURE_WITH_UNIT(LENGTH_MEASURE(2.E-06),#2619,  'distance_accuracy_value','confusion accuracy');
#2623 = CONTEXT_DEPENDENT_SHAPE_REPRESENTATION(#2624,#2626);
#2624 = ( REPRESENTATION_RELATIONSHIP('','',#2613,#10) REPRESENTATION_RELATIONSHIP_WITH_TRANSFORMATION(#2625) SHAPE_REPRESENTATION_RELATIONSHIP() );
#2625 = ITEM_DEFINED_TRANSFORMATION('','',#11,#87);
#2626 = PRODUCT_DEFINITION_SHAPE('Placement','Placement of an item',  #2627);
#2627 = NEXT_ASSEMBLY_USAGE_OCCURRENCE('33','=>[0:1:1:27]','',#5,#2608,$  );
#2628 = PRODUCT_RELATED_PRODUCT_CATEGORY('part',$,(#2610));
#2629 = SHAPE_DEFINITION_REPRESENTATION(#2630,#2636);
#2630 = PRODUCT_DEFINITION_SHAPE('','',#2631);
#2631 = PRODUCT_DEFINITION('design','',#2632,#2635);
#2632 = PRODUCT_DEFINITION_FORMATION('','',#2633);
#2633 = PRODUCT('FPC-SMD_20P-P0.50_FPC-05FB-20PH20~FPC-SMD_20P-P0.50_FPC-05FB-20PH20~CMJN','FPC-SMD_20P-P0.50_FPC-05FB-20PH20~FPC-SMD_20P-P0.50_FPC-05FB-20PH20~CMJN','',(#2634));
#2634 = PRODUCT_CONTEXT('',#2,'mechanical');
#2635 = PRODUCT_DEFINITION_CONTEXT('part definition',#2,'design');
#2636 = ADVANCED_BREP_SHAPE_REPRESENTATION('',(#11,#2637),#2775);
#2637 = MANIFOLD_SOLID_BREP('',#2638);
#2638 = CLOSED_SHELL('',(#2639,#2675,#2711,#2731,#2751,#2763));
#2639 = ADVANCED_FACE('',(#2640),#2670,.F.);
#2640 = FACE_BOUND('',#2641,.F.);
#2641 = EDGE_LOOP('',(#2642,#2651,#2658,#2665));
#2642 = ORIENTED_EDGE('',*,*,#2643,.F.);
#2643 = EDGE_CURVE('',#2644,#2646,#2648,.T.);
#2644 = VERTEX_POINT('',#2645);
#2645 = CARTESIAN_POINT('',(-6.749898399797,-3.574993649987,0.));
#2646 = VERTEX_POINT('',#2647);
#2647 = CARTESIAN_POINT('',(-6.749898399797,-3.574993649987,    0.762001524003));
#2648 = B_SPLINE_CURVE_WITH_KNOTS('',1,(#2649,#2650),.UNSPECIFIED.,.F.,  .F.,(2,2),(0.,0.762001524003),.PIECEWISE_BEZIER_KNOTS.);
#2649 = CARTESIAN_POINT('',(-6.749898399797,-3.574993649987,0.));
#2650 = CARTESIAN_POINT('',(-6.749898399797,-3.574993649987,    0.762001524003));
#2651 = ORIENTED_EDGE('',*,*,#2652,.T.);
#2652 = EDGE_CURVE('',#2644,#2653,#2655,.T.);
#2653 = VERTEX_POINT('',#2654);
#2654 = CARTESIAN_POINT('',(-6.749898399797,1.925006350013,0.));
#2655 = B_SPLINE_CURVE_WITH_KNOTS('',1,(#2656,#2657),.UNSPECIFIED.,.F.,  .F.,(2,2),(0.,0.762001524003),.PIECEWISE_BEZIER_KNOTS.);
#2656 = CARTESIAN_POINT('',(-6.749898399797,-3.574993649987,0.));
#2657 = CARTESIAN_POINT('',(-6.749898399797,1.925006350013,0.));
#2658 = ORIENTED_EDGE('',*,*,#2659,.T.);
#2659 = EDGE_CURVE('',#2653,#2660,#2662,.T.);
#2660 = VERTEX_POINT('',#2661);
#2661 = CARTESIAN_POINT('',(-6.749898399797,1.925006350013,    0.762001524003));
#2662 = B_SPLINE_CURVE_WITH_KNOTS('',1,(#2663,#2664),.UNSPECIFIED.,.F.,  .F.,(2,2),(0.,0.762001524003),.PIECEWISE_BEZIER_KNOTS.);
#2663 = CARTESIAN_POINT('',(-6.749898399797,1.925006350013,0.));
#2664 = CARTESIAN_POINT('',(-6.749898399797,1.925006350013,    0.762001524003));
#2665 = ORIENTED_EDGE('',*,*,#2666,.F.);
#2666 = EDGE_CURVE('',#2646,#2660,#2667,.T.);
#2667 = B_SPLINE_CURVE_WITH_KNOTS('',1,(#2668,#2669),.UNSPECIFIED.,.F.,  .F.,(2,2),(0.,0.762001524003),.PIECEWISE_BEZIER_KNOTS.);
#2668 = CARTESIAN_POINT('',(-6.749898399797,-3.574993649987,    0.762001524003));
#2669 = CARTESIAN_POINT('',(-6.749898399797,1.925006350013,    0.762001524003));
#2670 = B_SPLINE_SURFACE_WITH_KNOTS('',1,1,(    (#2671,#2672)    ,(#2673,#2674    )),.UNSPECIFIED.,.F.,.F.,.F.,(2,2),(2,2),(0.,0.762001524003),(    -0.762001524003,0.),.PIECEWISE_BEZIER_KNOTS.);
#2671 = CARTESIAN_POINT('',(-6.749898399797,1.925006350013,0.));
#2672 = CARTESIAN_POINT('',(-6.749898399797,-3.574993649987,0.));
#2673 = CARTESIAN_POINT('',(-6.749898399797,1.925006350013,    0.762001524003));
#2674 = CARTESIAN_POINT('',(-6.749898399797,-3.574993649987,    0.762001524003));
#2675 = ADVANCED_FACE('',(#2676),#2706,.T.);
#2676 = FACE_BOUND('',#2677,.T.);
#2677 = EDGE_LOOP('',(#2678,#2687,#2694,#2701));
#2678 = ORIENTED_EDGE('',*,*,#2679,.F.);
#2679 = EDGE_CURVE('',#2680,#2682,#2684,.T.);
#2680 = VERTEX_POINT('',#2681);
#2681 = CARTESIAN_POINT('',(6.750101600203,-3.574993649987,0.));
#2682 = VERTEX_POINT('',#2683);
#2683 = CARTESIAN_POINT('',(6.750101600203,-3.574993649987,    0.762001524003));
#2684 = B_SPLINE_CURVE_WITH_KNOTS('',1,(#2685,#2686),.UNSPECIFIED.,.F.,  .F.,(2,2),(0.,0.762001524003),.PIECEWISE_BEZIER_KNOTS.);
#2685 = CARTESIAN_POINT('',(6.750101600203,-3.574993649987,0.));
#2686 = CARTESIAN_POINT('',(6.750101600203,-3.574993649987,    0.762001524003));
#2687 = ORIENTED_EDGE('',*,*,#2688,.T.);
#2688 = EDGE_CURVE('',#2680,#2689,#2691,.T.);
#2689 = VERTEX_POINT('',#2690);
#2690 = CARTESIAN_POINT('',(6.750101600203,1.925006350013,0.));
#2691 = B_SPLINE_CURVE_WITH_KNOTS('',1,(#2692,#2693),.UNSPECIFIED.,.F.,  .F.,(2,2),(0.,0.762001524003),.PIECEWISE_BEZIER_KNOTS.);
#2692 = CARTESIAN_POINT('',(6.750101600203,-3.574993649987,0.));
#2693 = CARTESIAN_POINT('',(6.750101600203,1.925006350013,0.));
#2694 = ORIENTED_EDGE('',*,*,#2695,.T.);
#2695 = EDGE_CURVE('',#2689,#2696,#2698,.T.);
#2696 = VERTEX_POINT('',#2697);
#2697 = CARTESIAN_POINT('',(6.750101600203,1.925006350013,0.762001524003    ));
#2698 = B_SPLINE_CURVE_WITH_KNOTS('',1,(#2699,#2700),.UNSPECIFIED.,.F.,  .F.,(2,2),(0.,0.762001524003),.PIECEWISE_BEZIER_KNOTS.);
#2699 = CARTESIAN_POINT('',(6.750101600203,1.925006350013,0.));
#2700 = CARTESIAN_POINT('',(6.750101600203,1.925006350013,0.762001524003    ));
#2701 = ORIENTED_EDGE('',*,*,#2702,.F.);
#2702 = EDGE_CURVE('',#2682,#2696,#2703,.T.);
#2703 = B_SPLINE_CURVE_WITH_KNOTS('',1,(#2704,#2705),.UNSPECIFIED.,.F.,  .F.,(2,2),(0.,0.762001524003),.PIECEWISE_BEZIER_KNOTS.);
#2704 = CARTESIAN_POINT('',(6.750101600203,-3.574993649987,    0.762001524003));
#2705 = CARTESIAN_POINT('',(6.750101600203,1.925006350013,0.762001524003    ));
#2706 = B_SPLINE_SURFACE_WITH_KNOTS('',1,1,(    (#2707,#2708)    ,(#2709,#2710    )),.UNSPECIFIED.,.F.,.F.,.F.,(2,2),(2,2),(0.,0.762001524003),(    -0.762001524003,0.),.PIECEWISE_BEZIER_KNOTS.);
#2707 = CARTESIAN_POINT('',(6.750101600203,1.925006350013,0.));
#2708 = CARTESIAN_POINT('',(6.750101600203,-3.574993649987,0.));
#2709 = CARTESIAN_POINT('',(6.750101600203,1.925006350013,0.762001524003    ));
#2710 = CARTESIAN_POINT('',(6.750101600203,-3.574993649987,    0.762001524003));
#2711 = ADVANCED_FACE('',(#2712),#2726,.F.);
#2712 = FACE_BOUND('',#2713,.F.);
#2713 = EDGE_LOOP('',(#2714,#2719,#2720,#2725));
#2714 = ORIENTED_EDGE('',*,*,#2715,.F.);
#2715 = EDGE_CURVE('',#2644,#2680,#2716,.T.);
#2716 = B_SPLINE_CURVE_WITH_KNOTS('',1,(#2717,#2718),.UNSPECIFIED.,.F.,  .F.,(2,2),(0.,0.762001524003),.PIECEWISE_BEZIER_KNOTS.);
#2717 = CARTESIAN_POINT('',(-6.749898399797,-3.574993649987,0.));
#2718 = CARTESIAN_POINT('',(6.750101600203,-3.574993649987,0.));
#2719 = ORIENTED_EDGE('',*,*,#2643,.T.);
#2720 = ORIENTED_EDGE('',*,*,#2721,.T.);
#2721 = EDGE_CURVE('',#2646,#2682,#2722,.T.);
#2722 = B_SPLINE_CURVE_WITH_KNOTS('',1,(#2723,#2724),.UNSPECIFIED.,.F.,  .F.,(2,2),(0.,0.762001524003),.PIECEWISE_BEZIER_KNOTS.);
#2723 = CARTESIAN_POINT('',(-6.749898399797,-3.574993649987,    0.762001524003));
#2724 = CARTESIAN_POINT('',(6.750101600203,-3.574993649987,    0.762001524003));
#2725 = ORIENTED_EDGE('',*,*,#2679,.F.);
#2726 = B_SPLINE_SURFACE_WITH_KNOTS('',1,1,(    (#2727,#2728)    ,(#2729,#2730    )),.UNSPECIFIED.,.F.,.F.,.F.,(2,2),(2,2),(0.,0.762001524003),(0.,    0.762001524003),.PIECEWISE_BEZIER_KNOTS.);
#2727 = CARTESIAN_POINT('',(-6.749898399797,-3.574993649987,0.));
#2728 = CARTESIAN_POINT('',(6.750101600203,-3.574993649987,0.));
#2729 = CARTESIAN_POINT('',(-6.749898399797,-3.574993649987,    0.762001524003));
#2730 = CARTESIAN_POINT('',(6.750101600203,-3.574993649987,    0.762001524003));
#2731 = ADVANCED_FACE('',(#2732),#2746,.T.);
#2732 = FACE_BOUND('',#2733,.T.);
#2733 = EDGE_LOOP('',(#2734,#2739,#2740,#2745));
#2734 = ORIENTED_EDGE('',*,*,#2735,.F.);
#2735 = EDGE_CURVE('',#2653,#2689,#2736,.T.);
#2736 = B_SPLINE_CURVE_WITH_KNOTS('',1,(#2737,#2738),.UNSPECIFIED.,.F.,  .F.,(2,2),(0.,0.762001524003),.PIECEWISE_BEZIER_KNOTS.);
#2737 = CARTESIAN_POINT('',(-6.749898399797,1.925006350013,0.));
#2738 = CARTESIAN_POINT('',(6.750101600203,1.925006350013,0.));
#2739 = ORIENTED_EDGE('',*,*,#2659,.T.);
#2740 = ORIENTED_EDGE('',*,*,#2741,.T.);
#2741 = EDGE_CURVE('',#2660,#2696,#2742,.T.);
#2742 = B_SPLINE_CURVE_WITH_KNOTS('',1,(#2743,#2744),.UNSPECIFIED.,.F.,  .F.,(2,2),(0.,0.762001524003),.PIECEWISE_BEZIER_KNOTS.);
#2743 = CARTESIAN_POINT('',(-6.749898399797,1.925006350013,    0.762001524003));
#2744 = CARTESIAN_POINT('',(6.750101600203,1.925006350013,0.762001524003    ));
#2745 = ORIENTED_EDGE('',*,*,#2695,.F.);
#2746 = B_SPLINE_SURFACE_WITH_KNOTS('',1,1,(    (#2747,#2748)    ,(#2749,#2750    )),.UNSPECIFIED.,.F.,.F.,.F.,(2,2),(2,2),(0.,0.762001524003),(0.,    0.762001524003),.PIECEWISE_BEZIER_KNOTS.);
#2747 = CARTESIAN_POINT('',(-6.749898399797,1.925006350013,0.));
#2748 = CARTESIAN_POINT('',(6.750101600203,1.925006350013,0.));
#2749 = CARTESIAN_POINT('',(-6.749898399797,1.925006350013,    0.762001524003));
#2750 = CARTESIAN_POINT('',(6.750101600203,1.925006350013,0.762001524003    ));
#2751 = ADVANCED_FACE('',(#2752),#2758,.F.);
#2752 = FACE_BOUND('',#2753,.F.);
#2753 = EDGE_LOOP('',(#2754,#2755,#2756,#2757));
#2754 = ORIENTED_EDGE('',*,*,#2652,.F.);
#2755 = ORIENTED_EDGE('',*,*,#2715,.T.);
#2756 = ORIENTED_EDGE('',*,*,#2688,.T.);
#2757 = ORIENTED_EDGE('',*,*,#2735,.F.);
#2758 = B_SPLINE_SURFACE_WITH_KNOTS('',1,1,(    (#2759,#2760)    ,(#2761,#2762    )),.UNSPECIFIED.,.F.,.F.,.F.,(2,2),(2,2),(0.,0.762001524003),(0.,    0.762001524003),.PIECEWISE_BEZIER_KNOTS.);
#2759 = CARTESIAN_POINT('',(-6.749898399797,-3.574993649987,0.));
#2760 = CARTESIAN_POINT('',(-6.749898399797,1.925006350013,0.));
#2761 = CARTESIAN_POINT('',(6.750101600203,-3.574993649987,0.));
#2762 = CARTESIAN_POINT('',(6.750101600203,1.925006350013,0.));
#2763 = ADVANCED_FACE('',(#2764),#2770,.T.);
#2764 = FACE_BOUND('',#2765,.T.);
#2765 = EDGE_LOOP('',(#2766,#2767,#2768,#2769));
#2766 = ORIENTED_EDGE('',*,*,#2666,.F.);
#2767 = ORIENTED_EDGE('',*,*,#2721,.T.);
#2768 = ORIENTED_EDGE('',*,*,#2702,.T.);
#2769 = ORIENTED_EDGE('',*,*,#2741,.F.);
#2770 = B_SPLINE_SURFACE_WITH_KNOTS('',1,1,(    (#2771,#2772)    ,(#2773,#2774    )),.UNSPECIFIED.,.F.,.F.,.F.,(2,2),(2,2),(0.,0.762001524003),(0.,    0.762001524003),.PIECEWISE_BEZIER_KNOTS.);
#2771 = CARTESIAN_POINT('',(-6.749898399797,-3.574993649987,    0.762001524003));
#2772 = CARTESIAN_POINT('',(-6.749898399797,1.925006350013,    0.762001524003));
#2773 = CARTESIAN_POINT('',(6.750101600203,-3.574993649987,    0.762001524003));
#2774 = CARTESIAN_POINT('',(6.750101600203,1.925006350013,0.762001524003    ));
#2775 = ( GEOMETRIC_REPRESENTATION_CONTEXT(3) GLOBAL_UNCERTAINTY_ASSIGNED_CONTEXT((#2779)) GLOBAL_UNIT_ASSIGNED_CONTEXT((#2776,#2777,#2778)) REPRESENTATION_CONTEXT('Context #1','3D Context with UNIT and UNCERTAINTY') );
#2776 = ( LENGTH_UNIT() NAMED_UNIT(*) SI_UNIT(.MILLI.,.METRE.) );
#2777 = ( NAMED_UNIT(*) PLANE_ANGLE_UNIT() SI_UNIT($,.RADIAN.) );
#2778 = ( NAMED_UNIT(*) SI_UNIT($,.STERADIAN.) SOLID_ANGLE_UNIT() );
#2779 = UNCERTAINTY_MEASURE_WITH_UNIT(LENGTH_MEASURE(2.E-06),#2776,  'distance_accuracy_value','confusion accuracy');
#2780 = CONTEXT_DEPENDENT_SHAPE_REPRESENTATION(#2781,#2783);
#2781 = ( REPRESENTATION_RELATIONSHIP('','',#2636,#2613) REPRESENTATION_RELATIONSHIP_WITH_TRANSFORMATION(#2782) SHAPE_REPRESENTATION_RELATIONSHIP() );
#2782 = ITEM_DEFINED_TRANSFORMATION('','',#11,#2614);
#2783 = PRODUCT_DEFINITION_SHAPE('Placement','Placement of an item',  #2784);
#2784 = NEXT_ASSEMBLY_USAGE_OCCURRENCE('32','=>[0:1:1:26]','',#2608,  #2631,$);
#2785 = PRODUCT_RELATED_PRODUCT_CATEGORY('part',$,(#2633));
#2786 = MECHANICAL_DESIGN_GEOMETRIC_PRESENTATION_REPRESENTATION('',(    #2787,#2797,#2805,#2812,#2819,#2826,#2833,#2840,#2847,#2854,#2861,    #2868,#2875,#2882,#2889,#2896,#2903,#2910,#2917,#2924,#2931,#2938,    #2945,#2952,#2959,#2966,#2973,#2980,#2987,#2994,#3001,#3008,#3015),  #1243);
#2787 = STYLED_ITEM('color',(#2788),#105);
#2788 = PRESENTATION_STYLE_ASSIGNMENT((#2789,#2795));
#2789 = SURFACE_STYLE_USAGE(.BOTH.,#2790);
#2790 = SURFACE_SIDE_STYLE('',(#2791));
#2791 = SURFACE_STYLE_FILL_AREA(#2792);
#2792 = FILL_AREA_STYLE('',(#2793));
#2793 = FILL_AREA_STYLE_COLOUR('',#2794);
#2794 = COLOUR_RGB('',0.206895373913,0.417002959305,0.619000406538);
#2795 = CURVE_STYLE('',#2796,POSITIVE_LENGTH_MEASURE(0.1),#2794);
#2796 = DRAUGHTING_PRE_DEFINED_CURVE_FONT('continuous');
#2797 = OVER_RIDING_STYLED_ITEM('overriding color',(#2798),#107,#2787);
#2798 = PRESENTATION_STYLE_ASSIGNMENT((#2799));
#2799 = SURFACE_STYLE_USAGE(.BOTH.,#2800);
#2800 = SURFACE_SIDE_STYLE('',(#2801));
#2801 = SURFACE_STYLE_FILL_AREA(#2802);
#2802 = FILL_AREA_STYLE('',(#2803));
#2803 = FILL_AREA_STYLE_COLOUR('',#2804);
#2804 = COLOUR_RGB('',0.937179583391,0.9357410338,0.649182888601);
#2805 = OVER_RIDING_STYLED_ITEM('overriding color',(#2806),#147,#2787);
#2806 = PRESENTATION_STYLE_ASSIGNMENT((#2807));
#2807 = SURFACE_STYLE_USAGE(.BOTH.,#2808);
#2808 = SURFACE_SIDE_STYLE('',(#2809));
#2809 = SURFACE_STYLE_FILL_AREA(#2810);
#2810 = FILL_AREA_STYLE('',(#2811));
#2811 = FILL_AREA_STYLE_COLOUR('',#2804);
#2812 = OVER_RIDING_STYLED_ITEM('overriding color',(#2813),#180,#2787);
#2813 = PRESENTATION_STYLE_ASSIGNMENT((#2814));
#2814 = SURFACE_STYLE_USAGE(.BOTH.,#2815);
#2815 = SURFACE_SIDE_STYLE('',(#2816));
#2816 = SURFACE_STYLE_FILL_AREA(#2817);
#2817 = FILL_AREA_STYLE('',(#2818));
#2818 = FILL_AREA_STYLE_COLOUR('',#2804);
#2819 = OVER_RIDING_STYLED_ITEM('overriding color',(#2820),#211,#2787);
#2820 = PRESENTATION_STYLE_ASSIGNMENT((#2821));
#2821 = SURFACE_STYLE_USAGE(.BOTH.,#2822);
#2822 = SURFACE_SIDE_STYLE('',(#2823));
#2823 = SURFACE_STYLE_FILL_AREA(#2824);
#2824 = FILL_AREA_STYLE('',(#2825));
#2825 = FILL_AREA_STYLE_COLOUR('',#2804);
#2826 = OVER_RIDING_STYLED_ITEM('overriding color',(#2827),#244,#2787);
#2827 = PRESENTATION_STYLE_ASSIGNMENT((#2828));
#2828 = SURFACE_STYLE_USAGE(.BOTH.,#2829);
#2829 = SURFACE_SIDE_STYLE('',(#2830));
#2830 = SURFACE_STYLE_FILL_AREA(#2831);
#2831 = FILL_AREA_STYLE('',(#2832));
#2832 = FILL_AREA_STYLE_COLOUR('',#2804);
#2833 = OVER_RIDING_STYLED_ITEM('overriding color',(#2834),#275,#2787);
#2834 = PRESENTATION_STYLE_ASSIGNMENT((#2835));
#2835 = SURFACE_STYLE_USAGE(.BOTH.,#2836);
#2836 = SURFACE_SIDE_STYLE('',(#2837));
#2837 = SURFACE_STYLE_FILL_AREA(#2838);
#2838 = FILL_AREA_STYLE('',(#2839));
#2839 = FILL_AREA_STYLE_COLOUR('',#2804);
#2840 = OVER_RIDING_STYLED_ITEM('overriding color',(#2841),#308,#2787);
#2841 = PRESENTATION_STYLE_ASSIGNMENT((#2842));
#2842 = SURFACE_STYLE_USAGE(.BOTH.,#2843);
#2843 = SURFACE_SIDE_STYLE('',(#2844));
#2844 = SURFACE_STYLE_FILL_AREA(#2845);
#2845 = FILL_AREA_STYLE('',(#2846));
#2846 = FILL_AREA_STYLE_COLOUR('',#2804);
#2847 = OVER_RIDING_STYLED_ITEM('overriding color',(#2848),#339,#2787);
#2848 = PRESENTATION_STYLE_ASSIGNMENT((#2849));
#2849 = SURFACE_STYLE_USAGE(.BOTH.,#2850);
#2850 = SURFACE_SIDE_STYLE('',(#2851));
#2851 = SURFACE_STYLE_FILL_AREA(#2852);
#2852 = FILL_AREA_STYLE('',(#2853));
#2853 = FILL_AREA_STYLE_COLOUR('',#2804);
#2854 = OVER_RIDING_STYLED_ITEM('overriding color',(#2855),#363,#2787);
#2855 = PRESENTATION_STYLE_ASSIGNMENT((#2856));
#2856 = SURFACE_STYLE_USAGE(.BOTH.,#2857);
#2857 = SURFACE_SIDE_STYLE('',(#2858));
#2858 = SURFACE_STYLE_FILL_AREA(#2859);
#2859 = FILL_AREA_STYLE('',(#2860));
#2860 = FILL_AREA_STYLE_COLOUR('',#2804);
#2861 = OVER_RIDING_STYLED_ITEM('overriding color',(#2862),#405,#2787);
#2862 = PRESENTATION_STYLE_ASSIGNMENT((#2863));
#2863 = SURFACE_STYLE_USAGE(.BOTH.,#2864);
#2864 = SURFACE_SIDE_STYLE('',(#2865));
#2865 = SURFACE_STYLE_FILL_AREA(#2866);
#2866 = FILL_AREA_STYLE('',(#2867));
#2867 = FILL_AREA_STYLE_COLOUR('',#2804);
#2868 = OVER_RIDING_STYLED_ITEM('overriding color',(#2869),#429,#2787);
#2869 = PRESENTATION_STYLE_ASSIGNMENT((#2870));
#2870 = SURFACE_STYLE_USAGE(.BOTH.,#2871);
#2871 = SURFACE_SIDE_STYLE('',(#2872));
#2872 = SURFACE_STYLE_FILL_AREA(#2873);
#2873 = FILL_AREA_STYLE('',(#2874));
#2874 = FILL_AREA_STYLE_COLOUR('',#2804);
#2875 = OVER_RIDING_STYLED_ITEM('overriding color',(#2876),#471,#2787);
#2876 = PRESENTATION_STYLE_ASSIGNMENT((#2877));
#2877 = SURFACE_STYLE_USAGE(.BOTH.,#2878);
#2878 = SURFACE_SIDE_STYLE('',(#2879));
#2879 = SURFACE_STYLE_FILL_AREA(#2880);
#2880 = FILL_AREA_STYLE('',(#2881));
#2881 = FILL_AREA_STYLE_COLOUR('',#2804);
#2882 = OVER_RIDING_STYLED_ITEM('overriding color',(#2883),#495,#2787);
#2883 = PRESENTATION_STYLE_ASSIGNMENT((#2884));
#2884 = SURFACE_STYLE_USAGE(.BOTH.,#2885);
#2885 = SURFACE_SIDE_STYLE('',(#2886));
#2886 = SURFACE_STYLE_FILL_AREA(#2887);
#2887 = FILL_AREA_STYLE('',(#2888));
#2888 = FILL_AREA_STYLE_COLOUR('',#2804);
#2889 = OVER_RIDING_STYLED_ITEM('overriding color',(#2890),#537,#2787);
#2890 = PRESENTATION_STYLE_ASSIGNMENT((#2891));
#2891 = SURFACE_STYLE_USAGE(.BOTH.,#2892);
#2892 = SURFACE_SIDE_STYLE('',(#2893));
#2893 = SURFACE_STYLE_FILL_AREA(#2894);
#2894 = FILL_AREA_STYLE('',(#2895));
#2895 = FILL_AREA_STYLE_COLOUR('',#2804);
#2896 = OVER_RIDING_STYLED_ITEM('overriding color',(#2897),#568,#2787);
#2897 = PRESENTATION_STYLE_ASSIGNMENT((#2898));
#2898 = SURFACE_STYLE_USAGE(.BOTH.,#2899);
#2899 = SURFACE_SIDE_STYLE('',(#2900));
#2900 = SURFACE_STYLE_FILL_AREA(#2901);
#2901 = FILL_AREA_STYLE('',(#2902));
#2902 = FILL_AREA_STYLE_COLOUR('',#2804);
#2903 = OVER_RIDING_STYLED_ITEM('overriding color',(#2904),#601,#2787);
#2904 = PRESENTATION_STYLE_ASSIGNMENT((#2905));
#2905 = SURFACE_STYLE_USAGE(.BOTH.,#2906);
#2906 = SURFACE_SIDE_STYLE('',(#2907));
#2907 = SURFACE_STYLE_FILL_AREA(#2908);
#2908 = FILL_AREA_STYLE('',(#2909));
#2909 = FILL_AREA_STYLE_COLOUR('',#2804);
#2910 = OVER_RIDING_STYLED_ITEM('overriding color',(#2911),#632,#2787);
#2911 = PRESENTATION_STYLE_ASSIGNMENT((#2912));
#2912 = SURFACE_STYLE_USAGE(.BOTH.,#2913);
#2913 = SURFACE_SIDE_STYLE('',(#2914));
#2914 = SURFACE_STYLE_FILL_AREA(#2915);
#2915 = FILL_AREA_STYLE('',(#2916));
#2916 = FILL_AREA_STYLE_COLOUR('',#2804);
#2917 = OVER_RIDING_STYLED_ITEM('overriding color',(#2918),#665,#2787);
#2918 = PRESENTATION_STYLE_ASSIGNMENT((#2919));
#2919 = SURFACE_STYLE_USAGE(.BOTH.,#2920);
#2920 = SURFACE_SIDE_STYLE('',(#2921));
#2921 = SURFACE_STYLE_FILL_AREA(#2922);
#2922 = FILL_AREA_STYLE('',(#2923));
#2923 = FILL_AREA_STYLE_COLOUR('',#2804);
#2924 = OVER_RIDING_STYLED_ITEM('overriding color',(#2925),#696,#2787);
#2925 = PRESENTATION_STYLE_ASSIGNMENT((#2926));
#2926 = SURFACE_STYLE_USAGE(.BOTH.,#2927);
#2927 = SURFACE_SIDE_STYLE('',(#2928));
#2928 = SURFACE_STYLE_FILL_AREA(#2929);
#2929 = FILL_AREA_STYLE('',(#2930));
#2930 = FILL_AREA_STYLE_COLOUR('',#2804);
#2931 = OVER_RIDING_STYLED_ITEM('overriding color',(#2932),#729,#2787);
#2932 = PRESENTATION_STYLE_ASSIGNMENT((#2933));
#2933 = SURFACE_STYLE_USAGE(.BOTH.,#2934);
#2934 = SURFACE_SIDE_STYLE('',(#2935));
#2935 = SURFACE_STYLE_FILL_AREA(#2936);
#2936 = FILL_AREA_STYLE('',(#2937));
#2937 = FILL_AREA_STYLE_COLOUR('',#2804);
#2938 = OVER_RIDING_STYLED_ITEM('overriding color',(#2939),#751,#2787);
#2939 = PRESENTATION_STYLE_ASSIGNMENT((#2940));
#2940 = SURFACE_STYLE_USAGE(.BOTH.,#2941);
#2941 = SURFACE_SIDE_STYLE('',(#2942));
#2942 = SURFACE_STYLE_FILL_AREA(#2943);
#2943 = FILL_AREA_STYLE('',(#2944));
#2944 = FILL_AREA_STYLE_COLOUR('',#2804);
#2945 = OVER_RIDING_STYLED_ITEM('overriding color',(#2946),#793,#2787);
#2946 = PRESENTATION_STYLE_ASSIGNMENT((#2947));
#2947 = SURFACE_STYLE_USAGE(.BOTH.,#2948);
#2948 = SURFACE_SIDE_STYLE('',(#2949));
#2949 = SURFACE_STYLE_FILL_AREA(#2950);
#2950 = FILL_AREA_STYLE('',(#2951));
#2951 = FILL_AREA_STYLE_COLOUR('',#2804);
#2952 = OVER_RIDING_STYLED_ITEM('overriding color',(#2953),#824,#2787);
#2953 = PRESENTATION_STYLE_ASSIGNMENT((#2954));
#2954 = SURFACE_STYLE_USAGE(.BOTH.,#2955);
#2955 = SURFACE_SIDE_STYLE('',(#2956));
#2956 = SURFACE_STYLE_FILL_AREA(#2957);
#2957 = FILL_AREA_STYLE('',(#2958));
#2958 = FILL_AREA_STYLE_COLOUR('',#2804);
#2959 = OVER_RIDING_STYLED_ITEM('overriding color',(#2960),#857,#2787);
#2960 = PRESENTATION_STYLE_ASSIGNMENT((#2961));
#2961 = SURFACE_STYLE_USAGE(.BOTH.,#2962);
#2962 = SURFACE_SIDE_STYLE('',(#2963));
#2963 = SURFACE_STYLE_FILL_AREA(#2964);
#2964 = FILL_AREA_STYLE('',(#2965));
#2965 = FILL_AREA_STYLE_COLOUR('',#2804);
#2966 = OVER_RIDING_STYLED_ITEM('overriding color',(#2967),#888,#2787);
#2967 = PRESENTATION_STYLE_ASSIGNMENT((#2968));
#2968 = SURFACE_STYLE_USAGE(.BOTH.,#2969);
#2969 = SURFACE_SIDE_STYLE('',(#2970));
#2970 = SURFACE_STYLE_FILL_AREA(#2971);
#2971 = FILL_AREA_STYLE('',(#2972));
#2972 = FILL_AREA_STYLE_COLOUR('',#2804);
#2973 = OVER_RIDING_STYLED_ITEM('overriding color',(#2974),#921,#2787);
#2974 = PRESENTATION_STYLE_ASSIGNMENT((#2975));
#2975 = SURFACE_STYLE_USAGE(.BOTH.,#2976);
#2976 = SURFACE_SIDE_STYLE('',(#2977));
#2977 = SURFACE_STYLE_FILL_AREA(#2978);
#2978 = FILL_AREA_STYLE('',(#2979));
#2979 = FILL_AREA_STYLE_COLOUR('',#2804);
#2980 = OVER_RIDING_STYLED_ITEM('overriding color',(#2981),#952,#2787);
#2981 = PRESENTATION_STYLE_ASSIGNMENT((#2982));
#2982 = SURFACE_STYLE_USAGE(.BOTH.,#2983);
#2983 = SURFACE_SIDE_STYLE('',(#2984));
#2984 = SURFACE_STYLE_FILL_AREA(#2985);
#2985 = FILL_AREA_STYLE('',(#2986));
#2986 = FILL_AREA_STYLE_COLOUR('',#2804);
#2987 = OVER_RIDING_STYLED_ITEM('overriding color',(#2988),#985,#2787);
#2988 = PRESENTATION_STYLE_ASSIGNMENT((#2989));
#2989 = SURFACE_STYLE_USAGE(.BOTH.,#2990);
#2990 = SURFACE_SIDE_STYLE('',(#2991));
#2991 = SURFACE_STYLE_FILL_AREA(#2992);
#2992 = FILL_AREA_STYLE('',(#2993));
#2993 = FILL_AREA_STYLE_COLOUR('',#2804);
#2994 = OVER_RIDING_STYLED_ITEM('overriding color',(#2995),#1007,#2787);
#2995 = PRESENTATION_STYLE_ASSIGNMENT((#2996));
#2996 = SURFACE_STYLE_USAGE(.BOTH.,#2997);
#2997 = SURFACE_SIDE_STYLE('',(#2998));
#2998 = SURFACE_STYLE_FILL_AREA(#2999);
#2999 = FILL_AREA_STYLE('',(#3000));
#3000 = FILL_AREA_STYLE_COLOUR('',#2804);
#3001 = OVER_RIDING_STYLED_ITEM('overriding color',(#3002),#1049,#2787);
#3002 = PRESENTATION_STYLE_ASSIGNMENT((#3003));
#3003 = SURFACE_STYLE_USAGE(.BOTH.,#3004);
#3004 = SURFACE_SIDE_STYLE('',(#3005));
#3005 = SURFACE_STYLE_FILL_AREA(#3006);
#3006 = FILL_AREA_STYLE('',(#3007));
#3007 = FILL_AREA_STYLE_COLOUR('',#2804);
#3008 = OVER_RIDING_STYLED_ITEM('overriding color',(#3009),#1073,#2787);
#3009 = PRESENTATION_STYLE_ASSIGNMENT((#3010));
#3010 = SURFACE_STYLE_USAGE(.BOTH.,#3011);
#3011 = SURFACE_SIDE_STYLE('',(#3012));
#3012 = SURFACE_STYLE_FILL_AREA(#3013);
#3013 = FILL_AREA_STYLE('',(#3014));
#3014 = FILL_AREA_STYLE_COLOUR('',#2804);
#3015 = OVER_RIDING_STYLED_ITEM('overriding color',(#3016),#1115,#2787);
#3016 = PRESENTATION_STYLE_ASSIGNMENT((#3017));
#3017 = SURFACE_STYLE_USAGE(.BOTH.,#3018);
#3018 = SURFACE_SIDE_STYLE('',(#3019));
#3019 = SURFACE_STYLE_FILL_AREA(#3020);
#3020 = FILL_AREA_STYLE('',(#3021));
#3021 = FILL_AREA_STYLE_COLOUR('',#2804);


ENDSEC;
END-ISO-10303-21;