T3D20 000:001.704   SEGGER J-Link V9.42 Log File
T3D20 000:001.848   DLL Compiled: May  6 2026 12:25:27
T3D20 000:001.855   Logging started @ 2026-08-15 00:02
T3D20 000:001.860   Process: C:\Users\LWX\.eclipse\com.renesas.platform_1013479593\DebugComp\RA\e2-server-gdb.exe
T3D20 000:001.869 - 1.865ms 
T3D20 000:001.881 JLINK_GetDLLVersion()
T3D20 000:001.887 - 0.006ms returns 94200
T3D20 000:003.907 JLINK_OpenEx(...)
T3D20 000:013.469   Firmware: J-Link OB-RA4M2 compiled May  6 2026 16:18:23
T3D20 000:014.278   Firmware: J-Link OB-RA4M2 compiled May  6 2026 16:18:23
T3D20 000:026.067   Hardware: V1.00
T3D20 000:026.093   S/N: 1080068464
T3D20 000:026.105   OEM: SEGGER
T3D20 000:026.121   Feature(s): None
T3D20 000:026.882   Bootloader: 2021 May 14
T3D20 000:027.949   USB speed mode: Full speed (12 MBit/s)
T3D20 000:028.428   TELNET listener socket opened on port 19021
T3D20 000:028.624   WEBSRV WEBSRV_Init(): Starting webserver thread(s)
T3D20 000:028.712   WEBSRV Failed to put socket into listener state (port 19080)
T3D20 000:028.901   WEBSRV Webserver running on local port 19081
T3D20 000:029.009   Looking for J-Link GUI Server exe at: C:\Users\LWX\.eclipse\com.renesas.platform_1013479593\DebugComp\RA\ARM\Segger_v9.42.0\JLinkGUIServer.exe
T3D20 000:029.177   Looking for J-Link GUI Server exe at: E:\Renesas\segger\JLink_V912\\JLinkGUIServer.exe
T3D20 000:029.261   Forking J-Link GUI Server: E:\Renesas\segger\JLink_V912\\JLinkGUIServer.exe
T3D20 000:032.262   J-Link GUI Server info: "J-Link GUI server V9.26 "
T3D20 000:032.650 - 28.738ms returns "O.K."
T3D20 000:032.841 JLINK_ExecCommand("ProjectFile=E:\Renesas\prj\RA8P1_Renesas_Cup_Final_Game\Renesas_Cup_Vehicle_CPU1/Renesas_Cup_Vehicle_CPU1 Debug_Attach.jlink", ...). 
T3D20 000:047.954 - 15.116ms returns 0x00
T3D20 000:048.300 JLINK_ExecCommand("device=R7KA8P1KF_CPU1", ...). 
T3D20 000:049.086   Flash bank @ 0x02000000: SFL: Parsing sectorization info from ELF file
T3D20 000:049.098     FlashDevice.SectorInfo[0]: .SectorSize = 0x00000800, .SectorStartAddr = 0x00000000
T3D20 000:049.108   FlashBank @0x02000000: Sectorization info from SFL ELF file ignored because sectorization override from DLL / XML file is active.
T3D20 000:049.414   Flash bank @ 0x02E07400: SFL: Parsing sectorization info from ELF file
T3D20 000:049.424     FlashDevice.SectorInfo[0]: .SectorSize = 0x00000010, .SectorStartAddr = 0x00000000
T3D20 000:049.433   FlashBank @0x02C9F020: Sectorization info from SFL ELF file ignored because sectorization override from DLL / XML file is active.
T3D20 000:049.449   Flash bank @ 0x02E07400: SFL: Parsing sectorization info from ELF file
T3D20 000:049.457     FlashDevice.SectorInfo[0]: .SectorSize = 0x00000010, .SectorStartAddr = 0x00000000
T3D20 000:049.465   FlashBank @0x02E07400: Sectorization info from SFL ELF file ignored because sectorization override from DLL / XML file is active.
T3D20 000:049.486   Flash bank @ 0x12000000: SFL: Parsing sectorization info from ELF file
T3D20 000:049.494     FlashDevice.SectorInfo[0]: .SectorSize = 0x00000800, .SectorStartAddr = 0x00000000
T3D20 000:049.502   FlashBank @0x12000000: Sectorization info from SFL ELF file ignored because sectorization override from DLL / XML file is active.
T3D20 000:049.772   Flash bank @ 0x12E07400: SFL: Parsing sectorization info from ELF file
T3D20 000:049.785     FlashDevice.SectorInfo[0]: .SectorSize = 0x00000010, .SectorStartAddr = 0x00000000
T3D20 000:049.793   FlashBank @0x12C9F4C0: Sectorization info from SFL ELF file ignored because sectorization override from DLL / XML file is active.
T3D20 000:049.811   Flash bank @ 0x12E07400: SFL: Parsing sectorization info from ELF file
T3D20 000:049.819     FlashDevice.SectorInfo[0]: .SectorSize = 0x00000010, .SectorStartAddr = 0x00000000
T3D20 000:049.827   FlashBank @0x12E07780: Sectorization info from SFL ELF file ignored because sectorization override from DLL / XML file is active.
T3D20 000:049.888   Flash bank @ 0x70000000: SFL: Parsing sectorization info from ELF file
T3D20 000:049.897     FlashDevice.SectorInfo[0]: .SectorSize = 0x00010000, .SectorStartAddr = 0x00000000
T3D20 000:055.532   Flash bank @ 0x78000000: SFL: Parsing sectorization info from ELF file
T3D20 000:055.557     FlashDevice.SectorInfo[0]: .SectorSize = 0x00010000, .SectorStartAddr = 0x00000000
T3D20 000:061.168   Flash bank @ 0x80000000: SFL: Parsing sectorization info from ELF file
T3D20 000:061.192     FlashDevice.SectorInfo[0]: .SectorSize = 0x00010000, .SectorStartAddr = 0x00000000
T3D20 000:072.383   Flash bank @ 0x90000000: SFL: Parsing sectorization info from ELF file
T3D20 000:072.423     FlashDevice.SectorInfo[0]: .SectorSize = 0x00010000, .SectorStartAddr = 0x00000000
T3D20 000:084.538   Device "R7KA8P1KF_CPU1" selected.
T3D20 000:085.041 - 36.740ms returns 0x00
T3D20 000:085.070 JLINK_TIF_GetAvailable(...)
T3D20 000:085.347 - 0.276ms 
T3D20 000:085.442 JLINK_TIF_Select(JLINKARM_TIF_SWD)
T3D20 000:086.182 - 0.743ms returns 0x00
T3D20 000:086.239 JLINK_SetSpeed(4000)
T3D20 000:086.408 - 0.171ms 
T3D20 000:086.491 JLINK_ReadMem(0xE000EDF0, 0x4 Bytes, ...)
T3D20 000:086.829   ConfigTargetSettings() start
T3D20 000:086.852    J-Link Script File: Executing ConfigTargetSettings()
T3D20 000:086.866   Configuring FlashDLNoRMWThreshold=0x200 in order to make sure that option bytes programming is done via read-modify-write
T3D20 000:095.786   ConfigTargetSettings() end - Took 8.93ms
T3D20 000:095.803   InitTarget() start
T3D20 000:095.811    J-Link Script File: Executing InitTarget()
T3D20 000:095.817   Identifying target device...
T3D20 000:095.825   SWD selected. Executing JTAG -> SWD switching sequence...
T3D20 000:096.577   Initializing DAP...
T3D20 000:097.308   DAP initialized successfully.
T3D20 000:097.322   Determining TrustZone configuration...
T3D20 000:098.248     Secure Debug: Enabled (SSD)
T3D20 000:098.495   Determining currently configured transfer type by reading the AHB-AP CSW register.
T3D20 000:099.475     --> Correct transfer type configured. Done.
T3D20 000:100.411   Primary CPU:   CPU0 (CM85), OFS bit=0x00000001
T3D20 000:100.424   Secondary CPU: CPU1 (CM33)
T3D20 000:100.432   Note: Detected primary CPU is based on the 'Device Configuration Information Register for Debug' register. Verify register value if primary/secondary is unexpected (https://kb.segger.com/Renesas_RA8).
T3D20 000:100.441   InitTarget() end - Took 4.62ms
T3D20 000:100.935   Found SW-DP with ID 0x6BA02477
T3D20 000:102.685   DPIDR: 0x6BA02477
T3D20 000:102.708   CoreSight SoC-400 or earlier
T3D20 000:102.722   AP map detection skipped. Manually configured AP map found.
T3D20 000:102.736   AP[0]: AHB-AP (IDR: Not set, ADDR: 0x00000000)
T3D20 000:102.749   AP[1]: APB-AP (IDR: Not set, ADDR: 0x00000000)
T3D20 000:102.761   AP[2]: AHB-AP (IDR: Not set, ADDR: 0x00000000)
T3D20 000:103.472   AP[2]: Core found
T3D20 000:103.491   AP[2]: AHB-AP ROM base: 0xE00FE000
T3D20 000:103.852   CPUID register: 0x410FD214. Implementer code: 0x41 (ARM)
T3D20 000:103.874   Feature set: Mainline
T3D20 000:104.244   Cache: No cache
T3D20 000:104.264   Found Cortex-M33 r0p4, Little endian.
T3D20 000:104.585   -- Max. mem block: 0x0001D3E0
T3D20 000:105.456   CPU_ReadMem(4 bytes @ 0xE000EDF0)
T3D20 000:105.892   CPU_ReadMem(4 bytes @ 0xE0002000)
T3D20 000:106.178   FPUnit: 8 code (BP) slots and 0 literal slots
T3D20 000:106.205   CPU_ReadMem(4 bytes @ 0xE000EDFC)
T3D20 000:106.515   CPU_ReadMem(4 bytes @ 0xE0001000)
T3D20 000:106.806   CPU_ReadMem(4 bytes @ 0xE0001000)
T3D20 000:107.099   CPU_ReadMem(4 bytes @ 0xE0001028)
T3D20 000:107.414   CPU_ReadMem(4 bytes @ 0xE0001038)
T3D20 000:107.819   CPU_ReadMem(4 bytes @ 0xE0001048)
T3D20 000:108.150   CPU_ReadMem(4 bytes @ 0xE0001058)
T3D20 000:108.459   CPU_WriteMem(4 bytes @ 0xE0001000)
T3D20 000:108.835   CPU_ReadMem(4 bytes @ 0xE000ED88)
T3D20 000:109.196   CPU_WriteMem(4 bytes @ 0xE000ED88)
T3D20 000:109.501   CPU_ReadMem(4 bytes @ 0xE000ED88)
T3D20 000:109.801   CPU_WriteMem(4 bytes @ 0xE000ED88)
T3D20 000:110.116   CPU_ReadMem(4 bytes @ 0xE000EFB8)
T3D20 000:110.398   Security extension: implemented
T3D20 000:110.415   Secure debug: enabled
T3D20 000:110.422   CoreSight components:
T3D20 000:110.430   ROMTbl[0] @ E00FE000
T3D20 000:110.442   CPU_ReadMem(64 bytes @ 0xE00FE000)
T3D20 000:111.087   CPU_ReadMem(32 bytes @ 0xE00FFFE0)
T3D20 000:111.569   [0][0]: E00FF000 CID B105100D PID 000BB4C9 ROM Table
T3D20 000:111.583   ROMTbl[1] @ E00FF000
T3D20 000:111.591   CPU_ReadMem(64 bytes @ 0xE00FF000)
T3D20 000:112.255   CPU_ReadMem(32 bytes @ 0xE000EFE0)
T3D20 000:112.728   CPU_ReadMem(4 bytes @ 0xE000EFBC)
T3D20 000:113.042   CPU_ReadMem(4 bytes @ 0xE000EFCC)
T3D20 000:113.367   [1][0]: E000E000 CID B105900D PID 000BBD21 DEVARCH 47702A04 DEVTYPE 00 Cortex-M33
T3D20 000:113.385   CPU_ReadMem(32 bytes @ 0xE0001FE0)
T3D20 000:113.854   CPU_ReadMem(4 bytes @ 0xE0001FBC)
T3D20 000:114.190   CPU_ReadMem(4 bytes @ 0xE0001FCC)
T3D20 000:114.517   [1][1]: E0001000 CID B105900D PID 000BBD21 DEVARCH 47701A02 DEVTYPE 00 DWT
T3D20 000:114.537   CPU_ReadMem(32 bytes @ 0xE0002FE0)
T3D20 000:115.037   CPU_ReadMem(4 bytes @ 0xE0002FBC)
T3D20 000:115.363   CPU_ReadMem(4 bytes @ 0xE0002FCC)
T3D20 000:115.679   [1][2]: E0002000 CID B105900D PID 000BBD21 DEVARCH 47701A03 DEVTYPE 00 FPB
T3D20 000:115.700   CPU_ReadMem(32 bytes @ 0xE0000FE0)
T3D20 000:116.175   CPU_ReadMem(4 bytes @ 0xE0000FBC)
T3D20 000:116.489   CPU_ReadMem(4 bytes @ 0xE0000FCC)
T3D20 000:116.807   [1][3]: E0000000 CID B105900D PID 000BBD21 DEVARCH 47701A01 DEVTYPE 43 ITM
T3D20 000:116.825   CPU_ReadMem(32 bytes @ 0xE0041FE0)
T3D20 000:117.316   CPU_ReadMem(4 bytes @ 0xE0041FBC)
T3D20 000:117.625   CPU_ReadMem(4 bytes @ 0xE0041FCC)
T3D20 000:117.966   [1][5]: E0041000 CID B105900D PID 002BBD21 DEVARCH 47724A13 DEVTYPE 13 ETM
T3D20 000:117.986   CPU_ReadMem(32 bytes @ 0xE0042FE0)
T3D20 000:118.443   CPU_ReadMem(4 bytes @ 0xE0042FBC)
T3D20 000:118.802   CPU_ReadMem(4 bytes @ 0xE0042FCC)
T3D20 000:119.115   [1][6]: E0042000 CID B105900D PID 000BBD21 DEVARCH 47701A14 DEVTYPE 14 CSS600-CTI
T3D20 000:119.137   CPU_ReadMem(32 bytes @ 0xE0040FE0)
T3D20 000:119.607   CPU_ReadMem(4 bytes @ 0xE0040FBC)
T3D20 000:119.914   CPU_ReadMem(4 bytes @ 0xE0040FCC)
T3D20 000:120.208   [0][1]: E0040000 CID B105900D PID 000BBD21 DEVARCH 00000000 DEVTYPE 11 TPIU
T3D20 000:120.245   CPU_ReadMem(4 bytes @ 0xE000EDF0)
T3D20 000:120.535   Data:  01 00 10 00
T3D20 000:120.556   Debug reg: DHCSR
T3D20 000:120.569 - 34.078ms returns 0
T3D20 000:120.649 JLINK_ReadMem(0x40204038, 0x4 Bytes, ...)
T3D20 000:120.666   CPU_ReadMem(4 bytes @ 0x40204038)
T3D20 000:121.391   Data:  04 00 00 00
T3D20 000:121.412 - 0.763ms returns 0
T3D20 000:121.466 JLINK_ReadMem(0xE000EDF0, 0x4 Bytes, ...)
T3D20 000:121.482   CPU_ReadMem(4 bytes @ 0xE000EDF0)
T3D20 000:121.815   Data:  01 00 10 00
T3D20 000:121.834   Debug reg: DHCSR
T3D20 000:121.846 - 0.381ms returns 0
T3D20 000:121.912 JLINK_ReadMem(0xE000EDF0, 0x4 Bytes, ...)
T3D20 000:121.928   CPU_ReadMem(4 bytes @ 0xE000EDF0)
T3D20 000:122.247   Data:  01 00 10 00
T3D20 000:122.262   Debug reg: DHCSR
T3D20 000:122.269 - 0.357ms returns 0
T3D20 000:122.315 JLINK_ReadMem(0xE000EDF0, 0x4 Bytes, ...)
T3D20 000:122.325   CPU_ReadMem(4 bytes @ 0xE000EDF0)
T3D20 000:122.618   Data:  01 00 10 00
T3D20 000:122.630   Debug reg: DHCSR
T3D20 000:122.637 - 0.322ms returns 0
T3D20 000:122.668 JLINK_ReadMem(0xE000EDF0, 0x4 Bytes, ...)
T3D20 000:122.677   CPU_ReadMem(4 bytes @ 0xE000EDF0)
T3D20 000:123.106   Data:  01 00 10 00
T3D20 000:123.118   Debug reg: DHCSR
T3D20 000:123.126 - 0.458ms returns 0
T3D20 000:123.162 JLINK_ReadMem(0xE000EDF0, 0x4 Bytes, ...)
T3D20 000:123.172   CPU_ReadMem(4 bytes @ 0xE000EDF0)
T3D20 000:123.484   Data:  01 00 10 00
T3D20 000:123.507   Debug reg: DHCSR
T3D20 000:123.519 - 0.357ms returns 0
T3D20 000:123.578 JLINK_ReadMem(0x40204038, 0x4 Bytes, ...)
T3D20 000:123.594   CPU_ReadMem(4 bytes @ 0x40204038)
T3D20 000:123.914   Data:  04 00 00 00
T3D20 000:123.934 - 0.356ms returns 0
T3D20 000:123.986 JLINK_ReadMem(0xE000EDF0, 0x4 Bytes, ...)
T3D20 000:124.001   CPU_ReadMem(4 bytes @ 0xE000EDF0)
T3D20 000:124.364   Data:  01 00 10 00
T3D20 000:124.389   Debug reg: DHCSR
T3D20 000:124.402 - 0.416ms returns 0
T3D20 000:124.472 JLINK_ReadMem(0xE000EDF0, 0x4 Bytes, ...)
T3D20 000:124.490   CPU_ReadMem(4 bytes @ 0xE000EDF0)
T3D20 000:124.828   Data:  01 00 10 00
T3D20 000:124.845   Debug reg: DHCSR
T3D20 000:124.853 - 0.380ms returns 0
T3D20 000:124.888 JLINK_ReadMem(0x40204030, 0x4 Bytes, ...)
T3D20 000:124.898   CPU_ReadMem(4 bytes @ 0x40204030)
T3D20 000:125.190   Data:  00 00 10 00
T3D20 000:125.204 - 0.315ms returns 0
T3D20 000:125.431 JLINK_SetEndian(ARM_ENDIAN_LITTLE)
T3D20 000:125.441 - 0.010ms returns 0
T3D20 000:125.448 JLINK_SetInitRegsOnReset(OFF)
T3D20 000:125.453 - 0.005ms returns 1
T3D20 000:125.459 JLINK_SetResetType(JLINKARM_CM3_RESET_TYPE_NORMAL)
T3D20 000:125.465 - 0.005ms returns JLINKARM_CM3_RESET_TYPE_NORMAL
T3D20 000:125.473 JLINK_ExecCommand("EnableFlashBPs", ...). 
T3D20 000:125.479 - 0.006ms returns 0x00
T3D20 000:125.487 JLINK_ExecCommand("SetAllowFlashCache = 1", ...). 
T3D20 000:125.497 - 0.009ms returns 0x01
T3D20 000:125.506 JLINK_ExecCommand("SetRestartOnClose = 0", ...). 
T3D20 000:125.512 - 0.006ms returns 0x01
T3D20 000:125.519 JLINK_ExecCommand("SetAllowSimulation = 0", ...). 
T3D20 000:125.526 - 0.006ms returns 0x00
T3D20 000:125.534 JLINK_EnableSoftBPs(ON)
T3D20 000:125.539 - 0.007ms 
T3D20 000:125.547 JLINK_Connect()
T3D20 000:125.800   ConfigTargetSettings() start
T3D20 000:125.824    J-Link Script File: Executing ConfigTargetSettings()
T3D20 000:125.834   Configuring FlashDLNoRMWThreshold=0x200 in order to make sure that option bytes programming is done via read-modify-write
T3D20 000:135.305   ConfigTargetSettings() end - Took 9.47ms
T3D20 000:135.337   InitTarget() start
T3D20 000:135.360    J-Link Script File: Executing InitTarget()
T3D20 000:135.377   Identifying target device...
T3D20 000:135.394   SWD selected. Executing JTAG -> SWD switching sequence...
T3D20 000:136.287   Initializing DAP...
T3D20 000:137.024   DAP initialized successfully.
T3D20 000:137.041   Determining TrustZone configuration...
T3D20 000:137.814     Secure Debug: Enabled (SSD)
T3D20 000:138.018   Determining currently configured transfer type by reading the AHB-AP CSW register.
T3D20 000:138.801     --> Correct transfer type configured. Done.
T3D20 000:139.609   Primary CPU:   CPU0 (CM85), OFS bit=0x00000001
T3D20 000:139.625   Secondary CPU: CPU1 (CM33)
T3D20 000:139.634   Note: Detected primary CPU is based on the 'Device Configuration Information Register for Debug' register. Verify register value if primary/secondary is unexpected (https://kb.segger.com/Renesas_RA8).
T3D20 000:139.650   InitTarget() end - Took 4.28ms
T3D20 000:140.176   Found SW-DP with ID 0x6BA02477
T3D20 000:141.854   DPIDR: 0x6BA02477
T3D20 000:141.879   CoreSight SoC-400 or earlier
T3D20 000:141.894   AP map detection skipped. Manually configured AP map found.
T3D20 000:141.908   AP[0]: AHB-AP (IDR: Not set, ADDR: 0x00000000)
T3D20 000:141.921   AP[1]: APB-AP (IDR: Not set, ADDR: 0x00000000)
T3D20 000:141.934   AP[2]: AHB-AP (IDR: Not set, ADDR: 0x00000000)
T3D20 000:142.691   AP[2]: Core found
T3D20 000:142.717   AP[2]: AHB-AP ROM base: 0xE00FE000
T3D20 000:143.120   CPUID register: 0x410FD214. Implementer code: 0x41 (ARM)
T3D20 000:143.131   Feature set: Mainline
T3D20 000:143.492   Cache: No cache
T3D20 000:143.510   Found Cortex-M33 r0p4, Little endian.
T3D20 000:143.702   -- Max. mem block: 0x0001D0E8
T3D20 000:143.729   CPU_ReadMem(4 bytes @ 0xE000EDF0)
T3D20 000:144.039   CPU_ReadMem(4 bytes @ 0xE0002000)
T3D20 000:144.384   FPUnit: 8 code (BP) slots and 0 literal slots
T3D20 000:144.400   CPU_ReadMem(4 bytes @ 0xE000EDFC)
T3D20 000:144.718   CPU_ReadMem(4 bytes @ 0xE0001000)
T3D20 000:145.035   CPU_ReadMem(4 bytes @ 0xE0001000)
T3D20 000:145.330   CPU_ReadMem(4 bytes @ 0xE0001028)
T3D20 000:145.647   CPU_ReadMem(4 bytes @ 0xE0001038)
T3D20 000:145.962   CPU_ReadMem(4 bytes @ 0xE0001048)
T3D20 000:146.253   CPU_ReadMem(4 bytes @ 0xE0001058)
T3D20 000:146.613   CPU_WriteMem(4 bytes @ 0xE0001000)
T3D20 000:146.927   CPU_ReadMem(4 bytes @ 0xE000ED88)
T3D20 000:147.230   CPU_WriteMem(4 bytes @ 0xE000ED88)
T3D20 000:147.565   CPU_ReadMem(4 bytes @ 0xE000ED88)
T3D20 000:147.890   CPU_WriteMem(4 bytes @ 0xE000ED88)
T3D20 000:148.225   CPU_ReadMem(4 bytes @ 0xE000EFB8)
T3D20 000:148.560   Security extension: implemented
T3D20 000:148.582   Secure debug: enabled
T3D20 000:148.596   CoreSight components:
T3D20 000:148.610   ROMTbl[0] @ E00FE000
T3D20 000:148.625   CPU_ReadMem(64 bytes @ 0xE00FE000)
T3D20 000:149.324   CPU_ReadMem(32 bytes @ 0xE00FFFE0)
T3D20 000:149.829   [0][0]: E00FF000 CID B105100D PID 000BB4C9 ROM Table
T3D20 000:149.852   ROMTbl[1] @ E00FF000
T3D20 000:149.867   CPU_ReadMem(64 bytes @ 0xE00FF000)
T3D20 000:150.548   CPU_ReadMem(32 bytes @ 0xE000EFE0)
T3D20 000:151.055   CPU_ReadMem(4 bytes @ 0xE000EFBC)
T3D20 000:151.406   CPU_ReadMem(4 bytes @ 0xE000EFCC)
T3D20 000:151.820   [1][0]: E000E000 CID B105900D PID 000BBD21 DEVARCH 47702A04 DEVTYPE 00 Cortex-M33
T3D20 000:151.849   CPU_ReadMem(32 bytes @ 0xE0001FE0)
T3D20 000:152.355   CPU_ReadMem(4 bytes @ 0xE0001FBC)
T3D20 000:152.695   CPU_ReadMem(4 bytes @ 0xE0001FCC)
T3D20 000:153.053   [1][1]: E0001000 CID B105900D PID 000BBD21 DEVARCH 47701A02 DEVTYPE 00 DWT
T3D20 000:153.074   CPU_ReadMem(32 bytes @ 0xE0002FE0)
T3D20 000:153.546   CPU_ReadMem(4 bytes @ 0xE0002FBC)
T3D20 000:153.851   CPU_ReadMem(4 bytes @ 0xE0002FCC)
T3D20 000:154.184   [1][2]: E0002000 CID B105900D PID 000BBD21 DEVARCH 47701A03 DEVTYPE 00 FPB
T3D20 000:154.208   CPU_ReadMem(32 bytes @ 0xE0000FE0)
T3D20 000:154.690   CPU_ReadMem(4 bytes @ 0xE0000FBC)
T3D20 000:155.022   CPU_ReadMem(4 bytes @ 0xE0000FCC)
T3D20 000:155.388   [1][3]: E0000000 CID B105900D PID 000BBD21 DEVARCH 47701A01 DEVTYPE 43 ITM
T3D20 000:155.412   CPU_ReadMem(32 bytes @ 0xE0041FE0)
T3D20 000:156.010   CPU_ReadMem(4 bytes @ 0xE0041FBC)
T3D20 000:156.344   CPU_ReadMem(4 bytes @ 0xE0041FCC)
T3D20 000:156.663   [1][5]: E0041000 CID B105900D PID 002BBD21 DEVARCH 47724A13 DEVTYPE 13 ETM
T3D20 000:156.683   CPU_ReadMem(32 bytes @ 0xE0042FE0)
T3D20 000:157.161   CPU_ReadMem(4 bytes @ 0xE0042FBC)
T3D20 000:157.473   CPU_ReadMem(4 bytes @ 0xE0042FCC)
T3D20 000:157.811   [1][6]: E0042000 CID B105900D PID 000BBD21 DEVARCH 47701A14 DEVTYPE 14 CSS600-CTI
T3D20 000:157.830   CPU_ReadMem(32 bytes @ 0xE0040FE0)
T3D20 000:158.315   CPU_ReadMem(4 bytes @ 0xE0040FBC)
T3D20 000:158.633   CPU_ReadMem(4 bytes @ 0xE0040FCC)
T3D20 000:159.027   [0][1]: E0040000 CID B105900D PID 000BBD21 DEVARCH 00000000 DEVTYPE 11 TPIU
T3D20 000:159.056 - 33.508ms returns 0x00
T3D20 000:159.267 JLINK_ReadMem(0xE000EDF0, 0x4 Bytes, ...)
T3D20 000:159.293   CPU_ReadMem(4 bytes @ 0xE000EDF0)
T3D20 000:160.115   Data:  01 00 10 00
T3D20 000:160.127   Debug reg: DHCSR
T3D20 000:160.135 - 0.868ms returns 0
T3D20 000:160.167 JLINK_IsHalted()
T3D20 000:160.460 - 0.292ms returns FALSE
T3D20 000:160.536 JLINK_ReadMem(0x4000F054, 0x1 Bytes, ...)
T3D20 000:160.550   CPU_ReadMem(1 bytes @ 0x4000F054)
T3D20 000:160.847   Data:  01
T3D20 000:160.860 - 0.324ms returns 0
T3D20 000:160.891 JLINK_Halt()
T3D20 000:164.063   
  ***** Warning: 
T3D20 000:164.082   CPU could not be halted
T3D20 000:164.095 - 3.203ms returns 0x01
T3D20 000:164.521 JLINK_ReadReg(XPSR)
T3D20 000:164.913   CPU is running
T3D20 000:164.953   
  ***** Error: 
T3D20 000:164.973   Cannot read register 16 (XPSR) while CPU is running
T3D20 000:164.993 - 0.472ms returns 0x00000000
T4EF0 000:218.469 JLINK_ReadMem(0x22182114, 0x4 Bytes, ...)
T4EF0 000:218.515   CPU_ReadMem(4 bytes @ 0x22182114)
T4EF0 000:218.999   Data:  00 00 00 00
T4EF0 000:219.027 - 0.559ms returns 0
T4EF0 000:219.099 JLINK_ReadMem(0x221820F0, 0x4 Bytes, ...)
T4EF0 000:219.118   CPU_ReadMem(4 bytes @ 0x221820F0)
T4EF0 000:219.483   Data:  00 00 00 00
T4EF0 000:219.500 - 0.401ms returns 0
T4EF0 000:219.570 JLINK_ReadMem(0x020E639C, 0x4 Bytes, ...)
T4EF0 000:219.581   CPU_ReadMem(4 bytes @ 0x020E639C)
T4EF0 000:219.922   Data:  04 00 00 00
T4EF0 000:219.950 - 0.380ms returns 0
T4EF0 000:220.016 JLINK_ReadMem(0x22182114, 0x4 Bytes, ...)
T4EF0 000:220.034   CPU_ReadMem(4 bytes @ 0x22182114)
T4EF0 000:220.379   Data:  00 00 00 00
T4EF0 000:220.400 - 0.384ms returns 0
T4EF0 000:220.456 JLINK_ReadMem(0x221820F0, 0x4 Bytes, ...)
T4EF0 000:220.473   CPU_ReadMem(4 bytes @ 0x221820F0)
T4EF0 000:220.819   Data:  00 00 00 00
T4EF0 000:220.833 - 0.377ms returns 0
T4EF0 000:220.866 JLINK_ReadMem(0x020E639C, 0x4 Bytes, ...)
T4EF0 000:220.876   CPU_ReadMem(4 bytes @ 0x020E639C)
T4EF0 000:221.191   Data:  04 00 00 00
T4EF0 000:221.203 - 0.337ms returns 0
T4EF0 000:250.109 JLINK_ReadMem(0x22182114, 0x4 Bytes, ...)
T4EF0 000:250.161   CPU_ReadMem(4 bytes @ 0x22182114)
T4EF0 000:250.598   Data:  00 00 00 00
T4EF0 000:250.628 - 0.519ms returns 0
T4EF0 000:250.689 JLINK_ReadMem(0x221820F0, 0x4 Bytes, ...)
T4EF0 000:250.709   CPU_ReadMem(4 bytes @ 0x221820F0)
T4EF0 000:251.095   Data:  00 00 00 00
T4EF0 000:251.120 - 0.430ms returns 0
T4EF0 000:251.182 JLINK_ReadMem(0x020E639C, 0x4 Bytes, ...)
T4EF0 000:251.201   CPU_ReadMem(4 bytes @ 0x020E639C)
T4EF0 000:251.555   Data:  04 00 00 00
T4EF0 000:251.578 - 0.397ms returns 0
T4EF0 000:251.644 JLINK_ReadMem(0x22182114, 0x4 Bytes, ...)
T4EF0 000:251.660   CPU_ReadMem(4 bytes @ 0x22182114)
T4EF0 000:251.996   Data:  00 00 00 00
T4EF0 000:252.013 - 0.369ms returns 0
T4EF0 000:252.055 JLINK_ReadMem(0x221820F0, 0x4 Bytes, ...)
T4EF0 000:252.067   CPU_ReadMem(4 bytes @ 0x221820F0)
T4EF0 000:252.397   Data:  00 00 00 00
T4EF0 000:252.410 - 0.355ms returns 0
T4EF0 000:252.443 JLINK_ReadMem(0x020E639C, 0x4 Bytes, ...)
T4EF0 000:252.453   CPU_ReadMem(4 bytes @ 0x020E639C)
T4EF0 000:252.805   Data:  04 00 00 00
T4EF0 000:252.817 - 0.375ms returns 0
T4EF0 000:516.528 JLINK_ReadMem(0x22182114, 0x4 Bytes, ...)
T4EF0 000:516.572   CPU_ReadMem(4 bytes @ 0x22182114)
T4EF0 000:516.992   Data:  00 00 00 00
T4EF0 000:517.015 - 0.487ms returns 0
T4EF0 000:517.056 JLINK_ReadMem(0x221820F0, 0x4 Bytes, ...)
T4EF0 000:517.070   CPU_ReadMem(4 bytes @ 0x221820F0)
T4EF0 000:517.391   Data:  00 00 00 00
T4EF0 000:517.404 - 0.348ms returns 0
T4EF0 000:517.436 JLINK_ReadMem(0x020E639C, 0x4 Bytes, ...)
T4EF0 000:517.447   CPU_ReadMem(4 bytes @ 0x020E639C)
T4EF0 000:517.854   Data:  04 00 00 00
T4EF0 000:517.898 - 0.461ms returns 0
T4EF0 000:517.987 JLINK_ReadMem(0x22182114, 0x4 Bytes, ...)
T4EF0 000:518.007   CPU_ReadMem(4 bytes @ 0x22182114)
T4EF0 000:518.377   Data:  00 00 00 00
T4EF0 000:518.395 - 0.409ms returns 0
T4EF0 000:518.441 JLINK_ReadMem(0x221820F0, 0x4 Bytes, ...)
T4EF0 000:518.453   CPU_ReadMem(4 bytes @ 0x221820F0)
T4EF0 000:518.816   Data:  00 00 00 00
T4EF0 000:518.830 - 0.389ms returns 0
T4EF0 000:518.864 JLINK_ReadMem(0x020E639C, 0x4 Bytes, ...)
T4EF0 000:518.874   CPU_ReadMem(4 bytes @ 0x020E639C)
T4EF0 000:519.181   Data:  04 00 00 00
T4EF0 000:519.192 - 0.329ms returns 0
T0EB8 000:778.339 JLINK_GetNumBPUnits(Type = 0xFFFFFF00)
T0EB8 000:778.376 - 0.037ms returns 0x08
T0EB8 000:778.388 JLINK_GetNumWPUnits()
T0EB8 000:778.401 - 0.012ms returns 4
T0EB8 000:778.651 JLINK_GetNumBPUnits(Type = 0xFFFFFF00)
T0EB8 000:778.684 - 0.033ms returns 0x08
T0EB8 000:778.699 JLINK_GetNumWPUnits()
T0EB8 000:778.713 - 0.013ms returns 4
T0EB8 000:778.986 JLINK_GetNumBPUnits(Type = 0xFFFFFF00)
T0EB8 000:779.000 - 0.014ms returns 0x08
T0EB8 000:779.009 JLINK_GetNumWPUnits()
T0EB8 000:779.017 - 0.007ms returns 4
T0EB8 000:779.310 JLINK_ReadMem(0xE000EDF0, 0x4 Bytes, ...)
T0EB8 000:779.347   CPU_ReadMem(4 bytes @ 0xE000EDF0)
T0EB8 000:779.873   Data:  03 00 10 00
T0EB8 000:779.897   Debug reg: DHCSR
T0EB8 000:779.911 - 0.602ms returns 0
T0EB8 000:779.960 JLINK_ReadMem(0x40204038, 0x4 Bytes, ...)
T0EB8 000:779.979   CPU_ReadMem(4 bytes @ 0x40204038)
T0EB8 000:780.327   Data:  04 00 00 00
T0EB8 000:780.345 - 0.384ms returns 0
T0EB8 000:780.389 JLINK_ReadMem(0xE000EDF0, 0x4 Bytes, ...)
T0EB8 000:780.402   CPU_ReadMem(4 bytes @ 0xE000EDF0)
T0EB8 000:780.721   Data:  03 00 10 00
T0EB8 000:780.738   Debug reg: DHCSR
T0EB8 000:780.746 - 0.357ms returns 0
T0EB8 000:781.023 JLINK_GetNumBPUnits(Type = 0xFFFFFF00)
T0EB8 000:781.041 - 0.018ms returns 0x08
T0EB8 000:781.051 JLINK_GetNumWPUnits()
T0EB8 000:781.059 - 0.008ms returns 4
T0EB8 000:781.330 JLINK_ReadReg(XPSR)
T0EB8 000:781.674   CPU is running
T0EB8 000:781.688   
  ***** Error: 
T0EB8 000:781.696   Cannot read register 16 (XPSR) while CPU is running
T0EB8 000:781.704 - 0.373ms returns 0x00000000
T0EB8 000:781.740 JLINK_ReadReg(R15 (PC))
T0EB8 000:782.059   CPU is running
T0EB8 000:782.079   
  ***** Error: 
T0EB8 000:782.087   Cannot read register 15 (R15) while CPU is running
T0EB8 000:782.095 - 0.359ms returns 0x00000000
T0EB8 000:782.228 JLINK_GetNumBPUnits(Type = 0xFFFFFF00)
T0EB8 000:782.242 - 0.014ms returns 0x08
T0EB8 000:782.249 JLINK_GetNumWPUnits()
T0EB8 000:782.254 - 0.005ms returns 4
T0EB8 000:782.581 JLINK_GetNumBPUnits(Type = 0xFFFFFF00)
T0EB8 000:782.599 - 0.018ms returns 0x08
T0EB8 000:782.610 JLINK_GetNumWPUnits()
T0EB8 000:782.618 - 0.008ms returns 4
T0EB8 000:782.839 JLINK_GetNumBPUnits(Type = 0xFFFFFF00)
T0EB8 000:782.855 - 0.016ms returns 0x08
T0EB8 000:782.866 JLINK_GetNumWPUnits()
T0EB8 000:782.874 - 0.008ms returns 4
T0EB8 000:783.010 JLINK_GetNumBPUnits(Type = 0xFFFFFF00)
T0EB8 000:783.023 - 0.013ms returns 0x08
T0EB8 000:783.030 JLINK_GetNumWPUnits()
T0EB8 000:783.035 - 0.005ms returns 4
T4EF0 000:825.626 JLINK_IsHalted()
T4EF0 000:826.137 - 0.510ms returns FALSE
T4EF0 000:826.196 JLINK_IsHalted()
T4EF0 000:826.541 - 0.345ms returns FALSE
T4EF0 000:858.637 JLINK_ReadMem(0x22182114, 0x4 Bytes, ...)
T4EF0 000:858.689   CPU_ReadMem(4 bytes @ 0x22182114)
T4EF0 000:859.110   Data:  00 00 00 00
T4EF0 000:859.139 - 0.503ms returns 0
T4EF0 000:859.217 JLINK_ReadMem(0x221820F0, 0x4 Bytes, ...)
T4EF0 000:859.237   CPU_ReadMem(4 bytes @ 0x221820F0)
T4EF0 000:859.588   Data:  00 00 00 00
T4EF0 000:859.606 - 0.388ms returns 0
T4EF0 000:859.653 JLINK_ReadMem(0x020E639C, 0x4 Bytes, ...)
T4EF0 000:859.664   CPU_ReadMem(4 bytes @ 0x020E639C)
T4EF0 000:859.968   Data:  04 00 00 00
T4EF0 000:859.981 - 0.328ms returns 0
T4EF0 000:860.016 JLINK_ReadMem(0x22182114, 0x4 Bytes, ...)
T4EF0 000:860.027   CPU_ReadMem(4 bytes @ 0x22182114)
T4EF0 000:860.318   Data:  00 00 00 00
T4EF0 000:860.330 - 0.313ms returns 0
T4EF0 000:860.359 JLINK_ReadMem(0x221820F0, 0x4 Bytes, ...)
T4EF0 000:860.368   CPU_ReadMem(4 bytes @ 0x221820F0)
T4EF0 000:860.674   Data:  00 00 00 00
T4EF0 000:860.691 - 0.332ms returns 0
T4EF0 000:860.736 JLINK_ReadMem(0x020E639C, 0x4 Bytes, ...)
T4EF0 000:860.748   CPU_ReadMem(4 bytes @ 0x020E639C)
T4EF0 000:861.099   Data:  04 00 00 00
T4EF0 000:861.115 - 0.379ms returns 0
T4EF0 000:935.327 JLINK_IsHalted()
T4EF0 000:935.908 - 0.581ms returns FALSE
T4EF0 000:935.996 JLINK_IsHalted()
T4EF0 000:936.368 - 0.371ms returns FALSE
T4EF0 001:044.351 JLINK_IsHalted()
T4EF0 001:044.896 - 0.544ms returns FALSE
T4EF0 001:044.984 JLINK_IsHalted()
T4EF0 001:045.333 - 0.349ms returns FALSE
T4EF0 001:154.618 JLINK_IsHalted()
T4EF0 001:155.221 - 0.597ms returns FALSE
T4EF0 001:155.287 JLINK_IsHalted()
T4EF0 001:155.625 - 0.336ms returns FALSE
T4EF0 001:263.806 JLINK_IsHalted()
T4EF0 001:264.290 - 0.483ms returns FALSE
T4EF0 001:264.410 JLINK_IsHalted()
T4EF0 001:264.832 - 0.421ms returns FALSE
T4EF0 001:372.889 JLINK_IsHalted()
T4EF0 001:373.378 - 0.488ms returns FALSE
T4EF0 001:373.417 JLINK_IsHalted()
T4EF0 001:373.814 - 0.396ms returns FALSE
T4EF0 001:481.830 JLINK_IsHalted()
T4EF0 001:482.213 - 0.382ms returns FALSE
T4EF0 001:482.271 JLINK_IsHalted()
T4EF0 001:482.603 - 0.331ms returns FALSE
T4EF0 001:591.655 JLINK_IsHalted()
T4EF0 001:592.203 - 0.546ms returns FALSE
T4EF0 001:592.268 JLINK_IsHalted()
T4EF0 001:592.598 - 0.329ms returns FALSE
T4EF0 001:700.760 JLINK_IsHalted()
T4EF0 001:701.284 - 0.523ms returns FALSE
T4EF0 001:701.439 JLINK_IsHalted()
T4EF0 001:701.914 - 0.475ms returns FALSE
T4EF0 001:810.323 JLINK_IsHalted()
T4EF0 001:810.907 - 0.583ms returns FALSE
T4EF0 001:810.994 JLINK_IsHalted()
T4EF0 001:811.374 - 0.378ms returns FALSE
T4EF0 001:919.309 JLINK_IsHalted()
T4EF0 001:919.903 - 0.591ms returns FALSE
T4EF0 001:919.999 JLINK_IsHalted()
T4EF0 001:920.366 - 0.366ms returns FALSE
T4EF0 002:028.880 JLINK_IsHalted()
T4EF0 002:029.424 - 0.543ms returns FALSE
T4EF0 002:029.493 JLINK_IsHalted()
T4EF0 002:029.840 - 0.346ms returns FALSE
T4EF0 002:138.515 JLINK_IsHalted()
T4EF0 002:139.031 - 0.515ms returns FALSE
T4EF0 002:139.115 JLINK_IsHalted()
T4EF0 002:139.490 - 0.374ms returns FALSE
T4EF0 002:247.972 JLINK_IsHalted()
T4EF0 002:248.463 - 0.489ms returns FALSE
T4EF0 002:248.548 JLINK_IsHalted()
T4EF0 002:248.900 - 0.351ms returns FALSE
T4EF0 002:357.427 JLINK_IsHalted()
T4EF0 002:357.879 - 0.451ms returns FALSE
T4EF0 002:357.936 JLINK_IsHalted()
T4EF0 002:358.275 - 0.338ms returns FALSE
T4EF0 002:466.934 JLINK_IsHalted()
T4EF0 002:467.449 - 0.515ms returns FALSE
T4EF0 002:467.541 JLINK_IsHalted()
T4EF0 002:467.900 - 0.359ms returns FALSE
T4EF0 002:576.019 JLINK_IsHalted()
T4EF0 002:576.496 - 0.477ms returns FALSE
T4EF0 002:576.580 JLINK_IsHalted()
T4EF0 002:576.931 - 0.350ms returns FALSE
T4EF0 002:685.745 JLINK_IsHalted()
T4EF0 002:689.720 - 3.974ms returns FALSE
T4EF0 002:689.773 JLINK_IsHalted()
T4EF0 002:690.103 - 0.328ms returns FALSE
T4EF0 002:794.308 JLINK_IsHalted()
T4EF0 002:795.155 - 0.846ms returns FALSE
T4EF0 002:795.208 JLINK_IsHalted()
T4EF0 002:795.507 - 0.298ms returns FALSE
T4EF0 002:904.441 JLINK_IsHalted()
T4EF0 002:904.905 - 0.463ms returns FALSE
T4EF0 002:904.964 JLINK_IsHalted()
T4EF0 002:905.266 - 0.301ms returns FALSE
T4EF0 003:013.868 JLINK_IsHalted()
T4EF0 003:014.341 - 0.472ms returns FALSE
T4EF0 003:014.424 JLINK_IsHalted()
T4EF0 003:014.834 - 0.409ms returns FALSE
T4EF0 003:122.824 JLINK_IsHalted()
T4EF0 003:123.270 - 0.444ms returns FALSE
T4EF0 003:123.352 JLINK_IsHalted()
T4EF0 003:123.711 - 0.358ms returns FALSE
T4EF0 003:232.040 JLINK_IsHalted()
T4EF0 003:232.504 - 0.463ms returns FALSE
T4EF0 003:232.559 JLINK_IsHalted()
T4EF0 003:232.907 - 0.347ms returns FALSE
T4EF0 003:341.390 JLINK_IsHalted()
T4EF0 003:341.903 - 0.512ms returns FALSE
T4EF0 003:341.987 JLINK_IsHalted()
T4EF0 003:342.331 - 0.344ms returns FALSE
T4EF0 003:450.931 JLINK_IsHalted()
T4EF0 003:451.421 - 0.489ms returns FALSE
T4EF0 003:451.507 JLINK_IsHalted()
T4EF0 003:451.897 - 0.390ms returns FALSE
T4EF0 003:560.129 JLINK_IsHalted()
T4EF0 003:560.630 - 0.500ms returns FALSE
T4EF0 003:560.718 JLINK_IsHalted()
T4EF0 003:561.094 - 0.375ms returns FALSE
T4EF0 003:669.520 JLINK_IsHalted()
T4EF0 003:670.027 - 0.506ms returns FALSE
T4EF0 003:670.090 JLINK_IsHalted()
T4EF0 003:670.437 - 0.346ms returns FALSE
T4EF0 003:779.298 JLINK_IsHalted()
T4EF0 003:779.884 - 0.585ms returns FALSE
T4EF0 003:779.986 JLINK_IsHalted()
T4EF0 003:780.391 - 0.403ms returns FALSE
T4EF0 003:888.635 JLINK_IsHalted()
T4EF0 003:889.128 - 0.493ms returns FALSE
T4EF0 003:889.184 JLINK_IsHalted()
T4EF0 003:889.510 - 0.326ms returns FALSE
T4EF0 003:997.791 JLINK_IsHalted()
T4EF0 003:998.303 - 0.511ms returns FALSE
T4EF0 003:998.373 JLINK_IsHalted()
T4EF0 003:998.740 - 0.366ms returns FALSE
T4EF0 004:107.602 JLINK_IsHalted()
T4EF0 004:108.091 - 0.487ms returns FALSE
T4EF0 004:108.178 JLINK_IsHalted()
T4EF0 004:108.528 - 0.350ms returns FALSE
T4EF0 004:216.284 JLINK_IsHalted()
T4EF0 004:216.849 - 0.565ms returns FALSE
T4EF0 004:216.939 JLINK_IsHalted()
T4EF0 004:217.301 - 0.360ms returns FALSE
T4EF0 004:325.491 JLINK_IsHalted()
T4EF0 004:325.983 - 0.492ms returns FALSE
T4EF0 004:326.037 JLINK_IsHalted()
T4EF0 004:326.358 - 0.321ms returns FALSE
T4EF0 004:435.763 JLINK_IsHalted()
T4EF0 004:436.630 - 0.865ms returns FALSE
T4EF0 004:436.692 JLINK_IsHalted()
T4EF0 004:437.055 - 0.362ms returns FALSE
T4EF0 004:544.874 JLINK_IsHalted()
T4EF0 004:545.345 - 0.470ms returns FALSE
T4EF0 004:545.388 JLINK_IsHalted()
T4EF0 004:545.709 - 0.320ms returns FALSE
T4EF0 004:653.812 JLINK_IsHalted()
T4EF0 004:654.315 - 0.502ms returns FALSE
T4EF0 004:654.381 JLINK_IsHalted()
T4EF0 004:654.721 - 0.339ms returns FALSE
T4EF0 004:763.037 JLINK_IsHalted()
T4EF0 004:763.460 - 0.422ms returns FALSE
T4EF0 004:763.520 JLINK_IsHalted()
T4EF0 004:763.842 - 0.321ms returns FALSE
T4EF0 004:872.477 JLINK_IsHalted()
T4EF0 004:873.042 - 0.563ms returns FALSE
T4EF0 004:873.101 JLINK_IsHalted()
T4EF0 004:873.506 - 0.403ms returns FALSE
T4EF0 004:981.886 JLINK_IsHalted()
T4EF0 004:982.343 - 0.455ms returns FALSE
T4EF0 004:982.415 JLINK_IsHalted()
T4EF0 004:982.824 - 0.408ms returns FALSE
T4EF0 005:091.855 JLINK_IsHalted()
T4EF0 005:092.330 - 0.474ms returns FALSE
T4EF0 005:092.407 JLINK_IsHalted()
T4EF0 005:092.818 - 0.410ms returns FALSE
T4EF0 005:200.629 JLINK_IsHalted()
T4EF0 005:201.080 - 0.450ms returns FALSE
T4EF0 005:201.143 JLINK_IsHalted()
T4EF0 005:201.496 - 0.352ms returns FALSE
T4EF0 005:310.774 JLINK_IsHalted()
T4EF0 005:311.282 - 0.507ms returns FALSE
T4EF0 005:311.349 JLINK_IsHalted()
T4EF0 005:311.709 - 0.358ms returns FALSE
T4EF0 005:419.204 JLINK_IsHalted()
T4EF0 005:419.746 - 0.541ms returns FALSE
T4EF0 005:419.823 JLINK_IsHalted()
T4EF0 005:420.172 - 0.348ms returns FALSE
T4EF0 005:528.927 JLINK_IsHalted()
T4EF0 005:529.390 - 0.462ms returns FALSE
T4EF0 005:529.475 JLINK_IsHalted()
T4EF0 005:529.827 - 0.351ms returns FALSE
T4EF0 005:639.485 JLINK_IsHalted()
T4EF0 005:640.153 - 0.664ms returns FALSE
T4EF0 005:640.261 JLINK_IsHalted()
T4EF0 005:640.566 - 0.303ms returns FALSE
T4EF0 005:747.261 JLINK_IsHalted()
T4EF0 005:747.715 - 0.452ms returns FALSE
T4EF0 005:747.802 JLINK_IsHalted()
T4EF0 005:748.117 - 0.314ms returns FALSE
T4EF0 005:858.057 JLINK_IsHalted()
T4EF0 005:858.535 - 0.477ms returns FALSE
T4EF0 005:858.627 JLINK_IsHalted()
T4EF0 005:858.997 - 0.369ms returns FALSE
T4EF0 005:966.649 JLINK_IsHalted()
T4EF0 005:967.141 - 0.491ms returns FALSE
T4EF0 005:967.233 JLINK_IsHalted()
T4EF0 005:967.595 - 0.361ms returns FALSE
T4EF0 006:076.351 JLINK_IsHalted()
T4EF0 006:076.834 - 0.482ms returns FALSE
T4EF0 006:076.901 JLINK_IsHalted()
T4EF0 006:077.261 - 0.360ms returns FALSE
T4EF0 006:184.977 JLINK_IsHalted()
T4EF0 006:185.485 - 0.507ms returns FALSE
T4EF0 006:185.573 JLINK_IsHalted()
T4EF0 006:185.999 - 0.425ms returns FALSE
T4EF0 006:294.177 JLINK_IsHalted()
T4EF0 006:294.673 - 0.496ms returns FALSE
T4EF0 006:294.753 JLINK_IsHalted()
T4EF0 006:295.126 - 0.373ms returns FALSE
T4EF0 006:404.500 JLINK_IsHalted()
T4EF0 006:405.014 - 0.512ms returns FALSE
T4EF0 006:405.087 JLINK_IsHalted()
T4EF0 006:405.478 - 0.389ms returns FALSE
T4EF0 006:512.980 JLINK_IsHalted()
T4EF0 006:513.407 - 0.426ms returns FALSE
T4EF0 006:513.491 JLINK_IsHalted()
T4EF0 006:513.828 - 0.336ms returns FALSE
T4EF0 006:622.818 JLINK_IsHalted()
T4EF0 006:623.425 - 0.606ms returns FALSE
T4EF0 006:623.513 JLINK_IsHalted()
T4EF0 006:623.900 - 0.386ms returns FALSE
T4EF0 006:732.159 JLINK_IsHalted()
T4EF0 006:732.669 - 0.508ms returns FALSE
T4EF0 006:732.750 JLINK_IsHalted()
T4EF0 006:733.069 - 0.318ms returns FALSE
T4EF0 006:841.661 JLINK_IsHalted()
T4EF0 006:842.241 - 0.580ms returns FALSE
T4EF0 006:842.321 JLINK_IsHalted()
T4EF0 006:842.673 - 0.352ms returns FALSE
T4EF0 006:950.817 JLINK_IsHalted()
T4EF0 006:951.262 - 0.444ms returns FALSE
T4EF0 006:951.301 JLINK_IsHalted()
T4EF0 006:951.608 - 0.306ms returns FALSE
T4EF0 007:060.327 JLINK_IsHalted()
T4EF0 007:060.917 - 0.590ms returns FALSE
T4EF0 007:060.973 JLINK_IsHalted()
T4EF0 007:061.345 - 0.372ms returns FALSE
T4EF0 007:169.561 JLINK_IsHalted()
T4EF0 007:170.177 - 0.618ms returns FALSE
T4EF0 007:170.269 JLINK_IsHalted()
T4EF0 007:170.614 - 0.344ms returns FALSE
T4EF0 007:279.083 JLINK_IsHalted()
T4EF0 007:279.573 - 0.490ms returns FALSE
T4EF0 007:279.663 JLINK_IsHalted()
T4EF0 007:280.017 - 0.353ms returns FALSE
T4EF0 007:388.087 JLINK_IsHalted()
T4EF0 007:388.565 - 0.479ms returns FALSE
T4EF0 007:388.649 JLINK_IsHalted()
T4EF0 007:389.022 - 0.372ms returns FALSE
T4EF0 007:498.303 JLINK_IsHalted()
T4EF0 007:498.845 - 0.541ms returns FALSE
T4EF0 007:498.935 JLINK_IsHalted()
T4EF0 007:499.280 - 0.344ms returns FALSE
T4EF0 007:606.744 JLINK_IsHalted()
T4EF0 007:607.220 - 0.475ms returns FALSE
T4EF0 007:607.285 JLINK_IsHalted()
T4EF0 007:607.630 - 0.344ms returns FALSE
T4EF0 007:716.221 JLINK_IsHalted()
T4EF0 007:716.699 - 0.477ms returns FALSE
T4EF0 007:716.785 JLINK_IsHalted()
T4EF0 007:717.155 - 0.369ms returns FALSE
T4EF0 007:826.800 JLINK_IsHalted()
T4EF0 007:827.281 - 0.480ms returns FALSE
T4EF0 007:827.338 JLINK_IsHalted()
T4EF0 007:827.681 - 0.342ms returns FALSE
T4EF0 007:935.109 JLINK_IsHalted()
T4EF0 007:935.592 - 0.482ms returns FALSE
T4EF0 007:935.671 JLINK_IsHalted()
T4EF0 007:936.027 - 0.355ms returns FALSE
T4EF0 008:044.833 JLINK_IsHalted()
T4EF0 008:045.315 - 0.480ms returns FALSE
T4EF0 008:045.397 JLINK_IsHalted()
T4EF0 008:045.821 - 0.424ms returns FALSE
T4EF0 008:153.912 JLINK_IsHalted()
T4EF0 008:154.405 - 0.491ms returns FALSE
T4EF0 008:154.486 JLINK_IsHalted()
T4EF0 008:154.849 - 0.362ms returns FALSE
T4EF0 008:263.256 JLINK_IsHalted()
T4EF0 008:263.715 - 0.459ms returns FALSE
T4EF0 008:263.796 JLINK_IsHalted()
T4EF0 008:264.163 - 0.366ms returns FALSE
T4EF0 008:372.635 JLINK_IsHalted()
T4EF0 008:373.094 - 0.458ms returns FALSE
T4EF0 008:373.174 JLINK_IsHalted()
T4EF0 008:373.533 - 0.358ms returns FALSE
T4EF0 008:482.270 JLINK_IsHalted()
T4EF0 008:482.854 - 0.583ms returns FALSE
T4EF0 008:482.942 JLINK_IsHalted()
T4EF0 008:483.302 - 0.360ms returns FALSE
T4EF0 008:591.075 JLINK_IsHalted()
T4EF0 008:591.536 - 0.460ms returns FALSE
T4EF0 008:591.618 JLINK_IsHalted()
T4EF0 008:591.990 - 0.371ms returns FALSE
T4EF0 008:700.658 JLINK_IsHalted()
T4EF0 008:701.110 - 0.452ms returns FALSE
T4EF0 008:701.161 JLINK_IsHalted()
T4EF0 008:701.475 - 0.313ms returns FALSE
T4EF0 008:810.337 JLINK_IsHalted()
T4EF0 008:810.854 - 0.516ms returns FALSE
T4EF0 008:810.909 JLINK_IsHalted()
T4EF0 008:811.238 - 0.329ms returns FALSE
T4EF0 008:920.123 JLINK_IsHalted()
T4EF0 008:920.614 - 0.490ms returns FALSE
T4EF0 008:920.668 JLINK_IsHalted()
T4EF0 008:921.005 - 0.336ms returns FALSE
T4EF0 009:029.146 JLINK_IsHalted()
T4EF0 009:029.617 - 0.471ms returns FALSE
T4EF0 009:029.670 JLINK_IsHalted()
T4EF0 009:030.025 - 0.354ms returns FALSE
T4EF0 009:138.965 JLINK_IsHalted()
T4EF0 009:139.442 - 0.477ms returns FALSE
T4EF0 009:139.520 JLINK_IsHalted()
T4EF0 009:139.881 - 0.360ms returns FALSE
T4EF0 009:248.101 JLINK_IsHalted()
T4EF0 009:248.560 - 0.458ms returns FALSE
T4EF0 009:248.639 JLINK_IsHalted()
T4EF0 009:249.002 - 0.362ms returns FALSE
T4EF0 009:356.990 JLINK_IsHalted()
T4EF0 009:357.462 - 0.470ms returns FALSE
T4EF0 009:357.545 JLINK_IsHalted()
T4EF0 009:357.894 - 0.348ms returns FALSE
T4EF0 009:466.138 JLINK_IsHalted()
T4EF0 009:466.571 - 0.432ms returns FALSE
T4EF0 009:466.650 JLINK_IsHalted()
T4EF0 009:467.018 - 0.368ms returns FALSE
T4EF0 009:575.603 JLINK_IsHalted()
T4EF0 009:576.077 - 0.472ms returns FALSE
T4EF0 009:576.156 JLINK_IsHalted()
T4EF0 009:576.526 - 0.369ms returns FALSE
T4EF0 009:684.890 JLINK_IsHalted()
T4EF0 009:685.398 - 0.506ms returns FALSE
T4EF0 009:685.450 JLINK_IsHalted()
T4EF0 009:685.817 - 0.366ms returns FALSE
T4EF0 009:794.190 JLINK_IsHalted()
T4EF0 009:794.680 - 0.489ms returns FALSE
T4EF0 009:794.734 JLINK_IsHalted()
T4EF0 009:795.061 - 0.327ms returns FALSE
T4EF0 009:903.741 JLINK_IsHalted()
T4EF0 009:904.234 - 0.492ms returns FALSE
T4EF0 009:904.290 JLINK_IsHalted()
T4EF0 009:904.630 - 0.339ms returns FALSE
T4EF0 010:013.175 JLINK_IsHalted()
T4EF0 010:013.627 - 0.451ms returns FALSE
T4EF0 010:013.682 JLINK_IsHalted()
T4EF0 010:014.006 - 0.322ms returns FALSE
T4EF0 010:122.478 JLINK_IsHalted()
T4EF0 010:123.291 - 0.812ms returns FALSE
T4EF0 010:123.346 JLINK_IsHalted()
T4EF0 010:123.690 - 0.343ms returns FALSE
T4EF0 010:232.614 JLINK_IsHalted()
T4EF0 010:233.114 - 0.498ms returns FALSE
T4EF0 010:233.166 JLINK_IsHalted()
T4EF0 010:233.532 - 0.366ms returns FALSE
T4EF0 010:341.983 JLINK_IsHalted()
T4EF0 010:342.565 - 0.581ms returns FALSE
T4EF0 010:342.658 JLINK_IsHalted()
T4EF0 010:343.088 - 0.429ms returns FALSE
T4EF0 010:450.530 JLINK_IsHalted()
T4EF0 010:451.042 - 0.510ms returns FALSE
T4EF0 010:451.120 JLINK_IsHalted()
T4EF0 010:451.606 - 0.485ms returns FALSE
T4EF0 010:560.264 JLINK_IsHalted()
T4EF0 010:560.755 - 0.490ms returns FALSE
T4EF0 010:560.836 JLINK_IsHalted()
T4EF0 010:561.186 - 0.348ms returns FALSE
T4EF0 010:669.802 JLINK_IsHalted()
T4EF0 010:670.303 - 0.500ms returns FALSE
T4EF0 010:670.386 JLINK_IsHalted()
T4EF0 010:670.842 - 0.455ms returns FALSE
T4EF0 010:778.576 JLINK_IsHalted()
T4EF0 010:779.026 - 0.449ms returns FALSE
T4EF0 010:779.110 JLINK_IsHalted()
T4EF0 010:779.462 - 0.351ms returns FALSE
T4EF0 010:888.980 JLINK_IsHalted()
T4EF0 010:889.729 - 0.748ms returns FALSE
T4EF0 010:889.790 JLINK_IsHalted()
T4EF0 010:890.158 - 0.367ms returns FALSE
T4EF0 010:998.181 JLINK_IsHalted()
T4EF0 010:998.781 - 0.599ms returns FALSE
T4EF0 010:998.864 JLINK_IsHalted()
T4EF0 010:999.246 - 0.380ms returns FALSE
T4EF0 011:107.098 JLINK_IsHalted()
T4EF0 011:107.627 - 0.529ms returns FALSE
T4EF0 011:107.713 JLINK_IsHalted()
T4EF0 011:108.078 - 0.365ms returns FALSE
T4EF0 011:217.029 JLINK_IsHalted()
T4EF0 011:217.514 - 0.483ms returns FALSE
T4EF0 011:217.655 JLINK_IsHalted()
T4EF0 011:218.022 - 0.366ms returns FALSE
T4EF0 011:325.422 JLINK_IsHalted()
T4EF0 011:325.886 - 0.463ms returns FALSE
T4EF0 011:325.943 JLINK_IsHalted()
T4EF0 011:326.275 - 0.331ms returns FALSE
T4EF0 011:435.036 JLINK_IsHalted()
T4EF0 011:435.518 - 0.480ms returns FALSE
T4EF0 011:435.602 JLINK_IsHalted()
T4EF0 011:436.072 - 0.469ms returns FALSE
T4EF0 011:545.120 JLINK_IsHalted()
T4EF0 011:545.606 - 0.485ms returns FALSE
T4EF0 011:545.689 JLINK_IsHalted()
T4EF0 011:546.042 - 0.351ms returns FALSE
T4EF0 011:654.470 JLINK_IsHalted()
T4EF0 011:655.073 - 0.602ms returns FALSE
T4EF0 011:655.128 JLINK_IsHalted()
T4EF0 011:655.438 - 0.310ms returns FALSE
T4EF0 011:763.902 JLINK_IsHalted()
T4EF0 011:764.339 - 0.436ms returns FALSE
T4EF0 011:764.398 JLINK_IsHalted()
T4EF0 011:764.729 - 0.330ms returns FALSE
T4EF0 011:873.017 JLINK_IsHalted()
T4EF0 011:873.567 - 0.550ms returns FALSE
T4EF0 011:873.652 JLINK_IsHalted()
T4EF0 011:874.072 - 0.419ms returns FALSE
T4EF0 011:982.503 JLINK_IsHalted()
T4EF0 011:983.035 - 0.532ms returns FALSE
T4EF0 011:983.094 JLINK_IsHalted()
T4EF0 011:983.418 - 0.323ms returns FALSE
T4EF0 012:091.606 JLINK_IsHalted()
T4EF0 012:092.035 - 0.432ms returns FALSE
T4EF0 012:092.093 JLINK_IsHalted()
T4EF0 012:092.392 - 0.298ms returns FALSE
T4EF0 012:200.697 JLINK_IsHalted()
T4EF0 012:201.300 - 0.603ms returns FALSE
T4EF0 012:201.387 JLINK_IsHalted()
T4EF0 012:201.783 - 0.395ms returns FALSE
T4EF0 012:310.442 JLINK_IsHalted()
T4EF0 012:310.903 - 0.460ms returns FALSE
T4EF0 012:310.974 JLINK_IsHalted()
T4EF0 012:311.339 - 0.365ms returns FALSE
T4EF0 012:419.754 JLINK_IsHalted()
T4EF0 012:420.321 - 0.566ms returns FALSE
T4EF0 012:420.399 JLINK_IsHalted()
T4EF0 012:420.815 - 0.415ms returns FALSE
T4EF0 012:529.323 JLINK_IsHalted()
T4EF0 012:529.826 - 0.501ms returns FALSE
T4EF0 012:529.910 JLINK_IsHalted()
T4EF0 012:530.280 - 0.369ms returns FALSE
T4EF0 012:638.389 JLINK_IsHalted()
T4EF0 012:638.862 - 0.473ms returns FALSE
T4EF0 012:638.914 JLINK_IsHalted()
T4EF0 012:639.266 - 0.351ms returns FALSE
T4EF0 012:748.133 JLINK_IsHalted()
T4EF0 012:748.560 - 0.426ms returns FALSE
T4EF0 012:748.643 JLINK_IsHalted()
T4EF0 012:748.988 - 0.344ms returns FALSE
T4EF0 012:856.847 JLINK_IsHalted()
T4EF0 012:857.414 - 0.565ms returns FALSE
T4EF0 012:857.497 JLINK_IsHalted()
T4EF0 012:857.882 - 0.384ms returns FALSE
T4EF0 012:967.014 JLINK_IsHalted()
T4EF0 012:967.466 - 0.449ms returns FALSE
T4EF0 012:967.538 JLINK_IsHalted()
T4EF0 012:967.874 - 0.335ms returns FALSE
T4EF0 013:075.524 JLINK_IsHalted()
T4EF0 013:076.025 - 0.500ms returns FALSE
T4EF0 013:076.116 JLINK_IsHalted()
T4EF0 013:076.467 - 0.350ms returns FALSE
T4EF0 013:184.875 JLINK_IsHalted()
T4EF0 013:185.321 - 0.445ms returns FALSE
T4EF0 013:185.366 JLINK_IsHalted()
T4EF0 013:185.683 - 0.316ms returns FALSE
T4EF0 013:294.374 JLINK_IsHalted()
T4EF0 013:295.195 - 0.820ms returns FALSE
T4EF0 013:295.264 JLINK_IsHalted()
T4EF0 013:295.627 - 0.361ms returns FALSE
T4EF0 013:404.246 JLINK_IsHalted()
T4EF0 013:404.661 - 0.414ms returns FALSE
T4EF0 013:404.712 JLINK_IsHalted()
T4EF0 013:405.008 - 0.295ms returns FALSE
T4EF0 013:513.640 JLINK_IsHalted()
T4EF0 013:514.122 - 0.481ms returns FALSE
T4EF0 013:514.182 JLINK_IsHalted()
T4EF0 013:514.506 - 0.322ms returns FALSE
T4EF0 013:623.107 JLINK_IsHalted()
T4EF0 013:623.522 - 0.413ms returns FALSE
T4EF0 013:623.603 JLINK_IsHalted()
T4EF0 013:623.994 - 0.389ms returns FALSE
T4EF0 013:731.875 JLINK_IsHalted()
T4EF0 013:732.362 - 0.486ms returns FALSE
T4EF0 013:732.414 JLINK_IsHalted()
T4EF0 013:732.739 - 0.324ms returns FALSE
T4EF0 013:841.946 JLINK_IsHalted()
T4EF0 013:842.395 - 0.447ms returns FALSE
T4EF0 013:842.477 JLINK_IsHalted()
T4EF0 013:842.835 - 0.357ms returns FALSE
T4EF0 013:951.155 JLINK_IsHalted()
T4EF0 013:954.728 - 3.569ms returns TRUE
T4EF0 013:954.813 JLINK_ReadReg(XPSR)
T4EF0 013:954.826   CPU_ReadMem(4 bytes @ 0xE000EE08)
T4EF0 013:955.155 - 0.342ms returns 0xF9000000
T4EF0 013:955.216 JLINK_ReadReg(R15 (PC))
T4EF0 013:955.232 - 0.015ms returns 0x020E0544
T4EF0 013:955.270 JLINK_ReadReg(XPSR)
T4EF0 013:955.277 - 0.007ms returns 0xF9000000
T4EF0 013:955.285 JLINK_ReadReg(XPSR)
T4EF0 013:955.291 - 0.006ms returns 0xF9000000
T4EF0 013:955.298 JLINK_ReadReg(R15 (PC))
T4EF0 013:955.304 - 0.006ms returns 0x020E0544
T4EF0 013:955.318 JLINK_ReadReg(XPSR)
T4EF0 013:955.323 - 0.006ms returns 0xF9000000
T4EF0 013:955.331 JLINK_ReadMem(0x020E0544, 0x1 Bytes, ...)
T4EF0 013:955.346   CPU_ReadMem(64 bytes @ 0x020E0540)
T4EF0 013:956.285    -- Updating C cache (64 bytes @ 0x020E0540)
T4EF0 013:956.302    -- Read from C cache (1 bytes @ 0x020E0544)
T4EF0 013:956.312   Data:  00
T4EF0 013:956.320 - 0.989ms returns 0
T4EF0 013:956.363 JLINK_IsHalted()
T4EF0 013:956.371 - 0.008ms returns TRUE
T4EF0 013:956.394 JLINK_ReadReg(XPSR)
T4EF0 013:956.402 - 0.007ms returns 0xF9000000
T4EF0 013:956.408 JLINK_ReadReg(XPSR)
T4EF0 013:956.414 - 0.005ms returns 0xF9000000
T4EF0 013:956.421 JLINK_ReadReg(R15 (PC))
T4EF0 013:956.427 - 0.006ms returns 0x020E0544
T4EF0 013:956.440 JLINK_ReadReg(XPSR)
T4EF0 013:956.445 - 0.005ms returns 0xF9000000
T4EF0 013:956.451 JLINK_ReadMem(0x020E0544, 0x1 Bytes, ...)
T4EF0 013:956.459    -- Read from C cache (1 bytes @ 0x020E0544)
T4EF0 013:956.467   Data:  00
T4EF0 013:956.475 - 0.023ms returns 0
T4EF0 013:956.525 JLINK_IsHalted()
T4EF0 013:956.531 - 0.006ms returns TRUE
T4EF0 013:956.538 JLINK_ReadReg(XPSR)
T4EF0 013:956.544 - 0.006ms returns 0xF9000000
T4EF0 013:956.550 JLINK_ReadReg(R15 (PC))
T4EF0 013:956.555 - 0.005ms returns 0x020E0544
T4EF0 013:956.568 JLINK_ReadReg(XPSR)
T4EF0 013:956.574 - 0.006ms returns 0xF9000000
T4EF0 013:956.581 JLINK_ReadReg(XPSR)
T4EF0 013:956.586 - 0.005ms returns 0xF9000000
T4EF0 013:956.592 JLINK_ReadReg(R15 (PC))
T4EF0 013:956.597 - 0.005ms returns 0x020E0544
T4EF0 013:956.608 JLINK_ReadReg(XPSR)
T4EF0 013:956.614 - 0.005ms returns 0xF9000000
T4EF0 013:956.621 JLINK_ReadMem(0x020E0544, 0x1 Bytes, ...)
T4EF0 013:956.626    -- Read from C cache (1 bytes @ 0x020E0544)
T4EF0 013:956.634   Data:  00
T4EF0 013:956.642 - 0.020ms returns 0
T4EF0 013:956.646 JLINK_IsHalted()
T4EF0 013:956.653 - 0.005ms returns TRUE
T4EF0 013:956.662 JLINK_ReadReg(XPSR)
T4EF0 013:956.669 - 0.005ms returns 0xF9000000
T4EF0 013:956.675 JLINK_ReadReg(XPSR)
T4EF0 013:956.680 - 0.005ms returns 0xF9000000
T4EF0 013:956.686 JLINK_ReadReg(R15 (PC))
T4EF0 013:956.693 - 0.005ms returns 0x020E0544
T4EF0 013:956.702 JLINK_ReadReg(XPSR)
T4EF0 013:956.709 - 0.005ms returns 0xF9000000
T4EF0 013:956.715 JLINK_ReadMem(0x020E0544, 0x1 Bytes, ...)
T4EF0 013:956.720    -- Read from C cache (1 bytes @ 0x020E0544)
T4EF0 013:956.734   Data:  00
T4EF0 013:956.742 - 0.027ms returns 0
T4EF0 013:956.755 JLINK_ReadMem(0x22182114, 0x4 Bytes, ...)
T4EF0 013:956.763   CPU_ReadMem(4 bytes @ 0x22182114)
T4EF0 013:957.101   Data:  00 00 00 00
T4EF0 013:957.114 - 0.359ms returns 0
T4EF0 013:957.146 JLINK_ReadMem(0x221820F0, 0x4 Bytes, ...)
T4EF0 013:957.160   CPU_ReadMem(4 bytes @ 0x221820F0)
T4EF0 013:957.482   Data:  00 00 00 00
T4EF0 013:957.498 - 0.351ms returns 0
T4EF0 013:957.539 JLINK_ReadMem(0x020E639C, 0x4 Bytes, ...)
T4EF0 013:957.549   CPU_ReadMem(64 bytes @ 0x020E6380)
T4EF0 013:958.218    -- Updating C cache (64 bytes @ 0x020E6380)
T4EF0 013:958.230    -- Read from C cache (4 bytes @ 0x020E639C)
T4EF0 013:958.240   Data:  04 00 00 00
T4EF0 013:958.250 - 0.710ms returns 0
T4EF0 013:958.896 JLINK_ReadMem(0x22182114, 0x4 Bytes, ...)
T4EF0 013:958.910   CPU_ReadMem(4 bytes @ 0x22182114)
T4EF0 013:959.221   Data:  00 00 00 00
T4EF0 013:959.232 - 0.336ms returns 0
T4EF0 013:959.261 JLINK_ReadMem(0x221820F0, 0x4 Bytes, ...)
T4EF0 013:959.270   CPU_ReadMem(4 bytes @ 0x221820F0)
T4EF0 013:959.568   Data:  00 00 00 00
T4EF0 013:959.582 - 0.322ms returns 0
T4EF0 013:959.619 JLINK_ReadMem(0x020E639C, 0x4 Bytes, ...)
T4EF0 013:959.627    -- Read from C cache (4 bytes @ 0x020E639C)
T4EF0 013:959.635   Data:  04 00 00 00
T4EF0 013:959.643 - 0.024ms returns 0
T4EF0 013:959.664 JLINK_ReadRegs(NumRegs = 20)
T4EF0 013:959.690   
  R0 (0)        = 0x00                 R1 (1)        = 0x00                 R2 (2)        = 0x00                 R3 (3)        = 0x00              
  R4 (4)        = 0x00                 R5 (5)        = 0x00                 R6 (6)        = 0x00                 R7 (7)        = 0x00              
  R8 (8)        = 0x20E5FD0            R9 (9)        = 0x20DD2BB            R10 (10)      = 0x300                R11 (11)      = 0xA5A5A5A5        
  R12 (12)      = 0x22181E40           R13 (SP) (13) = 0x22180540           R14 (14)      = 0xFFFFFFFF           R15 (PC) (15) = 0x20E0544         
  XPSR (16)     = 0xF9000000           MSPLIM (86)   = 0x00                 PSPLIM (87)   = 0x00                 CFBP (20)     = 0x00              
T4EF0 013:959.698 - 0.034ms returns 0x00
T4EF0 013:962.946 JLINK_ReadMem(0x22182114, 0x4 Bytes, ...)
T4EF0 013:962.970   CPU_ReadMem(4 bytes @ 0x22182114)
T4EF0 013:963.310   Data:  00 00 00 00
T4EF0 013:963.323 - 0.377ms returns 0
T4EF0 013:963.352 JLINK_ReadMem(0x221820F0, 0x4 Bytes, ...)
T4EF0 013:963.363   CPU_ReadMem(4 bytes @ 0x221820F0)
T4EF0 013:963.675   Data:  00 00 00 00
T4EF0 013:963.688 - 0.335ms returns 0
T4EF0 013:963.720 JLINK_ReadMem(0x020E639C, 0x4 Bytes, ...)
T4EF0 013:963.728    -- Read from C cache (4 bytes @ 0x020E639C)
T4EF0 013:963.736   Data:  04 00 00 00
T4EF0 013:963.744 - 0.025ms returns 0
T4EF0 013:963.754 JLINK_ReadMem(0x22182114, 0x4 Bytes, ...)
T4EF0 013:963.762   CPU_ReadMem(4 bytes @ 0x22182114)
T4EF0 013:964.075   Data:  00 00 00 00
T4EF0 013:964.101 - 0.347ms returns 0
T4EF0 013:964.157 JLINK_ReadMem(0x221820F0, 0x4 Bytes, ...)
T4EF0 013:964.173   CPU_ReadMem(4 bytes @ 0x221820F0)
T4EF0 013:964.531   Data:  00 00 00 00
T4EF0 013:964.557 - 0.400ms returns 0
T4EF0 013:964.616 JLINK_ReadMem(0x020E639C, 0x4 Bytes, ...)
T4EF0 013:964.630    -- Read from C cache (4 bytes @ 0x020E639C)
T4EF0 013:964.645   Data:  04 00 00 00
T4EF0 013:964.656 - 0.041ms returns 0
T4EF0 013:965.181 JLINK_ReadMem(0xE000EDF0, 0x4 Bytes, ...)
T4EF0 013:965.203   CPU_ReadMem(4 bytes @ 0xE000EDF0)
T4EF0 013:965.534   Data:  03 00 13 00
T4EF0 013:965.552   Debug reg: DHCSR
T4EF0 013:965.565 - 0.384ms returns 0
T4EF0 013:966.048 JLINK_ReadMem(0x020E0544, 0x4 Bytes, ...)
T4EF0 013:966.074    -- Read from C cache (4 bytes @ 0x020E0544)
T4EF0 013:966.088   Data:  00 F0 06 F8
T4EF0 013:966.101 - 0.052ms returns 0
T0EB8 013:968.184 JLINK_ReadReg(XPSR)
T0EB8 013:968.216 - 0.031ms returns 0xF9000000
T0EB8 013:968.222 JLINK_ReadReg(R15 (PC))
T0EB8 013:968.230 - 0.006ms returns 0x020E0544
T0EB8 013:968.344 JLINK_IsHalted()
T0EB8 013:968.363 - 0.019ms returns TRUE
T0EB8 013:968.370 JLINK_ReadReg(XPSR)
T0EB8 013:968.378 - 0.007ms returns 0xF9000000
T0EB8 013:968.384 JLINK_ReadReg(R15 (PC))
T0EB8 013:968.389 - 0.005ms returns 0x020E0544
T0EB8 013:968.414 JLINK_ReadReg(XPSR)
T0EB8 013:968.421 - 0.006ms returns 0xF9000000
T0EB8 013:968.427 JLINK_ReadReg(XPSR)
T0EB8 013:968.432 - 0.005ms returns 0xF9000000
T0EB8 013:968.438 JLINK_ReadReg(R15 (PC))
T0EB8 013:968.445 - 0.005ms returns 0x020E0544
T0EB8 013:968.458 JLINK_ReadReg(XPSR)
T0EB8 013:968.464 - 0.006ms returns 0xF9000000
T0EB8 013:968.470 JLINK_ReadMem(0x020E0544, 0x1 Bytes, ...)
T0EB8 013:968.480    -- Read from C cache (1 bytes @ 0x020E0544)
T0EB8 013:968.488   Data:  00
T0EB8 013:968.496 - 0.025ms returns 0
T0EB8 013:968.502 JLINK_IsHalted()
T0EB8 013:968.510 - 0.008ms returns TRUE
T0EB8 013:968.530 JLINK_ReadReg(XPSR)
T0EB8 013:968.538 - 0.007ms returns 0xF9000000
T0EB8 013:968.544 JLINK_ReadReg(XPSR)
T0EB8 013:968.550 - 0.006ms returns 0xF9000000
T0EB8 013:968.557 JLINK_ReadReg(R15 (PC))
T0EB8 013:968.562 - 0.005ms returns 0x020E0544
T0EB8 013:968.574 JLINK_ReadReg(XPSR)
T0EB8 013:968.579 - 0.005ms returns 0xF9000000
T0EB8 013:968.586 JLINK_ReadMem(0x020E0544, 0x1 Bytes, ...)
T0EB8 013:968.592    -- Read from C cache (1 bytes @ 0x020E0544)
T0EB8 013:968.600   Data:  00
T0EB8 013:968.608 - 0.021ms returns 0
T0EB8 013:968.637 JLINK_ReadMem(0xE0001000, 0x4 Bytes, ...)
T0EB8 013:968.645   CPU_ReadMem(4 bytes @ 0xE0001000)
T0EB8 013:969.002   Data:  01 00 00 40
T0EB8 013:969.014   Debug reg: DWT_CTRL
T0EB8 013:969.021 - 0.384ms returns 0
T0EB8 013:969.061 JLINK_WriteMem(0xE0001FB0, 0x8 Bytes, ...)
T0EB8 013:969.069   Data:  00 00 00 00 55 CE AC C5
T0EB8 013:969.286   CPU_WriteMem(8 bytes @ 0xE0001FB0)
T0EB8 013:969.646 - 0.585ms returns 0x8
T0EB8 013:969.696 JLINK_ReadMem(0xE000EDFC, 0x4 Bytes, ...)
T0EB8 013:969.706   CPU_ReadMem(4 bytes @ 0xE000EDFC)
T0EB8 013:970.011   Data:  00 00 10 01
T0EB8 013:970.030   Debug reg: DEMCR
T0EB8 013:970.043 - 0.347ms returns 0
T0EB8 013:974.010 JLINK_ReadMem(0xE0001004, 0x4 Bytes, ...)
T0EB8 013:974.042   CPU_ReadMem(4 bytes @ 0xE0001004)
T0EB8 013:974.421   Data:  BE BA E5 06
T0EB8 013:974.442   Debug reg: DWT_CYCCNT
T0EB8 013:974.450 - 0.440ms returns 0
T4EF0 013:987.926 JLINK_ReadMem(0x22182114, 0x4 Bytes, ...)
T4EF0 013:987.997   CPU_ReadMem(4 bytes @ 0x22182114)
T4EF0 013:988.398   Data:  00 00 00 00
T4EF0 013:988.419 - 0.495ms returns 0
T4EF0 013:988.459 JLINK_ReadMem(0x221820F0, 0x4 Bytes, ...)
T4EF0 013:988.472   CPU_ReadMem(4 bytes @ 0x221820F0)
T4EF0 013:988.859   Data:  00 00 00 00
T4EF0 013:988.875 - 0.417ms returns 0
T4EF0 013:988.922 JLINK_ReadMem(0x020E639C, 0x4 Bytes, ...)
T4EF0 013:988.931    -- Read from C cache (4 bytes @ 0x020E639C)
T4EF0 013:988.939   Data:  04 00 00 00
T4EF0 013:988.947 - 0.026ms returns 0
T4EF0 013:988.958 JLINK_ReadMem(0x22182114, 0x4 Bytes, ...)
T4EF0 013:988.966   CPU_ReadMem(4 bytes @ 0x22182114)
T4EF0 013:989.278   Data:  00 00 00 00
T4EF0 013:989.293 - 0.334ms returns 0
T4EF0 013:989.328 JLINK_ReadMem(0x221820F0, 0x4 Bytes, ...)
T4EF0 013:989.339   CPU_ReadMem(4 bytes @ 0x221820F0)
T4EF0 013:989.648   Data:  00 00 00 00
T4EF0 013:989.664 - 0.335ms returns 0
T4EF0 013:989.702 JLINK_ReadMem(0x020E639C, 0x4 Bytes, ...)
T4EF0 013:989.712    -- Read from C cache (4 bytes @ 0x020E639C)
T4EF0 013:989.720   Data:  04 00 00 00
T4EF0 013:989.731 - 0.029ms returns 0
T4EF0 013:990.387 JLINK_ReadMem(0x020E0544, 0x4 Bytes, ...)
T4EF0 013:990.405    -- Read from C cache (4 bytes @ 0x020E0544)
T4EF0 013:990.414   Data:  00 F0 06 F8
T4EF0 013:990.422 - 0.035ms returns 0
T4EF0 014:282.606 JLINK_ReadMem(0x22182114, 0x4 Bytes, ...)
T4EF0 014:282.651   CPU_ReadMem(4 bytes @ 0x22182114)
T4EF0 014:283.059   Data:  00 00 00 00
T4EF0 014:283.082 - 0.477ms returns 0
T4EF0 014:283.139 JLINK_ReadMem(0x221820F0, 0x4 Bytes, ...)
T4EF0 014:283.157   CPU_ReadMem(4 bytes @ 0x221820F0)
T4EF0 014:283.510   Data:  00 00 00 00
T4EF0 014:283.528 - 0.388ms returns 0
T4EF0 014:283.582 JLINK_ReadMem(0x020E639C, 0x4 Bytes, ...)
T4EF0 014:283.595    -- Read from C cache (4 bytes @ 0x020E639C)
T4EF0 014:283.608   Data:  04 00 00 00
T4EF0 014:283.619 - 0.036ms returns 0
T4EF0 014:283.634 JLINK_ReadMem(0x22182114, 0x4 Bytes, ...)
T4EF0 014:283.646   CPU_ReadMem(4 bytes @ 0x22182114)
T4EF0 014:284.178   Data:  00 00 00 00
T4EF0 014:284.202 - 0.567ms returns 0
T4EF0 014:284.262 JLINK_ReadMem(0x221820F0, 0x4 Bytes, ...)
T4EF0 014:284.282   CPU_ReadMem(4 bytes @ 0x221820F0)
T4EF0 014:285.114   Data:  00 00 00 00
T4EF0 014:285.146 - 0.883ms returns 0
T4EF0 014:285.227 JLINK_ReadMem(0x020E639C, 0x4 Bytes, ...)
T4EF0 014:285.245    -- Read from C cache (4 bytes @ 0x020E639C)
T4EF0 014:285.259   Data:  04 00 00 00
T4EF0 014:285.272 - 0.045ms returns 0
T4EF0 020:465.268 JLINK_ReadMem(0x020E0544, 0x4 Bytes, ...)
T4EF0 020:465.308    -- Read from C cache (4 bytes @ 0x020E0544)
T4EF0 020:465.324   Data:  00 F0 06 F8
T4EF0 020:465.340 - 0.072ms returns 0
T4EF0 022:387.330 JLINK_ReadMem(0x22182114, 0x4 Bytes, ...)
T4EF0 022:387.376   CPU_ReadMem(4 bytes @ 0x22182114)
T4EF0 022:387.862   Data:  00 00 00 00
T4EF0 022:387.894 - 0.565ms returns 0
T4EF0 022:387.986 JLINK_ReadMem(0x221820F0, 0x4 Bytes, ...)
T4EF0 022:388.006   CPU_ReadMem(4 bytes @ 0x221820F0)
T4EF0 022:388.520   Data:  00 00 00 00
T4EF0 022:388.536 - 0.551ms returns 0
T4EF0 022:388.580 JLINK_ReadMem(0x020E639C, 0x4 Bytes, ...)
T4EF0 022:388.590    -- Read from C cache (4 bytes @ 0x020E639C)
T4EF0 022:388.600   Data:  04 00 00 00
T4EF0 022:388.606 - 0.027ms returns 0
T4EF0 022:390.464 JLINK_ReadMem(0xE0001004, 0x4 Bytes, ...)
T4EF0 022:390.480   Data:  BE BA E5 06
T4EF0 022:390.490   Debug reg: DWT_CYCCNT
T4EF0 022:390.496 - 0.033ms returns 0
T4EF0 022:390.504 JLINK_IsHalted()
T4EF0 022:390.942 - 0.436ms returns TRUE
T4EF0 022:393.220 JLINK_ReadMem(0xE0001004, 0x4 Bytes, ...)
T4EF0 022:393.244   Data:  BE BA E5 06
T4EF0 022:393.252   Debug reg: DWT_CYCCNT
T4EF0 022:393.260 - 0.041ms returns 0
T4EF0 022:393.268 JLINK_GoEx(MaxEmulInsts = 0, Flags = 0x01)
T4EF0 022:393.280   CPU_ReadMem(4 bytes @ 0xE0001000)
T4EF0 022:394.144   Memory map 'after startup completion point' is active
T4EF0 022:394.164 - 0.896ms 
T4EF0 022:497.684 JLINK_IsHalted()
T4EF0 022:501.406 - 3.722ms returns TRUE
T4EF0 022:501.472 JLINK_ReadReg(XPSR)
T4EF0 022:501.488   CPU_ReadMem(4 bytes @ 0xE000EE08)
T4EF0 022:502.060 - 0.589ms returns 0x29000000
T4EF0 022:502.096 JLINK_ReadReg(R15 (PC))
T4EF0 022:502.106 - 0.008ms returns 0x020E0374
T4EF0 022:502.132 JLINK_ReadReg(XPSR)
T4EF0 022:502.140 - 0.006ms returns 0x29000000
T4EF0 022:502.146 JLINK_ReadReg(XPSR)
T4EF0 022:502.150 - 0.005ms returns 0x29000000
T4EF0 022:502.156 JLINK_ReadReg(R15 (PC))
T4EF0 022:502.164 - 0.005ms returns 0x020E0374
T4EF0 022:502.176 JLINK_ReadReg(XPSR)
T4EF0 022:502.182 - 0.006ms returns 0x29000000
T4EF0 022:502.188 JLINK_ReadMem(0x020E0374, 0x1 Bytes, ...)
T4EF0 022:502.200   CPU_ReadMem(64 bytes @ 0x020E0340)
T4EF0 022:502.868    -- Updating C cache (64 bytes @ 0x020E0340)
T4EF0 022:502.880    -- Read from C cache (1 bytes @ 0x020E0374)
T4EF0 022:502.888   Data:  00
T4EF0 022:502.896 - 0.707ms returns 0
T4EF0 022:502.924 JLINK_IsHalted()
T4EF0 022:502.932 - 0.007ms returns TRUE
T4EF0 022:502.948 JLINK_ReadReg(XPSR)
T4EF0 022:502.954 - 0.007ms returns 0x29000000
T4EF0 022:502.960 JLINK_ReadReg(XPSR)
T4EF0 022:502.966 - 0.005ms returns 0x29000000
T4EF0 022:502.972 JLINK_ReadReg(R15 (PC))
T4EF0 022:502.980 - 0.005ms returns 0x020E0374
T4EF0 022:502.990 JLINK_ReadReg(XPSR)
T4EF0 022:502.996 - 0.005ms returns 0x29000000
T4EF0 022:503.004 JLINK_ReadMem(0x020E0374, 0x1 Bytes, ...)
T4EF0 022:503.010    -- Read from C cache (1 bytes @ 0x020E0374)
T4EF0 022:503.016   Data:  00
T4EF0 022:503.024 - 0.021ms returns 0
T4EF0 022:503.070 JLINK_IsHalted()
T4EF0 022:503.076 - 0.006ms returns TRUE
T4EF0 022:503.084 JLINK_ReadReg(XPSR)
T4EF0 022:503.090 - 0.006ms returns 0x29000000
T4EF0 022:503.096 JLINK_ReadReg(R15 (PC))
T4EF0 022:503.106 - 0.010ms returns 0x020E0374
T4EF0 022:503.122 JLINK_ReadReg(XPSR)
T4EF0 022:503.126 - 0.005ms returns 0x29000000
T4EF0 022:503.132 JLINK_ReadReg(XPSR)
T4EF0 022:503.140 - 0.005ms returns 0x29000000
T4EF0 022:503.146 JLINK_ReadReg(R15 (PC))
T4EF0 022:503.150 - 0.005ms returns 0x020E0374
T4EF0 022:503.162 JLINK_ReadReg(XPSR)
T4EF0 022:503.168 - 0.005ms returns 0x29000000
T4EF0 022:503.174 JLINK_ReadMem(0x020E0374, 0x1 Bytes, ...)
T4EF0 022:503.180    -- Read from C cache (1 bytes @ 0x020E0374)
T4EF0 022:503.188   Data:  00
T4EF0 022:503.196 - 0.021ms returns 0
T4EF0 022:503.202 JLINK_IsHalted()
T4EF0 022:503.206 - 0.005ms returns TRUE
T4EF0 022:503.218 JLINK_ReadReg(XPSR)
T4EF0 022:503.222 - 0.005ms returns 0x29000000
T4EF0 022:503.228 JLINK_ReadReg(XPSR)
T4EF0 022:503.236 - 0.005ms returns 0x29000000
T4EF0 022:503.240 JLINK_ReadReg(R15 (PC))
T4EF0 022:503.246 - 0.005ms returns 0x020E0374
T4EF0 022:503.258 JLINK_ReadReg(XPSR)
T4EF0 022:503.264 - 0.005ms returns 0x29000000
T4EF0 022:503.270 JLINK_ReadMem(0x020E0374, 0x1 Bytes, ...)
T4EF0 022:503.276    -- Read from C cache (1 bytes @ 0x020E0374)
T4EF0 022:503.284   Data:  00
T4EF0 022:503.290 - 0.020ms returns 0
T4EF0 022:503.302 JLINK_ReadMem(0x22182114, 0x4 Bytes, ...)
T4EF0 022:503.310   CPU_ReadMem(4 bytes @ 0x22182114)
T4EF0 022:503.614   Data:  00 00 00 00
T4EF0 022:503.626 - 0.323ms returns 0
T4EF0 022:503.652 JLINK_ReadMem(0x221820F0, 0x4 Bytes, ...)
T4EF0 022:503.662   CPU_ReadMem(4 bytes @ 0x221820F0)
T4EF0 022:503.976   Data:  00 00 00 00
T4EF0 022:504.004 - 0.349ms returns 0
T4EF0 022:504.066 JLINK_ReadMem(0x020E639C, 0x4 Bytes, ...)
T4EF0 022:504.084   CPU_ReadMem(64 bytes @ 0x020E6380)
T4EF0 022:504.828    -- Updating C cache (64 bytes @ 0x020E6380)
T4EF0 022:504.854    -- Read from C cache (4 bytes @ 0x020E639C)
T4EF0 022:504.868   Data:  04 00 00 00
T4EF0 022:504.882 - 0.815ms returns 0
T4EF0 022:505.392 JLINK_ReadMem(0x22182114, 0x4 Bytes, ...)
T4EF0 022:505.416   CPU_ReadMem(4 bytes @ 0x22182114)
T4EF0 022:505.820   Data:  00 00 00 00
T4EF0 022:505.840 - 0.447ms returns 0
T4EF0 022:505.884 JLINK_ReadMem(0x221820F0, 0x4 Bytes, ...)
T4EF0 022:505.900   CPU_ReadMem(4 bytes @ 0x221820F0)
T4EF0 022:506.264   Data:  00 00 00 00
T4EF0 022:506.282 - 0.397ms returns 0
T4EF0 022:506.328 JLINK_ReadMem(0x020E639C, 0x4 Bytes, ...)
T4EF0 022:506.340    -- Read from C cache (4 bytes @ 0x020E639C)
T4EF0 022:506.354   Data:  04 00 00 00
T4EF0 022:506.366 - 0.038ms returns 0
T4EF0 022:506.398 JLINK_ReadRegs(NumRegs = 20)
T4EF0 022:506.434   
  R0 (0)        = 0x20E5155            R1 (1)        = 0x764                R2 (2)        = 0x20E4A10            R3 (3)        = 0x20E47FC         
  R4 (4)        = 0x22181E40           R5 (5)        = 0x221832F8           R6 (6)        = 0x20E4EB1            R7 (7)        = 0x07              
  R8 (8)        = 0x20E5FD0            R9 (9)        = 0x20DD2BB            R10 (10)      = 0x300                R11 (11)      = 0xA5A5A5A5        
  R12 (12)      = 0x22181E40           R13 (SP) (13) = 0x221804F8           R14 (14)      = 0x20E154B            R15 (PC) (15) = 0x20E0374         
  XPSR (16)     = 0x29000000           MSPLIM (86)   = 0x22180140           PSPLIM (87)   = 0x00                 CFBP (20)     = 0x00              
T4EF0 022:506.448 - 0.049ms returns 0x00
T4EF0 022:507.556 JLINK_ReadMem(0x22182114, 0x4 Bytes, ...)
T4EF0 022:507.570   CPU_ReadMem(4 bytes @ 0x22182114)
T4EF0 022:507.882   Data:  00 00 00 00
T4EF0 022:507.908 - 0.352ms returns 0
T4EF0 022:507.972 JLINK_ReadMem(0x221820F0, 0x4 Bytes, ...)
T4EF0 022:507.990   CPU_ReadMem(4 bytes @ 0x221820F0)
T4EF0 022:508.306   Data:  00 00 00 00
T4EF0 022:508.330 - 0.358ms returns 0
T4EF0 022:508.394 JLINK_ReadMem(0x020E639C, 0x4 Bytes, ...)
T4EF0 022:508.408    -- Read from C cache (4 bytes @ 0x020E639C)
T4EF0 022:508.420   Data:  04 00 00 00
T4EF0 022:508.434 - 0.040ms returns 0
T4EF0 022:508.450 JLINK_ReadMem(0x22182114, 0x4 Bytes, ...)
T4EF0 022:508.464   CPU_ReadMem(4 bytes @ 0x22182114)
T4EF0 022:508.884   Data:  00 00 00 00
T4EF0 022:508.904 - 0.454ms returns 0
T4EF0 022:508.950 JLINK_ReadMem(0x221820F0, 0x4 Bytes, ...)
T4EF0 022:508.966   CPU_ReadMem(4 bytes @ 0x221820F0)
T4EF0 022:509.288   Data:  00 00 00 00
T4EF0 022:509.306 - 0.354ms returns 0
T4EF0 022:509.350 JLINK_ReadMem(0x020E639C, 0x4 Bytes, ...)
T4EF0 022:509.364    -- Read from C cache (4 bytes @ 0x020E639C)
T4EF0 022:509.376   Data:  04 00 00 00
T4EF0 022:509.388 - 0.038ms returns 0
T4EF0 022:509.916 JLINK_ReadMem(0x020E0374, 0x4 Bytes, ...)
T4EF0 022:509.940    -- Read from C cache (4 bytes @ 0x020E0374)
T4EF0 022:509.954   Data:  00 BE 00 BF
T4EF0 022:509.974 - 0.057ms returns 0
T4EF0 022:510.324 JLINK_ReadMem(0x22182114, 0x4 Bytes, ...)
T4EF0 022:510.352   CPU_ReadMem(4 bytes @ 0x22182114)
T4EF0 022:510.692   Data:  00 00 00 00
T4EF0 022:510.706 - 0.381ms returns 0
T4EF0 022:510.738 JLINK_ReadMem(0x221820F0, 0x4 Bytes, ...)
T4EF0 022:510.748   CPU_ReadMem(4 bytes @ 0x221820F0)
T4EF0 022:511.068   Data:  00 00 00 00
T4EF0 022:511.082 - 0.345ms returns 0
T4EF0 022:511.120 JLINK_ReadMem(0x020E639C, 0x4 Bytes, ...)
T4EF0 022:511.130    -- Read from C cache (4 bytes @ 0x020E639C)
T4EF0 022:511.138   Data:  04 00 00 00
T4EF0 022:511.146 - 0.025ms returns 0
T4EF0 022:511.168 JLINK_ReadReg(XPSR)
T4EF0 022:511.176 - 0.008ms returns 0x29000000
T4EF0 022:511.182 JLINK_ReadReg(MSP_S)
T4EF0 022:511.188 - 0.005ms returns 0x221804F8
T4EF0 022:511.318 JLINK_ReadMem(0x22182114, 0x4 Bytes, ...)
T4EF0 022:511.332   CPU_ReadMem(4 bytes @ 0x22182114)
T4EF0 022:511.654   Data:  00 00 00 00
T4EF0 022:511.668 - 0.349ms returns 0
T4EF0 022:511.708 JLINK_ReadMem(0x221820F0, 0x4 Bytes, ...)
T4EF0 022:511.718   CPU_ReadMem(4 bytes @ 0x221820F0)
T4EF0 022:512.036   Data:  00 00 00 00
T4EF0 022:512.052 - 0.344ms returns 0
T4EF0 022:512.086 JLINK_ReadMem(0x020E639C, 0x4 Bytes, ...)
T4EF0 022:512.096    -- Read from C cache (4 bytes @ 0x020E639C)
T4EF0 022:512.104   Data:  04 00 00 00
T4EF0 022:512.112 - 0.025ms returns 0
T4EF0 022:512.132 JLINK_ReadReg(XPSR)
T4EF0 022:512.140 - 0.008ms returns 0x29000000
T4EF0 022:512.148 JLINK_ReadReg(MSP_NS)
T4EF0 022:512.154 - 0.006ms returns 0x00000000
T4EF0 022:512.278 JLINK_ReadMem(0x22182114, 0x4 Bytes, ...)
T4EF0 022:512.292   CPU_ReadMem(4 bytes @ 0x22182114)
T4EF0 022:512.626   Data:  00 00 00 00
T4EF0 022:512.644 - 0.365ms returns 0
T4EF0 022:512.688 JLINK_ReadMem(0x221820F0, 0x4 Bytes, ...)
T4EF0 022:512.700   CPU_ReadMem(4 bytes @ 0x221820F0)
T4EF0 022:513.006   Data:  00 00 00 00
T4EF0 022:513.018 - 0.331ms returns 0
T4EF0 022:513.048 JLINK_ReadMem(0x020E639C, 0x4 Bytes, ...)
T4EF0 022:513.056    -- Read from C cache (4 bytes @ 0x020E639C)
T4EF0 022:513.064   Data:  04 00 00 00
T4EF0 022:513.070 - 0.023ms returns 0
T4EF0 022:513.090 JLINK_ReadReg(XPSR)
T4EF0 022:513.098 - 0.007ms returns 0x29000000
T4EF0 022:513.104 JLINK_ReadReg(PSP_S)
T4EF0 022:513.110 - 0.005ms returns 0x00000000
T4EF0 022:513.268 JLINK_ReadMem(0x22182114, 0x4 Bytes, ...)
T4EF0 022:513.280   CPU_ReadMem(4 bytes @ 0x22182114)
T4EF0 022:513.604   Data:  00 00 00 00
T4EF0 022:513.630 - 0.363ms returns 0
T4EF0 022:513.692 JLINK_ReadMem(0x221820F0, 0x4 Bytes, ...)
T4EF0 022:513.710   CPU_ReadMem(4 bytes @ 0x221820F0)
T4EF0 022:514.100   Data:  00 00 00 00
T4EF0 022:514.114 - 0.422ms returns 0
T4EF0 022:514.152 JLINK_ReadMem(0x020E639C, 0x4 Bytes, ...)
T4EF0 022:514.162    -- Read from C cache (4 bytes @ 0x020E639C)
T4EF0 022:514.170   Data:  04 00 00 00
T4EF0 022:514.178 - 0.025ms returns 0
T4EF0 022:514.196 JLINK_ReadReg(XPSR)
T4EF0 022:514.204 - 0.007ms returns 0x29000000
T4EF0 022:514.210 JLINK_ReadReg(PSP_NS)
T4EF0 022:514.216 - 0.005ms returns 0x00000000
T4EF0 022:516.916 JLINK_ReadMem(0x020E154A, 0x4 Bytes, ...)
T4EF0 022:516.938   CPU_ReadMem(64 bytes @ 0x020E1540)
T4EF0 022:517.646    -- Updating C cache (64 bytes @ 0x020E1540)
T4EF0 022:517.664    -- Read from C cache (4 bytes @ 0x020E154A)
T4EF0 022:517.676   Data:  10 B5 B8 B3
T4EF0 022:517.690 - 0.774ms returns 0
T4EF0 022:520.356 JLINK_ReadMem(0x22180500, 0x40 Bytes, ...)
T4EF0 022:520.372   CPU_ReadMem(64 bytes @ 0x22180500)
T4EF0 022:521.040   Data:  00 00 00 00 00 00 00 00 00 00 00 00 D0 5F 0E 02 ...
T4EF0 022:521.066 - 0.710ms returns 0
T4EF0 022:525.036 JLINK_ReadMem(0x020E5155, 0x8 Bytes, ...)
T4EF0 022:525.060   CPU_ReadMem(64 bytes @ 0x020E5140)
T4EF0 022:525.820    -- Updating C cache (64 bytes @ 0x020E5140)
T4EF0 022:525.838    -- Read from C cache (8 bytes @ 0x020E5155)
T4EF0 022:525.852   Data:  2E 2E 2F 72 61 2F 61 77
T4EF0 022:525.866 - 0.829ms returns 0
T4EF0 022:526.076 JLINK_ReadMem(0x020E515D, 0x8 Bytes, ...)
T4EF0 022:526.096    -- Read from C cache (8 bytes @ 0x020E515D)
T4EF0 022:526.108   Data:  73 2F 46 72 65 65 52 54
T4EF0 022:526.120 - 0.043ms returns 0
T4EF0 022:526.284 JLINK_ReadMem(0x020E5165, 0x8 Bytes, ...)
T4EF0 022:526.300    -- Read from C cache (8 bytes @ 0x020E5165)
T4EF0 022:526.308   Data:  4F 53 2F 46 72 65 65 52
T4EF0 022:526.316 - 0.032ms returns 0
T4EF0 022:526.440 JLINK_ReadMem(0x020E516D, 0x8 Bytes, ...)
T4EF0 022:526.452    -- Read from C cache (8 bytes @ 0x020E516D)
T4EF0 022:526.460   Data:  54 4F 53 2F 53 6F 75 72
T4EF0 022:526.468 - 0.027ms returns 0
T4EF0 022:526.588 JLINK_ReadMem(0x020E5175, 0x8 Bytes, ...)
T4EF0 022:526.598    -- Read from C cache (8 bytes @ 0x020E5175)
T4EF0 022:526.606   Data:  63 65 2F 74 61 73 6B 73
T4EF0 022:526.614 - 0.026ms returns 0
T4EF0 022:526.732 JLINK_ReadMem(0x020E517D, 0x8 Bytes, ...)
T4EF0 022:526.744   CPU_ReadMem(64 bytes @ 0x020E5180)
T4EF0 022:527.428    -- Updating C cache (64 bytes @ 0x020E5180)
T4EF0 022:527.444    -- Read from C cache (8 bytes @ 0x020E517D)
T4EF0 022:527.452   Data:  2E 63 00 5B 4E 52 46 20
T4EF0 022:527.460 - 0.728ms returns 0
T4EF0 022:527.874 JLINK_ReadMem(0x020E4A10, 0x8 Bytes, ...)
T4EF0 022:527.892   CPU_ReadMem(64 bytes @ 0x020E4A00)
T4EF0 022:528.550    -- Updating C cache (64 bytes @ 0x020E4A00)
T4EF0 022:528.564    -- Read from C cache (8 bytes @ 0x020E4A10)
T4EF0 022:528.572   Data:  70 72 76 49 6E 69 74 69
T4EF0 022:528.580 - 0.705ms returns 0
T4EF0 022:528.710 JLINK_ReadMem(0x020E4A18, 0x8 Bytes, ...)
T4EF0 022:528.722    -- Read from C cache (8 bytes @ 0x020E4A18)
T4EF0 022:528.732   Data:  61 6C 69 73 65 4E 65 77
T4EF0 022:528.738 - 0.027ms returns 0
T4EF0 022:528.848 JLINK_ReadMem(0x020E4A20, 0x8 Bytes, ...)
T4EF0 022:528.860    -- Read from C cache (8 bytes @ 0x020E4A20)
T4EF0 022:528.868   Data:  54 61 73 6B 00 28 4E 55
T4EF0 022:528.876 - 0.027ms returns 0
T4EF0 022:529.096 JLINK_ReadMem(0x020E47FC, 0x8 Bytes, ...)
T4EF0 022:529.108   CPU_ReadMem(128 bytes @ 0x020E47C0)
T4EF0 022:530.200    -- Updating C cache (128 bytes @ 0x020E47C0)
T4EF0 022:530.220    -- Read from C cache (8 bytes @ 0x020E47FC)
T4EF0 022:530.230   Data:  75 78 50 72 69 6F 72 69
T4EF0 022:530.238 - 1.142ms returns 0
T4EF0 022:530.402 JLINK_ReadMem(0x020E4804, 0x8 Bytes, ...)
T4EF0 022:530.416    -- Read from C cache (8 bytes @ 0x020E4804)
T4EF0 022:530.426   Data:  74 79 20 3C 20 28 35 29
T4EF0 022:530.436 - 0.033ms returns 0
T4EF0 022:530.544 JLINK_ReadMem(0x020E480C, 0x8 Bytes, ...)
T4EF0 022:530.558    -- Read from C cache (8 bytes @ 0x020E480C)
T4EF0 022:530.566   Data:  00 4F 4B 00 2B 43 57 4A
T4EF0 022:530.574 - 0.030ms returns 0
T4EF0 022:531.436 JLINK_ReadMem(0x020E5155, 0x8 Bytes, ...)
T4EF0 022:531.456    -- Read from C cache (8 bytes @ 0x020E5155)
T4EF0 022:531.470   Data:  2E 2E 2F 72 61 2F 61 77
T4EF0 022:531.482 - 0.045ms returns 0
T4EF0 022:531.634 JLINK_ReadMem(0x020E515D, 0x8 Bytes, ...)
T4EF0 022:531.648    -- Read from C cache (8 bytes @ 0x020E515D)
T4EF0 022:531.658   Data:  73 2F 46 72 65 65 52 54
T4EF0 022:531.664 - 0.031ms returns 0
T4EF0 022:531.814 JLINK_ReadMem(0x020E5165, 0x8 Bytes, ...)
T4EF0 022:531.834    -- Read from C cache (8 bytes @ 0x020E5165)
T4EF0 022:531.846   Data:  4F 53 2F 46 72 65 65 52
T4EF0 022:531.860 - 0.044ms returns 0
T4EF0 022:532.012 JLINK_ReadMem(0x020E516D, 0x8 Bytes, ...)
T4EF0 022:532.030    -- Read from C cache (8 bytes @ 0x020E516D)
T4EF0 022:532.052   Data:  54 4F 53 2F 53 6F 75 72
T4EF0 022:532.064 - 0.051ms returns 0
T4EF0 022:532.164 JLINK_ReadMem(0x020E5175, 0x8 Bytes, ...)
T4EF0 022:532.174    -- Read from C cache (8 bytes @ 0x020E5175)
T4EF0 022:532.182   Data:  63 65 2F 74 61 73 6B 73
T4EF0 022:532.190 - 0.026ms returns 0
T4EF0 022:532.286 JLINK_ReadMem(0x020E517D, 0x8 Bytes, ...)
T4EF0 022:532.298    -- Read from C cache (8 bytes @ 0x020E517D)
T4EF0 022:532.306   Data:  2E 63 00 5B 4E 52 46 20
T4EF0 022:532.314 - 0.026ms returns 0
T4EF0 022:532.582 JLINK_ReadMem(0x020E4A10, 0x8 Bytes, ...)
T4EF0 022:532.594    -- Read from C cache (8 bytes @ 0x020E4A10)
T4EF0 022:532.600   Data:  70 72 76 49 6E 69 74 69
T4EF0 022:532.608 - 0.026ms returns 0
T4EF0 022:532.712 JLINK_ReadMem(0x020E4A18, 0x8 Bytes, ...)
T4EF0 022:532.724    -- Read from C cache (8 bytes @ 0x020E4A18)
T4EF0 022:532.732   Data:  61 6C 69 73 65 4E 65 77
T4EF0 022:532.738 - 0.026ms returns 0
T4EF0 022:532.866 JLINK_ReadMem(0x020E4A20, 0x8 Bytes, ...)
T4EF0 022:532.886    -- Read from C cache (8 bytes @ 0x020E4A20)
T4EF0 022:532.900   Data:  54 61 73 6B 00 28 4E 55
T4EF0 022:532.912 - 0.046ms returns 0
T4EF0 022:533.116 JLINK_ReadMem(0x020E47FC, 0x8 Bytes, ...)
T4EF0 022:533.126    -- Read from C cache (8 bytes @ 0x020E47FC)
T4EF0 022:533.134   Data:  75 78 50 72 69 6F 72 69
T4EF0 022:533.142 - 0.027ms returns 0
T4EF0 022:533.268 JLINK_ReadMem(0x020E4804, 0x8 Bytes, ...)
T4EF0 022:533.282    -- Read from C cache (8 bytes @ 0x020E4804)
T4EF0 022:533.290   Data:  74 79 20 3C 20 28 35 29
T4EF0 022:533.298 - 0.031ms returns 0
T4EF0 022:533.396 JLINK_ReadMem(0x020E480C, 0x8 Bytes, ...)
T4EF0 022:533.406    -- Read from C cache (8 bytes @ 0x020E480C)
T4EF0 022:533.414   Data:  00 4F 4B 00 2B 43 57 4A
T4EF0 022:533.422 - 0.026ms returns 0
T0EB8 022:534.648 JLINK_ReadReg(XPSR)
T0EB8 022:534.670 - 0.021ms returns 0x29000000
T0EB8 022:534.676 JLINK_ReadReg(R15 (PC))
T0EB8 022:534.684 - 0.006ms returns 0x020E0374
T0EB8 022:534.806 JLINK_IsHalted()
T0EB8 022:534.818 - 0.012ms returns TRUE
T0EB8 022:534.826 JLINK_ReadReg(XPSR)
T0EB8 022:534.832 - 0.007ms returns 0x29000000
T0EB8 022:534.838 JLINK_ReadReg(R15 (PC))
T0EB8 022:534.844 - 0.005ms returns 0x020E0374
T0EB8 022:534.870 JLINK_ReadReg(XPSR)
T0EB8 022:534.876 - 0.006ms returns 0x29000000
T0EB8 022:534.884 JLINK_ReadReg(XPSR)
T0EB8 022:534.890 - 0.005ms returns 0x29000000
T0EB8 022:534.896 JLINK_ReadReg(R15 (PC))
T0EB8 022:534.900 - 0.005ms returns 0x020E0374
T0EB8 022:534.914 JLINK_ReadReg(XPSR)
T0EB8 022:534.918 - 0.005ms returns 0x29000000
T0EB8 022:534.926 JLINK_ReadMem(0x020E0374, 0x1 Bytes, ...)
T0EB8 022:534.934    -- Read from C cache (1 bytes @ 0x020E0374)
T0EB8 022:534.942   Data:  00
T0EB8 022:534.950 - 0.024ms returns 0
T0EB8 022:534.956 JLINK_IsHalted()
T0EB8 022:534.962 - 0.005ms returns TRUE
T0EB8 022:534.972 JLINK_ReadReg(XPSR)
T0EB8 022:534.980 - 0.005ms returns 0x29000000
T0EB8 022:534.984 JLINK_ReadReg(XPSR)
T0EB8 022:534.990 - 0.005ms returns 0x29000000
T0EB8 022:534.996 JLINK_ReadReg(R15 (PC))
T0EB8 022:535.002 - 0.005ms returns 0x020E0374
T0EB8 022:535.012 JLINK_ReadReg(XPSR)
T0EB8 022:535.022 - 0.009ms returns 0x29000000
T0EB8 022:535.028 JLINK_ReadMem(0x020E0374, 0x1 Bytes, ...)
T0EB8 022:535.034    -- Read from C cache (1 bytes @ 0x020E0374)
T0EB8 022:535.042   Data:  00
T0EB8 022:535.052 - 0.024ms returns 0
T0EB8 022:536.870 JLINK_ReadMem(0xE0001004, 0x4 Bytes, ...)
T0EB8 022:536.884   CPU_ReadMem(4 bytes @ 0xE0001004)
T0EB8 022:537.258   Data:  05 8E E6 06
T0EB8 022:537.276   Debug reg: DWT_CYCCNT
T0EB8 022:537.282 - 0.411ms returns 0
T4EF0 022:558.948 JLINK_ReadMem(0x020E0374, 0x4 Bytes, ...)
T4EF0 022:558.988    -- Read from C cache (4 bytes @ 0x020E0374)
T4EF0 022:559.002   Data:  00 BE 00 BF
T4EF0 022:559.016 - 0.068ms returns 0
T4EF0 022:559.502 JLINK_ReadMem(0x020E154A, 0x4 Bytes, ...)
T4EF0 022:559.520    -- Read from C cache (4 bytes @ 0x020E154A)
T4EF0 022:559.532   Data:  10 B5 B8 B3
T4EF0 022:559.556 - 0.055ms returns 0
T4EF0 022:561.680 JLINK_ReadMem(0x22180500, 0x40 Bytes, ...)
T4EF0 022:561.700   CPU_ReadMem(64 bytes @ 0x22180500)
T4EF0 022:562.450   Data:  00 00 00 00 00 00 00 00 00 00 00 00 D0 5F 0E 02 ...
T4EF0 022:562.476 - 0.794ms returns 0
T4EF0 022:562.914 JLINK_ReadMem(0x020DD29C, 0x4 Bytes, ...)
T4EF0 022:562.936   CPU_ReadMem(64 bytes @ 0x020DD280)
T4EF0 022:563.648    -- Updating C cache (64 bytes @ 0x020DD280)
T4EF0 022:563.668    -- Read from C cache (4 bytes @ 0x020DD29C)
T4EF0 022:563.680   Data:  41 F6 A4 61
T4EF0 022:563.692 - 0.780ms returns 0
T4EF0 022:564.564 JLINK_ReadMem(0x020DD204, 0x4 Bytes, ...)
T4EF0 022:564.592   CPU_ReadMem(64 bytes @ 0x020DD200)
T4EF0 022:565.350    -- Updating C cache (64 bytes @ 0x020DD200)
T4EF0 022:565.368    -- Read from C cache (4 bytes @ 0x020DD204)
T4EF0 022:565.376   Data:  FF F7 2B FF
T4EF0 022:565.384 - 0.821ms returns 0
T4EF0 022:623.138 JLINK_ReadMem(0x22182114, 0x4 Bytes, ...)
T4EF0 022:623.182   CPU_ReadMem(4 bytes @ 0x22182114)
T4EF0 022:623.554   Data:  00 00 00 00
T4EF0 022:623.572 - 0.434ms returns 0
T4EF0 022:623.620 JLINK_ReadMem(0x221820F0, 0x4 Bytes, ...)
T4EF0 022:623.634   CPU_ReadMem(4 bytes @ 0x221820F0)
T4EF0 022:623.976   Data:  00 00 00 00
T4EF0 022:623.992 - 0.371ms returns 0
T4EF0 022:624.034 JLINK_ReadMem(0x020E639C, 0x4 Bytes, ...)
T4EF0 022:624.044    -- Read from C cache (4 bytes @ 0x020E639C)
T4EF0 022:624.052   Data:  04 00 00 00
T4EF0 022:624.060 - 0.027ms returns 0
T4EF0 022:624.070 JLINK_ReadMem(0x22182114, 0x4 Bytes, ...)
T4EF0 022:624.080   CPU_ReadMem(4 bytes @ 0x22182114)
T4EF0 022:624.390   Data:  00 00 00 00
T4EF0 022:624.406 - 0.335ms returns 0
T4EF0 022:624.448 JLINK_ReadMem(0x221820F0, 0x4 Bytes, ...)
T4EF0 022:624.458   CPU_ReadMem(4 bytes @ 0x221820F0)
T4EF0 022:624.824   Data:  00 00 00 00
T4EF0 022:624.836 - 0.389ms returns 0
T4EF0 022:624.876 JLINK_ReadMem(0x020E639C, 0x4 Bytes, ...)
T4EF0 022:624.886    -- Read from C cache (4 bytes @ 0x020E639C)
T4EF0 022:624.894   Data:  04 00 00 00
T4EF0 022:624.902 - 0.026ms returns 0
T4EF0 022:625.626 JLINK_ReadMem(0x020E5155, 0x8 Bytes, ...)
T4EF0 022:625.642    -- Read from C cache (8 bytes @ 0x020E5155)
T4EF0 022:625.650   Data:  2E 2E 2F 72 61 2F 61 77
T4EF0 022:625.658 - 0.033ms returns 0
T4EF0 022:625.768 JLINK_ReadMem(0x020E515D, 0x8 Bytes, ...)
T4EF0 022:625.780    -- Read from C cache (8 bytes @ 0x020E515D)
T4EF0 022:625.788   Data:  73 2F 46 72 65 65 52 54
T4EF0 022:625.796 - 0.029ms returns 0
T4EF0 022:625.944 JLINK_ReadMem(0x020E5165, 0x8 Bytes, ...)
T4EF0 022:625.962    -- Read from C cache (8 bytes @ 0x020E5165)
T4EF0 022:625.974   Data:  4F 53 2F 46 72 65 65 52
T4EF0 022:625.990 - 0.047ms returns 0
T4EF0 022:626.132 JLINK_ReadMem(0x020E516D, 0x8 Bytes, ...)
T4EF0 022:626.150    -- Read from C cache (8 bytes @ 0x020E516D)
T4EF0 022:626.158   Data:  54 4F 53 2F 53 6F 75 72
T4EF0 022:626.166 - 0.033ms returns 0
T4EF0 022:626.336 JLINK_ReadMem(0x020E5175, 0x8 Bytes, ...)
T4EF0 022:626.360    -- Read from C cache (8 bytes @ 0x020E5175)
T4EF0 022:626.372   Data:  63 65 2F 74 61 73 6B 73
T4EF0 022:626.386 - 0.050ms returns 0
T4EF0 022:626.540 JLINK_ReadMem(0x020E517D, 0x8 Bytes, ...)
T4EF0 022:626.558    -- Read from C cache (8 bytes @ 0x020E517D)
T4EF0 022:626.572   Data:  2E 63 00 5B 4E 52 46 20
T4EF0 022:626.584 - 0.043ms returns 0
T4EF0 022:627.088 JLINK_ReadMem(0x020E4A10, 0x8 Bytes, ...)
T4EF0 022:627.108    -- Read from C cache (8 bytes @ 0x020E4A10)
T4EF0 022:627.120   Data:  70 72 76 49 6E 69 74 69
T4EF0 022:627.132 - 0.043ms returns 0
T4EF0 022:627.280 JLINK_ReadMem(0x020E4A18, 0x8 Bytes, ...)
T4EF0 022:627.308    -- Read from C cache (8 bytes @ 0x020E4A18)
T4EF0 022:627.316   Data:  61 6C 69 73 65 4E 65 77
T4EF0 022:627.324 - 0.045ms returns 0
T4EF0 022:627.464 JLINK_ReadMem(0x020E4A20, 0x8 Bytes, ...)
T4EF0 022:627.478    -- Read from C cache (8 bytes @ 0x020E4A20)
T4EF0 022:627.488   Data:  54 61 73 6B 00 28 4E 55
T4EF0 022:627.494 - 0.031ms returns 0
T4EF0 022:627.796 JLINK_ReadMem(0x020E47FC, 0x8 Bytes, ...)
T4EF0 022:627.812    -- Read from C cache (8 bytes @ 0x020E47FC)
T4EF0 022:627.820   Data:  75 78 50 72 69 6F 72 69
T4EF0 022:627.828 - 0.031ms returns 0
T4EF0 022:627.964 JLINK_ReadMem(0x020E4804, 0x8 Bytes, ...)
T4EF0 022:627.978    -- Read from C cache (8 bytes @ 0x020E4804)
T4EF0 022:627.986   Data:  74 79 20 3C 20 28 35 29
T4EF0 022:627.994 - 0.030ms returns 0
T4EF0 022:628.142 JLINK_ReadMem(0x020E480C, 0x8 Bytes, ...)
T4EF0 022:628.160    -- Read from C cache (8 bytes @ 0x020E480C)
T4EF0 022:628.174   Data:  00 4F 4B 00 2B 43 57 4A
T4EF0 022:628.182 - 0.039ms returns 0
T4EF0 022:628.668 JLINK_ReadMem(0x22182114, 0x4 Bytes, ...)
T4EF0 022:628.700   CPU_ReadMem(4 bytes @ 0x22182114)
T4EF0 022:629.100   Data:  00 00 00 00
T4EF0 022:629.118 - 0.449ms returns 0
T4EF0 022:629.164 JLINK_ReadMem(0x221820F0, 0x4 Bytes, ...)
T4EF0 022:629.178   CPU_ReadMem(4 bytes @ 0x221820F0)
T4EF0 022:629.566   Data:  00 00 00 00
T4EF0 022:629.582 - 0.419ms returns 0
T4EF0 022:629.618 JLINK_ReadMem(0x020E639C, 0x4 Bytes, ...)
T4EF0 022:629.628    -- Read from C cache (4 bytes @ 0x020E639C)
T4EF0 022:629.636   Data:  04 00 00 00
T4EF0 022:629.644 - 0.026ms returns 0
T4EF0 022:629.654 JLINK_ReadMem(0x22182114, 0x4 Bytes, ...)
T4EF0 022:629.662   CPU_ReadMem(4 bytes @ 0x22182114)
T4EF0 022:629.980   Data:  00 00 00 00
T4EF0 022:629.994 - 0.340ms returns 0
T4EF0 022:630.030 JLINK_ReadMem(0x221820F0, 0x4 Bytes, ...)
T4EF0 022:630.042   CPU_ReadMem(4 bytes @ 0x221820F0)
T4EF0 022:630.344   Data:  00 00 00 00
T4EF0 022:630.358 - 0.328ms returns 0
T4EF0 022:630.394 JLINK_ReadMem(0x020E639C, 0x4 Bytes, ...)
T4EF0 022:630.404    -- Read from C cache (4 bytes @ 0x020E639C)
T4EF0 022:630.412   Data:  04 00 00 00
T4EF0 022:630.420 - 0.025ms returns 0
T4EF0 023:871.954 JLINK_ReadMem(0x22182114, 0x4 Bytes, ...)
T4EF0 023:872.006   CPU_ReadMem(4 bytes @ 0x22182114)
T4EF0 023:872.476   Data:  00 00 00 00
T4EF0 023:872.506 - 0.551ms returns 0
T4EF0 023:872.568 JLINK_ReadMem(0x221820F0, 0x4 Bytes, ...)
T4EF0 023:872.582   CPU_ReadMem(4 bytes @ 0x221820F0)
T4EF0 023:872.928   Data:  00 00 00 00
T4EF0 023:872.948 - 0.379ms returns 0
T4EF0 023:873.004 JLINK_ReadMem(0x020E639C, 0x4 Bytes, ...)
T4EF0 023:873.022    -- Read from C cache (4 bytes @ 0x020E639C)
T4EF0 023:873.036   Data:  04 00 00 00
T4EF0 023:873.052 - 0.046ms returns 0
T4EF0 023:875.252 JLINK_ReadMem(0xE0001004, 0x4 Bytes, ...)
T4EF0 023:875.278   Data:  05 8E E6 06
T4EF0 023:875.286   Debug reg: DWT_CYCCNT
T4EF0 023:875.296 - 0.042ms returns 0
T4EF0 023:875.304 JLINK_IsHalted()
T4EF0 023:875.740 - 0.435ms returns TRUE
T4EF0 023:877.734 JLINK_ReadMem(0xE0001004, 0x4 Bytes, ...)
T4EF0 023:877.748   Data:  05 8E E6 06
T4EF0 023:877.758   Debug reg: DWT_CYCCNT
T4EF0 023:877.766 - 0.031ms returns 0
T4EF0 023:877.772 JLINK_GoEx(MaxEmulInsts = 0, Flags = 0x01)
T4EF0 023:877.786   CPU_ReadMem(4 bytes @ 0xE0001000)
T4EF0 023:878.662 - 0.888ms 
T4EF0 023:981.756 JLINK_IsHalted()
T4EF0 023:985.434 - 3.677ms returns TRUE
T4EF0 023:985.500 JLINK_ReadReg(XPSR)
T4EF0 023:985.520   CPU_ReadMem(4 bytes @ 0xE000EE08)
T4EF0 023:985.884 - 0.382ms returns 0x29000000
T4EF0 023:985.932 JLINK_ReadReg(R15 (PC))
T4EF0 023:985.946 - 0.013ms returns 0x020E0374
T4EF0 023:985.988 JLINK_ReadReg(XPSR)
T4EF0 023:985.996 - 0.010ms returns 0x29000000
T4EF0 023:986.006 JLINK_ReadReg(XPSR)
T4EF0 023:986.016 - 0.009ms returns 0x29000000
T4EF0 023:986.028 JLINK_ReadReg(R15 (PC))
T4EF0 023:986.036 - 0.009ms returns 0x020E0374
T4EF0 023:986.054 JLINK_ReadReg(XPSR)
T4EF0 023:986.064 - 0.009ms returns 0x29000000
T4EF0 023:986.076 JLINK_ReadMem(0x020E0374, 0x1 Bytes, ...)
T4EF0 023:986.092   CPU_ReadMem(64 bytes @ 0x020E0340)
T4EF0 023:986.876    -- Updating C cache (64 bytes @ 0x020E0340)
T4EF0 023:986.908    -- Read from C cache (1 bytes @ 0x020E0374)
T4EF0 023:986.922   Data:  00
T4EF0 023:986.934 - 0.858ms returns 0
T4EF0 023:986.994 JLINK_IsHalted()
T4EF0 023:987.006 - 0.012ms returns TRUE
T4EF0 023:987.042 JLINK_ReadReg(XPSR)
T4EF0 023:987.058 - 0.015ms returns 0x29000000
T4EF0 023:987.068 JLINK_ReadReg(XPSR)
T4EF0 023:987.076 - 0.009ms returns 0x29000000
T4EF0 023:987.090 JLINK_ReadReg(R15 (PC))
T4EF0 023:987.100 - 0.009ms returns 0x020E0374
T4EF0 023:987.120 JLINK_ReadReg(XPSR)
T4EF0 023:987.130 - 0.009ms returns 0x29000000
T4EF0 023:987.140 JLINK_ReadMem(0x020E0374, 0x1 Bytes, ...)
T4EF0 023:987.150    -- Read from C cache (1 bytes @ 0x020E0374)
T4EF0 023:987.164   Data:  00
T4EF0 023:987.174 - 0.035ms returns 0
T4EF0 023:987.244 JLINK_IsHalted()
T4EF0 023:987.254 - 0.010ms returns TRUE
T4EF0 023:987.264 JLINK_ReadReg(XPSR)
T4EF0 023:987.276 - 0.010ms returns 0x29000000
T4EF0 023:987.284 JLINK_ReadReg(R15 (PC))
T4EF0 023:987.294 - 0.009ms returns 0x020E0374
T4EF0 023:987.316 JLINK_ReadReg(XPSR)
T4EF0 023:987.324 - 0.009ms returns 0x29000000
T4EF0 023:987.336 JLINK_ReadReg(XPSR)
T4EF0 023:987.344 - 0.009ms returns 0x29000000
T4EF0 023:987.356 JLINK_ReadReg(R15 (PC))
T4EF0 023:987.364 - 0.009ms returns 0x020E0374
T4EF0 023:987.382 JLINK_ReadReg(XPSR)
T4EF0 023:987.392 - 0.009ms returns 0x29000000
T4EF0 023:987.402 JLINK_ReadMem(0x020E0374, 0x1 Bytes, ...)
T4EF0 023:987.412    -- Read from C cache (1 bytes @ 0x020E0374)
T4EF0 023:987.424   Data:  00
T4EF0 023:987.436 - 0.034ms returns 0
T4EF0 023:987.444 JLINK_IsHalted()
T4EF0 023:987.454 - 0.008ms returns TRUE
T4EF0 023:987.472 JLINK_ReadReg(XPSR)
T4EF0 023:987.488 - 0.016ms returns 0x29000000
T4EF0 023:987.502 JLINK_ReadReg(XPSR)
T4EF0 023:987.510 - 0.009ms returns 0x29000000
T4EF0 023:987.522 JLINK_ReadReg(R15 (PC))
T4EF0 023:987.532 - 0.009ms returns 0x020E0374
T4EF0 023:987.548 JLINK_ReadReg(XPSR)
T4EF0 023:987.560 - 0.009ms returns 0x29000000
T4EF0 023:987.570 JLINK_ReadMem(0x020E0374, 0x1 Bytes, ...)
T4EF0 023:987.580    -- Read from C cache (1 bytes @ 0x020E0374)
T4EF0 023:987.590   Data:  00
T4EF0 023:987.604 - 0.033ms returns 0
T4EF0 023:987.620 JLINK_ReadMem(0x22182114, 0x4 Bytes, ...)
T4EF0 023:987.634   CPU_ReadMem(4 bytes @ 0x22182114)
T4EF0 023:987.988   Data:  00 00 00 00
T4EF0 023:988.000 - 0.378ms returns 0
T4EF0 023:988.032 JLINK_ReadMem(0x221820F0, 0x4 Bytes, ...)
T4EF0 023:988.042   CPU_ReadMem(4 bytes @ 0x221820F0)
T4EF0 023:988.346   Data:  00 00 00 00
T4EF0 023:988.362 - 0.330ms returns 0
T4EF0 023:988.398 JLINK_ReadMem(0x020E639C, 0x4 Bytes, ...)
T4EF0 023:988.410   CPU_ReadMem(64 bytes @ 0x020E6380)
T4EF0 023:989.062    -- Updating C cache (64 bytes @ 0x020E6380)
T4EF0 023:989.088    -- Read from C cache (4 bytes @ 0x020E639C)
T4EF0 023:989.100   Data:  04 00 00 00
T4EF0 023:989.114 - 0.715ms returns 0
T4EF0 023:989.596 JLINK_ReadMem(0x22182114, 0x4 Bytes, ...)
T4EF0 023:989.612   CPU_ReadMem(4 bytes @ 0x22182114)
T4EF0 023:989.918   Data:  00 00 00 00
T4EF0 023:989.930 - 0.333ms returns 0
T4EF0 023:989.958 JLINK_ReadMem(0x221820F0, 0x4 Bytes, ...)
T4EF0 023:989.968   CPU_ReadMem(4 bytes @ 0x221820F0)
T4EF0 023:990.252   Data:  00 00 00 00
T4EF0 023:990.264 - 0.306ms returns 0
T4EF0 023:990.292 JLINK_ReadMem(0x020E639C, 0x4 Bytes, ...)
T4EF0 023:990.300    -- Read from C cache (4 bytes @ 0x020E639C)
T4EF0 023:990.308   Data:  04 00 00 00
T4EF0 023:990.316 - 0.024ms returns 0
T4EF0 023:990.336 JLINK_ReadRegs(NumRegs = 20)
T4EF0 023:990.358   
  R0 (0)        = 0x20E5155            R1 (1)        = 0x764                R2 (2)        = 0x20E4A10            R3 (3)        = 0x20E47FC         
  R4 (4)        = 0x22181E40           R5 (5)        = 0x221832F8           R6 (6)        = 0x20E4EB1            R7 (7)        = 0x07              
  R8 (8)        = 0x20E5FD0            R9 (9)        = 0x20DD2BB            R10 (10)      = 0x300                R11 (11)      = 0xA5A5A5A5        
  R12 (12)      = 0x22181E40           R13 (SP) (13) = 0x221804F8           R14 (14)      = 0x20E154B            R15 (PC) (15) = 0x20E0374         
  XPSR (16)     = 0x29000000           MSPLIM (86)   = 0x22180140           PSPLIM (87)   = 0x00                 CFBP (20)     = 0x00              
T4EF0 023:990.372 - 0.035ms returns 0x00
T4EF0 023:990.686 JLINK_ReadMem(0x22182114, 0x4 Bytes, ...)
T4EF0 023:990.700   CPU_ReadMem(4 bytes @ 0x22182114)
T4EF0 023:991.012   Data:  00 00 00 00
T4EF0 023:991.036 - 0.350ms returns 0
T4EF0 023:991.094 JLINK_ReadMem(0x221820F0, 0x4 Bytes, ...)
T4EF0 023:991.112   CPU_ReadMem(4 bytes @ 0x221820F0)
T4EF0 023:991.446   Data:  00 00 00 00
T4EF0 023:991.466 - 0.372ms returns 0
T4EF0 023:991.508 JLINK_ReadMem(0x020E639C, 0x4 Bytes, ...)
T4EF0 023:991.518    -- Read from C cache (4 bytes @ 0x020E639C)
T4EF0 023:991.526   Data:  04 00 00 00
T4EF0 023:991.532 - 0.024ms returns 0
T4EF0 023:991.544 JLINK_ReadMem(0x22182114, 0x4 Bytes, ...)
T4EF0 023:991.552   CPU_ReadMem(4 bytes @ 0x22182114)
T4EF0 023:991.838   Data:  00 00 00 00
T4EF0 023:991.850 - 0.306ms returns 0
T4EF0 023:991.878 JLINK_ReadMem(0x221820F0, 0x4 Bytes, ...)
T4EF0 023:991.888   CPU_ReadMem(4 bytes @ 0x221820F0)
T4EF0 023:992.184   Data:  00 00 00 00
T4EF0 023:992.196 - 0.319ms returns 0
T4EF0 023:992.230 JLINK_ReadMem(0x020E639C, 0x4 Bytes, ...)
T4EF0 023:992.238    -- Read from C cache (4 bytes @ 0x020E639C)
T4EF0 023:992.246   Data:  04 00 00 00
T4EF0 023:992.254 - 0.024ms returns 0
T4EF0 023:992.742 JLINK_ReadMem(0x020E0374, 0x4 Bytes, ...)
T4EF0 023:992.760    -- Read from C cache (4 bytes @ 0x020E0374)
T4EF0 023:992.774   Data:  00 BE 00 BF
T4EF0 023:992.784 - 0.042ms returns 0
T4EF0 023:993.220 JLINK_ReadMem(0x22182114, 0x4 Bytes, ...)
T4EF0 023:993.236   CPU_ReadMem(4 bytes @ 0x22182114)
T4EF0 023:993.552   Data:  00 00 00 00
T4EF0 023:993.564 - 0.343ms returns 0
T4EF0 023:993.592 JLINK_ReadMem(0x221820F0, 0x4 Bytes, ...)
T4EF0 023:993.602   CPU_ReadMem(4 bytes @ 0x221820F0)
T4EF0 023:993.900   Data:  00 00 00 00
T4EF0 023:993.910 - 0.319ms returns 0
T4EF0 023:993.942 JLINK_ReadMem(0x020E639C, 0x4 Bytes, ...)
T4EF0 023:993.950    -- Read from C cache (4 bytes @ 0x020E639C)
T4EF0 023:993.958   Data:  04 00 00 00
T4EF0 023:993.966 - 0.023ms returns 0
T4EF0 023:993.988 JLINK_ReadReg(XPSR)
T4EF0 023:993.996 - 0.008ms returns 0x29000000
T4EF0 023:994.002 JLINK_ReadReg(MSP_S)
T4EF0 023:994.008 - 0.006ms returns 0x221804F8
T4EF0 023:994.220 JLINK_ReadMem(0x22182114, 0x4 Bytes, ...)
T4EF0 023:994.236   CPU_ReadMem(4 bytes @ 0x22182114)
T4EF0 023:994.580   Data:  00 00 00 00
T4EF0 023:994.594 - 0.372ms returns 0
T4EF0 023:994.628 JLINK_ReadMem(0x221820F0, 0x4 Bytes, ...)
T4EF0 023:994.636   CPU_ReadMem(4 bytes @ 0x221820F0)
T4EF0 023:994.996   Data:  00 00 00 00
T4EF0 023:995.014 - 0.387ms returns 0
T4EF0 023:995.062 JLINK_ReadMem(0x020E639C, 0x4 Bytes, ...)
T4EF0 023:995.076    -- Read from C cache (4 bytes @ 0x020E639C)
T4EF0 023:995.084   Data:  04 00 00 00
T4EF0 023:995.096 - 0.033ms returns 0
T4EF0 023:995.120 JLINK_ReadReg(XPSR)
T4EF0 023:995.132 - 0.010ms returns 0x29000000
T4EF0 023:995.140 JLINK_ReadReg(MSP_NS)
T4EF0 023:995.148 - 0.008ms returns 0x00000000
T4EF0 023:995.310 JLINK_ReadMem(0x22182114, 0x4 Bytes, ...)
T4EF0 023:995.326   CPU_ReadMem(4 bytes @ 0x22182114)
T4EF0 023:995.644   Data:  00 00 00 00
T4EF0 023:995.654 - 0.344ms returns 0
T4EF0 023:995.686 JLINK_ReadMem(0x221820F0, 0x4 Bytes, ...)
T4EF0 023:995.696   CPU_ReadMem(4 bytes @ 0x221820F0)
T4EF0 023:995.982   Data:  00 00 00 00
T4EF0 023:995.994 - 0.307ms returns 0
T4EF0 023:996.020 JLINK_ReadMem(0x020E639C, 0x4 Bytes, ...)
T4EF0 023:996.030    -- Read from C cache (4 bytes @ 0x020E639C)
T4EF0 023:996.036   Data:  04 00 00 00
T4EF0 023:996.044 - 0.024ms returns 0
T4EF0 023:996.062 JLINK_ReadReg(XPSR)
T4EF0 023:996.070 - 0.008ms returns 0x29000000
T4EF0 023:996.076 JLINK_ReadReg(PSP_S)
T4EF0 023:996.084 - 0.005ms returns 0x00000000
T4EF0 023:996.204 JLINK_ReadMem(0x22182114, 0x4 Bytes, ...)
T4EF0 023:996.216   CPU_ReadMem(4 bytes @ 0x22182114)
T4EF0 023:996.530   Data:  00 00 00 00
T4EF0 023:996.540 - 0.338ms returns 0
T4EF0 023:996.570 JLINK_ReadMem(0x221820F0, 0x4 Bytes, ...)
T4EF0 023:996.578   CPU_ReadMem(4 bytes @ 0x221820F0)
T4EF0 023:996.890   Data:  00 00 00 00
T4EF0 023:996.924 - 0.353ms returns 0
T4EF0 023:996.978 JLINK_ReadMem(0x020E639C, 0x4 Bytes, ...)
T4EF0 023:996.992    -- Read from C cache (4 bytes @ 0x020E639C)
T4EF0 023:997.004   Data:  04 00 00 00
T4EF0 023:997.018 - 0.039ms returns 0
T4EF0 023:997.050 JLINK_ReadReg(XPSR)
T4EF0 023:997.060 - 0.012ms returns 0x29000000
T4EF0 023:997.072 JLINK_ReadReg(PSP_NS)
T4EF0 023:997.082 - 0.009ms returns 0x00000000
T4EF0 023:997.428 JLINK_ReadMem(0x020E154A, 0x4 Bytes, ...)
T4EF0 023:997.444   CPU_ReadMem(64 bytes @ 0x020E1540)
T4EF0 023:998.186    -- Updating C cache (64 bytes @ 0x020E1540)
T4EF0 023:998.204    -- Read from C cache (4 bytes @ 0x020E154A)
T4EF0 023:998.216   Data:  10 B5 B8 B3
T4EF0 023:998.228 - 0.800ms returns 0
T4EF0 024:000.384 JLINK_ReadMem(0x22180500, 0x40 Bytes, ...)
T4EF0 024:000.414   CPU_ReadMem(64 bytes @ 0x22180500)
T4EF0 024:001.126   Data:  00 00 00 00 00 00 00 00 00 00 00 00 D0 5F 0E 02 ...
T4EF0 024:001.154 - 0.769ms returns 0
T4EF0 024:001.580 JLINK_ReadMem(0x020E5155, 0x8 Bytes, ...)
T4EF0 024:001.602   CPU_ReadMem(64 bytes @ 0x020E5140)
T4EF0 024:002.336    -- Updating C cache (64 bytes @ 0x020E5140)
T4EF0 024:002.352    -- Read from C cache (8 bytes @ 0x020E5155)
T4EF0 024:002.360   Data:  2E 2E 2F 72 61 2F 61 77
T4EF0 024:002.368 - 0.788ms returns 0
T4EF0 024:002.534 JLINK_ReadMem(0x020E515D, 0x8 Bytes, ...)
T4EF0 024:002.548    -- Read from C cache (8 bytes @ 0x020E515D)
T4EF0 024:002.558   Data:  73 2F 46 72 65 65 52 54
T4EF0 024:002.566 - 0.031ms returns 0
T4EF0 024:002.692 JLINK_ReadMem(0x020E5165, 0x8 Bytes, ...)
T4EF0 024:002.702    -- Read from C cache (8 bytes @ 0x020E5165)
T4EF0 024:002.712   Data:  4F 53 2F 46 72 65 65 52
T4EF0 024:002.718 - 0.028ms returns 0
T4EF0 024:002.844 JLINK_ReadMem(0x020E516D, 0x8 Bytes, ...)
T4EF0 024:002.856    -- Read from C cache (8 bytes @ 0x020E516D)
T4EF0 024:002.862   Data:  54 4F 53 2F 53 6F 75 72
T4EF0 024:002.870 - 0.026ms returns 0
T4EF0 024:002.988 JLINK_ReadMem(0x020E5175, 0x8 Bytes, ...)
T4EF0 024:003.000    -- Read from C cache (8 bytes @ 0x020E5175)
T4EF0 024:003.008   Data:  63 65 2F 74 61 73 6B 73
T4EF0 024:003.016 - 0.026ms returns 0
T4EF0 024:003.132 JLINK_ReadMem(0x020E517D, 0x8 Bytes, ...)
T4EF0 024:003.144   CPU_ReadMem(64 bytes @ 0x020E5180)
T4EF0 024:003.874    -- Updating C cache (64 bytes @ 0x020E5180)
T4EF0 024:003.888    -- Read from C cache (8 bytes @ 0x020E517D)
T4EF0 024:003.896   Data:  2E 63 00 5B 4E 52 46 20
T4EF0 024:003.904 - 0.772ms returns 0
T4EF0 024:004.300 JLINK_ReadMem(0x020E4A10, 0x8 Bytes, ...)
T4EF0 024:004.316   CPU_ReadMem(64 bytes @ 0x020E4A00)
T4EF0 024:005.000    -- Updating C cache (64 bytes @ 0x020E4A00)
T4EF0 024:005.028    -- Read from C cache (8 bytes @ 0x020E4A10)
T4EF0 024:005.042   Data:  70 72 76 49 6E 69 74 69
T4EF0 024:005.054 - 0.754ms returns 0
T4EF0 024:005.288 JLINK_ReadMem(0x020E4A18, 0x8 Bytes, ...)
T4EF0 024:005.310    -- Read from C cache (8 bytes @ 0x020E4A18)
T4EF0 024:005.324   Data:  61 6C 69 73 65 4E 65 77
T4EF0 024:005.334 - 0.047ms returns 0
T4EF0 024:005.466 JLINK_ReadMem(0x020E4A20, 0x8 Bytes, ...)
T4EF0 024:005.480    -- Read from C cache (8 bytes @ 0x020E4A20)
T4EF0 024:005.488   Data:  54 61 73 6B 00 28 4E 55
T4EF0 024:005.496 - 0.030ms returns 0
T4EF0 024:005.756 JLINK_ReadMem(0x020E47FC, 0x8 Bytes, ...)
T4EF0 024:005.776   CPU_ReadMem(128 bytes @ 0x020E47C0)
T4EF0 024:006.952    -- Updating C cache (128 bytes @ 0x020E47C0)
T4EF0 024:006.972    -- Read from C cache (8 bytes @ 0x020E47FC)
T4EF0 024:006.986   Data:  75 78 50 72 69 6F 72 69
T4EF0 024:006.998 - 1.243ms returns 0
T4EF0 024:007.168 JLINK_ReadMem(0x020E4804, 0x8 Bytes, ...)
T4EF0 024:007.184    -- Read from C cache (8 bytes @ 0x020E4804)
T4EF0 024:007.192   Data:  74 79 20 3C 20 28 35 29
T4EF0 024:007.200 - 0.032ms returns 0
T4EF0 024:007.348 JLINK_ReadMem(0x020E480C, 0x8 Bytes, ...)
T4EF0 024:007.362    -- Read from C cache (8 bytes @ 0x020E480C)
T4EF0 024:007.370   Data:  00 4F 4B 00 2B 43 57 4A
T4EF0 024:007.378 - 0.031ms returns 0
T4EF0 024:007.866 JLINK_ReadMem(0x020E5155, 0x8 Bytes, ...)
T4EF0 024:007.882    -- Read from C cache (8 bytes @ 0x020E5155)
T4EF0 024:007.890   Data:  2E 2E 2F 72 61 2F 61 77
T4EF0 024:007.898 - 0.030ms returns 0
T4EF0 024:008.016 JLINK_ReadMem(0x020E515D, 0x8 Bytes, ...)
T4EF0 024:008.028    -- Read from C cache (8 bytes @ 0x020E515D)
T4EF0 024:008.036   Data:  73 2F 46 72 65 65 52 54
T4EF0 024:008.044 - 0.027ms returns 0
T4EF0 024:008.156 JLINK_ReadMem(0x020E5165, 0x8 Bytes, ...)
T4EF0 024:008.168    -- Read from C cache (8 bytes @ 0x020E5165)
T4EF0 024:008.176   Data:  4F 53 2F 46 72 65 65 52
T4EF0 024:008.184 - 0.026ms returns 0
T4EF0 024:008.302 JLINK_ReadMem(0x020E516D, 0x8 Bytes, ...)
T4EF0 024:008.314    -- Read from C cache (8 bytes @ 0x020E516D)
T4EF0 024:008.322   Data:  54 4F 53 2F 53 6F 75 72
T4EF0 024:008.330 - 0.026ms returns 0
T4EF0 024:008.432 JLINK_ReadMem(0x020E5175, 0x8 Bytes, ...)
T4EF0 024:008.444    -- Read from C cache (8 bytes @ 0x020E5175)
T4EF0 024:008.452   Data:  63 65 2F 74 61 73 6B 73
T4EF0 024:008.460 - 0.027ms returns 0
T4EF0 024:008.550 JLINK_ReadMem(0x020E517D, 0x8 Bytes, ...)
T4EF0 024:008.562    -- Read from C cache (8 bytes @ 0x020E517D)
T4EF0 024:008.570   Data:  2E 63 00 5B 4E 52 46 20
T4EF0 024:008.576 - 0.026ms returns 0
T4EF0 024:008.878 JLINK_ReadMem(0x020E4A10, 0x8 Bytes, ...)
T4EF0 024:008.898    -- Read from C cache (8 bytes @ 0x020E4A10)
T4EF0 024:008.910   Data:  70 72 76 49 6E 69 74 69
T4EF0 024:008.924 - 0.045ms returns 0
T4EF0 024:009.054 JLINK_ReadMem(0x020E4A18, 0x8 Bytes, ...)
T4EF0 024:009.072    -- Read from C cache (8 bytes @ 0x020E4A18)
T4EF0 024:009.084   Data:  61 6C 69 73 65 4E 65 77
T4EF0 024:009.098 - 0.043ms returns 0
T4EF0 024:009.224 JLINK_ReadMem(0x020E4A20, 0x8 Bytes, ...)
T4EF0 024:009.242    -- Read from C cache (8 bytes @ 0x020E4A20)
T4EF0 024:009.254   Data:  54 61 73 6B 00 28 4E 55
T4EF0 024:009.268 - 0.043ms returns 0
T4EF0 024:009.492 JLINK_ReadMem(0x020E47FC, 0x8 Bytes, ...)
T4EF0 024:009.510    -- Read from C cache (8 bytes @ 0x020E47FC)
T4EF0 024:009.524   Data:  75 78 50 72 69 6F 72 69
T4EF0 024:009.534 - 0.043ms returns 0
T4EF0 024:009.664 JLINK_ReadMem(0x020E4804, 0x8 Bytes, ...)
T4EF0 024:009.682    -- Read from C cache (8 bytes @ 0x020E4804)
T4EF0 024:009.694   Data:  74 79 20 3C 20 28 35 29
T4EF0 024:009.708 - 0.042ms returns 0
T4EF0 024:009.880 JLINK_ReadMem(0x020E480C, 0x8 Bytes, ...)
T4EF0 024:009.900    -- Read from C cache (8 bytes @ 0x020E480C)
T4EF0 024:009.914   Data:  00 4F 4B 00 2B 43 57 4A
T4EF0 024:009.926 - 0.045ms returns 0
T0EB8 024:010.978 JLINK_ReadReg(XPSR)
T0EB8 024:011.002 - 0.024ms returns 0x29000000
T0EB8 024:011.010 JLINK_ReadReg(R15 (PC))
T0EB8 024:011.016 - 0.007ms returns 0x020E0374
T0EB8 024:011.260 JLINK_IsHalted()
T0EB8 024:011.278 - 0.016ms returns TRUE
T0EB8 024:011.284 JLINK_ReadReg(XPSR)
T0EB8 024:011.294 - 0.008ms returns 0x29000000
T0EB8 024:011.300 JLINK_ReadReg(R15 (PC))
T0EB8 024:011.308 - 0.006ms returns 0x020E0374
T0EB8 024:011.334 JLINK_ReadReg(XPSR)
T0EB8 024:011.340 - 0.006ms returns 0x29000000
T0EB8 024:011.348 JLINK_ReadReg(XPSR)
T0EB8 024:011.354 - 0.005ms returns 0x29000000
T0EB8 024:011.360 JLINK_ReadReg(R15 (PC))
T0EB8 024:011.364 - 0.005ms returns 0x020E0374
T0EB8 024:011.378 JLINK_ReadReg(XPSR)
T0EB8 024:011.382 - 0.005ms returns 0x29000000
T0EB8 024:011.388 JLINK_ReadMem(0x020E0374, 0x1 Bytes, ...)
T0EB8 024:011.398    -- Read from C cache (1 bytes @ 0x020E0374)
T0EB8 024:011.406   Data:  00
T0EB8 024:011.412 - 0.024ms returns 0
T0EB8 024:011.420 JLINK_IsHalted()
T0EB8 024:011.426 - 0.005ms returns TRUE
T0EB8 024:011.436 JLINK_ReadReg(XPSR)
T0EB8 024:011.444 - 0.006ms returns 0x29000000
T0EB8 024:011.448 JLINK_ReadReg(XPSR)
T0EB8 024:011.454 - 0.005ms returns 0x29000000
T0EB8 024:011.460 JLINK_ReadReg(R15 (PC))
T0EB8 024:011.466 - 0.005ms returns 0x020E0374
T0EB8 024:011.478 JLINK_ReadReg(XPSR)
T0EB8 024:011.484 - 0.005ms returns 0x29000000
T0EB8 024:011.490 JLINK_ReadMem(0x020E0374, 0x1 Bytes, ...)
T0EB8 024:011.500    -- Read from C cache (1 bytes @ 0x020E0374)
T0EB8 024:011.512   Data:  00
T0EB8 024:011.518 - 0.029ms returns 0
T0EB8 024:013.376 JLINK_ReadMem(0xE0001004, 0x4 Bytes, ...)
T0EB8 024:013.398   CPU_ReadMem(4 bytes @ 0xE0001004)
T0EB8 024:013.846   Data:  0A 8E E6 06
T0EB8 024:013.866   Debug reg: DWT_CYCCNT
T0EB8 024:013.874 - 0.497ms returns 0
T4EF0 024:029.640 JLINK_ReadMem(0x020E0374, 0x4 Bytes, ...)
T4EF0 024:029.684    -- Read from C cache (4 bytes @ 0x020E0374)
T4EF0 024:029.706   Data:  00 BE 00 BF
T4EF0 024:029.724 - 0.084ms returns 0
T4EF0 024:030.276 JLINK_ReadMem(0x020E154A, 0x4 Bytes, ...)
T4EF0 024:030.296    -- Read from C cache (4 bytes @ 0x020E154A)
T4EF0 024:030.308   Data:  10 B5 B8 B3
T4EF0 024:030.316 - 0.041ms returns 0
T4EF0 024:032.412 JLINK_ReadMem(0x22180500, 0x40 Bytes, ...)
T4EF0 024:032.440   CPU_ReadMem(64 bytes @ 0x22180500)
T4EF0 024:033.206   Data:  00 00 00 00 00 00 00 00 00 00 00 00 D0 5F 0E 02 ...
T4EF0 024:033.234 - 0.822ms returns 0
T4EF0 024:033.670 JLINK_ReadMem(0x020DD29C, 0x4 Bytes, ...)
T4EF0 024:033.700   CPU_ReadMem(64 bytes @ 0x020DD280)
T4EF0 024:034.430    -- Updating C cache (64 bytes @ 0x020DD280)
T4EF0 024:034.452    -- Read from C cache (4 bytes @ 0x020DD29C)
T4EF0 024:034.464   Data:  41 F6 A4 61
T4EF0 024:034.476 - 0.807ms returns 0
T4EF0 024:034.832 JLINK_ReadMem(0x020DD204, 0x4 Bytes, ...)
T4EF0 024:034.854   CPU_ReadMem(64 bytes @ 0x020DD200)
T4EF0 024:035.530    -- Updating C cache (64 bytes @ 0x020DD200)
T4EF0 024:035.550    -- Read from C cache (4 bytes @ 0x020DD204)
T4EF0 024:035.570   Data:  FF F7 2B FF
T4EF0 024:035.582 - 0.750ms returns 0
T4EF0 024:092.484 JLINK_ReadMem(0x22182114, 0x4 Bytes, ...)
T4EF0 024:092.540   CPU_ReadMem(4 bytes @ 0x22182114)
T4EF0 024:093.048   Data:  00 00 00 00
T4EF0 024:093.076 - 0.592ms returns 0
T4EF0 024:093.144 JLINK_ReadMem(0x221820F0, 0x4 Bytes, ...)
T4EF0 024:093.170   CPU_ReadMem(4 bytes @ 0x221820F0)
T4EF0 024:093.532   Data:  00 00 00 00
T4EF0 024:093.548 - 0.405ms returns 0
T4EF0 024:093.596 JLINK_ReadMem(0x020E639C, 0x4 Bytes, ...)
T4EF0 024:093.608    -- Read from C cache (4 bytes @ 0x020E639C)
T4EF0 024:093.616   Data:  04 00 00 00
T4EF0 024:093.624 - 0.028ms returns 0
T4EF0 024:093.636 JLINK_ReadMem(0x22182114, 0x4 Bytes, ...)
T4EF0 024:093.644   CPU_ReadMem(4 bytes @ 0x22182114)
T4EF0 024:093.980   Data:  00 00 00 00
T4EF0 024:093.996 - 0.359ms returns 0
T4EF0 024:094.032 JLINK_ReadMem(0x221820F0, 0x4 Bytes, ...)
T4EF0 024:094.046   CPU_ReadMem(4 bytes @ 0x221820F0)
T4EF0 024:094.356   Data:  00 00 00 00
T4EF0 024:094.372 - 0.339ms returns 0
T4EF0 024:094.408 JLINK_ReadMem(0x020E639C, 0x4 Bytes, ...)
T4EF0 024:094.418    -- Read from C cache (4 bytes @ 0x020E639C)
T4EF0 024:094.428   Data:  04 00 00 00
T4EF0 024:094.436 - 0.026ms returns 0
T4EF0 024:095.168 JLINK_ReadMem(0x020E5155, 0x8 Bytes, ...)
T4EF0 024:095.184    -- Read from C cache (8 bytes @ 0x020E5155)
T4EF0 024:095.192   Data:  2E 2E 2F 72 61 2F 61 77
T4EF0 024:095.200 - 0.031ms returns 0
T4EF0 024:095.316 JLINK_ReadMem(0x020E515D, 0x8 Bytes, ...)
T4EF0 024:095.326    -- Read from C cache (8 bytes @ 0x020E515D)
T4EF0 024:095.334   Data:  73 2F 46 72 65 65 52 54
T4EF0 024:095.342 - 0.028ms returns 0
T4EF0 024:095.444 JLINK_ReadMem(0x020E5165, 0x8 Bytes, ...)
T4EF0 024:095.452    -- Read from C cache (8 bytes @ 0x020E5165)
T4EF0 024:095.462   Data:  4F 53 2F 46 72 65 65 52
T4EF0 024:095.468 - 0.027ms returns 0
T4EF0 024:095.566 JLINK_ReadMem(0x020E516D, 0x8 Bytes, ...)
T4EF0 024:095.578    -- Read from C cache (8 bytes @ 0x020E516D)
T4EF0 024:095.586   Data:  54 4F 53 2F 53 6F 75 72
T4EF0 024:095.594 - 0.028ms returns 0
T4EF0 024:095.778 JLINK_ReadMem(0x020E5175, 0x8 Bytes, ...)
T4EF0 024:095.798    -- Read from C cache (8 bytes @ 0x020E5175)
T4EF0 024:095.812   Data:  63 65 2F 74 61 73 6B 73
T4EF0 024:095.820 - 0.044ms returns 0
T4EF0 024:095.984 JLINK_ReadMem(0x020E517D, 0x8 Bytes, ...)
T4EF0 024:096.012    -- Read from C cache (8 bytes @ 0x020E517D)
T4EF0 024:096.076   Data:  2E 63 00 5B 4E 52 46 20
T4EF0 024:096.116 - 0.131ms returns 0
T4EF0 024:096.612 JLINK_ReadMem(0x020E4A10, 0x8 Bytes, ...)
T4EF0 024:096.632    -- Read from C cache (8 bytes @ 0x020E4A10)
T4EF0 024:096.646   Data:  70 72 76 49 6E 69 74 69
T4EF0 024:096.660 - 0.047ms returns 0
T4EF0 024:096.868 JLINK_ReadMem(0x020E4A18, 0x8 Bytes, ...)
T4EF0 024:096.900    -- Read from C cache (8 bytes @ 0x020E4A18)
T4EF0 024:096.920   Data:  61 6C 69 73 65 4E 65 77
T4EF0 024:096.942 - 0.074ms returns 0
T4EF0 024:097.132 JLINK_ReadMem(0x020E4A20, 0x8 Bytes, ...)
T4EF0 024:097.152    -- Read from C cache (8 bytes @ 0x020E4A20)
T4EF0 024:097.166   Data:  54 61 73 6B 00 28 4E 55
T4EF0 024:097.178 - 0.045ms returns 0
T4EF0 024:097.466 JLINK_ReadMem(0x020E47FC, 0x8 Bytes, ...)
T4EF0 024:097.482    -- Read from C cache (8 bytes @ 0x020E47FC)
T4EF0 024:097.492   Data:  75 78 50 72 69 6F 72 69
T4EF0 024:097.498 - 0.032ms returns 0
T4EF0 024:097.634 JLINK_ReadMem(0x020E4804, 0x8 Bytes, ...)
T4EF0 024:097.644    -- Read from C cache (8 bytes @ 0x020E4804)
T4EF0 024:097.654   Data:  74 79 20 3C 20 28 35 29
T4EF0 024:097.660 - 0.028ms returns 0
T4EF0 024:097.776 JLINK_ReadMem(0x020E480C, 0x8 Bytes, ...)
T4EF0 024:097.788    -- Read from C cache (8 bytes @ 0x020E480C)
T4EF0 024:097.796   Data:  00 4F 4B 00 2B 43 57 4A
T4EF0 024:097.810 - 0.032ms returns 0
T4EF0 024:098.312 JLINK_ReadMem(0x22182114, 0x4 Bytes, ...)
T4EF0 024:098.344   CPU_ReadMem(4 bytes @ 0x22182114)
T4EF0 024:098.756   Data:  00 00 00 00
T4EF0 024:098.774 - 0.463ms returns 0
T4EF0 024:098.822 JLINK_ReadMem(0x221820F0, 0x4 Bytes, ...)
T4EF0 024:098.836   CPU_ReadMem(4 bytes @ 0x221820F0)
T4EF0 024:099.178   Data:  00 00 00 00
T4EF0 024:099.196 - 0.373ms returns 0
T4EF0 024:099.242 JLINK_ReadMem(0x020E639C, 0x4 Bytes, ...)
T4EF0 024:099.252    -- Read from C cache (4 bytes @ 0x020E639C)
T4EF0 024:099.260   Data:  04 00 00 00
T4EF0 024:099.268 - 0.027ms returns 0
T4EF0 024:099.282 JLINK_ReadMem(0x22182114, 0x4 Bytes, ...)
T4EF0 024:099.292   CPU_ReadMem(4 bytes @ 0x22182114)
T4EF0 024:099.644   Data:  00 00 00 00
T4EF0 024:099.676 - 0.394ms returns 0
T4EF0 024:099.734 JLINK_ReadMem(0x221820F0, 0x4 Bytes, ...)
T4EF0 024:099.760   CPU_ReadMem(4 bytes @ 0x221820F0)
T4EF0 024:100.186   Data:  00 00 00 00
T4EF0 024:100.212 - 0.477ms returns 0
T4EF0 024:100.276 JLINK_ReadMem(0x020E639C, 0x4 Bytes, ...)
T4EF0 024:100.292    -- Read from C cache (4 bytes @ 0x020E639C)
T4EF0 024:100.306   Data:  04 00 00 00
T4EF0 024:100.318 - 0.042ms returns 0
