S020000052656E657361735F4375705F56656869636C655F435055312E7372656315
S315020D8000400518224D080E0211070E0257080E02E0
S315020D801057080E0257080E0257080E0257080E028F
S315020D8020000000000000000000000000CDD60D0289
S315020D803057080E0200000000E5D60D024DD70D02BF
S315020D804029F20D02FDF30D025DF50D0241F60D024B
S315020D805033DF0D02CDDF0D02E3E00D02FBE10D0272
S315020D806029F90D0233DF0D02CDDF0D02E3E00D021C
S315020D8070FBE10D0227E90D0249E80D02AFE90D02FA
S30D020D808001EA0D026FEB0D0280
S315020D80900100000020630E02040705070000000020
S315020D80A000000000000000000000000000000000BB
S315020D80B000000000000000000000000000000000AB
S315020D80C0000000000000000000000000000000009B
S315020D80D0000000000000000000000000000000008B
S315020D80E000000000000000000000000078660E028D
S315020D80F0040105070000000000000000000000005A
S315020D8100000000000000000000000000000000005A
S315020D8110000000000000000000000000000000004A
S315020D8120000000000000000000000000000000003A
S315020D8130000000000000000000000000000000002A
S315020D814000000000320303000000000000000000E2
S315020D81500000080000000000000000000000000002
S315020D816000001008000000000000000000000000E2
S309020D817010400000A6
S315020D817810B582B040F26C54C2F21824206808B1C8
S315020D8188012013E040F2705240F288534FF0000C72
S315020D8198C2F21822C2F2182301201821CDF800C006
S315020D81A808F0FBFD2060002818BF012002B010BDA3
S315020D81B8D0B101460068B8B1486800284FF00000F2
S315020D81C811D040F26C52C2F2182212685AB180B519
S315020D81D810460022002308F04DFE0138B0FA80F051
S315020D81E84009BDE880407047002070470A4601469F
S315020D81F800284FF000000FD040F26C53C2F218233C
S315020D82081B684BB180B5184609F006F80138B0FA65
S315020D821880F04009BDE88040704770B1002148F2F0
S315020D8228452248F2792348F2C52CC0F20D22C0F236
S315020D82380D23C0F20D2C80E80E10704780B546F25C
S315020D8248D450C0F20E2000F083F870B146F2CC403D
S315020D8258C0F20E2000F07CF838B146F25050C0F24A
S315020D82680E20BDE8804000F073B8002080BDD4D43E
S315020D827880B52DED028B46F2D450C0F20E20B0EE2B
S315020D8288608A00F084F890B146F2CC40C0F20E2016
S315020D8298B0EE480A00F07BF808B1012008E046F274
S315020D82A8D4509FED050AC0F20E2000F070F800209A
S315020D82B8BDEC028B80BD00BF0000000070B52DED30
S315020D82C8028BB7EE001A46F25056B4EE410AC0F2C8
S315020D82D80E26F1EE10FA346831FE008AB5EE408AA2
S315020D82E820460021F1EE10FA9FED180A48BFB0EEAE
S315020D82F8408A002507F0B3FF2046012107F0AFFF9C
S315020D830830460021B0EE480A00F091F8C8B146F29F
S315020D831850509FED0E0AC0F20E20012100F087F88B
S315020D832830B1B5EE408AF1EE10FA03D1012508E017
S315020D8338002506E02046002107F083FFB0FA80F0FB
S315020D834845092846BDEC028B70BD00BF0000000032
S315020D8358C8B110B50446D4E90112006812689047EF
S315020D83680E2800D088B92068002107F078FF20680A
S315020D8378012107F074FFA168206849688847B0FA99
S315020D838880F0400910BD00207047002010BD70B561
S315020D83982DED028BB7EE001AB4EE410AF1EE10FA84
S315020D83A831FE000ABFEE001AB4EE401AF1EE10FACB
S315020D83B831FE008AB5EE408A0026F1EE10FA48BF64
S315020D83C802260446C8BF012600684FF000014FF089
S315020D83D80005B1EE480A48BFB0EE408A07F03FFFE6
S315020D83E82068012107F03BFF20460021B0EE480A1E
S315020D83F800F01DF8B8B120460121B0EE480A00F08A
S315020D840816F828B1012E05D0022E0BD1012102E054
S315020D8418002508E00021206807F013FFB0FA80F066
S315020D8428450900E001252846BDEC028B70BDB0B5A5
S315020D84382DED028B84B0B0EE408AB7EE000AB4EE8B
S315020D8448408A05460020F1EE10FACDE902000190A8
S315020D845824DC1DB3B5EE408AF1EE10FA1ED40C4695
S315020D8468A96828684A6A01A9904708B1002015E04B
S315020D84789DED030AB6EE001AB8EE400A20EE080A7A
S315020D8488A96830EE010ABCEEC00A2868CB6910EE5F
S315020D8498101A22469847B0FA80F0400904B0BDEC8E
S315020D84A8028BB0BD70B110B5202104460AF05FFCEF
S315020D84B8204600F030F838B104F11000FFF7ADFE92
S315020D84C8012010BD00207047002010BD10B30079A1
S315020D84D840F25001C2F21821087040F2D050C2F291
S315020D84E818200068B0B180B582B0002101AA0191A9
S315020D84F80AF02DF8019850B14EF60450CEF200004E
S315020D85084FF080510160BFF34F8FBFF36F8F02B0EB
S315020D8518BDE880407047F0B110B5044641F6986043
S315020D8528C2F21820C068C0B109F093FF40F2D051CB
S315020D8538C2F218210860002048F27F5148F23162D2
S315020D854848F23D73C0F20D21C0F20D22C0F20D2381
S315020D85580FC4012010BD0020704741F6986046F2FF
S315020D85681861C2F21820C0F20E2106F046FC002848
S315020D8578DAD0002010BD2DE9F04786B0002B4FF05A
S315020D858800074DD00E9D0F2D4AD805F10108144648
S315020D859889460846114642461E4600F0E7F8A0B33C
S315020D85A80DF1080A0AF1010031462A468DF80840EE
S315020D85B80AF0E1FB0020012100220126002709F01D
S315020D85C86EFF40F2500541F69860C2F21825C2F2C6
S315020D85D818205146424600232E7006F092FCB0B181
S315020D85E840F2D452C2F21822297850600320107232
S315020D85F8D0680223013013705172977582F8149060
S315020D86085475C2F81080D0600AE0002708E00320EE
S315020D861803214A462346CDF8008000F0D0F80746D6
S315020D8628384606B0BDE8F0872DE9F04383B0002B36
S315020D86384FF000068DF80B206ED00A9D002D6BD0DB
S315020D86480C46084611462A461F4600F08FF80028A2
S315020D865861D00020012100224FF00109002609F000
S315020D86681EFF40F2500841F69860C2F21828C2F26F
S315020D867818200DF10B010122012388F8009006F04E
S315020D868840FCB0B140F2D453C2F2182398F8001048
S315020D8698586003209DF80B201872D86804271F709E
S315020D86A859729E751C755A75C3F810900130D860AB
S315020D86B832E09DF80B30032005212246CDF80090B5
S315020D86C800F07DF838B30020012100224FF0010990
S315020D86D8002609F0E4FE41F69860C2F218203946E2
S315020D86E82A46002388F8009006F005FCC0B140F230
S315020D86F8D453C2F2182398F800109DF80B2058602F
S315020D8708022006271872D8681F7059729E751C7535
S315020D87185A751D61CAE70026304603B0BDE8F083D7
S315020D87289DF80B30022007212246009500F047F8E6
S315020D87380646F1E7084609F015BA70B540F2D45C5B
S315020D8748C2F2182C9CF8003000280146DBB218BF7D
S315020D87580121002B18BF012301EA030EBEF1010FF9
S315020D876804BF9CE87E007EC0704670BDF0B581B030
S315020D8778064641F6986014460D46C2F21820314651
S315020D87880122012706F0DCFBA0B140F25001C2F22C
S315020D87981821097840F2D452C2F2182251720021D8
S315020D87A89175D16817700131506017721675557526
S315020D87B81461D160B0FA80F0400901B0F0BD2DE91F
S315020D87C8F04716460D46DDF8209007460020012192
S315020D87D81422984600244FF0010A09F060FE40F271
S315020D87E85002C2F21822117818B1B9421AD10124CF
S315020D87F82BE040F2D450C2F218204172C1680570BE
S315020D880801314460077280F816A0067580F8158046
S315020D8818C0F81090C16041F69860C2F2182006F0B1
S315020D882876FB12E0107840F2D451C2F21821487242
S315020D8838C868002401300D704C600F728C750E7568
S315020D884881F81580C1F81090C8602046BDE8F087FA
S315020D8858B0B5054600284FF0000019D00C46B9B13F
S315020D886894ED050AB5EE400AF1EE10FA10D994ED1B
S315020D8878040AB5EE400AF1EE10FA09D4284630215B
S315020D88880AF075FA07CC07C594E80F000FC5012043
S315020D8898B0BD18B1002180F82C104162704788B11D
S315020D88A890ED051AB1EE412AB4EE410AF1EE10FA2F
S315020D88B8B4EE402A31FE001AF1EE10FA32FE010A22
S315020D88C880ED0A0A7047D4D40246002818BF012241
S315020D88D80B46002918BF012302EA030CF5EE400ADE
S315020D88E800229FED7C1AF1EE10FA88BF01220023B1
S315020D88F802EA0C02F4EE410AF1EE10FAD8BF012390
S315020D89081A40012A40F0D68090ED062AB0EEC01A1A
S315020D8918B4EE412A9FED701AF1EE10FA90ED083A6F
S315020D892831FE000A20EE204A9FED6C2A34EE034AE8
S315020D8938B4EE424AF1EE10FA09DD9FED693A00BF2F
S315020D894834EE034AB4EE424AF1EE10FAF8DC9FED24
S315020D8958653AB4EE434AF1EE10FA08D59FED625A1E
S315020D896834EE054AB4EE434AF1EE10FAF8D490F80D
S315020D89782C3080ED084A002B00F0988090ED071AEE
S315020D898831EE441AB4EE421AF1EE10FA09DD9FEDF4
S315020D8998544A00BF31EE041AB4EE421AF1EE10FA39
S315020D89A8F8DCB4EE431AF1EE10FA08D59FED4E2A0D
S315020D89B831EE021AB4EE431AF1EE10FAF8D490ED2E
S315020D89C8092A21EE203A90ED035A33EE022AB1EE28
S315020D89D8457AB4EE452AF1EE10FAB4EE427A90EDE6
S315020D89E8003A90ED014A35FE025AF1EE10FA90ED73
S315020D89F8026A37FE052A24EE024A23EE013A33EEBF
S315020D8A08043A26EE000A90ED044A33EE403AB1EEE8
S315020D8A18445AB4EE443AF1EE10FAB4EE435A34FE21
S315020D8A28030AF1EE10FAB4EE453A35FE000AF1EEF6
S315020D8A3810FA04DBB4EE443AF1EE10FA09D9B5EEA2
S315020D8A48401AF1EE10FA37D5B4EE403AF1EE10FAB5
S315020D8A5832DD80ED092A90ED0A1A90ED052A31EEDE
S315020D8A68401AB1EE423AB4EE421AF1EE10FAB4EEEB
S315020D8A78413A32FE012AF1EE10FA33FE021A81ED5F
S315020D8A88001A90ED0A1A90ED052A30EE010AB1EE9A
S315020D8A98421AB4EE420AF1EE10FAB4EE401A32FE5A
S315020D8AA8002AF1EE10FA31FE021A01E000200860E2
S315020D8AB881ED011A10467047B5EE401AF1EE10FA1D
S315020D8AC8C9DDB4EE403AF1EE10FA48BF80ED092A37
S315020D8AD8C1E700BFCDCCCC3D0000000000003443F9
S315020D8AE80000B4C3000034C30000B443002814BF09
S315020D8AF890F82C00002000F00100704700287ED067
S315020D8B08B0B586B004460D4600294FF0000079D05F
S315020D8B1894F82010C90775D02068D4F808C0217CAE
S315020D8B284FF00E0E0DF10A033B22CDF800E0E04799
S315020D8B38002866D0BDF80A009FED331AC0BA00EEBA
S315020D8B48100ABDF80C00B8EEC00A20EE010AC0BA2A
S315020D8B5885ED000A00EE100ABDF80E00B8EEC00A41
S315020D8B6820EE010AC0BA85ED010A00EE100ABDF81B
S315020D8B781000B8EEC00AC0BA20EE010A01EE100ABC
S315020D8B889FED222AB8EEC11ABDF8120081EE021A1D
S315020D8B98C0BA02EE100A9FED1F3AB8EEC22ABDF808
S315020D8BA8140082EE032AC0BA04EE100AB8EEC44ABD
S315020D8BB8BDF8160084EE034AC0BA05EE100AB8EEE1
S315020D8BC8C55A85EE033A9FED125A85ED020A31EE24
S315020D8BD8050A85ED060A94ED050A012032EE400ACC
S315020D8BE885ED030A94ED060A34EE400A85ED040A6C
S315020D8BF894ED070A33EE400A85ED050A02E00020D8
S315020D8C087047002006B0B0BD000080380000AA43A8
S315020D8C18B81E12420000034300283ED070B5054621
S315020D8C284069C0B3A869B0B3E869A0B340F2EC567F
S315020D8C38C2F218263046A4210AF099F81ECD3046FE
S315020D8C481EC095E81E001EC040F2EE20C6F89C0016
S315020D8C5845F65A20A6F8A000D6E904020021A6F880
S315020D8C6874109047D8B144F2044106F14400C0F29B
S315020D8C780E21FFF7EDFDA0B100F01AF83069F16982
S315020D8C889FED0A0A884750B100200121C6F88C00CB
S315020D8C98A6F8761006E0012070BD01207047032064
S315020D8CA800E0012086F8900070BD00BF00000000AC
S315020D8CB8B0B540F2EC54C2F2182404F14400FFF7A1
S315020D8CC8E8FD9FED080A2069A1690025F0EE400A24
S315020D8CD884F87850884710B9032084F89000C4E9BF
S315020D8CE82155B0BD0000000070B52DED048B8AB07C
S315020D8CF8B0EE408A9FED6F0A40F2EC55B4EE408A0B
S315020D8D08C2F21825F1EE10FA4FF0010400F3CA80EB
S315020D8D18B5EE408AF1EE10FA40F2C48095F8760067
S315020D8D28C00700F0BF809FED640AB6EE001A28EE62
S315020D8D38000A30EE010A95F87700BCEEC00A10EE6D
S315020D8D48106A88B995ED230AB5EE400AF1EE10FAC6
S315020D8D580ADDD5F894003044B0F5FA6FC5F89400DB
S315020D8D6824BF012085F8770005F144042046FFF754
S315020D8D78BDFE30B305F1200003A9FFF7BFFE00289B
S315020D8D885FD09DED080A01A92046F0EE480A85ED49
S315020D8D98200AFFF799FD002800F081809DED019AC2
S315020D8DA89DED028A2869A969B0EE490AF0EE480ACC
S315020D8DB8884700286DD0686E85ED219A85ED228A41
S315020D8DC8E86795F87400012839D1D5F8980095F811
S315020D8DD8751030440329C5F898004FD0022934D0AE
S315020D8DE8012954D141F2883188424FF0000459D3F2
S315020D8DF8FFF75EFF95F8A1009FED301A00EE100AF7
S315020D8E08B8EE400A80EE018A022085F875002869B7
S315020D8E18A969C5F89840B1EE489AB0EE480AF0EE3F
S315020D8E28490A884730B99FED268A0324B0EE489A37
S315020D8E3885F8904085ED218A85ED229A17E0002462
S315020D8E4832E0FFF735FF05242CE0D5F89C100024F7
S315020D8E58884227D3FFF72CFF032095F8A01085F833
S315020D8E6875000020C5F8984000F02CF8044674B138
S315020D8E78052085F87500FFF71BFF13E041F28831CF
S315020D8E88884204D3FFF714FF042085F875000024E1
S315020D8E9808E0032085F890000020C5E92100FFF7B8
S315020D8EA807FF032485F8904020460AB0BDEC048BD3
S315020D8EB870BD00BFCDCCCC3D00007A440000C8423F
S315020D8EC800000000B0B52DED028B652907D340F2DF
S315020D8ED8EC50C2F21820012480F8904028E000EEEA
S315020D8EE8101A9FED151AB8EE400A80EE010A40F2E5
S315020D8EF8EC55C2F21825002805F14400B1EE401AC8
S315020D8F0800FE018AFFF7C5FC2869A9690024B0EE9F
S315020D8F18480AF0EE480A85F87840884720B99FED49
S315020D8F28078A032485F8904085ED218A85ED228AE4
S315020D8F382046BDEC028BB0BD0000C8420000000001
S315020D8F4870B52DED048B40F2EC56C2F2182678B1A7
S315020D8F58054696F8760001284FF002000DD10C460B
S315020D8F6896F87710C90708D0642C0BD9012004E0AE
S315020D8F78FFF79EFE0020A6F8740086F89000BDEC59
S315020D8F88048B70BDFFF794FE681E00210328A6F810
S315020D8F987410EBD800EE104A9FED1D1AB8EE400A72
S315020D8FA880EE018ADFE800F0022E041500202AE081
S315020D8FB83069B169B1EE489AB0EE490AF0EE480A3F
S315020D8FC888479FED140A002800FE091A00FE080AB2
S315020D8FD80FE03069B169B1EE489AB0EE480AF0EE83
S315020D8FE8490A88479FED0B0A002800FE081A00FE5B
S315020D8FF8090A4FF0030018BF002086ED211A86EDE7
S315020D9008220ABAE701202146FFF75CFFB5E700BF42
S315020D90180000C8420000000070B52DED048B40F229
S315020D9028EC56C2F2182696F87420012A10D1054676
S315020D903880B196F8760001284FF002000FD10C4642
S315020D904896F87710C9070AD0642C0DD9012006E0C7
S315020D9058022004E0FFF72CFE002086F8750086F83C
S315020D90689000BDEC048B70BDFFF722FE681E002131
S315020D9078032886F87510E9D800EE104A9FED1D1AD9
S315020D9088B8EE400A80EE018ADFE800F0022E0415DA
S315020D909800202AE03069B169B1EE489AB0EE490A64
S315020D90A8F0EE480A88479FED140A002800FE091AB1
S315020D90B800FE080A0FE03069B169B1EE489AB0EEC2
S315020D90C8480AF0EE490A88479FED0B0A002800FE6A
S315020D90D8081A00FE090A4FF0030018BF002086ED94
S315020D90E8211A86ED220ABAE701202146FFF7EAFE82
S315020D90F8B5E700BF0000C8420000000010B540F2F7
S315020D9108EC54C2F2182494F8760001284FF00200A6
S315020D911810D194F87710C9070CD0FFF7C9FD40F2A4
S315020D9128011094F8A010A4F874000020C4F8980051
S315020D9138FFF7C8FE84F8900010BDD4D410B540F2DE
S315020D9148EC546428C2F2182401D9012010E000EE6D
S315020D9158100A9FED091AB8EE400A80EE010A84F844
S315020D9168A00084F8A10004F14400FFF798FB002043
S315020D917884F8900010BD00BF0000C84210B52DED51
S315020D9188028B40F2EC540246C2F2182464294FF0BF
S315020D919801001FD894F87630DB071BD000EE101AA3
S315020D91A89FED0F1AB8EE400A80EE010A9FED0D1AD1
S315020D91B8002A2069E16901FE008AB0EE480A88474D
S315020D91C838B1002084ED238A84F87700C4F8940018
S315020D91D800E0032084F89000BDEC028B10BD00BFA1
S315020D91E80000C84200000000B0B540F2EC55012857
S315020D91F8C2F2182501D9012009E00446FFF758FDE8
S315020D9208002085F8744085F87500C5F8980085F82C
S315020D92189000B0BD10B5FFF74BFD40F2EC54C2F20B
S315020D92281824E16919B120699FED050A88470020BE
S315020D9238C4F88C0084F87700052084F8750010BDF3
S315020D92480000000070B180B540F2EC51C2F218214F
S315020D92587431B1E80C50A0E80C5091E80C5080E836
S315020D92680C5080BD7047B0B582B040F29064C2F220
S315020D92781824206870B940F2946240F2A86300255A
S315020D9288C2F21822C2F2182301201421009507F002
S315020D929884FD206040F2F065C2F21825296809B1ED
S315020D92A8012115E040F2F46240F208734FF0000C0A
S315020D92B8C2F21822C2F2182301201421CDF800C0D9
S315020D92C807F06BFD014628602068002918BF0121A9
S315020D92D8002818BF0120084002B0B0BDC0B1014632
S315020D92E8007840F2906340F2F062C2F21823C2F29D
S315020D92F81822022808BF1346186848B180B50022FD
S315020D9308022307F0B7FD0138B0FA80F0400980BD97
S315020D931800207047014600284FF0000010D040F299
S315020D93289062C2F21822126852B180B51046002216
S315020D933807F072FF0138B0FA80F04009BDE88040A7
S315020D93487047014600284FF0000010D040F2F06237
S315020D9358C2F21822126852B180B51046002207F0E1
S315020D93685BFF0138B0FA80F04009BDE880407047CE
S315020D937810B540F25074C2F218242046A82109F0FD
S315020D9388F6FC03202061606145F2E07040F2F87147
S315020D9398C0F20E20C2F21821A061E1614FF40061FC
S315020D93A821620021A1626162E162206640F6F870CF
S315020D93B8C2F2182060661020A0662167E166616711
S315020D93C844F220410F20C0F20E21BFF35F8F00BF7A
S315020D93D80A5C0138431C04F8012BF9D1BFF35F8FE0
S315020D93E810BDD4D42DE9F04381B0C76814460D4695
S315020D93F880464FF0000900BFD8F81010D8F80800BB
S315020D9408FA43B9421144A0EB070698BF0144B1428B
S315020D941838BF0E46D8F80400A64228BF2646384459
S315020D94282946324609F0A7FCD8F80800F119A41BFB
S315020D94380F1AB144354418BF0F46002CBFF35F8F80
S315020D9448C8F80C70D8D1484601B0BDE8F0832DE9AD
S315020D9458F04381B0144640F2507200EB4000C2F25E
S315020D9468182202EBC002D06A8946022802F11805B3
S315020D947811D0012807D000283ED1EE682869B042DE
S315020D948834D9F14335E0EE682969B1420BD9F24375
S315020D9498A86811440BE028464946224601B0BDE8A4
S315020D94A8F043FFF79FBFA868F24311440144A14256
S315020D94B838BF0C46871B6868BC42304407D24946FA
S315020D94C8224609F058FCBFF35F8F26440CE0494645
S315020D94D83A4609F050FCE61B686809EB0701324665
S315020D94E809F049FCBFF35F8FEE6026E0A968F243E7
S315020D94F810440844A04201D200241EE0D5E9010118
S315020D95088F1BBC42304408D24946224609F033FC29
S315020D9518BFF35F8F06EB04080DE049463A4609F09C
S315020D95282AFCA4EB0708686809EB0701424609F00D
S315020D953822FCBFF35F8FC5F80C80204601B0BDE84B
S315020D9548F083F0B581B0144640F25072C2F2182279
S315020D955812780D46532A064618BFFFF709FFEFF391
S315020D956811874FF0200181F311883046294622468C
S315020D9578FFF76DFF87F3118801B0F0BD2DE9F04FA6
S315020D95889BB0934606AA16924022179200220027EE
S315020D95988A4605901A90CDE9182200BF1AF8012BB2
S315020D95A8252A07D0002A00F05D8116A8114600F07B
S315020D95B868F93CE1881C4FF0000800BF9AF80010C4
S315020D95C82C2905DC232909D02B2911D1042108E0E0
S315020D95D82D2905D030290BD1022102E0082100E000
S315020D95E8012148EA01080AF1010A0130E6E700BF3E
S315020D95F8A1F13A02002612F10A0F0ED306EB8602E4
S315020D960801EB420210F8011BA2F13006A1F13A0351
S315020D961813F10B0FF2D8A0F1010A2E290ED15146DC
S315020D962811F8010F2A280CD1DBF800000AF1020AFB
S315020D9638011DCBF8001004681FE000BF00200024AE
S315020D96481CE0A0F13A0212F10A0F03D200200024FF
S315020D96588A4613E00AF10201002400BF04EB8402D4
S315020D966800EB420211F8010BA2F13004A0F13A0304
S315020D967813F10B0FF2D8A1F1010A01201AF8011BF9
S315020D968801F0FB02682AF9D063290FDC25292FD0B0
S315020D9698582924D0632940F0CA80DBF80000011D41
S315020D96A8CBF80010017816A881E700BFA1F1700268
S315020D96B8082A20D8DFE802F005BBBB53BB4CBBBB5F
S315020D96C81300DBF800001022011DCBF8001001680B
S315020D96D816A8082300270826CDE90067A5E0DBF8BA
S315020D96E800001022011DCBF80010016816A899E09A
S315020D96F816A825215BE7642940F09980DBF800005E
S315020D9708011DCBF800100568C5F1000C002D284681
S315020D971800D560464CF6CD430A28CCF6CC434FF01D
S315020D9728010907DBA0FB031263284FEAD20009F1F0
S315020D97380109F7D84C4588BFA146AEB30020002DC6
S315020D974848BF012008F0040140EA9100361A2CE0C0
S315020D9758DBF80000011DCBF80010016860E0DBF8AC
S315020D976800100A1DCBF800200E6844F69D523146AC
S315020D9778002E18BF012100EA0105C0F20E2208BF0C
S315020D9788164600BF3178002951D0B4FA84F0400943
S315020D979828404CD116A8013600F073F8199F013CE2
S315020D97A8B7F1FF3FEEDC68E000265FEA88710BD55C
S315020D97B854B9002F3BD4002D24D45FEA4870049582
S315020D97C82BD503912B2121E05FEAC870F1D1002E2A
S315020D97D8EFD0B145EDD2CDE902C10495751E00BF94
S315020D97E816A8202100F04DF8199F002F45D4681EA2
S315020D97F8A84202D2A9450546F2D3049DDDE902C166
S315020D9808461CD6E703912D21CDF810C016A800F0F7
S315020D981838F8199F0399002F2FD400290ED40499CD
S315020D982816A80A222346CDE9006800F04BF8199FBF
S315020D98385146B7F1FF3F3FF7B1AE1EE008F0010002
S315020D98482043ECD1002EEAD0751EB54238BFB1457C
S315020D9858E5D216A8302100F014F8199F2E46002FCE
S315020D9868F2D50AE047B1189C24B1059806A92246F5
S315020D9878FFF767FE274400E0002738461BB0BDE810
S315020D9888F08F10B50446D0E90120431C934207D840
S315020D989822681154E06862680130E0601846A360D8
S315020D98A8904218BF10BD21682069FFF74AFEA168CC
S315020D98B8884202D10020A06010BD4FF0FF30E06053
S315020D98C810BDD4D42DE9F04F81B0DDF828A01F467E
S315020D98D815468B46914281464FF0010405D35846EB
S315020D98E8B0FBF5F00134A842FAD20B99A74288BF0C
S315020D98F83C46BAF1000F1DD011F001001AD14FF0F6
S315020D99082008880748BF4FF030082020002F18BFBF
S315020D9918804600BFBAF1000F0CD054450AD248460C
S315020D99284146AAF1010AFFF7ACFFD9F80C00B0F1CE
S315020D9938FF3FEFDCD9F80C0000283AD4012600BF08
S315020D9948022F01D3013F03E0BBFBF6F0A84202D377
S315020D995806FB05F6F4E746F2CA28C0F20E2800BF42
S315020D9968BBFBF6F7484618F80710FFF78AFFD9F832
S315020D99780C00002806D4B6FBF5F007FB16BBB5425C
S315020D99880646EDD90B98C00718BFBAF1000F0AD1D2
S315020D99980FE048462021FFF774FFD9F80C00AA46B6
S315020D99A8B0F1FF3F05DDAAF10105554538BF54450E
S315020D99B8EFD301B0BDE8F08F0021A0F80012A0F890
S315020D99C8021270470021A0F80012A0F80212704781
S315020D99D880B5B0F80022531C9AB2B2F5007218BFC0
S315020D99E81A46B0F802C21FFA82FEE64504D0B0F84E
S315020D99F80032C154A0F80022BEEB0C0018BF01209C
S315020D9A0880BD29B1B0F80022B0F802329A4201D1CE
S315020D9A1800207047B0F80222825C0A70B0F8021272
S315020D9A2801318AB2B2F5007218BF0A46A0F80222AF
S315020D9A380120704708294FF0000124D118B312B33B
S315020D9A480BB310B50168D0F804E01FFA81FC40F299
S315020D9A58A514A445C2F804E0116011D14FEA1E6C93
S315020D9A6800220021845C0132072A81EA0401F9D118
S315020D9A78614505D16EF3070E0121A3F800E000E05A
S315020D9A880021BDE8104008467047D4D4D1B1B0B50F
S315020D9A9848F2203E4FF0000C4FF0FF33CEF6B85E7B
S315020D9AA810F80C20534008221C468EEA5303E5078C
S315020D9AB808BF6308013AF7D10CF1010C8C45EFD1B9
S315020D9AC8D843B0BD002070471B3044F625128108D5
S315020D9AD8C2F29242A1FB0212B0F5E01F28BF002284
S315020D9AE890B2704770B50C4605468689881D1A21AF
S315020D9AF809F03DF940F249102080300AE07040F62F
S315020D9B080170A670A080E88944F62512E080288A9D
S315020D9B18C2F2924220816868C4F80A00A868C4F89D
S315020D9B280E0068681B308108A1FB0212B0F5E01F12
S315020D9B384FF0000028BF0246110AE1740221A274F1
S315020D9B482175E989A4F81510298A6076E175090A3D
S315020D9B5821760021225C01301F2881EA0201F9D102
S315020D9B68E17770BD2DE9F04381B080464068C1EBBF
S315020D9B78C109A0EB89071C20161D0D461C2F28BFEF
S315020D9B88074630461C21144609F0F1F840F24920E1
S315020D9B982080280AA570E070D8F800003A4600EB36
S315020D9BA88901304601B0BDE8F04309F0E4B8D4D4D2
S315020D9BB870B50C4605468689081D1C2109F0D7F88D
S315020D9BC840F249302080300AA670E070686844F683
S315020D9BD825121B308108C2F29242A1FB0212B0F580
S315020D9BE8E01F4FF0000028BF0246A2806968C4F83C
S315020D9BF80610A968C4F80A10002100BF225C0130BC
S315020D9C081F2881EA0201F9D1E17770BDF0B581B05D
S315020D9C18054601284FF0010044D80C46002941D0CB
S315020D9C2840F25400C2F21820582115FB010696F887
S315020D9C385500D0B149F68550C0F20D2049F6696135
S315020D9C48C0F20D2149F68F6249F6CD6349F6615781
S315020D9C58C4E9006004F10800C0F20D22C0F20D231A
S315020D9C68C0F20D278EC000201CE006F10C03032757
S315020D9C78012000210022009707F08FF8B06080B10D
S315020D9C88B18841F68000C2F21820002204F0D8FFEE
S315020D9C9850B1024646F2AA10C0F20E20294600F02D
S315020D9CA849F8022001B0F0BD316807C9126890471C
S315020D9CB810B102460E2807D15DB10120642186F83E
S315020D9CC8550000F049F8B5E745F2B040C0F20E204E
S315020D9CD8E4E741F208030327C2F218230120002103
S315020D9CE80022009707F059F841F25001C2F21821E5
S315020D9CF800280860D5D046F24830C0F20E20876893
S315020D9D08D0E900513A682846904710B102460E2806
S315020D9D180AD17968284688470028CED0024644F6E5
S315020D9D282040C0F20E2003E045F28E60C0F20E20EE
S315020D9D380021B4E783B080B581B0844603A80EC06E
S315020D9D4803A800906A4600206146FFF717FC01B08A
S315020D9D58BDE8804003B0704710B50C4608F07FFB8E
S315020D9D68022804D12046BDE8104007F0FBBE204666
S315020D9D784FF47A71BDE8104006F07FBC2DE9F0412B
S315020D9D8882B0044600284FF0010053D00F46002931
S315020D9D9850D01646002A4DD01D46002B4AD0A06833
S315020D9DA800214FF0000807F011FB84F85480206853
S315020D9DB84FF0070E81680068D1F80CC03946324655
S315020D9DC82B46CDF800E0E047A0B1024640F254001A
S315020D9DD8C2F21820201A48F6A331C010CBF62E214E
S315020D9DE800FB01F145F2C550C0F20E20FFF7A2FFA6
S315020D9DF802201FE0A0680A2107F0E8FA012805D11A
S315020D9E0894F85400012818D1002013E040F25400AA
S315020D9E18C2F21820201A48F6A331C010CBF62E210D
S315020D9E2800FB01F145F62860C0F20E200A22FFF763
S315020D9E3881FF032002B0BDE8F08140F25400C2F260
S315020D9E481820201A48F6A331C010CBF62E2194F805
S315020D9E58542000FB01F145F2A030C0F20E20C5E7F1
S315020D9E6870B180B50A46818841F68000C2F2182083
S315020D9E7804F0E6FE002818BF0220BDE8804000E087
S315020D9E880120C0B2704710B582B00C4601460120BA
S315020D9E988DF8070099B194B1C98841F68000C2F2CE
S315020D9EA818200DF1070204F0BAFE9DF807100028D6
S315020D9EB8B1FA81F14FEA5111217018BF0220C0B2D1
S315020D9EC802B010BD0846012106F0D7BBB0B582B067
S315020D9ED8044640F25400C2F21820C18841F68000A9
S315020D9EE80125C2F218200DF107028DF8075004F06C
S315020D9EF896FE10B99DF8070070B141F25000C2F2F4
S315020D9F081820006838B1214607F060FA0138B0FA10
S315020D9F1880F0450900E00025284602B0B0BD01468D
S315020D9F2840F25400C2F2182000F000B8E8B1E1B1CF
S315020D9F388268D2B180B582B0097980F854100020B2
S315020D9F48019001A9104607F0E4F8019850B14EF6B2
S315020D9F580450CEF200004FF080510160BFF34F8FCF
S315020D9F68BFF36F8F02B0BDE880407047014640F2DD
S315020D9F785400C2F218205830FFF7D8BF41F25000EC
S315020D9F88C2F218200068B0B180B582B000210191E5
S315020D9F9801A907F0BEF8019850B14EF60450CEF25B
S315020D9FA800004FF080510160BFF34F8FBFF36F8FE3
S315020D9FB802B0BDE880407047E0B14EF2E771CFF6C8
S315020D9FC8FF7101814FF0E7314160016040F20521D1
S315020D9FD8C0F22051C0F80A1040F20F11C0F2032147
S315020D9FE8C0F80E1040F20111C0F20101C0F81210AC
S315020D9FF8002181757047B0B582B01446024600201D
S315020DA008ADF804001F294FF001001DD8E4B11D4615
S315020DA018D3B1FF208DF806108DF807009AB1D2F844
S315020DA02804C0BCF1000F0ED010680DF1060101AA8D
S315020DA0380223E04740B99DF804009DF805102870E3
S315020DA0480020217000E0012002B0B0BD10B582B02B
S315020DA0581C4603460020ADF804001F294FF00100E7
S315020DA06819D8C4B141F020008DF806008DF80720E5
S315020DA07883B1D3F804C0BCF1000F0BD018680DF1EB
S315020DA088060101AA0223E04728B99DF804002070AB
S315020DA098002000E0012002B010BDF0B583B00546E0
S315020DA0A80020ADF8040000901F294FF0010022D8B8
S315020DA0B81C46063B13F1050F1DD3E2B1089FD7B116
S315020DA0C841F020008DF806000DF10600013011460B
S315020DA0D8224608F050FE6DB16E685EB12868631CA3
S315020DA0E80DF106016A46B04728B99DF80000387089
S315020DA0F8002000E0012003B0F0BDB0B582B01546D0
S315020DA108024600208DF806004FF001008DF8071063
S315020DA11872B16DB154685CB110680DF107010DF19C
S315020DA12806020123A04718B99DF8060028700020DB
S315020DA13802B0B0BD94460A4600294FF001010AD075
S315020DA14812F08F0307D180B507216346FFF77EFF0D
S315020DA1580146BDE88040084670470A46E221FFF7E8
S315020DA168CCBFF0B581B005464FF66070ADF802006A
S315020DA1780020ADF800004FF00100E5B10E46D1B151
S315020DA1881746C2B16C68B4B128680DF102016A4668
S315020DA1980223A04778B99DF801109DF800002129E0
S315020DA1A83870317006D32846E2213A46FFF7A5FFE5
S315020DA1B8062000E0002001B0F0BD2DE9F04192B075
S315020DA1C80D46074601A821219846144608F0CFFDEB
S315020DA1D8A4F1210010F1200F4FF0010024D31DB375
S315020DA1E8B8F1000F20D061208DF827000DF1270058
S315020DA1F801302146FF2208F0B5FDA7B17E6896B15A
S315020DA208386801AF631C0DF127013A46B04758B9B4
S315020DA2189DF80400791C88F800002846224608F0A5
S315020DA228AAFD002000E0012012B0BDE8F0812DE95B
S315020DA238F04192B00E46054601A821211F46144645
S315020DA24808F095FDA4F1210010F1200F4FF0010041
S315020DA25825D326B3DDF86080B8F1000F1FD06FF055
S315020DA2685F00002F18BF6FF04F008DF827000DF114
S315020DA278270001303146224608F07DFD75B16F681B
S315020DA28867B12868631C0DF1270101AAB84730B9D1
S315020DA2989DF8040088F80000002000E0012012B0A5
S315020DA2A8BDE8F081022984BF0120704770B582B0DE
S315020DA2B814460E460DF10702062123460546FFF7FB
S315020DA2C89AFE88B99DF80700022E20F0280003D0C1
S315020DA2D826B940F0200001E040F00800C2B2284637
S315020DA2E806212346FFF7B2FE02B070BD032984BFCD
S315020DA2F80120704770B582B014460E460DF107025D
S315020DA308062123460546FFF776FE60B99DF8070036
S315020DA31806F07F0100F0F90040EA410228460621BF
S315020DA3282346FFF793FE02B070BD20B3B0B582B0D7
S315020DA33805464068E0B1AA68D2B12869C0B1686914
S315020DA348B0B128680C460021904790B90DF1070265
S315020DA358284600212346FFF74EFE50B99DF8070001
S315020DA368002100F0FD0228462346FFF76FFE00E0A6
S315020DA378012002B0B0BD01207047F0B581B0044688
S315020DA38800284FF001003CD00D46012939D86068E6
S315020DA398B0B31646A2689AB3206988B3606978B3D2
S315020DA3A820680021904760BB0DF10302204600216B
S315020DA3B83346FFF720FE20BB9DF80370022007F0F7
S315020DA3C8FC01012D08BF03200A18BA4205D0204602
S315020DA3D800213346FFF73AFE98B9B80703D4206829
S315020DA3E8626902219047012D08D12068A2680121D0
S315020DA3F8904730B92068226996219047002000E0DF
S315020DA408012001B0F0BD2DE9F04182B005460029C3
S315020DA4184FF001004FD01446002A4CD0887A0E46CA
S315020DA428063810F1030F45D3F07A7D2842D8307BD2
S315020DA438213810F1200F3DD3707B0F283AD8B07B07
S315020DA4480F2837D8F07B022834D8307C032831D828
S315020DA458707C02282ED84FF0010065B3B17C012914
S315020DA46829D8686830B3AA6822B3286910B368690F
S315020DA47800B3286800219047E8B928462146FFF718
S315020DA48854FFC0B92846E1212246FFF736FE90B998
S315020DA4982846E2212246FFF730FE60B928460721F3
S315020DA4A870222346FFF7D2FD28B9B07A811FC9B2A9
S315020DA4B8FD2903D2012002B0BDE8F0810238C2B2ED
S315020DA4C8284603212346FFF7C1FD0028F3D1F27A68
S315020DA4D87D2AEFD8284605212346FFF7B7FD002822
S315020DA4E8E9D1F17B28462246FFF7DCFE0028E2D1A8
S315020DA4F8317C28462246FFF7F9FE0028DBD1B37ACE
S315020DA508981FC0B2FD28D5D328461021324600948D
S315020DA518FFF7C3FD0028CED1B37A981FC0B2FD2826
S315020DA528C8D3721D28460A210094FFF7B6FD0028E6
S315020DA538C1D1F27C284601212346FFF787FD002863
S315020DA548B9D12846022101222346FFF77FFD0028AD
S315020DA558B1D1707BB17B00F00F0041EA001228469B
S315020DA56804212346FFF772FD0028A4D1377D96F8FC
S315020DA5781580B07DB900B8F1000F18BF0621014349
S315020DA5882846224600F0AEF8002894D1B8F1000FFD
S315020DA59818BF0127D5F804C00020ADF804003C20E9
S315020DA5A8BCF1000F8DF806008DF807703FF482AFE7
S315020DA5B828680DF1060101AA0223E04700287FF457
S315020DA5C87AAF9DF804002070317D002000294FF0E6
S315020DA5D8000104D1717D00290CBF317B00216F6802
S315020DA5E8ADF804003120002F8DF806008DF80710FE
S315020DA5F83FF460AF28680DF1060101AA0223B84798
S315020DA60800287FF458AF9DF804002070707CF17C09
S315020DA6180246002818BF0822022808BF0C226F68B6
S315020DA62842EAC1000021ADF804102021002F8DF851
S315020DA63806108DF807003FF43DAF28680DF10601A7
S315020DA64801AA0223B84700287FF435AF9DF8040006
S315020DA65820706F68E1208DF806000020002F8DF816
S315020DA66804003FF427AF28680DF1060101AA01235C
S315020DA678B84700287FF41FAF9DF8040020706F6855
S315020DA688E2208DF806000020002F8DF804003FF415
S315020DA69811AF28680DF1060101AA0123B847002852
S315020DA6A87FF409AF9DF8040020706F680020ADF89D
S315020DA6B8040047F22700002FADF806003FF4FAAE64
S315020DA6C828680DF1060101AA0223B84700287FF46E
S315020DA6D8F2AE9DF8040022462070B17C2846FFF79B
S315020DA6E84CFEE8E670B582B0064647F2503015467E
S315020DA6F80C46ADF804000020ADF8020030461D21C7
S315020DA70822462B46FFF7A2FCA0BB0DF107023046E7
S315020DA7181D212B46FFF76FFC60BB9DF8070000F065
S315020DA7280700844201D1002024E016B3D6F804C0EE
S315020DA738BCF1000F1DD0306801A90DF102020223EA
S315020DA748E047B8B930461D2122462B46FFF77EFC57
S315020DA75880B90DF1070230461D212B46FFF74BFC3A
S315020DA76840B99DF8070000F00700201A18BF072008
S315020DA77800E00120C0B202B070BD2DE9F04383B0EE
S315020DA788002955D000270C460F700DF103020DF165
S315020DA798010305210546FFF72EFC08B1064648E0DA
S315020DA7A89DF8039040F2092109F1250000FB01F1FC
S315020DA7B80A0C9201A2EB1141A0EB41082520ADF836
S315020DA7C804708DF806008DF807808DB36F687FB318
S315020DA7D828680DF1060101AA0223B847064640BBB1
S315020DA7E80DF102020DF1010328460521FFF703FCBF
S315020DA7F8B9F17D0F06460FD86F680020ADF808002F
S315020DA80825208DF80A008DF80B902FB128680DF1C9
S315020DA8180A0102AA0223B8475EB99DF802001FFA79
S315020DA82888F1081AB0FA80F040090026207000E077
S315020DA8380126304603B0BDE8F0832DE9F04F83B00B
S315020DA848044600284FF0010000F0D580DDF830A04F
S315020DA858BAF1000F00F0CF800F46A2F1210116467C
S315020DA86811F1200FC0F0C780002F00F0C480DDF86B
S315020DA8783490B9F1000F00F0BE806068002800F030
S315020DA888B980A068002800F0B5802069002800F07C
S315020DA898B1806069002800F0AD800DF107084FF010
S315020DA8A8000B2046002142461D4689F804B0C9F818
S315020DA8B800B0FFF762FD002840F09D80D4F804C071
S315020DA8C8E120BCF1000F8DF80A008DF808B000F0F2
S315020DA8D8918020680DF10A0102AA0123E04700289A
S315020DA8E840F08980D4F804C00020ADF8080047F27C
S315020DA8F82700BCF1000FADF80A007BD020680DF1D8
S315020DA9080A0102AA0223E047002874D19DF808001D
S315020DA91839468DF80700204632462B46CDF800807B
S315020DA928FFF785FC002866D12068A26801219047A9
S315020DA938002860D1206822691E2190472068A268E6
S315020DA948002100259047002855D14FF0FF080DF13B
S315020DA9580A0B02AEE2688DF806502AB120680DF18F
S315020DA96806019047002846D167688DF80A80002FA0
S315020DA9788DF808503ED02068594632460123B8470D
S315020DA988C8BB9DF80870F80638D4B80648D42068AE
S315020DA998626901219047BAF1010ADBD16768FF2086
S315020DA9A88DF80A0000208DF8080057B120680DF1C0
S315020DA9B80A0102AA0123B84718B99DF8080089F8B1
S315020DA9C800000DF1070509F10102204608212B4663
S315020DA9D8FFF711FB09F10202204600212B46FFF76C
S315020DA9E80AFB09F10302204617212B46FFF703FB43
S315020DA9F8032000E0012003B0BDE8F08F656800264C
S315020DAA084FF60870ADF80860ADF80A0035B1206842
S315020DAA180DF10A0102AA0223A84798B1002513E0EF
S315020DAA28666800254FF60870ADF80850ADF80A00AD
S315020DAA3836B120680DF10A0102AA0223B04728B3DE
S315020DAA48002027E09DF80950ADF80860666841F2C6
S315020DAA582700ADF80A009EB120680DF10A0102AA77
S315020DAA680223B0476668E1208DF80A0000208DF8AA
S315020DAA7808002EB120680DF10A0102AA0123B0477A
S315020DAA8889F8007089F801500420B4E79DF808701A
S315020DAA989DF8090089F80100C7F3801089F800703E
S315020DAAA889F80400676842F22700ADF80850ADF838
S315020DAAB80A002FB120680DF10A0102AA0223B8472E
S315020DAAC8002098E7F0B581B007464FF0010001B3B3
S315020DAAD81446F2B11D46E3B10E463846FF212A4603
S315020DAAE8FFF70BFBA8B90DF10302384617212B46C2
S315020DAAF8FFF781FA68B99DF80300012121EA0000E2
S315020DAB0830702878C0F34200052888BFFF202070D0
S315020DAB18002001B0F0BD10B588B041F254010020F5
S315020DAB28C2F218218DF807008DF80600FFF76EF8A8
S315020DAB3800284ED141F25400C2F218200DF1060139
S315020DAB48FFF71BFE002844D19DF80600D0B302ACD0
S315020DAB582046FFF731FA40F64C00ADF813000120F6
S315020DAB688DF81A0002218DF81E0044F643508DF811
S315020DAB78171040F20111C5F24420ADF81B100290D0
S315020DAB885821CDF80D0041F26C008DF80C108DF898
S315020DAB981110C2F218200021017041F26D00C2F2A5
S315020DABA81820017040F20410C2F2182032210170E9
S315020DABB841F25400C2F218200DF107022146FFF7A1
S315020DABC822FC06E045F6DA20C0F20E2000F003F864
S315020DABD8022008B010BD83B080B581B0844603A8A3
S315020DABE80EC003A800906A4600206146FEF7C6FC11
S315020DABF801B0BDE8804003B07047D4D401460028A1
S315020DAC084FF0010008BF70472DE9F04F93B00EA81B
S315020DAC1841F2540741F26C054FF000090F30C2F2AA
S315020DAC2818270DF137040DF13506C2F218254FF026
S315020DAC38030A0091C1F80090019000BF38462146DB
S315020DAC480DF1360233468DF837908DF836908DF81C
S315020DAC583590FFF737FF002840F0FE809DF8370044
S315020DAC68002800F0E48038460DA932468DF8349056
S315020DAC78FFF777FA002840F0EF809DF834B0ABF174
S315020DAC88210010F1210F40F2DE80A84605AD2846B7
S315020DAC98202108F06CF8384629465A463346FFF7FE
S315020DACA88CFA002840F0D8809DF83410284603AA5D
S315020DACB80DF10A03ADF80A90FEF7BCFE00284546CB
S315020DACC800F0B18029789DF8120069B141F26E0142
S315020DACD8C2F218210978884200F0A580411A49B2B4
S315020DACE8002903D59FE000BF0121297041F26E01AB
S315020DACF8C2F21821A3460870BDF80A4001218DF843
S315020DAD083810ADF83A900F9007F078F9109040F296
S315020DAD180410C2F21820007801998DF846009DF8A4
S315020DAD280E00ADF8449001380528C1F8009081F857
S315020DAD38049000F27280DFE800F0031D152A7038C0
S315020DAD489DF80F008DF83990002863D04FF0FF302B
S315020DAD5850FA84F003285DD8DFE800F002585456FD
S315020DAD68012054E0042C3ED846F2DA20C0F20E2019
S315020DAD78005D39E0002C42D041F26D00C2F2182076
S315020DAD880078C0073BD003208DF8390042E041F226
S315020DAD986D00C2F21820002C18BF0124047004207D
S315020DADA88DF839008DF8454034E044F2314144F6C8
S315020DADB84840C0F20E21C0F20E20002C18BF012405
S315020DADC89DF8122018BF014645F60450C0F20E2012
S315020DADD8FFF701FF01208DF8390050208DF8484004
S315020DADE88DF8470016E0642040F20411C2F21821CC
S315020DADF8087002218DF839108DF846000AE08DF893
S315020DAE08399007E0032002E0042000E002208DF8C5
S315020DAE18440000BF0EA8FEF761FA00995C46086861
S315020DAE28454601300860BAF1010A7FF407AF0020E2
S315020DAE388DF8140041F25400C2F2182005AA4021D9
S315020DAE48FFF778F908E041F25400C2F218200DF125
S315020DAE583501FFF782F9062013B0BDE8F04F7047AA
S315020DAE6810B588B0002041F270018DF807008DF8F3
S315020DAE780600C2F218210120FEF7C8FEE8BB41F210
S315020DAE887000C2F218200DF10601FFF776FCA0BB81
S315020DAE989DF8060050B302AC2046FFF78DF842F234
S315020DAEA86400ADF8130000208DF81A0002208DF803
S315020DAEB817004FF48070ADF81B0001208DF81E00A7
S315020DAEC844F65610C4F2445002904F21CDF80D00A7
S315020DAED841F270008DF80C108DF81110C2F218207F
S315020DAEE80DF107022146FFF78EFA06E045F61F50C9
S315020DAEF8C0F20E2000F003F8022008B010BD83B090
S315020DAF0880B581B0844603A80EC003A800906A4690
S315020DAF1800206146FEF732FB01B0BDE8804003B062
S315020DAF287047D4D42DE9F0418EB078B3016869B370
S315020DAF38416859B3C189C82928D1018A702925D1F1
S315020DAF4890E8EC0009A9ECC10A9D2846FEF7BCFD5E
S315020DAF58E0B104460B9820B909982946FEF796FDE5
S315020DAF680B9001AD09A82946FEF7BCFD284603211B
S315020DAF7800F042F878B10546BDF8301045F21610C4
S315020DAF88C0F20E202A46FFF7BAFF00E00125284631
S315020DAF980EB0BDE8F08100260DF1240801AF00BF01
S315020DAFA8404631463A46FEF7DDFD3846022100F0A7
S315020DAFB823F898B9F043800702D1012006F0D2FD95
S315020DAFC80136B442ECD101AC09A82146FEF7F0FDD3
S315020DAFD82046032100F010F80546D8E70546BDF8C8
S315020DAFE8301044F68370C0F20E2032462346009581
S315020DAFF8FFF785FFCBE7D4D42DE9F04184B041F2B2
S315020DB008700504464E1E0DF10B083227C2F218259D
S315020DB0182846214620220123CDE90078FFF70DFCAB
S315020DB02818B9002EA6F10106F2D104B0BDE8F081D9
S315020DB03870B538B30446006820B3606810B3FEF7DE
S315020DB04843FDF8B102F005FC41F2880CC2F2182C48
S315020DB0589CF800E0BEF1000F0FD141F28C0294E884
S315020DB0686B00C2F218226BC201208CF8000041F265
S315020DB078A000C2F21820002101708EF0010402F020
S315020DB08813FC00E00024204670BD70B518B30446C3
S315020DB09802F0DFFB41F28800C2F2182041F2A00C41
S315020DB0A80178C2F2182C9CF8002081F0010141EAC0
S315020DB0B8020E5FEACE7209D141F28C02C2F2182251
S315020DB0C892E86B006BC401208CF800008EF0010427
S315020DB0D802F0EAFB00E0002404F0010070BDB0B5F1
S315020DB0E80C46054602F0B5FB41F28800C2F218205D
S315020DB0F8017801291FD141F2A001C2F218210A785D
S315020DB108CAB141F28C02C2F218229289954212D123
S315020DB11841F2A202C2F21822158041F2A402C2F22B
S315020DB1281822147041F2A502C2F2182201231370D5
S315020DB138002202700A70BDE8B04002F0B5BB70B5C8
S315020DB1484FF00004D8B10D46C9B1064602F081FB8F
S315020DB15841F2A500C2F218200478012C0DD141F254
S315020DB168A201C2F2182141F2A4020988C2F21822DA
S315020DB1781278318000212A70017002F095FB204663
S315020DB18870BD41F2A800C2F21820007808B100205D
S315020DB198704710B541F2A804C2F2182420461821A8
S315020DB1A807F0E5FD46F26431C0F20E2107C91268B1
S315020DB1B8904700B110BD01202070002010BD01215D
S315020DB1C8C5F2446188420CD00221C4F65021884248
S315020DB1D818BF704741F2A800C2F21820012141702A
S315020DB1E805E041F2A800C2F2182001210174BFF34D
S315020DB1F85F8F704788B12DE9F04F81B01C21044647
S315020DB20807F0B5FD41F2A807C2F2182738780128CA
S315020DB21805D1787C28B10220B1E0032070470120C0
S315020DB228ADE041F200000021C6F6FF70BFF35F8F55
S315020DB2383974016844F23042C5F24962914240F0CE
S315020DB2489D804168012940F099808168402940F026
S315020DB2589580C16847F2E072914240F08F800121D4
S315020DB26800224FF0020B002303EB430500EBC50545
S315020DB27855F8106F022E08D1BBF1020F03D06E6876
S315020DB288B61A012E01DB6A689B46C9074FF0010300
S315020DB2984FF00001E8D1BBF1020FBCD00122002309
S315020DB2A85B4508D003EB430300EBC30353F8106F5A
S315020DB2B8022E08BF1960D2074FF001034FF00002A4
S315020DB2C8EED10BEB4B0100EBC101D1F8189047F209
S315020DB2D8E17248F62303D1F820A00E6AA9EB020201
S315020DB2E8CFF6FF739A4201F1100543D31FFA8AF17D
S315020DB2F800293FD0B6F5803F3CD347F2E0710BFBF0
S315020DB308010000F1400803202860BFF35F8FBFF3E9
S315020DB3185F8F98F80000FF282CD198F80100D828DD
S315020DB32828D108EB090010F8021CFF2922D110F8C2
S315020DB338010CD9281ED1E86849460090404600F00E
S315020DB34877F90099814215D101202070C4F804803D
S315020DB3586968320CC4E90219E968A4F814A02161D6
S315020DB368E28284F818B0787487F812B06868786142
S315020DB378002004E000202860BFF35F8F032001B090
S315020DB388BDE8F08F41F2A802C2F21822537C01469B
S315020DB398012B4FF003001ED15369994218BF70470E
S315020DB3A8BFF35F8F907C012816D841F2100C00EB83
S315020DB3B84000C6F6FF7C5CF83030032B0CD10CEB43
S315020DB3C8C0035868814207D100201860BFF35F8F0A
S315020DB3D8A2F811005061704703207047E0B12DE9BC
S315020DB3E8F0412021044607F0C2FC41F2A807C2F239
S315020DB3F818273878012811D1B878012811D146F2C3
S315020DB4086430C0F20E20816800684A6879689047F0
S315020DB41820B30420BDE8F081032070470120BDE862
S315020DB428F0810026C6F6FE7602F013FA7D78002024
S315020DB438787002F039FABFF35F8F15B9F0680228F2
S315020DB44809D17069A060F069E060306A2061F06A1E
S315020DB458397AA08339B10220BDE8F0810020B8708F
S315020DB4687860BDE8F081316844F247520425C4F686
S315020DB4785022C4F65025012091424FF001011ED1EA
S315020DB4887168012918D1B168402917D1B1694029C6
S315020DB49814D1F16802292CD13169AA1E914209D11A
S315020DB4A8F169042906D3F16940F6C072C0F20102A8
S315020DB4B8914220D9052102E0022100E003212070E4
S315020DB4C8A161B16235610520BFF35F8FF06046F267
S315020DB4D86430C0F20E208168BFF35F8F00684A6838
S315020DB4E82946904710B10120B8707D600320BDE84A
S315020DB4F8F0810421E3E7F16AB1F57A7F4FF0030192
S315020DB508DDD8F160BFF35F8FF169BFF35F8F96F8F0
S315020DB5184000FF2824D196F84100D82820D170186A
S315020DB52890F83E20FF2A3AD1403010F8010CD9285E
S315020DB53835D106F14008404600F07AF82169606176
S315020DB54888422ED14FF4807121800121A170C4F851
S315020DB55804803972A1680020A061F960BDE8F08106
S315020DB56806204FF00108A4F80080A061B06235618B
S315020DB5780520BFF35F8FF06046F26430C0F20E20ED
S315020DB5888168BFF35F8F00684A682946904718B1EC
S315020DB59887F802807D603CE70020BDE8F081072030
S315020DB5A8DFE70820DDE7B0B541F2A805C2F2182596
S315020DB5B82B78012B1CBF0120B0BD0346287A012822
S315020DB5C84FF0030032D1EC68A34218BFB0BD032079
S315020DB5D8C4F65020441C0C20002A08BF0E22C6F6BB
S315020DB5E8FE7000291EBF0324C4F650240022C26130
S315020DB5F844604FF00501BFF35F8F18BF0421016048
S315020DB60846F26430C0F20E208168BFF35F8F006880
S315020DB6184A68214690474FF0000120B10120A870D3
S315020DB62804206C6000E000202972E960B0BDD4D414
S315020DB6384FF00002E8B1E1B1B0B548F2203E4FF045
S315020DB648FF324FF0000CCEF6B85E00BF10F80C3084
S315020DB6585A40082314468EEA5202E50708BF6208C5
S315020DB668013BF7D10CF1010C8C45EFD1D243BDE864
S315020DB678B04010467047B0B582B041F2C0030324FC
S315020DB688C2F21823012000210022009405F085FB41
S315020DB69841F20815C2F2182541F20C132860C2F2BE
S315020DB6A81823012000210022009405F076FB2A6852
S315020DB6B841F25411C2F218214FF0090408609AB3E7
S315020DB6C890B341F25810C2F21820FEF775F941F2FD
S315020DB6D85C30C2F218200021017041F25D30C2F2CF
S315020DB6E81820017041F26030C2F21820016041F251
S315020DB6F86430C2F21820016046F2BC61C0F20E2116
S315020DB70807C91268904740B1044645F22320C0F294
S315020DB7180E20214600F00BF806E044F20C70C0F23A
S315020DB7280E2000F004F80024204602B0B0BD83B006
S315020DB73880B581B0844603A80EC003A800906A4658
S315020DB74800206146FDF71AFF01B0BDE8804003B03F
S315020DB75870472DE9F04F83B0074600284FF00100D8
S315020DB76800F0D4800C46002900F0D0801646022A35
S315020DB778C0F0CC803978002900F0C880002598469B
S315020DB788257000F0C7F841F25D30C2F21820057037
S315020DB79841F2603941F25C30C2F21829C2F2182020
S315020DB7A8C9F80050057041F26830C2F218200560DA
S315020DB7B841F26430C2F21820056045F2EC50C0F22F
S315020DB7C80E203946FFF7B3FF384607F0E5FA81B280
S315020DB7D8384600F0CFF8002840F09880404600F031
S315020DB7E8EBF8002840F09280B8F1000F52D046F2DD
S315020DB7F89C60C0F20E2090F905004EF20013CEF2AF
S315020DB808000300F01F0101224FEA501B03F18000CD
S315020DB81802FA01F71D460190701E00264FF0000A26
S315020DB8280090D9F80000002842D141F25D30C2F2EB
S315020DB8381820007801283ED001980DF10B0140F829
S315020DB8482B7041F25810BFF34F8FC2F21820BFF377
S315020DB8586F8FFEF7D6F845F82B70B0B100991FFA1F
S315020DB8688AF0814238D99DF80B100AF1010A215442
S315020DB8781FFA8AF000212154204600F0EFF8A0BBEA
S315020DB888204600F013F918B138E000F033F9013605
S315020DB8984645C6D341F26830C2F21820026844F60C
S315020DB8A8B670C0F20E202146FFF741FF14202DE097
S315020DB8B8D9F800002AE041F26430C2F21820016874
S315020DB8C841F26830C2F21820026845F24320C0F2EE
S315020DB8D80E20FFF72CFF06E044F61510C0F20E20D7
S315020DB8E82146FFF724FFCB2010E044F23170C0F257
S315020DB8F80E202146FFF71BFF002007E045F64F6095
S315020DB908C0F20E202146FFF712FF012003B0BDE853
S315020DB918F08FD4D470B546F29C60C0F20E2090F921
S315020DB92805004EF2001600F01F0101224509CEF25E
S315020DB938000602FA01F406EB8500C0F8804041F2D2
S315020DB9485810BFF34F8FC2F21820BFF36F8FFEF751
S315020DB95839F846F8254041F25414C2F2182400BFAC
S315020DB9682068002808BF70BD002105F02FFD0128AB
S315020DB978F6D070BDF1B170B5054641F25C3041F2B3
S315020DB98808160C46C2F218200021C2F218260170BA
S315020DB9983068002105F01AFD0128F9D046F2BC607F
S315020DB9A8C0F20E20816800688B6829462246BDE8DA
S315020DB9B87040184701207047014600284FF00300D2
S315020DB9C826D041F20812C2F21822126802B341F2C7
S315020DB9D85C30C2F21820007838B980B5104605F0E9
S315020DB9E8F5FC0128BDE8804007D141F26030C2F26C
S315020DB9F81820006838B90020704741F26030C2F24B
S315020DBA081820006828B141F26030C2F21820006889
S315020DBA1870471420704770B546F29C61C0F20E212C
S315020DBA2891F905204EF20016014602F01F00012378
S315020DBA385509CEF2000603FA00F406EB8500C0F8A6
S315020DBA48804041F25810BFF34F8FC2F21820BFF350
S315020DBA586F8FFDF7D6FF46F8254070BD70B544F6D3
S315020DBA6882350446C0F20E2542F20146014600BF52
S315020DBA780846294607F0A3F9A0B1A04206D010F848
S315020DBA88011C0A39B1FA81F1490900E0012100299F
S315020DBA9800F10101ECD082780D2AE9D826FA02F2D4
S315020DBAA8D207E5D0002818BF012070BD70B545F242
S315020DBAB83D11C0F20E21044607F081F9B0B145F2E7
S315020DBAC83D150646C0F20E25A64203D016F8010C00
S315020DBAD80A2804D130460A2107F066F940B9701CC6
S315020DBAE8294607F06CF906460028EDD1002070BDEF
S315020DBAF8012070BD41F25410C2F21820006810B12F
S315020DBB08012105F063BC012006F02CB870B5ADF520
S315020DBB18007D0C46064668464FF40071154607F039
S315020DBB2826F98CB1207878B1694630464FF4007201
S315020DBB382B46FFF70EFE40B96846214607F03FF938
S315020DBB48B0FA80F0400900E001200DF5007D70BDC8
S315020DBB5810B5ADF5007D044668464FF4007107F041
S315020DBB6806F9CCB146F2CE10C0F20E2069464FF454
S315020DBB78007241F28833FFF7ECFD70B944F2B161F8
S315020DBB88C0F20E21684607F01AF928B1007AA0F11B
S315020DBB983301C9B2FD2903D201200DF5007D10BD71
S315020DBBA8303820700020F8E7022884BF012070473C
S315020DBBB846F2E021C0F20E2151F8200044F68231F8
S315020DBBC8C0F20E2141F28832FFF7A0BF80B545F6C5
S315020DBBD8485044F68231C0F20E20C0F20E2141F2CF
S315020DBBE88832FFF793FF00B180BD40F6B83005F0F5
S315020DBBF8B9FF44F2E25044F68231C0F20E20C0F289
S315020DBC080E2141F28832BDE88040FFF77FBF2DE94C
S315020DBC18F04FADF5437D0F46064683A84FF4807166
S315020DBC28144607F0A4F80DF10C0A50464FF40071AC
S315020DBC3807F09DF8002E4FF0010042D0002F40D09C
S315020DBC48002C3ED0304607F0A7F80546384607F0D1
S315020DBC58A3F80146A5F1210010F1200F4FF00100BE
S315020DBC682FD3403911F1380F2BD330462C2107F03B
S315020DBC789BF828BB30460D2107F096F800BB3046D7
S315020DBC880A2107F091F8D8B938462C2107F08CF815
S315020DBC98B0B938460D2107F087F888B938460A2112
S315020DBCA807F082F860B946F2DC12C0F20E2283A8BA
S315020DBCB84FF480713346009707F0B4F8FF2804D97C
S315020DBCC801200DF5437DBDE8F08F0746FFF722FEED
S315020DBCD841F25D3B41F2603541F25C31C2F2182BFD
S315020DBCE80020C2F21825C2F218218BF8000028602E
S315020DBCF8087041F26831C2F21821086041F26431C6
S315020DBD08C2F21821086045F6E210C0F20E2031463D
S315020DBD18FFF70DFD83A83946FFF72CFE0028D0D173
S315020DBD284FF47A70FFF748FE0028CAD10DF10B06BB
S315020DBD384FF0000800272868002841D19BF800001B
S315020DBD48E0BB3046FFF767FE50B3B7F5FF7F35D830
S315020DBD589DF80B0007F101090AF80700002044F6C1
S315020DBD683C110AF809005046C0F20E2107F027F8D1
S315020DBD7818B10A2107F018F888BB44F685315046E2
S315020DBD88C0F20E2107F01BF820B10A21074607F06B
S315020DBD980BF860BB5046FFF789FE4F4690B903E094
S315020DBDA8FFF7A8FE08F10108A045C4D345F60130F0
S315020DBDB8C0F20E20FFF7BBFC142082E7CB2080E7EA
S315020DBDC828687EE745F23D11C0F20E2103A806F05A
S315020DBDD8F6FF014645F66400C0F20E200CE045F268
S315020DBDE8E970C0F20E20FFF7A2FC002069E745F6BE
S315020DBDF85E60C0F20E20394600F001F860E72DE9C3
S315020DBE08F041A0B06D460E4604462846802106F03E
S315020DBE18AEFF44B33EB330460A2106F0C5FF08B15C
S315020DBE28871B03E0304606F0B7FF07464FF00008BA
S315020DBE3837B1F01910F8010C0D2808BF013F00E0C3
S315020DBE4800277F2F28BF7F27284631463A4606F018
S315020DBE5892FF46F22E00C0F20E2021462A4605F81A
S315020DBE680780FFF764FC20B0BDE8F08110B5A0B0DD
S315020DBE7804466846802106F07AFF04B30020207036
S315020DBE8845F60400C0F20E206946802241F2883337
S315020DBE98FFF75FFCA0B945F2F621C0F20E216846FE
S315020DBEA806F08DFF58B1C07900F0FE01302906D192
S315020DBEB83138B0FA80F040092070002000E00120E8
S315020DBEC820B010BDF0B581B0074600208DF80300ED
S315020DBED80DF1030015460E46FFF7C8FF044660BB73
S315020DBEE89DF8030008B1002427E0384631462A4654
S315020DBEF8FFF78DFE40B1044644F23540C0F20E20DE
S315020DBF082146FFF714FC18E005250DF1030400BFC1
S315020DBF182046FFF7ABFF18B99DF80300C0070FD1EE
S315020DBF284FF4FA7005F01EFE013DF1D144F6A45008
S315020DBF38C0F20E20FFF7FBFB1424204601B0F0BD1C
S315020DBF4845F65150C0F20E20FFF7F1FBCBE72DE96E
S315020DBF58F04FADF5237D0D46064683A8802114467E
S315020DBF6806F005FF03A84FF4007106F000FF4FF027
S315020DBF7801000EB304B3FDB13178E9B130462C2177
S315020DBF8806F012FFB8B930460D2106F00DFF90B92D
S315020DBF9830460A2106F008FF68B9FF2045F2D64257
S315020DBFA82070C0F20E2283A880213346009506F032
S315020DBFB839FF7F2804D901200DF5237DBDE8F08FC1
S315020DBFC883A803A94FF4007242F21073FFF7C1FB5F
S315020DBFD80028F1D103AD2846214600F050F840B1AC
S315020DBFE8217846F20600C0F20E20FFF7A0FB0020CC
S315020DBFF8E2E728464FF4007106F0B9FE41F2603BBE
S315020DC00841F25D36C2F2182BC2F218260DF10B0556
S315020DC01841F288374FF000084FF00009DBF80000AF
S315020DC02850BB307830BB2846FFF7F5FCA0B1B8F502
S315020DC038FF7F1FD89DF80B0003A908F1010A01F825
S315020DC0480800002001F80A000846214600F017F8F4
S315020DC0580028D046C4D103E0FFF74CFD09F10109CA
S315020DC068B945DBD344F64B40C0F20E20FFF75FFB12
S315020DC0781420A1E7CB209FE7DBF800009CE7B0B5BB
S315020DC0880C4645F67651C0F20E21054606F097FE88
S315020DC09808B1063008E044F66D41C0F20E21284675
S315020DC0A806F08DFE30B10A300078A0F13801C9B21A
S315020DC0B8F82901D20020B0BD303820700120B0BD5C
S315020DC0C810B5A0B06C462046802106F050FE45F606
S315020DC0D8C170C0F20E202146802241F28833FFF745
S315020DC0E838FB044638B145F60720C0F20E20214624
S315020DC0F8FFF71DFB05E045F2B460C0F20E20FFF70F
S315020DC10816FB204620B010BD80B582B0002100284E
S315020DC11801914CD00179072915DD082903D010297B
S315020DC12801D0202943D141F26030C2F218200121F3
S315020DC138016041F20810C2F218200068B0B101A9D7
S315020DC14804F0E7FF12E0022915D004292FD141F296
S315020DC1586831C2F218210A6801320A60017A41F27F
S315020DC1685810C2F21820FDF733FC10B341F25410E1
S315020DC178C2F2182009E041F25C30C2F21820012100
S315020DC188017041F20810C2F21820006810B101A917
S315020DC19804F0BFFF019850B14EF60450CEF20000DE
S315020DC1A84FF080510160BFF34F8FBFF36F8F02B00F
S315020DC1B880BD41F25D30C2F218200121017041F2B3
S315020DC1C86430C2F21820016801310160E2E72DE9F7
S315020DC1D8F04389B0044601A8471C894638461F21F3
S315020DC1E89846164606F0C3FD072C4FF003054DD8A3
S315020DC1F8B9F1000F4AD0002E48D0B8F1000F45D03C
S315020DC2081B2045F6B8328DF80400C0F20E223846C8
S315020DC2181F212346009606F005FE1E2801D917256D
S315020DC22834E0441CFFF776FB41F25D30C2F218206A
S315020DC2380021017041F26030C2F21820016041F20C
S315020DC2486830C2F21820016041F26430C2F2182039
S315020DC2580160A1B201A8FFF78DFB08B1054615E0ED
S315020DC2684046FFF7A9FB28B1054644F67460C0F2AD
S315020DC2780E2008E0404600F029F858B1054644F666
S315020DC288A760C0F20E202946FFF751FA284609B0D3
S315020DC298BDE8F08348463146FFF76CFB0028DDD131
S315020DC2A84046FFF789FB28B1054646F2EE10C0F265
S315020DC2B80E20E8E7404600F009F828B1054645F292
S315020DC2C8FE20C0F20E20DEE70025DFE72DE9F04F4E
S315020DC2D8A3B001904EF2001603A88021CEF20006F5
S315020DC2E806F045FD46F29C60C0F20E2090F9050057
S315020DC2F8012200F01F0141F2603841F25D3B02FA5C
S315020DC30801F9450906F180040027C2F21828C2F27E
S315020DC318182B4FF0000A00BFD8F80000002846D1A6
S315020DC3289BF80000012845D044F8259041F2581093
S315020DC338BFF34F8FC2F218200DF10B01BFF36F8FAA
S315020DC348FDF75FFB46F8259010B3BAF17F0F36D28B
S315020DC3589DF80B00BB4603AFA84607F80A000AF17B
S315020DC368010A0025384607F80A50FFF777FBB0BBD6
S315020DC3783846FFF79BFB45465F4641F2603841F268
S315020DC3885D3BC2F21828C2F2182B00BB03E000BFB0
S315020DC398FFF7B0FB013701988742BDD345F6C53085
S315020DC3A8C0F20E2003A9FFF7C2F9142517E0D8F833
S315020DC3B8005014E044F67840C0F20E2003E044F62D
S315020DC3C84510C0F20E20FFF7B2F9CB2507E045F668
S315020DC3D88600C0F20E2003A9FFF7A9F90125284602
S315020DC3E823B0BDE8F08FD4D482B000F054F840B92A
S315020DC3F845F68160C0F20E2000F03BF8002005F0EC
S315020DC408E0FB00F0BDF8FEF786FB98B145F6BD6474
S315020DC4180146C0F20E2400BF204641F2883200F0D2
S315020DC42828F841F2883005F09DFBFEF774FB0146AC
S315020DC4380028F1D145F62530C0F20E2000F019F884
S315020DC44844F61D25002601ACC0F20E251420FDF773
S315020DC4583DFD20460196FEF7D1FB0028F6D0014692
S315020DC4680528F3D0284600F004F80A2005F07AFBD1
S315020DC478ECE783B080B581B0844603A80EC003A845
S315020DC48800906A4600206146FDF778F801B0BDE8CE
S315020DC498804003B070472DE9F04182B001F0D9F919
S315020DC4A841F26C38C2F21828D8F8000008B10120FA
S315020DC4B80AE041F27030C2F2182004F054FAC8F8B4
S315020DC4C80000002818BF012041F28837C2F218274A
S315020DC4D83C68B0B1ACB941F28C364CF25F5544F6B4
S315020DC4E88E30C2F21826C0F20D25C0F20E2047F282
S315020DC4F8305100220023CDE9005606F02FFA0446E4
S315020DC508386041F2B436C2F21826357801F0CCF904
S315020DC51884B17DB93D6805F071FD024600242846B1
S315020DC528012100230094012506F074FA01280ED183
S315020DC538357000E03578D8F800003968002818BF3C
S315020DC5480120002918BF0121084000EA05042046EA
S315020DC55802B0BDE8F08110B541F26C34C2F218246E
S315020DC568206860B1002104F040FBC00707D100F036
S315020DC5784FF820684121BDE8104004F025BA10BDD8
S315020DC58841F26C30C2F21820006860B180B582B0F3
S315020DC5984FF0FF3C012100220123CDF800C004F023
S315020DC5A871FA02B080BD704741F26C30C2F21820A2
S315020DC5B80068002814BF4121704704F005BA10B56A
S315020DC5C882B041F26C34C2F218242168B9B1C0B1F5
S315020DC5D841F28830C2F21820006848B14FF0000CBB
S315020DC5E8032100220023CDF800C006F013FA2168B4
S315020DC5F80846072102B0BDE8104004F0E5B902B0BD
S315020DC60810BD0846062102B0BDE8104004F0EDBA89
S315020DC61883B080B581B003A80EC003A844F23A715F
S315020DC6280090C0F20E216A460020FCF7A7FF01B062
S315020DC638BDE8804003B07047022818BF704741F61F
S315020DC648800046F22441C2F21820C0F20E2102F0F1
S315020DC658DBBA80B582B000210191D0B3817AC907C0
S315020DC66837D0406800F07F41B1F1274F19D100F458
S315020DC6787F01B1F5003F14D8010C81EA1021414022
S315020DC688C9B2FD290DD141F2B831C2F2182108609D
S315020DC69841F2BC30C2F218200121BFF35F8F01703F
S315020DC6A801E0FEF78CFD41F60810C2F2182000686B
S315020DC6B801AA002105F04BFF019850B14EF6045020
S315020DC6C8CEF200004FF080510160BFF34F8FBFF3DA
S315020DC6D86F8F02B080BDD4D496B0FFF7DCFE40B999
S315020DC6E845F63320C0F20E2000F07BF9002005F046
S315020DC6F868FAFBF73DFD40B944F66910C0F20E2003
S315020DC70800F06FF9002005F05CFAFEF73AFD48B124
S315020DC718014645F2EC40C0F20E2000F062F9002007
S315020DC72805F04FFA46F21A20002140F6C072C0F201
S315020DC7380E20C6F6FE71C0F2010200F052F9FFF79D
S315020DC7481FFF41F2BC374FF00008C2F218270DF150
S315020DC758380B4FF0F01906AC4FF0000A01F079F8D4
S315020DC7683878D8B341F2B830C2F21820056887F87E
S315020DC778008001F099F805F07F40B0F1274F2FD1CF
S315020DC78805F47F00B0F5003F2AD8280A290C80EA5D
S315020DC79805025140C9B2FD2922D102215FFA80F95B
S315020DC7A8C5F307460E91CDF83C9005F027FC022EEF
S315020DC7B81090CDF84880CDF8448040F0B18041F212
S315020DC7C8BD31C2F218210878002800F0B98003207D
S315020DC7D88DF844005A200225AFE000BF01F064F837
S315020DC7E85846FEF7FBFD9DF83A10012926D10FAAE8
S315020DC7F807CA139BCDE90602BDF85400CDE9081305
S315020DC808ADF82C002046CDF82890ADF82E80FBF712
S315020DC818CFFCC8BB109800210B22FEF7C4FE109957
S315020DC828064645F66820C0F20E2000F0DAF8042E08
S315020DC8382AD144F6A030C0F20E2018E006469DF81D
S315020DC8483800012816D19DF8390050B91099DDE93D
S315020DC8581235149A46F24820C0F20E20009500F0C1
S315020DC868C0F8042E10D145F67D50C0F20E2000F008
S315020DC878B8F809E016F0FD0F06D044F6CA50C0F214
S315020DC8880E20314600F0ADF80DF136000DF13501E9
S315020DC898ADF836808DF83580FEF751FC60B1BDF8DE
S315020DC8A836001FFA8AF1884206D19DF83510504690
S315020DC8B8FEF768FD03E000BFBAF1000F2AD1204644
S315020DC8C8FEF798FC9DF81810012917D107AB0FCB67
S315020DC8D80DF1040C8CE80D000B98ADF81010CDF87F
S315020DC8E8120001A8ADF81680FEF7A2FBDDF820A00E
S315020DC8F880B950460021FEF745FD09E0014610F0C4
S315020DC908FD0F05D046F23500C0F20E2000F069F88B
S315020DC9184FF0000A00200121052205F0C0FD1DE792
S315020DC92841F2BD30C2F21820012E354680F800803C
S315020DC93809D101255A208DF844508DF8460002E09A
S315020DC9480120087000255846FCF7C8FCD8B340F2FA
S315020DC9580510C2F218200078B04206D140F2061030
S315020DC968C2F218200078854233D045F21553C0F22B
S315020DC9780E23022E1A4644F2DF40C0F20E2008BFDD
S315020DC9880246012E45F20D51C0F20E2108BF0A4686
S315020DC998022D08BF03469DF8464045F2F350012D78
S315020DC9A808BF0B46C0F20E204946009400F019F84E
S315020DC9B840F20510C2F21820067040F20610C2F2B5
S315020DC9C81820057005E046F29520C0F20E2000F0FB
S315020DC9D808F841F2BC374FF0F01906ACC2F2182727
S315020DC9E8FEE683B080B581B0844603A80EC003A8BF
S315020DC9F800906A4600206146FCF7C0FD01B0BDE80D
S315020DCA08804003B07047D4D4A2B0FFF744FD40B9B5
S315020DCA1844F6D370C0F20E2000F06AF9002005F034
S315020DCA28D0F8FCF720FC50B9FCF7F4FB45F651306B
S315020DCA38C0F20E2000F05CF9002005F0C2F81AA823
S315020DCA48FBF730FD50B9FCF7E5FB46F25400C0F290
S315020DCA580E2000F04DF9002005F0B3F81AA8FCF7E0
S315020DCA68DBF880B10446FCF7D5FB052C08BF00F0B0
S315020DCA7851F945F2BC30C0F20E20214600F038F9C4
S315020DCA88002005F09EF845F6AB00C0F20E2000F028
S315020DCA982FF9FFF775FD45F2F230C0F20E2000F0C0
S315020DCAA827F901205021FCF769FB60B10446FCF712
S315020DCAB8B1FB45F6E860C0F20E20214600F018F9E2
S315020DCAC8002005F07EF845F6D270C0F20E205021F0
S315020DCAD800F00EF945F68B30C0F20E2000F008F97B
S315020DCAE844F69910C0F20E2000F002F905F086FA06
S315020DCAF89FED7D8A9FED7D9A4FF0000A0DF1540B3D
S315020DCB0807AF14AE00214FF0000814900691CDE937
S315020DCB18040000BF5846FCF7FDFB002858D03446E2
S315020DCB283E469DF855700FB9069818BB584600F043
S315020DCB3847F9F8B10546504548D00CA8FCF782FBD3
S315020DCB489DF860009DF854209DF855309DF86210A9
S315020DCB589DF833709DF834E08DE8830045F21A503E
S315020DCB68C0F20E202946CDF80CE000F0C1F8AA460F
S315020DCB782CE000BFBAF1000F05D045F24310C0F202
S315020DCB880E2000F0B5F8042F1ED19DF86110374618
S315020DCB980691012944F63B21C0F20E2109D10CA8B2
S315020DCBA8FCF7CFFB05F02AFA44F2E941C0F20E2151
S315020DCBB8049044F2BA60C0F20E2000F099F84FF0D4
S315020DCBC8000A4FF0000802E04FF0000A37462646E3
S315020DCBD83846FCF7B6FB68B1069801280AD10998BA
S315020DCBE80499401A06D4384600F0EAF8E8B1054623
S315020DCBF8504564D15FEAC87024D005F0FFF905994E
S315020DCC08401AB0F5FA7F0DD9002000214FF0000821
S315020DCC18FCF702FA45F60F00C0F20E2000F068F88E
S315020DCC2812E000BF4FF001080EE005F0E7F99DF896
S315020DCC381D100590052905D00029DED19DF828007D
S315020DCC480028DAD14FF00008B0EE480AFCF74CF886
S315020DCC5880B381460CA8FCF7F5FAB9F1050F08BFA2
S315020DCC6800F058F89DED100A9DF834009DED111A45
S315020DCC789DED122A9DF84C209DF8333020EE090AB7
S315020DCC8821EE091A22EE092A009045F2D260BDEE6E
S315020DCC98C22ABDEEC11ABDEEC00AC0F20E20494621
S315020DCCA88DED010A8DED021A8DED032A00F020F89D
S315020DCCB8FCF7B0FA30460A2104F0C8FD2AE79DF8BA
S315020DCCC828209DF82A3045F63510C0F20E20294641
S315020DCCD800F00EF85FEAC87001D0AA468DE74FF04C
S315020DCCE80008AA46B0E700BF0AD7233C00007A44DB
S315020DCCF883B080B581B0844603A80EC003A8009000
S315020DCD086A4600206146FCF739FC01B0BDE8804051
S315020DCD1803B070472DE9F0438DB007AC2046FBF7FB
S315020DCD280CFD002849D041F2BE38C2F2182898F8EF
S315020DCD3800009DF81C2041F2C0390128C2F21829BB
S315020DCD481AD199F80000824216D10898D9F804101A
S315020DCD58884211D19DF8240099F8081088420BD102
S315020DCD689DF8250099F80910884205D19DF83200DB
S315020DCD7899F81610884219D09DF832000A99089B1F
S315020DCD889DF824509DF825709DF830609DF831C0A8
S315020DCD98DDF82CE08DE8A10045F21540C0F20E2013
S315020DCDA8CDE9036CCDF814E0FFF7A2FF94E8CF00A6
S315020DCDB889E8CF00012088F800000DB0BDE8F083A0
S315020DCDC880B5417805292DD8DFE801F00321121720
S315020DCDD80D280378027B817B1046022B24D1BDE8F0
S315020DCDE88040FCF719B9407BBDE88040FCF7FCB9D9
S315020DCDF8807BBDE88040FCF7A1B9807BFCF79EF9E4
S315020DCE08002818BF80BDBDE88040FCF777B9027CC3
S315020DCE18C17B1046BDE88040FCF7B0B9FCF7FAF9BC
S315020DCE28002080BD012080BDBDE88040FCF788B892
S315020DCE3886B0FFF730FB40B944F6DB30C0F20E2060
S315020DCE4800F044F8002004F0BCFEFFF799FBFEF74C
S315020DCE5807F898B144F2F3440146C0F20E2400BF16
S315020DCE68204641F2883200F031F841F2883004F05A
S315020DCE7879FEFDF7F5FF01460028F1D144F6DB10E0
S315020DCE88C0F20E2000F022F844F2E75501ACC0F2CA
S315020DCE980E2500BF2046FEF7F8F898B12046FEF794
S315020DCEA841F80646BDF81000B6FA86F14909FEF7AD
S315020DCEB816F9002EEED0BDF810102846324600F0AF
S315020DCEC805F8E7E7012004F04DFEE3E783B080B5E8
S315020DCED881B0844603A80EC003A800906A460020B6
S315020DCEE86146FCF74BFB01B0BDE8804003B07047C5
S315020DCEF88EB0FF208DF81F00FFF7CDFA40B945F227
S315020DCF086C10C0F20E2000F0E5F9002004F059FE6F
S315020DCF18FEF7B1FB58B1014646F29A00C0F20E2051
S315020DCF2800F0D8F9FFF740FB002004F04AFE44F65C
S315020DCF386A00C0F20E2040F6B83100F0CBF940F681
S315020DCF48B83004F00FFE45F66810C0F20E2000F058
S315020DCF58C1F941F2D83444F2E25544F6AB4844F2EB
S315020DCF685A47C2F21824C0F20E25C0F20E28C0F294
S315020DCF780E2700BF20464FF4007105F0F8FE28462D
S315020DCF8821464FF4007240F6B833FEF7E2FB68B954
S315020DCF9820464FF4007105F0EAFE404621464FF44D
S315020DCFA8007240F6B833FEF7D4FB88B106460C205C
S315020DCFB800F0A2F90020FFF702FB3846314641F28E
S315020DCFC8883200F087F941F2883004F0CBFDD1E7BB
S315020DCFD844F6B740C0F20E2000F07CF944F642241E
S315020DCFE845F6181644F2C67744F6EC5B44F6A205E6
S315020DCFF84FF0FF0A0DF12009C0F20E24C0F20E26DB
S315020DD008C0F20E27C0F20E2BC0F20E2548468DF839
S315020DD0181FA0FEF79DFDA8B180462846414600F0A1
S315020DD02859F90C2000F068F90020FFF7C8FA58469E
S315020DD038414641F2883200F04DF941F2883004F04A
S315020DD04891FDE3E79DF82010D9B145F62040C0F2CF
S315020DD0580E2000F03FF90020FEF7A6FD0028DBD1D1
S315020DD068FEF7B4FD0028D7D14846FEF771FD002814
S315020DD078D2D19DF82000002800F0F4804FF0010867
S315020DD088CBE7204600F026F9304639464EF66022A1
S315020DD098FEF718FF41F2D855C2F2182580462846E2
S315020DD0A84FF4007105F063FE44F29540C0F20E206E
S315020DD0B829464FF4007241F28833FEF74AFBB8F15E
S315020DD0C8000F054609D035B145F23C00C0F20E20D7
S315020DD0D8294600F0FFF80C2006E055B10120012D76
S315020DD0E898BF05460C20A84644F6A205C0F20E25A1
S315020DD0F898E741F2D85045F27601C2F21820C0F2ED
S315020DD1080E2105F05CFE0028E8D0FEF7D9FF30B1F6
S315020DD118014645F6EE30C0F20E2000F0DBF845F674
S315020DD1288C15C0F20E25284641F288310DF11F02E3
S315020DD138FEF70DFF10B180460D20D5E79DF81F307D
S315020DD14845F21500C0F20E20294641F2883200F04A
S315020DD158C1F80120FFF733FA01AD00BF28464FF09B
S315020DD168FF31FBF743F80028F8D00198002800F0A4
S315020DD178AC8002980322A0F10111CFF6FF7244F694
S315020DD188A2059142C0F20E25C0F09D80BDF8181079
S315020DD198B1F57A7F00F2978044F65222C4F25072A4
S315020DD1A80892039A41F601030993BDF8143012BA8F
S315020DD1B80A921ABABDF81630120CADF82C201A0AB4
S315020DD1C8B0469DF81F608DF82E20020C8DF82F3073
S315020DD1D800238DF83120020A8DF83300080A8DF8DE
S315020DD1E830308DF832208DF834008DF83510ADF8C3
S315020DD1F8363030464946182241F28833FEF7E7FFA4
S315020DD208002864D1029AAAB1002500BF0198541BC1
S315020DD218B4F5806F28BF4FF4806441193046224613
S315020DD22841F28833FEF7D3FF08BB029A254495428D
S315020DD23801D2EBE70022DDE90313BDF8187044F2BB
S315020DD2488970C0F20E20009700F044F801AD284609
S315020DD2580121002200F067F844F64224C0F20E249A
S315020DD26846467BE745F65340C0F20E200AE70746C7
S315020DD278039945F22860C0F20E202A463B4600F075
S315020DD28829F844F64224C0F20E24464644F6A2056F
S315020DD298C0F20E25039945F6EB00C0F20E203A466A
S315020DD2A800F018F801A800210E2200F03CF8FEF74E
S315020DD2B807FF00208DF81FA0FFF781F944F2C67704
S315020DD2C8C0F20E27A2E60327E4E70327DEE70746A1
S315020DD2D84646DFE783B080B581B0844603A80EC003
S315020DD2E803A800906A4600206146FCF747F901B08B
S315020DD2F8BDE8804003B0704710B586B0044668464F
S315020DD3080021FAF773FF60B1029944F62A60C0F25A
S315020DD3180E202246FFF7DEFF68460021224600F060
S315020DD32802F806B010BD10B504468068FEF73BF943
S315020DD33858B10246042809D1A16845F27120C0F2F6
S315020DD3480E20BDE81040FFF7C5BF10BDA16845F216
S315020DD3588A00C0F20E20BDE81040FFF7BBBF80B5AC
S315020DD36884B041F61410C2F21820016841F6080C71
S315020DD3780131016042F26840C2F218200621CDE958
S315020DD38800104DF2D13044F6702146F22C33C2F21A
S315020DD398182CC0F20D20C0F20E21C0F20E234FF446
S315020DD3A80072CDF808C004F02DF941F66C01C2F2EF
S315020DD3B81821086008B104B080BD0020002104B010
S315020DD3C8BDE8804000F04AB810B5044600F048F8AA
S315020DD3D82046BDE81040FFF707B87047FFF7FDBFB7
S315020DD3E880B584B041F61410C2F21820016841F6D0
S315020DD3F8A40C0131016042F66840C2F218200521DB
S315020DD408CDE900104DF2534044F6154146F27033FC
S315020DD418C2F2182CC0F20D20C0F20E21C0F20E2354
S315020DD4284FF40072CDF808C004F0ECF841F6081175
S315020DD438C2F21821086008B104B080BD002000218F
S315020DD44804B0BDE8804000F009B810B5044600F0F6
S315020DD45807F82046BDE81040FFF73EB900BE7047F3
S315020DD468B0B541F60C14C2F2182420684FF0FF31FC
S315020DD47803F0ACFF012803D020680021FFF7EEFF69
S315020DD48841F61010C2F21820017801B1B0BD012182
S315020DD4980170FFF7A3FF41F61415C2F2182500BF56
S315020DD4A8286801382860F1D020680021002200235F
S315020DD4B803F0E0FC0128F3D020680021FFF7CEFF28
S315020DD4C8EEE780B541F61410C2F21820002101606C
S315020DD4D841F61010C2F2182041F618120170C2F266
S315020DD4E818224FF48070012103F0A3FC41F60C11AA
S315020DD4F8C2F21821086018B900200021FFF7AEFF05
S315020DD50800F026F8FFF72BFF00F060F800F09CF804
S315020DD518FFF766FF04F01FFC002080BD41F660137D
S315020DD528C2F21823036041F6C410C2F2182008602D
S315020DD53880201060704741F6C433C2F21823036087
S315020DD54841F62840C2F21820086080201060704704
S315020DD55880B584B041F61410C2F21820016841F65E
S315020DD568D86C0131016043F26840C2F218200721D6
S315020DD578CDE900104DF2C35045F2AC2146F2406397
S315020DD588C2F2182CC0F20D20C0F20E21C0F20E23E3
S315020DD5984FF44072CDF808C004F034F841F63C71E8
S315020DD5A8C2F21821086008B104B080BD002000211E
S315020DD5B804B0BDE88040FFF751BF10B50446FFF72A
S315020DD5C84FFF2046BDE81040FFF71EBA80B584B05E
S315020DD5D841F61410C2F21820016841F6707C013129
S315020DD5E8016044F26800C2F218200421CDE9001048
S315020DD5F84DF23F6044F2D07146F28463C2F2182CA2
S315020DD608C0F20D20C0F20E21C0F20E234FF4407265
S315020DD618CDF808C003F0F6FF41F6D471C2F218210F
S315020DD628086008B104B080BD0020002104B0BDE831
S315020DD6388040FFF713BF10B50446FFF711FF2046CA
S315020DD648BDE81040FFF7F4BB80B584B041F614105F
S315020DD658C2F21820016842F20C0C0131016044F63F
S315020DD6686840C2F218200321CDE900104DF2BB60C5
S315020DD67845F6912146F2C863C2F2182CC0F20D2066
S315020DD688C0F20E21C0F20E234FF4C062CDF808C0C7
S315020DD69803F0B8FF42F27001C2F21821086008B110
S315020DD6A804B080BD0020002104B0BDE88040FFF71C
S315020DD6B8D5BE10B50446FFF7D3FE2046BDE8104089
S315020DD6C8FFF716BC1EF0040F0CBFEFF30880EFF33D
S315020DD6D8098001490847000073D70D020F4B1968D7
S315020DD6E8EFF309821EF0100F08BF22ED108A22E908
S315020DD6F8F04FEFF30B8342F8043D0A604FF010002A
S315020DD70880F31188BFF34F8FBFF36F8F04F0D4FAEE
S315020DD7184FF0000080F3118800F002B88821182214
S315020DD728074801680A6802CA81F30B88B2E8F04F06
S315020DD7381EF0100F08BFB2EC108A82F309887047E3
S315020DD7488821182210B5EFF31184102080F3118861
S315020DD75804F07EFB30B14EF60450CEF200004FF0C7
S315020DD7688051016084F3118810BD806910F8020C8E
S315020DD778022808BFFFF7D4BF042838BF704780B503
S315020DD78844F2205045F2A31244F2D763C0F20E209A
S315020DD798C0F20E22C0F20E234FF47E7102F06AFF1A
S315020DD7A8283140F8481D4DF2D171C0F20D214FF0C6
S315020DD7B8807C22F00102C1636FF002010264C0F897
S315020DD7C844C0C0E90913704700BE00BFFEE7D4D4B2
S315020DD7D84EF62250CEF20000F021017000F016F836
S315020DD7E84EF63470CEF20000016841F040410160F8
S315020DD7F862B6BFF36F8FEFF3148C2CF0040C8CF317
S315020DD8081488BFF36F8F02DF00BEFDE742F23410B4
S315020DD818C2F21820006844F6D351C1F26201A0FB88
S315020DD82801014FF0FF3000EB91110020B0EB116FA3
S315020DD83818BF70474EF21002CEF2000251604EF634
S315020DD8482351CEF20001F0230B7090600720106071
S315020DD85870471021EFF3118081F3118842F274019A
S315020DD868C2F218210A68531C0B605AB942F27801A2
S315020DD878C2F2182108604EF60450CEF20000006876
S315020DD888C00500D1704780B544F2205044F2465285
S315020DD89844F6D263C0F20E20C0F20E22C0F20E2357
S315020DD8A840F2A44102F0E6FE42F27400C2F21820DA
S315020DD8B8016859B10139016018BF704742F2780003
S315020DD8C8C2F21820006880F31188704780B544F2B9
S315020DD8D8205045F6177244F2A143C0F20E20C0F24B
S315020DD8E80E22C0F20E2340F2AD4102F0C3FE80B500
S315020DD8F898B34EF6902EC4F2010E9EF800100A0742
S315020DD90822D04EF2FA32C4F2010213884AF2025CAE
S315020DD918CFF6FF7C0020A2F800C08EF8000043F473
S315020DD92825401080BFF34F8F30BFBFF36F8F62B69E
S315020DD938BFF36F8F72B61088A2F800C040F4254067
S315020DD9488EF80010108080BDBFF34F8F30BFBFF326
S315020DD9586F8F62B6BFF36F8F72B680BD80B572B622
S315020DD96803F0DEFF0120FFF7C2FF62B6BDE8804075
S315020DD97804F030B880B5EFF30380103840B20028B2
S315020DD98806D44EF20041CEF20001405C0F2817D99B
S315020DD9984EF60C50CEF200000068400558BF80BD09
S315020DD9A844F2205045F6450244F6CF03C0F20E2046
S315020DD9B8C0F20E22C0F20E2340F2216102F05AFE87
S315020DD9C844F2205045F6450245F6B253C0F20E20F2
S315020DD9D8C0F20E22C0F20E2340F20F6102F04AFE89
S315020DD9E82DE9F04F81B083464CF200080F6908788D
S315020DD9F8C4F235080D4608EB002487B178684FF056
S315020DDA08006100680160786800688460D7E90112D0
S315020DDA183868126890470646002840F04B816869B7
S315020DDA28B8B141684FF4002209680A60416809686D
S315020DDA384C60D0E9011200681268904706462FB16C
S315020DDA4826B1B9683868096A884733E1002E40F06D
S315020DDA583181CBF80450A8694FF0000ACBF824009F
S315020DDA68E869CBF828A0CBF82C0028784FF4441493
S315020DDA7808EB002ECBF808E06A7AA97AEF7A6E7B64
S315020DDA88002A08BFA8F59624286A41EA4701C779EC
S315020DDA9841EA06352E4644EAC77708BF46F08006A0
S315020DDAA80478437890F802C0C178002C1CBF2E4624
S315020DDAB847F08077002B08BF47F40037447947EAC9
S315020DDAC80377012C4FF4807308BF4FF44073002C73
S315020DDAD818BF1F43447A46EA0163867990F808808F
S315020DDAE8057904F00304009643EA840682B9437B5A
S315020DDAF8012B07D1DEF8443047F4005743F440733F
S315020DDB08CEF844304389007B46F4604643EA004A20
S315020DDB184FF40019022D08BF4FF44019EFF3108484
S315020DDB28012282F31088DBF80400002D08BFA946EE
S315020DDB38007843F20403C4F22003C0F113001D68F2
S315020DDB4802FA00F025EA000018600CFA01F11868CD
S315020DDB584CF2003541EA08281E200121C4F20005BF
S315020DDB6802F08BFD84F31088DBF808000021CFF64E
S315020DDB7880518166DBF80800C0F81080DBF80800D2
S315020DDB88C0F804A0DBF80800C0F80C90DBF8080012
S315020DDB984661DBF8080000990164DBF8080027F0F6
S315020DDBA880418160DBF8080081688760DBF8041024
S315020DDBB842F2E00091F90220C2F21820002A23D47B
S315020DDBC889794EF20016CEF200060901B31883F8CA
S315020DDBD8001340F822B055F82210012321F48031A2
S315020DDBE845F8221055F8221002F01F01520903FAC0
S315020DDBF801F106EB8203BFF35F8FC3F8801146F876
S315020DDC082210DBF8041003E04EF20016CEF20006DF
S315020DDC1891F90120002A1ED44979B318090183F80E
S315020DDC28001340F822B055F82210012321F4803151
S315020DDC3845F8221055F8221002F01F01520903FA6F
S315020DDC4801F106EB8203BFF35F8FC3F8801146F825
S315020DDC582210DBF804100A7A91F90410120106F55E
S315020DDC6840735A5440F821B055F82120012722F461
S315020DDC78803245F8212055F8212001F01F02490965
S315020DDC8807FA02F206EB8107BFF35F8FC7F8802109
S315020DDC9846F82120DBF804100026CA7991F90310FB
S315020DDCA812015A5440F821B045F24900C5F25320E3
S315020DDCB8CBF80000304601B0BDE8F08F80B582B0D2
S315020DDCC89C4613460A460021CDF800C000F08EF890
S315020DDCD802B080BD80B582B09C4613460022CDF8AF
S315020DDCE800C000F083F802B080BDDDF800C0CDF8A3
S315020DDCF800C000F07BB88446C0E909130020CCF8B1
S315020DDD082C20704710B504460021406821604169F0
S315020DDD1821B18A680868116A88476068006918B16E
S315020DDD2881680068096A8847A068816821F44C11E0
S315020DDD38816061684EF2801091F90220CEF20000E0
S315020DDD48002A0CD402F01F01012303FA01F152092C
S315020DDD5840F82210BFF34F8FBFF36F8F616891F9A9
S315020DDD680120002A0CD402F01F01012303FA01F146
S315020DDD78520940F82210BFF34F8FBFF36F8F6168B8
S315020DDD8891F90310012301F01F0203FA02F2490960
S315020DDD9840F82120BFF34F8FBFF36F8F616891F95A
S315020DDDA8041001F01F0203FA02F2490940F8212074
S315020DDDB8BFF34F8FBFF36F8FA068816821F0010102
S315020DDDC88160A0680021CFF680518166A068C3667E
S315020DDDD86068417A41B9006A407B012804D1A0687E
S315020DDDE8416C21F440714164002010BD2DE9F041CA
S315020DDDF804468068006E10B10820BDE8F0810698C9
S315020DDE08002704F10C0C88468CE88600C4E90673D3
S315020DDE1884F82000072888BF4FF0805761680F28BD
S315020DDE2848691E4688BF4FF0005700B3A661486978
S315020DDE384FF6FF754168CCF6F37509680B68CE8106
S315020DDE4803EA050343EA070343F400250D608A60D6
S315020DDE582AB942F27C02C2F218220B608A608268E3
S315020DDE6800685268904708B1BDE8F0816168086993
S315020DDE7890B366610869416809680A6822F04052DA
S315020DDE883A430A6063685F7A3FB91B6A2BB15B7BBB
S315020DDE98012B02D1E369012B42D1CE8122F04062D8
S315020DDEA802F10063B8F1000F0B60C1F8048005D1C9
S315020DDEB80A6042F28002C2F218224A60A268936888
S315020DDEC823F480139360826800685268904700288D
S315020DDED818BFBDE8F0816168A06842694B7A94F86B
S315020DDEE8207022F4F81242EA07425BB9096A49B16F
S315020DDEF8497B012906D1E16901290CBF22F080026D
S315020DDF0842F080024261A0680121C166A06881685B
S315020DDF1841F4801141F0010181600020BDE8F081D4
S315020DDF28721E6261CA810A68B8E780B5EFF303808B
S315020DDF384FF0704101EB00604CF200318015C4F2CE
S315020DDF480001425822F480324250415842F2E00111
S315020DDF58C2F218210858D0E90612914222D0026956
S315020DDF684AB190F820E0BEF1100F07D383681B68FB
S315020DDF7842F821300CE08268126809E08368BEF126
S315020DDF88080FD3F800C034BF02F801C022F811C039
S315020DDF9882684FF000439366C269013191428161ED
S315020DDFA818BF80BD4068012290F9030000F01F01D9
S315020DDFB802FA01F14EF200124009CEF2000242F8BF
S315020DDFC8201080BDEFF303804FF070424CF2003102
S315020DDFD802EB0060C4F200018015425822F4803229
S315020DDFE84250425842F2E002C2F2182210584268D2
S315020DDFF8136A5B78012B36D1C369D0F814C0013B7D
S315020DE0089C451DD192F903204EF2001C51F822307F
S315020DE018CEF2000C23F4803341F8223051F8221047
S315020DE02802F01F010123520903FA01F10CEB8203D7
S315020DE038BFF35F8FC3F880114CF8221000F016B8A3
S315020DE0481169002908BF00F011B892F903100123CE
S315020DE05801F01F0203FA02F24EF200134909CEF23B
S315020DE068000343F8212000F001B8D4D4426841696F
S315020DE078537A83B9126A72B1527B012A0BD182681D
S315020DE088136D9B0028D5C369013B994203D1536988
S315020DE09823F080035361C269914208BF70478268B3
S315020DE0A8136D9B00FCD5C3683BB190F820C0BCF13B
S315020DE0B8100F04D353F8213007E0002305E0BCF115
S315020DE0C8080F34BF5B5C33F81130136082684FF06A
S315020DE0D8005301319366416170474FF070424CF21D
S315020DE0E80031EFF3038002EB0062C4F200019015D2
S315020DE0F8435823F480334350435842F2E003C2F2A5
S315020DE1081823185883681B6D9B0104D543685B7ADF
S315020DE118012B18BF704780B513164EF2001ECEF2AC
S315020DE128000E03F01F024FF0010C5B090CFA02F206
S315020DE1380EEB8303C3F88020BFF34F8FBFF36F8FA8
S315020DE148426892F90230002B2AD403F01F025B09AA
S315020DE1580CFA02F20EEB8303C3F88020BFF34F8F3E
S315020DE168BFF36F8F8268936823F001039360426849
S315020DE17892F9022051F8223023F4803341F82230E5
S315020DE18851F8221002F01F0152090CFA01F10EEB99
S315020DE1988203BFF35F8FC3F880114EF8221004E095
S315020DE1A881688A6822F001028A600121BDE88040F1
S315020DE1B800F000B82DE9F04184B00446806A0DF1ED
S315020DE1C8040828B1024692E8E0004346E0C300E09F
S315020DE1D840466268127801710260E16A8160616A7D
S315020DE1E88847A06A10B198E80E000EC004B0BDE8C3
S315020DE1F8F081F0B581B04FF07041EFF3038001EB7A
S315020DE208006642F2E001B015C2F218210C584CF222
S315020DE21800356068C4F2000590F9020000282FD473
S315020DE2284EF2001300F01F0101224009CEF200033F
S315020DE23802FA01F103EB8000C0F88010BFF34F8F8D
S315020DE248BFF36F8FA068816821F001018160606854
S315020DE25890F9020055F8201021F4803145F8201066
S315020DE26855F8201000F01F01400902FA01F103EBDF
S315020DE2788002BFF35F8FC2F8801143F8201004E0C5
S315020DE288A068816821F001018160A0680021076DEF
S315020DE298CFF680513A01816603D520460521FFF74F
S315020DE2A889FFF80103D520460421FFF783FFF843BA
S315020DE2B810F0A05F4FEA266603D120460821FFF724
S315020DE2C879FF55F8260020F4803045F8260055F8D2
S315020DE2D8260001B0F0BDD4D42DE9F0470D4604460B
S315020DE2E8087848F20001C4F2350101EB002060629C
S315020DE2F80020207025626969A162A969C4E90B012A
S315020DE308A078D5F81C8020F00300411CA17069780D
S315020DE31811B940F00200A07095F90B604EF2001982
S315020DE328CEF2000906F01F014FF0010C0CFA01F3AB
S315020DE33809F180017009AA7A41F820304CF2003AA7
S315020DE348BFF34F8FC4F2000ABFF36F8F5AF8260038
S315020DE35842F2E00E20F480304AF826005AF82600DA
S315020DE368100109F54072C2F2182E90554EF8264044
S315020DE37895F905002E7900F01F030CFA03F34709E8
S315020DE38841F82730BFF34F8FBFF36F8F5AF82030FE
S315020DE39823F480334AF820305AF8203033011354C7
S315020DE3A84EF8204095F90700AB7900F01F060CFAD6
S315020DE3B806F6470941F82760BFF34F8FBFF36F8FF4
S315020DE3C85AF820601B0126F480364AF820605AF85E
S315020DE3D8206013544EF8204095F909002B7A00F067
S315020DE3E81F060CFA06F6470941F82760BFF34F8F49
S315020DE3F8BFF36F8F5AF8201021F480314AF8201096
S315020DE4085AF82010190111544EF82040EFF31086D0
S315020DE4188CF3108843F204022878C4F220024FF0D6
S315020DE4280041136821FA00F023EA00001060106813
S315020DE4381E20012102F021F986F31088606A4FF435
S315020DE44880618160E869EB786A784FF4804746788F
S315020DE45807EA8333417B077806F0010662F309233F
S315020DE46801F0010143EAC63207F0030742EA4151B8
S315020DE47841EA0761626A01F58051D0F804C051611B
S315020DE488027802F0FE01022907D14FF60471CFF682
S315020DE4980071022A08BF203101E0DCF80010626A19
S315020DE4A80C231161027BAF78817863F39F024FF4D7
S315020DE4B84073022F08BF4FF48073002F18BF1A43FB
S315020DE4C801F00101636A42EA0171D960626A0021AB
S315020DE4D891612A78092A04D8626A0023C1F61F7344
S315020DE4E85362827BB0F80F00636A42EA002041F656
S315020DE4F80172C0F21F02104018632046C4E90411C6
S315020DE508C4E9061100F065F9B8F80A001021A081D0
S315020DE518606AC9F607518166206A90F905205AF88C
S315020DE528220002F01F0120F480304AF822005AF820
S315020DE5382200012000FA01F309F5C0715209BFF351
S315020DE5485F8F41F8223049F82230226A92F90B2060
S315020DE5585AF8223023F480334AF822305AF82230F8
S315020DE56802F01F0300FA03F35209BFF35F8F41F856
S315020DE578223049F82230226A92F907205AF82230B7
S315020DE58823F480334AF822305AF8223002F01F0358
S315020DE59800FA03F35209BFF35F8F41F8223049F8A7
S315020DE5A82230226A92F909205AF8223023F480334E
S315020DE5B84AF822305AF8223002F01F0398405209BF
S315020DE5C8BFF35F8F41F8220049F82200606A40F2D4
S315020DE5D81141C0F201018160606A00BF017FC9075E
S315020DE5E8FCD044F64211C5F2433100206160BDE804
S315020DE5F8F08703460020C3E90612704780B5D0F8A6
S315020DE60824E0DEF808C02CF44013CEF80830D0F812
S315020DE61824C000BFDCF848305B00FBD5DCF80830B7
S315020DE62823F01003CCF80830D0F824C09CF81C301F
S315020DE638DB06FBD4C0E90412DCF8080040F0101121
S315020DE6480020CCF8081080BD70B50446406A0D4608
S315020DE65882684FF6EE71CFF6CE71114081600020B9
S315020DE6682061204622F4401600F0B3F82868616A44
S315020DE6780861616A00208E6070BD4FF0FF3200207E
S315020DE6880A604A607047D4D48A0701D4062212E07A
S315020DE698426A936823F440139360426A936C5B0053
S315020DE6A8FCD5936823F010039360426A137FDB0649
S315020DE6B8FCD400224261C9071CBF0022C261104662
S315020DE6C870478446C0E90A130020CCF830207047FB
S315020DE6D8B0B50446406844F64211C5F24331884244
S315020DE6E81CBF0720B0BD606A816821F440118160A4
S315020DE6F8606A816821F010018160606A017FC9062E
S315020DE708FCD4206A90F90710012001F01F024B096B
S315020DE7184EF2801100FA02F2CEF2000141F82320E0
S315020DE728BFF34F8FBFF36F8F226A92F9092002F05A
S315020DE7381F0300FA03F3520941F82230BFF34F8F34
S315020DE748BFF36F8F626A936823F480339360226AEC
S315020DE75892F9052002F01F0300FA03F3520941F854
S315020DE7682230BFF34F8FBFF36F8F226A92F90B20B8
S315020DE77802F01F0300FA03F3520941F82230BFF3E0
S315020DE7884F8FBFF36F8FEFF3108580F31088206AD2
S315020DE79843F204020078C4F220024FF000411368D6
S315020DE7A821FA00F01843106010681E20012101F0AD
S315020DE7B864FF85F3108800206060B0BD0246C0690B
S315020DE7C8086000210020D161704706207047062097
S315020DE7D8704770B50446006AC5690020A060687C5A
S315020DE7E868B34EF25400C4F20100017801F00F012C
S315020DE7F8022901D801220BE0CA1E052A06D246F2C3
S315020DE8081071C0F20E2151F8226003E00839102268
S315020DE81802FA01F6407800F00F0001F022FF42F2EB
S315020DE8283412C2F21822697C1268B0FBF6F002FBAA
S315020DE83801F1B1FBF0F0012101EB9000A06070BD72
S315020DE848B0B5EFF303804FF0704101EB00604CF267
S315020DE85800318015C4F20001425822F4803242502A
S315020DE868415842F2E001C2F218210C58206A016998
S315020DE8786069C1B9C0B1A07800F003012069022907
S315020DE88805D10088616A20F4DC40486002E0007810
S315020DE898616A0871A078616900F00302881A216914
S315020DE8A8606111442161A0B9616A02228D68A0686E
S315020DE8B862F3155510B101F022FF616A8D60A06AE7
S315020DE8C80021216128B120468022BDE8B04000F022
S315020DE8D801B8B0BD2DE9F04385B08146C06A0DF188
S315020DE8E8040830B1054695E8D800C4468CE8D80028
S315020DE8F800E04046D9F820301B788160036002712A
S315020DE908D9F83010C160D9F828108847D9F82C00E3
S315020DE91810B198E88E008EC005B0BDE8F08310B52B
S315020DE92882B0EFF303804FF0704101EB00604CF2B9
S315020DE93800318015C4F20001425822F48032425049
S315020DE948415842F2E001C2F218210C58A07800F0A3
S315020DE9580302606A022A03D101686FF35F2100E0A0
S315020DE9680178E069019198B1A06901A904F003FA49
S315020DE978A078A169E26900F003000144101AA161A9
S315020DE988E0610ED1A06A60B120460021012203E0A2
S315020DE998A06A30B12046042202B0BDE81040FFF746
S315020DE9A899BF02B010BD10B54FF07041EFF3038059
S315020DE9B801EB006142F2E0028815C2F218221058E4
S315020DE9C84FF6EF74426ACFF6CF749368234093607D
S315020DE9D8826A0C161AB100210222FFF77BFF4CF24E
S315020DE9E80030C4F2000050F8241021F4803140F8AA
S315020DE9F8241050F8240010BD4FF07041EFF3038038
S315020DEA0801EB006C42F2E0014FEAAC50C2F218215A
S315020DEA1808588178436A01F00301022903D119685E
S315020DEA286FF35F2100E01978B0B59A6C202404EAD9
S315020DEA38D24E1024082514EA126405EA12627244AB
S315020DEA48224403D09D6C2D0458BF40329D6E4FEA69
S315020DEA582C6445F0C8559D66836A0BB1FFF73AFFDC
S315020DEA684CF20030C4F2000050F8241021F4803123
S315020DEA7840F8241050F82400B0BD4160024688685B
S315020DEA88C0231061C868C4F2020390610020506168
S315020DEA98086803EB40109060086803EB401040309D
S315020DEAA8D06091F90400002829D449794EF2001C48
S315020DEAB8CEF2000C090100EB0C0383F8001342F2A7
S315020DEAC8E001C2F2182141F820204CF20031C4F2BD
S315020DEAD8000151F8203023F4803341F8203051F8E3
S315020DEAE8201000F01F010123400903FA01F10CEB76
S315020DEAF88003BFF35F8FC3F880114CF8201045F2DF
S315020DEB084301C5F2492100201160704780680268E9
S315020DEB1892034EBF0C208160002070478268002048
S315020DEB28516070478446C0E904130020CCF81820BA
S315020DEB3870470146406890F9040000280FD400F08A
S315020DEB481F02012303FA02F24EF280134009CEF296
S315020DEB58000343F82020BFF34F8FBFF36F8F0022B8
S315020DEB6800200A607047B0B5EFF303804FF070418D
S315020DEB7801EB00604CF200318015C4F200014258D7
S315020DEB8822F480324250415842F2E001C2F2182173
S315020DEB980C58E0680568E80304D520464FF4803121
S315020DEBA800F00BF835F4403508BFB0BD20462946AE
S315020DEBB800F003F8E0680561B0BD2DE9F04184B0B7
S315020DEBC804464069E84630B1034693E8E400C44674
S315020DEBD88CE8E40000E040466268B1F5803F1268B1
S315020DEBE881600260A269C26002D1E168C96800E06B
S315020DEBF80021416021698847606910B198E88E0045
S315020DEC088EC004B0BDE8F08180B545F25422C5F236
S315020DEC184F020260084600F029F8002080BD6FF009
S315020DEC283F0000EA9100C9B200EB810040F60001EF
S315020DEC38C4F240014058C0F34001002011707047DC
S315020DEC48C8B2012383409BB24FF4803C002A08BF09
S315020DEC580CFA00F36FF0010000EAD1100822010147
S315020DEC68C4F24002002053507047D4D470B50446FE
S315020DEC7800F05CF842F2DC0CEFF31080012181F30F
S315020DEC881088C2F2182CDCF8001039B940F6145166
S315020DEC98C4F2400100220A7040220A70DCF8001004
S315020DECA80131CCF8001080F31088208810B340F695
S315020DECB8000E0021C4F2400E606800EBC102928874
S315020DECC850F83130100ADD03D2B20BD50EEB801592
S315020DECD855F8226026F4803645F8226023F48036EC
S315020DECE845F822600EEB801040F82230208801315B
S315020DECF88142E1D3EFF31081012080F31088DCF80D
S315020DED08000020B1DCF800000138CCF80000DCF870
S315020DED18000038B940F61450C4F2400000220270C1
S315020DED288022027081F3108870BDD4D42DE9F04F7C
S315020DED3881B00446008800285CD042F240084EF69F
S315020DED484C4A46F2387BC4F220080026C4F2010A60
S315020DED58C0F20E2B4FF00109002700BF60683BF881
S315020DED68172000EBC600818891423CD100689AF8BB
S315020DED78001000F0B85009FA07F5B0F1807F05EAE0
S315020DED88010015D150B9012001F034FD9AF80000A1
S315020DED9828438AF80000012001F003FD18F917002F
S315020DEDA8002820D418F8170040F0800015E000BF9F
S315020DEDB850B1012001F01EFD9AF80000A8438AF809
S315020DEDC80000012001F0EDFC18F91700B0F1FF3F24
S315020DEDD809DC18F8170000F07F0008F81700C8209C
S315020DEDE8012101F04AFC0137032FB7D120880136DC
S315020DEDF88642B1D301B0BDE8F08FF0B581B00C46AD
S315020DEE08054608784EF20001C4F2250101EB0020F1
S315020DEE1828612C60A06843F204076860207BC4F25F
S315020DEE2820072872E0696863206AE8630020A863F0
S315020DEE38C5E90500C5E9070085F8290085F82A0000
S315020DEE4885F82B0085F82C00EFF31086012080F348
S315020DEE58108821783A68C1F10901884022EA000032
S315020DEE68386038681E20012101F007FC86F31088E8
S315020DEE782846214600F06AF8A06958B141684FF450
S315020DEE88002209680A60D0E90112006812689047E3
S315020DEE98064698B9606928B341684FF00062096859
S315020DEEA80A60D0E90112006812689047D0B1064689
S315020DEEB8A06918B181680068096A8847EFF3108559
S315020DEEC8012080F3108821783A68C1F1090188403A
S315020DEED81043386038681E20012101F0CEFB85F3F8
S315020DEEE8108805E044F64310C5F249200026E8606D
S315020DEEF8304601B0F0BD9C46012380F82AC000F0C9
S315020DEF08E7B89C46002380F82AC000F0E1B8B0B5F0
S315020DEF18044600690025C5712168204600F016F8D9
S315020DEF2894F82600216984F82800A069B322C4E959
S315020DEF380750002084F82C5084F82A50CA71B0BDA7
S315020DEF480346416000201A727047D4D4F0B502699F
S315020DEF5800231370026940231370026913785B0646
S315020DEF68FCD5C023137002680369526A0825127903
S315020DEF784EF2001C42F0E0021A7402680369526AE4
S315020DEF88CEF2000CD27842F2E00E42F0E0025A744A
S315020DEF9802680369526AC2F2182E927862F306154E
S315020DEFA89D7002680369526A15785278013DB5FA61
S315020DEFB885F56D0945EA420242F00402DA700268E5
S315020DEFC844F2402552680369C0F20F05AA424FF072
S315020DEFD8770208BF6FF008025A710269002393710E
S315020DEFE80269B323D3714A7B91F9116013010CF5AA
S315020DEFF8407293554CF200334EF82600C4F20003C4
S315020DF00853F8264006F01F0524F4803443F82640AB
S315020DF01853F82640012404FA05F70CF5C07576094E
S315020DF028BFF35F8F45F826704CF826704E7B91F923
S315020DF0380F703601D6554EF8270053F8276026F479
S315020DF048803643F8276053F8276007F01F0604FA3F
S315020DF05806F67F09BFF35F8F45F827604CF82760E0
S315020DF0684E7B91F910703601D6554EF8270053F896
S315020DF078276026F4803643F8276053F8276007F091
S315020DF0881F0604FA06F67F09BFF35F8F45F8276058
S315020DF0984CF827604E7B91F90E10360156544EF8F0
S315020DF0A8210053F8212022F4803243F8212053F807
S315020DF0B8212001F01F0204FA02F24909BFF35F8FFC
S315020DF0C845F821204CF8212000699F210170F0BDD9
S315020DF0D890F808C0C0E90512BCF1010F08D10179F3
S315020DF0E84FF4807C43EA4101A0F825C080F824102C
S315020DF0F810B581B04EF2200180F82930C4F2010113
S315020DF10809680091009901F00F210091DDF800E0E0
S315020DF118DDF800C001690B7C90F82C409CB9CEF342
S315020DF1280322A2EB1C6203FA02F2042A06D3920800
S315020DF13891F90130002B03D5013AF9D108216CE07A
S315020DF1480022CA71826990F82630002180F82810AB
S315020DF158C0E9072180F8273080F82B1080F82D108A
S315020DF16880F82E1080F82F1080F830100168D0F82C
S315020DF17810C0496A0B784C78013BB3FA83F34A7986
S315020DF1885B0991F806E043EA440343EA021242EAAE
S315020DF198CE1242F004028CF803200269137943F069
S315020DF1A8100313710269137903F0F70313710269D8
S315020DF1B8137903F0EF0313710269C979137903F011
S315020DF1C87F0343EAC111117101694A7942F00102BD
S315020DF1D84A71016891F90F1000290BD401F01F022B
S315020DF1E8012303FA02F24EF200134909CEF2000385
S315020DF1F843F8212001694A7A02F0F3024A7201693B
S315020DF208BF22CA7190F82C1019B1002180F82C1062
S315020DF21803E00069022141700021084601B010BDC4
S315020DF22810B582B0EFF303804FF0704101EB006029
S315020DF2384CF200328015C4F20002835823F480334F
S315020DF24883508058EFF3038001EB006042F2E00130
S315020DF2588015C2F218210C5894F82D0038B194F87D
S315020DF2682E0001284DD1002084F82E0080E0A069D9
S315020DF278022804D82069017941F040010171E0693B
S315020DF28801280ED12069017941F010010171206919
S315020DF298017941F0080101712069017901F0EF0147
S315020DF2A8017120688269D2B1216994F82930012B3E
S315020DF2B815D1A369042B12D3D2F808C01068DCF84D
S315020DF2C808C06269033B13319BB2E047A269032169
S315020DF2D82068033AC4E90712012184F82E10406A00
S315020DF2E8C079012803D12046052100F043FA206989
S315020DF2F8C07C8DF807009DF80700012084F82D00C3
S315020DF30836E0E069A0B32168496AC979012904D1B1
S315020DF3182046052100F02EFAE06901282AD0022896
S315020DF32806D0032813D12069017941F040010DE079
S315020DF3382069017941F0100101712069017941F0C5
S315020DF348080101712069017901F0EF010171D4E912
S315020DF3580401C07C226A8854D4E9071001300139A8
S315020DF368C4E9071004D12069017901F0BF010171C1
S315020DF37802B010BD94F82A00012831D120684EF248
S315020DF388801390F90F10012001F01F0200FA02F204
S315020DF3984909CEF2000343F82120BFF34F8FBFF37D
S315020DF3A86F8F2169CA7942F08002CA7121690A7979
S315020DF3B842F010020A7121690A7902F0F7020A71FE
S315020DF3C821690A7902F0EF020A71216904224A704B
S315020DF3D821694A7902F0FE024A7184F82C00B6E7D1
S315020DF3E82069417A01F0F7014172206908214170BD
S315020DF3F8ADE7D4D4B0B5EFF303804FF070414CF2BC
S315020DF408003501EB0060C4F200058015425922F45D
S315020DF418803242514059EFF3038001EB006042F20C
S315020DF428E0018015C2F218210C5894F82700A0B3F2
S315020DF43894F82610032907D194F82810022903D126
S315020DF44894F83010002950D094F8245022690128D6
S315020DF45817D120684069A0B194F8291089B9A16914
S315020DF46879B181680068D1F808C06169A38B123237
S315020DF478E047A16900202269C4E90701012084F841
S315020DF4882F00957494F8280094F82710013084F803
S315020DF4982800481E84F82700B0BD94F8290020BB21
S315020DF4A82068406AC079012808D194F82B0028B93A
S315020DF4B8206A18B12046052100F05CF994F82F0050
S315020DF4C8012804D1002084F82F00E0690CE0E069D8
S315020DF4D860B1D4E90401226A895C8174D4E9071002
S315020DF4E8421C481EC4E9070200B1B0BD2069C179A4
S315020DF4F801F07F01C17120696FF0BE0190F90720F5
S315020DF508B2F1FF3F03DC002901F10101F6D12068B2
S315020DF51890F9100055F8201021F4803145F8201085
S315020DF52855F82000206890F9100000280BD400F039
S315020DF5381F01012202FA01F14EF280224009CEF292
S315020DF548000242F820102069C17941F04001C171CB
S315020DF558B0BDD4D410B5EFF303804FF0704101EB73
S315020DF568006042F2E0018015C2F218210C5820689B
S315020DF578406AC079012803D12046052100F0FAF820
S315020DF58894F82900012806D194F82700012802D1FA
S315020DF59894F8300080B3E06970BB94F82A0001280C
S315020DF5A822D12068012290F90F004EF2801300F045
S315020DF5B81F0102FA01F14009CEF2000343F82010A9
S315020DF5C8BFF34F8FBFF36F8F2069C17941F0800169
S315020DF5D8C1712069042141702069417901F0FE014A
S315020DF5E8417184F82C2007E02069417A01F0F70170
S315020DF5F841722069082141702069C17901F0BF0164
S315020DF608C17120696FF0BE01C279520603D5002970
S315020DF61801F10101F8D1EFF303804FF0704101EBCF
S315020DF62800604CF200318015C4F20001425822F4F2
S315020DF63880324250405810BDB0B5EFF303804FF0FB
S315020DF648704101EB006042F2E0018015C2F2182109
S315020DF6580C5821694A7A4B7A02F01F0003F0E0032F
S315020DF6680F2802F003024B7201D83AB924E0216938
S315020DF6784B785B0658BF42F00102D2B1012084F8DD
S315020DF6882B0020690025C57121682046FFF75EFC0F
S315020DF69894F82600216984F82800A069C4E9075060
S315020DF6A8B32084F82C5084F82A50C87120460121BB
S315020DF6B84DE04A78520611D4010706D494F82C2047
S315020DF6C8012A31D110F004022ED0E06910B994F84E
S315020DF6D82B0098B3002919D4012036E0012084F8AD
S315020DF6E82B000820487020682169406A0278437900
S315020DF6F8807942EA031242EAC01040F00200C8704D
S315020DF7082069417941F00101417122E094F8260000
S315020DF718002184F82800A069C4E90710012084F89D
S315020DF7282C1084F82A100DE0400712D52068406A7D
S315020DF738C07901280DD12046042108E094F8290044
S315020DF74880F003002169B322CA71C1B2204600F0C6
S315020DF75811F8EFF303804FF0704101EB00604CF2A4
S315020DF76800318015C4F20001425822F4803242500B
S315020DF7784058B0BDB0B582B0856B0446002D1ABF90
S315020DF788D5E90002CDE900026D46E06B29712860C4
S315020DF7982068416939B194F8292022B98A6808681E
S315020DF7A8116988472068806938B194F829100129AA
S315020DF7B803D18168006809698847616B28468847BD
S315020DF7C8A06B18B1DDE90012C0E90012002084F819
S315020DF7D82B0002B0B0BDF0B591F902304CF2003CE7
S315020DF7E80371C4F2000C4FF0000E5CF823704CF84E
S315020DF7F823E08B683C248360CB680246C3600B7892
S315020DF80804EA930443712344C324C0F2400464F307
S315020DF8181F2349F60054CFF6FF7403F804E04D7919
S315020DF8280E79C878ED0145EA06163043185592F950
S315020DF83804004CF8207092F9040000280CD449787B
S315020DF8484EF200430901CEF20003C15442F2E00121
S315020DF858C2F2182141F8202044F25531C0F249016D
S315020DF86800201160F0BD90F904004CF20031C4F28B
S315020DF878000151F8202022F4803241F8202051F857
S315020DF888201000F01F01012202FA01F14EF20012B8
S315020DF8984009CEF2000202EB8003BFF35F8FC3F875
S315020DF8A8801142F820100020704790F904000122B9
S315020DF8B800F01F0102FA01F14EF280124009CEF252
S315020DF8C8000242F82010BFF34F8F0020BFF36F8F4F
S315020DF8D8704703460020C3E902127047014690F9A4
S315020DF8E80400002818D400F01F02012303FA02F2BD
S315020DF8F84EF280134009CEF2000343F82020BFF3DF
S315020DF9084F8FBFF36F8F91F9040042F2E002C2F2F4
S315020DF9181822002342F82030002200200A60704780
S315020DF92870B582B04FF07041EFF3038001EB0061C1
S315020DF93842F2E0028815C2F2182210583C23427987
S315020DF9484CF2003403EA92031A44C323C0F240036D
S315020DF95863F31F2249F60053CFF6FF73D25CC4F246
S315020DF968000402F00306032E4FEA216507D054F868
S315020DF978251021F4803144F8251054F82510816894
S315020DF98829B14279C068CDE9000268468847032E37
S315020DF99807D154F8250020F4803044F8250054F890
S315020DF9A8250002B070BDD4D42DE9F04F81B00D46B5
S315020DF9B8097C012204460D294FF0000002FA01F1D5
S315020DF9C888BF0120E16065602074287C42F200013F
S315020DF9D8C4F2320101EB0020A060686943F6107982
S315020DF9E86061A8694FF00008C4F23209C4E90680BD
S315020DF9F8D5F81CB0C9F80020EFF3108782F31088EA
S315020DFA08287C4FF0004A011F062943F210012AFAF3
S315020DFA1800F0C4F220016FEA00000A6838BF6FF0E1
S315020DFA2800601040086008681E20012100F025FEBE
S315020DFA3887F31088207B00070DD0EFF31080012184
S315020DFA4881F31088A189B9F8F22022EA0101A9F8F1
S315020DFA58F21080F31088A0684FF425410160A06862
S315020DFA68C0F82C80A068C0F83C80A068C0F8488011
S315020DFA782978287A0329A1684FEAC0506A6808BF0F
S315020DFA8800F58030C862A068C0F810A0A068C0F85A
S315020DFA9814A0A068C0F818A0A068C0F82480A068B1
S315020DFAA8C0F82880DBF81800A168C861DBF81C00CD
S315020DFAB8A1680862A068511E8166A0684166297808
S315020DFAC8DBF85090012938D029B969684FF0FF3211
S315020DFAD802EB510108E0A268E968936E03F101038E
S315020DFAE829B1994203D201394FF0000827E099420C
S315020DFAF84FF0000328BF0123526B6768B1FA81FCE8
S315020DFB0802F0100102F00C023F78043AB2FA82F2C0
S315020DFB185209032F40F200084FF0010E88BF8EEAF4
S315020DFB281112002AC0F2033808BF4FEA5C13002BE4
S315020DFB381CBF40F20008C0F202284FF0FF31A2683E
S315020DFB485165A26891652A78042A03D3A268D165FC
S315020DFB58A2681166DBF85010C9BB9BF80010012983
S315020DFB6816D12A789BF80110022A03D0032A03D14B
S315020DFB78032205E0092203E00922002908BF06220D
S315020DFB880B0143EA8111114441EA090040F48079D7
S315020DFB989BF8021001291AD12A789BF80310022A1A
S315020DFBA804D0032A05D14FF4403208E04FF410224F
S315020DFBB805E04FF41022002908BF4FF4C0220B05A9
S315020DFBC843EA8151114441EA090040F0807961689E
S315020DFBD80023C96901F1300291F84870DF40FF0729
S315020DFBE80DD052F82370A0681E46042B08BF0326B3
S315020DFBF8013F032B08BF042600EB8600C7640133B9
S315020DFC08062BE9D1287C0D2802D8A068002141646B
S315020DFC18A06800218163A068C0F88810DBF850003F
S315020DFC2840B99BF820009BF82110400340EA417029
S315020DFC3849EA00099BF84800A16800284FF4A0007C
S315020DFC4808BF4FF4AA0008642878012804D1A068D1
S315020DFC580021C164A0680165A068C0F834909BF8BC
S315020DFC685510A2689BF854004901D36A41EA00105F
S315020DFC781843D062A06848F003010163A06848F0F2
S315020DFC8801010163D4E902124EF20010CA6095F918
S315020DFC9812304CF2003142F2E002CEF20000C4F20A
S315020DFCA80001002BC2F218221CD46F7CC6183F0124
S315020DFCB886F8007342F8234051F82370012627F47B
S315020DFCC8803741F8237051F8237003F01F075B093B
S315020DFCD806FA07F700EB8306BFF35F8FC6F8807146
S315020DFCE840F823709BF92830002B1DD49BF82270FF
S315020DFCF8C6183F0186F8007342F8234051F823705F
S315020DFD08012627F4803741F8237051F8237003F042
S315020DFD181F075B0906FA07F700EB8306BFF35F8F2A
S315020DFD28C6F8807140F823709BF92930002B1DD433
S315020DFD389BF82370C6183F0186F8007342F82340D4
S315020DFD4851F82370012627F4803741F8237051F8AC
S315020DFD58237003F01F075B0906FA07F700EB830604
S315020DFD68BFF35F8FC6F8807140F823709BF92A306E
S315020DFD78002B1DD49BF82470C6183F0186F8007314
S315020DFD8842F8234051F82370012627F4803741F8AB
S315020DFD98237051F8237003F01F075B0906FA07F75C
S315020DFDA800EB8306BFF35F8FC6F8807140F82370A8
S315020DFDB89BF92B30002B1DD49BF82570C6183F01D5
S315020DFDC886F8007342F8234051F82370012627F46A
S315020DFDD8803741F8237051F8237003F01F075B092A
S315020DFDE806FA07F700EB8306BFF35F8FC6F8807135
S315020DFDF840F823709BF92C30002B1DD49BF82670E6
S315020DFE08C6183F0186F8007342F8234051F823704D
S315020DFE18012627F4803741F8237051F8237003F031
S315020DFE281F075B0906FA07F700EB8306BFF35F8F19
S315020DFE38C6F8807140F823709BF92D30002B1DD41E
S315020DFE489BF82770C6183F0186F8007342F82340BF
S315020DFE5851F8232022F4803241F8232051F8231039
S315020DFE6803F01F01012202FA01F15A0900EB82037E
S315020DFE78BFF35F8FC3F8801140F8221045F2540183
S315020DFE88C0F247010020216001B0BDE8F08FD0E92C
S315020DFE98021200204A607047D0E9021200208A60D9
S315020DFEA87047D0E902120020CA60704780B5D0E9C2
S315020DFEB8011EC969D1E901C3CA6843F00043CEF8E8
S315020DFEC81430836842F000429A6182684CF000430E
S315020DFED813610A6983685A624969826800209162C8
S315020DFEE880BD81684FF000420A6181684A61816866
S315020DFEF88A61816800224A62816800208A62704797
S315020DFF0883684A1E9A6643681B783BB94FF0FF3CD5
S315020DFF1883680CEB51015965836899658168CB6ACB
S315020DFF28DB0707D14A6681684FF4AA020A64D0E94B
S315020DFF380201C160002070472DE9F04383B00446E3
S315020DFF480020164601904FF0FF3002F0030900908B
S315020DFF586A4620463346884600F03DF9A068056B89
S315020DFF68019F97B931074FF0040158BF0221009A34
S315020DFF78B30701D44B4604E000EB8100C264A068C6
S315020DFF880123194300EB8100C26470060CD4022EBC
S315020DFF9838460FD138466FB16A4620464146012387
S315020DFFA800F019F9019805E0A068016C41F4800189
S315020DFFB80164384625F4403141EA0741B9F1010F8A
S315020DFFC818BF0D4625F04072B9F1000F18BF42EA67
S315020DFFD80061A2680020116303B0BDE8F083806852
S315020DFFE81346042A08BF03230139032A08BF04232B
S315020DFFF800EB83020020D1647047B0B58268526E59
S315020E000801328A608068D0F82CC04EF22000C4F203
S315020E001801000368808803F00F0E43EA10121207D6
S315020E0028C0F3031009D442F23412C2F2182212682D
S315020E003802FA00F020FA0EF01BE000F00702032483
S315020E004804FA02F208284FF0010538BF05FA00F243
S315020E005803F007001B0742F23413C2F218231B6879
S315020E006804FA00F058BF05FA0EF003FB02F2B2FBD1
S315020E0078F0F0CCF3C352D0404860012200200A7039
S315020E0088B0BD8268D26A02F001020A718068826C79
S315020E009800200A6070478446C0E905130020CCF892
S315020E00A81C20704710B542684EF2801C92F9121047
S315020E00B8D36942F2E00ECEF2000C0029C2F2182ED5
S315020E00C80ED401F01F02012404FA02F24C094CF86E
S315020E00D82420BFF34F8F0022BFF36F8F4EF82120D5
S315020E00E893F9281000290ED401F01F02012404FAEE
S315020E00F802F24C094CF82420BFF34F8F0022BFF3AD
S315020E01086F8F4EF8212093F9291000290ED401F08B
S315020E01181F02012404FA02F24C094CF82420BFF3FA
S315020E01284F8F0022BFF36F8F4EF8212093F92A10B4
S315020E013800290ED401F01F02012404FA02F24C0918
S315020E01484CF82420BFF34F8F0022BFF36F8F4EF861
S315020E0158212093F92B1000290ED401F01F02012437
S315020E016804FA02F24C094CF82420BFF34F8F0022F0
S315020E0178BFF36F8F4EF8212093F92C1000290ED457
S315020E018801F01F02012404FA02F24C094CF824204B
S315020E0198BFF34F8F0022BFF36F8F4EF8212093F9CC
S315020E01A82D1000290ED401F01F02012303FA02F2C2
S315020E01B84B094CF82320BFF34F8F0022BFF36F8FE4
S315020E01C84EF82120D0E9022300210160936082684D
S315020E01D80020516310BDB0B5D0F808C0DCF868E04F
S315020E01E80EF1010E21B1714502D2481E1060B0BD44
S315020E01F871454FF0000E28BF4FF0010EB1FA81F588
S315020E0208DCF83410102404EA03134068D94001F0CE
S315020E0218100301F00C0100780439B1FA81F149098B
S315020E022803284FF0010488BF84EA1311002908BF78
S315020E02384FEA551EBEF1010F0CBF02200320506075
S315020E0248B0BD82680129506B40F4807318BF1846F8
S315020E0258002918BF40F080730020536370478268E6
S315020E02680129506B20F4807318BF1846002918BF4F
S315020E027820F080730020536370472DE9F0410D4636
S315020E028842F28401C2F218210A7840F200060446A6
S315020E0298C2F218260ABB4FF0010843F2000081F893
S315020E02A80080EFF3108788F31088C4F220000168E5
S315020E02B821F40001016000681E20012100F0DDF91B
S315020E02C887F310883046482102F051FD4AF60C4053
S315020E02D8C4F20000866080F80080686890F9000013
S315020E02E8002805D456F8201029B10820BDE8F08159
S315020E02F80B20BDE8F0812071296811B1204600F065
S315020E0308FDF844F20030C4F2544020600020BDE8E5
S315020E0318F081D4D4B0B5044690F904004CF20035F7
S315020E0328C4F2000555F820204FF6FF73CFF6FE638A
S315020E03381A4045F8202055F8200094F904004AF68A
S315020E03480E4240F40040C4F2000200BF13889842DF
S315020E0358FCD0204600F0D2F894F9041055F8210084
S315020E036840F08072002045F82120B0BD10B582B04B
S315020E0378019100924CF2003C90F9041040F20002F0
S315020E0388C4F2000CC2F2182252F821E05CF82120BF
S315020E03984FF6FF74CFF6FE6422404CF821205CF825
S315020E03A8211090F904104AF60E42C4F2000241F4E4
S315020E03B8004100BF1488A142FCD008219170019910
S315020E03C811B10199CEF80410009911B10099CEF81F
S315020E03D80810DEF80010B1F1404F02DAAEF80C3012
S315020E03E805E00024B4EB917F08BFAEF80E30182153
S315020E03F8917090F904105CF8210040F0807200208A
S315020E04084CF8212002B010BD90F904104CF20032BD
S315020E0418C4F2000252F8210040F08073002042F81E
S315020E04282130704790F904004CF20031C4F20001F3
S315020E043851F820204FF6FF73CFF6FE631A4041F8A5
S315020E0448202051F82000002070470620704706200B
S315020E0458704790F9040040F20002C2F2182252F8CE
S315020E046820000022C1E900220268B2F1804F05D2AD
S315020E04784FF480328A60C089C8600EE04FF48072EB
S315020E04888A60C289D2B2CA600268B2F1404F04DAF1
S315020E04984FF480320A608089486000207047D4D4AF
S315020E04A880B5864690F904004CF2003CC4F2000C64
S315020E04B85CF820304FF6FF72CFF6FE621A404CF801
S315020E04C820205CF820209EF904204AF60E4342F4B8
S315020E04D80042C4F2000300BF19888A42FCD040F2D9
S315020E04E80001C2F21821002241F820200020CEF87F
S315020E04F8002080BD062070470620704780B501F1A0
S315020E05080E0200BF52F80EECBEF1804F06D3B2F8B9
S315020E051800C05FFA8CF343EA0C2313801EF4400FD5
S315020E052802F11002EED14AF61042C4F20002082374
S315020E0538137090F9040040F20003C2F2182343F82E
S315020E054820101820107080BD4EF22401C4F201014B
S315020E055888780988C1F30312A2F1080103293BD848
S315020E0568DFE801F0022C101E40F24051C2F21821A9
S315020E057851F820004AF6AB21CAF6AA21A0FB0101C0
S315020E0588480830E040F24051C2F2182151F82000D4
S315020E05984AF6AB21CAF6AA21A0FB0101C80822E037
S315020E05A840F24051C2F2182151F820004AF6AB2108
S315020E05B8CAF6AA21A0FB0101080914E040F240512D
S315020E05C8C2F2182151F820004AF6AB21CAF6AA2120
S315020E05D8A0FB0101880806E040F24051C2F218213A
S315020E05E851F82000D04042F23411C2F218210860A6
S315020E05F8704770B540F2405046F6004141F200226D
S315020E0608C2F21820C0F2DC21C0F27A0243F2006C62
S315020E06184FF40043C0F26E1C4CF6002E44F25534CB
S315020E062848F2004544F2006680E80E1040F60001D4
S315020E063843F60002C3F69A3EC1F2DE34C1F2D7750C
S315020E0648C2F2C336C2F6AF71C1F69C42C0E9043E87
S315020E0658C0E90664C0E908518262BDE87040FFF738
S315020E066873BF40F24051C2F2182151F8200070476A
S315020E06787047D4D400BE00BFFEE742F23412C2F26D
S315020E06881822126841F20023C0F27A039A4201FB3B
S315020E069800F00FD340F6FF01C0F23D0111444DF6AC
S315020E06A88362C4F21B32A1FB0212110DA0FB0101D9
S315020E06B8E9B11FE04CF6002348F63811C3F69A3311
S315020E06C8C0F24101B3FBF2F2884207D24FF47A71B5
S315020E06D800FB01F0B0FBF2F0800808E09200B0FBD6
S315020E06E8F2F0884206D24FF47A7100FB01F028B175
S315020E06F800F005B84FF0FF3000F001B87047013828
S315020E07080028FCD17047D4D4F0B581B04CF200154E
S315020E0718C4F200052868296A42F2880701EA000629
S315020E07280024C2F2182700BF26FA04F0C00704D026
S315020E073857F8241009B1204688470134152CF3D1EF
S315020E07482E6100BF286A3042FCD101B0F0BDD4D466
S315020E075870B546F230414CF2003246F240034FF083
S315020E0768000EC0F20E21C4F20002C4F200034FF0CC
S315020E0778010C002031F8104074B1BEEB942F42F8EA
S315020E0788204009D1650953F8256004F01F040CFAB6
S315020E079804F4344343F825400130122808BF70BDCD
S315020E07A8E8E70122EFF3108182F3108842F228124B
S315020E07B8C2F2182232F8103023B132F81030013B49
S315020E07C822F8103032F810208AB94EF2FA3CC4F2E8
S315020E07D8010C46F60022BCF80030C0F20E2232F8A0
S315020E07E8100043F4254222EA0000ACF8000081F319
S315020E07F81088704780B50122EFF3108182F31088B4
S315020E080842F22812C2F2182232F810308BB94EF280
S315020E0818FA3C46F60023C4F2010CC0F20E23BCF8CB
S315020E082800E033F8103043EA0E0343F42543ACF8DE
S315020E0838003032F81030013322F8103081F3108866
S315020E084880BDD4D400F006F8FCF73BFEFEE700BEE8
S315020E08587047D4D4B0B54EF60850CEF200004FF417
S315020E08687001C0F8801048F20001C0F20D214CF258
S315020E0878040401600020C4F20104FBF7DDFEFFF753
S315020E0888B8FE206840F00100206000BF20680028EC
S315020E0898FCD1012044F8040CFBF7CEFE40F24010C0
S315020E08A8C2F2182080F30A88002000F02FF8FFF70C
S315020E08B84BFE012000F02AF842F26844C2F21824CE
S315020E08C8204602F091FA204602F0A2FA46F69E5009
S315020E08D846F69E51C0F20E20C0F20E21081A841058
S315020E08E8012C08DB46F69E55C0F20E2555F8040B6A
S315020E08F88047013CFAD10220FBF79EFEFFF728FF3E
S315020E09080020BDE8B040FFF7B3BED4D4F0B581B02F
S315020E091846F2D475C0F20E252E68044676B168687C
S315020E0928071D00BF7879844204D157E90101091AD5
S315020E093802F01DFA013E07F10C07F3D1AE6886B135
S315020E0948E86800F1080500BF6879844205D155E9C1
S315020E095802022968121A02F00EFA013E05F1100574
S315020E0968F2D101B0F0BD10B582B070B104461820AE
S315020E097801900198182817D10021204640F8041B29
S315020E098800F064F9204602B010BD45F2CA0044F6DC
S315020E0998187245F24273C0F20E20C0F20E22C0F24F
S315020E09A80E235D21FFF766FE45F2CA0044F618725B
S315020E09B844F63073C0F20E20C0F20E22C0F20E2397
S315020E09C86521FFF757FED4D42DE9F041D0B30D4673
S315020E09D8B1F1807F46D2804600F10C0600F0A0FFE8
S315020E09E8D8F80000D8F810702843B742C8F80000A5
S315020E09F81DD000253846D7E90037D8F8001023F05F
S315020E0A087F425C0101EA02040AD434B141F0007154
S315020E0A18DB0148BF154301F030FCB742EAD102E0CA
S315020E0A289442F3D0F9E7D8F80000E94301E04FF013
S315020E0A38FF310840C8F8000000F0CCFFD8F80000D5
S315020E0A48BDE8F08145F2CA0044F6330245F22E336A
S315020E0A58C0F20E20C0F20E22C0F20E2340F232214E
S315020E0A68FFF708FE45F2CA0044F6330244F6DB43A4
S315020E0A78C0F20E20C0F20E22C0F20E2340F233212D
S315020E0A88FFF7F8FD2DE9F04381B000286DD00D462B
S315020E0A98B1F1807F79D2002D00F08780089E9946A3
S315020E0AA89046044601F0DBFC16B1002800F08D8054
S315020E0AB800F036FF276807EA0500B0FA80F1401BF8
S315020E0AC818BF0120B9F1000F08BF4809002840D007
S315020E0AD8002E44D04146B8F1000F18BF4FF0807170
S315020E0AE8B9F1000F18BF41F08061201D2943324625
S315020E0AF801F0B1FA00F06EFF50B94EF60450CEF27E
S315020E0B0800004FF080510160BFF34F8FBFF36F8F16
S315020E0B1801F0B8FC0646800118D4FCF79AFE266840
S315020E0B2816EA0500A0EB050118BF0120B9F1000F60
S315020E0B38B1FA81F118BF4809B8F1000F18BF00289B
S315020E0B4802D026EA05002060FCF7AEFE26F07F47A5
S315020E0B5807E0B8F1000F1CBF27EA0500206000F077
S315020E0B6839FF384601B0BDE8F08345F2CA0045F2B0
S315020E0B787B5245F22E33C0F20E20C0F20E22C0F27E
S315020E0B880E2340F24711FFF775FD45F2CA0045F2EC
S315020E0B987B5244F63533C0F20E20C0F20E22C0F254
S315020E0BA80E234FF4A471FFF765FD45F2CA0045F20E
S315020E0BB87B5244F66D33C0F20E20C0F20E22C0F2FC
S315020E0BC80E2340F24911FFF755FD45F2CA0045F2CA
S315020E0BD87B5244F2E073C0F20E20C0F20E22C0F22D
S315020E0BE80E234FF4A671FFF745FD70B570B10D468B
S315020E0BF8B1F1807F1AD20446FCF72BFE266826EA46
S315020E0C0805002060FCF750FE304670BD45F2CA005C
S315020E0C1845F6E75245F22E33C0F20E20C0F20E22E8
S315020E0C28C0F20E234FF4F171FFF724FD45F2CA0006
S315020E0C3845F6E75246F2C803C0F20E20C0F20E225D
S315020E0C48C0F20E2340F2E311FFF714FD4FF0FF3107
S315020E0C58024642F8081F0021C0E90322C0E9001223
S315020E0C68704700210161704742684A6093688B603B
S315020E0C785960916008610168013101607047D4D4E8
S315020E0C8880B5D1F800C01CF1010207D000F10802A6
S315020E0C989646526813686345FAD903E0D0F810E00F
S315020E0CA8DEF804204A609160C1F808E0CEF8041016
S315020E0CB8086101680131016080BDD0E9012301692D
S315020E0CC8936042685A604A68824201D182684A60D3
S315020E0CD800220261086801380860704770B500285C
S315020E0CE84BD00446C06BC0B30E46216CA0FB010165
S315020E0CF899BBFCF7AEFD2068D4E90F12002502FB5C
S315020E0D080103013901FB0201A563C4E90103FF20B0
S315020E0D18E16084F8440084F8450004F110004EB1EF
S315020E0D28FFF794FF04F12400FFF790FFFCF7BCFDD2
S315020E0D38012070BD01680029F8D001F018FA0028C2
S315020E0D48F4D04EF60450CEF200004FF080510160F8
S315020E0D58BFF34F8FBFF36F8FE8E745F2854045F62F
S315020E0D68FC5245F69A13C0F20E20C0F20E22C0F2BB
S315020E0D780E234FF4B671FFF77DFC45F2854045F614
S315020E0D88FC5245F62213C0F20E20C0F20E22C0F213
S315020E0D980E2340F23711FFF76DFC10B582B043B33E
S315020E0DA8B8B11C4601B9A2B901B192B14823019351
S315020E0DB8019B482B2DD1019B002908BF2246C4E967
S315020E0DC80F01204601212260FFF788FF204602B056
S315020E0DD810BD45F2854045F2FC0245F25573C0F246
S315020E0DE80E20C0F20E22C0F20E234FF4D871FFF770
S315020E0DF841FC45F2854045F2FC0244F68223C0F2D6
S315020E0E080E20C0F20E22C0F20E234FF4C271FFF765
S315020E0E1831FC45F2854045F2FC0244F65073C0F2A7
S315020E0E280E20C0F20E22C0F20E234FF4CB71FFF73C
S315020E0E3821FCB0B582B060B10D46814209D814467E
S315020E0E48002100222346FFF7A8FF2046A56302B01B
S315020E0E58B0BD45F2854045F23A3244F69023C0F2C9
S315020E0E680E20C0F20E22C0F20E234FF45E71FFF769
S315020E0E7801FCD4D42DE9F04F85B00028049200F077
S315020E0E889D8099461546044619B9206C002840F0ED
S315020E0E98C580B9F1020F03D1E06B012840F0AE808E
S315020E0EA8019101F0DCFA10B9002D40F09780FCF79B
S315020E0EB8D0FCA06BB9F1020F59D0E16B884256D31A
S315020E0EC804F11007012002AE4FF0000B04AD00BF6D
S315020E0ED80499002966D0C00702D0304601F055FAA9
S315020E0EE8FCF7E2FC00F01CFDFCF7B3FC94F8440098
S315020E0EF8FF2808BF84F844B094F84500FF2808BFB7
S315020E0F0884F845B0FCF7D0FC3046294601F04AFA79
S315020E0F1800284AD1FCF79DFCD4F838A0D4F83C80B8
S315020E0F28FCF7C2FCC24515D10499384601F072F88F
S315020E0F38204600F0B5F800F04DFD80B94EF6045085
S315020E0F48CEF200004FF080510160BFF34F8FBFF310
S315020E0F586F8F04E0204600F0A3F800F03BFDFCF785
S315020E0F6878FCA06BE16B88424FF00000B0D2019973
S315020E0F7820464A4600F062F854F8240F70B120460D
S315020E0F8801F0F5F850B14EF60450CEF200004FF0CD
S315020E0F9880510160BFF34F8FBFF36F8FFCF784FC4E
S315020E0FA8012008E0FCF780FC04E0204600F078F801
S315020E0FB800F010FD002005B0BDE8F08F45F2854021
S315020E0FC844F6460245F62213C0F20E20C0F20E224F
S315020E0FD8C0F20E2340F2B631FFF74CFB45F28540BE
S315020E0FE844F6460244F2E073C0F20E20C0F20E2216
S315020E0FF8C0F20E2340F2BB31FFF73CFB45F28540A9
S315020E100844F6460244F69823C0F20E20C0F20E2289
S315020E1018C0F20E234FF46E71FFF72CFB45F2854094
S315020E102844F6460246F2FE03C0F20E20C0F20E2225
S315020E1038C0F20E2340F2B731FFF71CFB70B5866B72
S315020E1048036C044643B31546CAB1E0681A4601F064
S315020E105892FEE168206C2268091A9142E16003D277
S315020E1068A16840420844E060A81EB0FA80F0400922
S315020E10783146002E18BF01210840361A0CE0606868
S315020E10881A4601F078FED4E90101226C1044884210
S315020E1098606001D320686060701CA06370BDD4D4F2
S315020E10A8F0B581B00446FCF7D4FB94F94560012EDF
S315020E10B80EDB04F1240500BF286848B1284601F064
S315020E10C856F808B101F0BEF970B2013E0128F3DCFA
S315020E10D8FF2684F84560FCF7E7FBFCF7BAFB94F9A2
S315020E10E84470012F0EDB04F1100500BF286848B1C3
S315020E10F8284601F03CF808B101F0A4F978B2013F8E
S315020E11080128F3DC84F8446001B0BDE8F040FCF730
S315020E1118CBBB2DE9F04100283DD00546006C0028D0
S315020E112849D12868884610B9A868002853D1FCF711
S315020E113821FCEFF31186102080F31188A86BE96B58
S315020E1148884210D295F945400130E7B2FF2FA863BF
S315020E11580BD000F059FFA04218D97F2F4BD0781C1E
S315020E116885F8450012E0002011E055F8240F68B103
S315020E1178284600F0FCFF0146B8F1000F4FF00100B9
S315020E118818BF002903D0C8F8000000E0012086F334
S315020E11981188BDE8F08145F2854044F6580245F6B7
S315020E11A82213C0F20E20C0F20E22C0F20E234FF404
S315020E11B8A861FFF75FFA45F2854044F6580245F6EE
S315020E11C82973C0F20E20C0F20E22C0F20E2340F28E
S315020E11D84451FFF74FFA45F2854044F6580245F652
S315020E11E87A43C0F20E20C0F20E22C0F20E2340F24D
S315020E11F84951FFF73FFA45F2854044F6580245F241
S315020E12088F53C0F20E20C0F20E22C0F20E2340F207
S315020E1218CB51FFF72FFAD4D42DE9F04F83B000281D
S315020E1228029200F0A28016468946044619B9206C27
S315020E1238002840F0BA8001F012F910B9002E40F0DB
S315020E1248A480FCF706FBD4F838A0BAF1000F28D012
S315020E1258226C52B1D4E902011144E160814224BFE3
S315020E12682168E160484601F086FD54F8100FAAF18E
S315020E12780101A16270B1204600F079FF50B14EF617
S315020E12880450CEF200004FF080510160BFF34F8F2B
S315020E1298BFF36F8F0124FCF707FB204603B0BDE8A8
S315020E12A8F08F04F1240801206F464FF0000B02AEB0
S315020E12B80299002955D0C00702D0384601F065F8C2
S315020E12C8FCF7F2FA00F02CFBFCF7C3FA94F844008A
S315020E12D8FF2808BF84F844B094F84500FF2808BFD3
S315020E12E884F845B0FCF7E0FA3846314601F05AF86A
S315020E12F860B12046FFF7D4FE00F06CFBFCF7A9FAA4
S315020E1308A56BFCF7D1FA75B322E000BFFCF7A1FA7A
S315020E1318A56BFCF7C9FA2DB12046FFF7C1FE00F000
S315020E132859FB15E00299404600F074FE2046FFF777
S315020E1338B7FE00F04FFB58B94EF60450CEF2000037
S315020E13484FF080510160BFF34F8FBFF36F8F00BF0F
S315020E1358FCF77FFAD4F838A00020BAF1000FA7D00E
S315020E136876E7002497E7002497E745F2854045F28B
S315020E13785E3244F6FB13C0F20E20C0F20E22C0F203
S315020E13880E2340F2E951FFF775F945F2854045F20B
S315020E13985E3244F2E073C0F20E20C0F20E22C0F2A2
S315020E13A80E2340F2F251FFF765F945F2854045F2F2
S315020E13B85E3245F26073C0F20E20C0F20E22C0F201
S315020E13C80E2340F2ED51FFF755F9D4D42DE9F04F1D
S315020E13D883B00028029100F08E800446006C002825
S315020E13E840F099800D4601F03AF810B9002D40F0FA
S315020E13F8A280FCF72EFAA16BD1B154F8100F01395F
S315020E1408A16270B1204600F0B2FE50B14EF60450FB
S315020E1418CEF200004FF080510160BFF34F8FBFF33B
S315020E14286F8F0124FCF740FA204603B0BDE8F08F11
S315020E14384EF6045904F1240801206E464FF0000BAD
S315020E144802AFCEF200094FF0805A00BF0299002968
S315020E14584DD0C00702D0304600F097FFFCF724FAAB
S315020E146800F05EFAFCF7F5F994F84400FF2808BF77
S315020E147884F844B094F84500FF2808BF84F845B0AE
S315020E1488FCF712FA3046394600F08CFF60B1204658
S315020E1498FFF706FE00F09EFAFCF7DBF9A56BFCF7E2
S315020E14A803FA35B31CE000BFFCF7D3F9A56BFCF7BC
S315020E14B8FBF92DB12046FFF7F3FD00F08BFA0FE08C
S315020E14C80299404600F0A6FD2046FFF7E9FD00F018
S315020E14D881FA28B9C9F800A0BFF34F8FBFF36F8FF1
S315020E14E8FCF7B7F9A16B00200029AFD085E70024D7
S315020E14F898E7002498E745F2854044F66B7244F65F
S315020E1508FB13C0F20E20C0F20E22C0F20E2340F2D8
S315020E15188261FFF7AFF845F2854044F66B7245F6DF
S315020E15282973C0F20E20C0F20E22C0F20E2340F22A
S315020E15388661FFF79FF845F2854044F66B7244F2D0
S315020E1548E073C0F20E20C0F20E22C0F20E2340F253
S315020E15588B61FFF78FF8D4D4B0B500B3D1B142F28E
S315020E1568381E4FF0000CC2F2182E0022002300BFBE
S315020E15780EEB02046568A8420DD023B92368002B28
S315020E158818BF644623460832502AF1D1002B18BFDB
S315020E1598C3E90010B0BD2346C3E90010B0BD45F23B
S315020E15A8854044F2B34245F6A423C0F20E20C0F299
S315020E15B80E22C0F20E2340F6C931FFF75BF870B55C
S315020E15C815460E460446FCF744F994F84400FF28DD
S315020E15D804BF002084F8440094F84500FF2804BF8F
S315020E15E8002084F84500FCF75FF9A06B28B904F1D0
S315020E15F8240031462A4600F07DFD2046BDE870409D
S315020E1608FFF74EBD2DE9F04F81B00B9D002D00F070
S315020E1618DD800C9C002C00F0E98081466420009047
S315020E16280098642840F0F28000980E460A9F2046DB
S315020E163864219846924601F09AFB256366B104F137
S315020E164834000021725C42541AB1132901F10101C8
S315020E1658F8D1002084F84700102F80F0E78005EBBA
S315020E16688A000438251D20F007062846E762FFF78A
S315020E1678F8FA04F11800FFF7F4FAC7F11000216B15
S315020E1688A06130464A46434624616462FCF788F8EE
S315020E16982060FCF7DEF842F2AC10C2F2182001689E
S315020E16A842F2881B01310160C2F2182BDBF80010D8
S315020E16B842F2901A42F2B817C2F2182AC2F2182742
S315020E16C861B1DAF80000002841D1DBF80000E16AC0
S315020E16D8C06A884298BFCBF8004038E0CBF8004083
S315020E16E80068012833D10026B819FFF7AFFA143667
S315020E16F8B6F5A07FF8D142F24038C2F21828404613
S315020E1708FFF7A4FA42F25439C2F218294846FFF7ED
S315020E17189DFA42F21430C2F21820FFF797FA42F2F5
S315020E17289410C2F21820FFF791FA42F2FC20C2F286
S315020E17381820FFF78BFA42F23430C2F21820C0F89C
S315020E1748008042F23830C2F21820C0F8009042F2F7
S315020E17588C10C2F2182001680131016042F2F8219A
S315020E1768C2F21821E06A0A68904288BF086000EB46
S315020E1778800007EB80004068A0608168E1604D60DA
S315020E17888560E06A00EB800007EB8001616157F81D
S315020E17982010013147F82010FCF786F8DAF8000017
S315020E17A880B1DBF80000E16AC06A88420AD24EF6B8
S315020E17B80450CEF200004FF080510160BFF34F8FF6
S315020E17C8BFF36F8F204601B0BDE8F08F45F2636016
S315020E17D845F2B15244F20D63C0F20E20C0F20E2249
S315020E17E8C0F20E2340F2F141FEF744FF45F2636062
S315020E17F845F2B15244F66D53C0F20E20C0F20E22D5
S315020E1808C0F20E2340F2F241FEF734FF45F2636050
S315020E181845F2B15246F26C13C0F20E20C0F20E22F7
S315020E1828C0F20E2340F2FA41FEF724FF45F2636038
S315020E183844F6885245F2CE73C0F20E20C0F20E223C
S315020E1848C0F20E2340F26471FEF714FF10B5B8B358
S315020E1858002945D042F2B013C2F218231A68013291
S315020E18681A6042F2B412C2F2182212681B68012BCF
S315020E187846D1036819449A42016006D299424FF03C
S315020E188800040DD2914206D80AE0994203D3914238
S315020E189801D8002404E0881A002100F049F8012430
S315020E18A800F098F850B94EF60450CEF200004FF0FA
S315020E18B880510160BFF34F8FBFF36F8F204610BD65
S315020E18C845F2636045F6D94245F26C33C0F20E20F4
S315020E18D8C0F20E22C0F20E2340F62F11FEF7CAFEF2
S315020E18E845F2636045F6D94244F2C743C0F20E206A
S315020E18F8C0F20E22C0F20E234FF41361FEF7BAFEA1
S315020E190845F2636045F6D94245F2B513C0F20E208A
S315020E1918C0F20E22C0F20E2340F63811FEF7AAFEC8
S315020E192842F2B010C2F21820016801310160704706
S315020E19382DE9F04381B00E4642F2B411C2F21821D5
S315020E19480D6842F23431C2F21821D1F8008042F201
S315020E1958383142F28814C2F21821C2F21824D1F88A
S315020E1968009021680746081DFFF7A7F9781C16D1BD
S315020E1978AEB142F2FC20C2F21820D0E90012236858
S315020E198801319A6093682768FB60276804375F609F
S315020E199823680433936022680160506117E0206859
S315020E19A8ED194560206800F1040105D3484601B0D9
S315020E19B8BDE8F043FFF764B94046FFF761F942F214
S315020E19C82830C2F2182001688D4238BF056001B070
S315020E19D8BDE8F0832DE9F047FBF73BFF42F2B01064
S315020E19E8C2F218200168002900F0AC80016801399C
S315020E19F80160006828B10024FBF756FF2046BDE8B1
S315020E1A08F08742F2AC10C2F2182000680028F2D013
S315020E1A1842F21430C2F21820016842F2103A42F229
S315020E1A2888190029C2F2182AC2F2182964D042F27B
S315020E1A38F82242F2B8130021C2F21822C2F2182371
S315020E1A484FF0010CC768FC68D4E90775A66ABD6033
S315020E1A58E7696F60776804F11805AF4201D1276A04
S315020E1A687760A1623768013F3760D4E90265676914
S315020E1A78B560A6686E607D68261DB54201D1E56819
S315020E1A887D6061613D68013D3D60E76A1568AF425A
S315020E1A9888BF176007EB870703EB87077F68A76080
S315020E1AA8BD68E5606E60BE60E76A07EB870703EB03
S315020E1AB88706666153F82760013643F82760E76A98
S315020E1AC8D9F80060F66AB74288BFCAF800C0076836
S315020E1AD8002FB7D142F23430C2F2182001680968D3
S315020E1AE819B10068C068006801E04FF0FF3042F293
S315020E1AF82831C2F21821086042F23038C2F218288A
S315020E1B08D8F8006056B1012400F0A2F908B1CAF855
S315020E1B180040013EF8D10020C8F80000DAF80000AD
S315020E1B2800283FF468AFD9F800004EF60450CEF2FC
S315020E1B3800004FF080510160BFF34F8F0124BFF3AF
S315020E1B486F8F59E745F2636044F60F5245F6BF2387
S315020E1B58C0F20E20C0F20E22C0F20E2340F68B7190
S315020E1B68FEF788FD80B580B142F2B011C2F2182195
S315020E1B780A6801320A600968012912D10021FFF7A3
S315020E1B88D7FEFFF727FF00B180BD4EF60450CEF200
S315020E1B9800004FF080510160BFF34F8FBFF36F8F76
S315020E1BA880BD45F2636045F62A1245F2B513C0F2B8
S315020E1BB80E20C0F20E22C0F20E2340F68E11FEF74A
S315020E1BC859FDF0B581B00446FBF743FE42F288177B
S315020E1BD8C2F2182704B93C68261D3046FFF76DF87F
S315020E1BE8A06A18B104F11800FFF767F842F2FC254D
S315020E1BF8C2F2182528463146FFF736F894F86000E1
S315020E1C08012804BF002084F86000FBF74DFE42F25D
S315020E1C189016C2F218263068A8B1FBF71AFE42F2DF
S315020E1C283430C2F218200168096819B10068C06812
S315020E1C38006801E04FF0FF3042F22831C2F2182155
S315020E1C480860FBF731FE386884421DD1306888B1C8
S315020E1C5842F2B010C2F218200068E0B94EF60450ED
S315020E1C68CEF200004FF080510160BFF34F8FBFF3E3
S315020E1C786F8F09E042F2AC11C2F218212868096880
S315020E1C88884203D10020386001B0F0BD01B0BDE82C
S315020E1C98F04000F011B845F2636045F60F6244F65D
S315020E1CA8FB03C0F20E20C0F20E22C0F20E2340F63D
S315020E1CB8A841FEF7DFFCD4D480B542F2B010C2F2C8
S315020E1CC81820006830B142F21030C2F218200121F3
S315020E1CD8016080BD42F21030C2F21820002142F293
S315020E1CE8F82C0160C2F2182CDCF8001042F2B81376
S315020E1CF801EB8102C2F2182353F8220003EB820289
S315020E1D0830B900BFB9B152F8140D01390028F9D00D
S315020E1D185068436802F108008342536001D1D368C2
S315020E1D285360D86842F28812C2F218221060CCF8B2
S315020E1D380010106880BD45F2636044F2CF5245F634
S315020E1D48F873C0F20E20C0F20E22C0F20E2341F232
S315020E1D58FA31FEF78FFCB0B58CB044F24940C4F2A4
S315020E1D684C500024079006A805A904AA8DF820400F
S315020E1D78CDE90544FBF7D2FBDDE90420069DCDE944
S315020E1D88004042F2BD60C0F20E2007A9002302955A
S315020E1D98FFF738FC42F22C30C2F21820056065B302
S315020E1DA800F09FFC012811D0013026D145F263605E
S315020E1DB845F6AB2245F2BB23C0F20E20C0F20E2226
S315020E1DC8C0F20E2340F6A961FEF754FC42F2283100
S315020E1DD8C2F218214FF0FF32012080F310880A60F2
S315020E1DE842F29011C2F21821086042F2B410C2F2FF
S315020E1DF8182000210160FBF7EBFC46F60C20C0F218
S315020E1E080E2000680CB0B0BD70B542F2A814C2F22C
S315020E1E1818242068D0B142F2941542F2AC16C2F2D8
S315020E1E281825C2F2182600BFFBF713FDE868C0682C
S315020E1E380430FEF742FF30680138306020680138F8
S315020E1E482060FBF731FD20680028EDD170BDD4D491
S315020E1E582DE9F04742F2B010C2F21820006848B1D6
S315020E1E6842F23030C2F218200168013101600020B8
S315020E1E78BDE8F08742F2B410C2F21820016842F2A7
S315020E1E88283C4A1CC2F2182C026022D342F2343083
S315020E1E98C2F2182001680968002940F09F8042F2B2
S315020E1EA83833C2F2182301681F680760196042F2B6
S315020E1EB83C31C2F218210B6801330B6001680968BE
S315020E1EC819B10068C068006801E04FF0FF30CCF81F
S315020E1ED80000DCF80000824201D2002074E042F2D1
S315020E1EE8343AC2F2182ADAF800004FF000090068EE
S315020E1EF8002864D042F2F82E42F2B81442F288183A
S315020E1F08C2F2182EC2F21824C2F21828002000BFF6
S315020E1F18DAF80050ED68EE68374657F8045FAA42BB
S315020E1F2850D3D6E9021375698B60B1685960696830
S315020E1F38B94201D1F1686960C6F814902968013967
S315020E1F482960B56A85B1D6E907138B60F1695960BE
S315020E1F58696806F11803994201D1316A6960C6F8B1
S315020E1F682890296801392960F56ADEF800108D4233
S315020E1F7805EB850188BFCEF8005004EB810149684E
S315020E1F88B1608B68F3605F608F60F16A01EB810165
S315020E1F9804EB8103736154F82130013344F821307E
S315020E1FA8F16AD8F80030DB6ADAF80050994288BF2F
S315020E1FB8012029680029ABD14FF0FF3502E04FF018
S315020E1FC8FF350020CCF8005042F21031C2F2182129
S315020E1FD80968002918BF0120BDE8F08745F263603B
S315020E1FE845F27F3244F25953C0F20E20C0F20E2247
S315020E1FF8C0F20E2341F25F21FEF73CFB42F2B41009
S315020E2008C2F218200068704742F2AC10C2F21820CB
S315020E20180068704710B570B10C4642F28811C2F2CA
S315020E2028182109681831FEF72BFE20460121BDE854
S315020E20381040FFF77DBC45F2636045F6BE1245F2C7
S315020E2048D013C0F20E20C0F20E22C0F20E234FF4A7
S315020E2058A451FEF70FFB10B560B3044642F2B01058
S315020E2068C2F218200068A8B342F2881EC2F2182ECF
S315020E2078DEF800C041F00041CCF818106168DEF8AF
S315020E20880000C1618868DEF800301862DEF800309A
S315020E209818334360DEF8000018308860DEF8000058
S315020E20A8012184622068431C10462360BDE8104055
S315020E20B8FFF73EBC45F2636044F2E86245F2D0137E
S315020E20C8C0F20E20C0F20E22C0F20E2341F29E413B
S315020E20D8FEF7D0FA45F2636044F2E86245F64273B9
S315020E20E8C0F20E20C0F20E22C0F20E2341F2A24117
S315020E20F8FEF7C0FA10B550B342F2881CC2F2182C7B
S315020E21080346D0F804E0DCF80000002AC0F81CE00A
S315020E2118DEF80800DCF800402062DCF8004004F124
S315020E212818044460DCF8000000F11800CEF8080026
S315020E2138DCF800008362186818BF4FF0FF31441CA2
S315020E2148084611461C60BDE81040FFF7F1BB45F282
S315020E2158636044F61E5245F2D013C0F20E20C0F248
S315020E21680E22C0F20E2341F2BE41FEF783FA80B565
S315020E2178C068C068002870D0D0E90713826A8B60DF
S315020E2188C1695960536800F118018B4201D1036A7D
S315020E21985360002383621368013B136042F2B01246
S315020E21A8C2F2182212688AB142F2143CC2F2182CF2
S315020E21B8DCE900E2C26193680362596091600EF12E
S315020E21C80101C0F828C0CCF8001034E0D0E9021399
S315020E21D842698B60816859605368011D8B4201D131
S315020E21E8C368536000234361136842F2F82C013B1D
S315020E21F81360C2F2182CC26ADCF800309A4288BF03
S315020E2208CCF8002042F2B81C02EB8202C2F2182C5B
S315020E22180CEB8202526882609368C36059609160C1
S315020E2228C16A01EB81010CEB810242615CF8212045
S315020E223801324CF8212042F28811C2F21821C06AE4
S315020E22480968C96A884291BF002042F21031C2F269
S315020E22581821012088BF086080BD45F2636044F6E6
S315020E22683E5244F60723C0F20E20C0F20E22C0F2E8
S315020E22780E2341F2F541FEF7FDF980B542F2B01290
S315020E2288C2F218221268002A5FD0C26841F00041D3
S315020E2298002A016069D0D0E901CE0369CCF808E0BC
S315020E22A84168CEF804105968814201D18168596095
S315020E22B84FF0000CC0F810C0186801381860D2E941
S315020E22C8020153698160906848605968101D8142FF
S315020E22D801D1D1685960C2F814C0196842F2F82CB5
S315020E22E801391960C2F2182CD16ADCF8003099420B
S315020E22F888BFCCF8001042F2B81C01EB8101C2F27B
S315020E2308182C0CEB8101496891608B68D360586072
S315020E23188860D06A00EB80000CEB800151615CF894
S315020E2328201001314CF8201042F28811C2F21821FF
S315020E2338D06A0968C96A884298BF80BD42F21030CF
S315020E2348C2F218200121016080BD45F2636044F68F
S315020E2358E52245F64273C0F20E20C0F20E22C0F2F4
S315020E23680E2341F24351FEF785F945F2636044F6B0
S315020E2378E52244F60723C0F20E20C0F20E22C0F260
S315020E23880E2341F24E51FEF775F942F23C31C2F274
S315020E239818210968016042F2B411C2F218210968BD
S315020E23A84160704770B568B30D46D9B30446FBF75C
S315020E23B850FA42F2B41EC2F2182EDEF8003029681E
S315020E23C84A1C16D042F23C3CC2F2182CD4E9000240
S315020E23D8DCF80060864201D093420CD29A1A9142D8
S315020E23E809D9881A2860DCF800002060DEF8000099
S315020E23F86060002402E0002001242860FBF754FAEC
S315020E2408204670BD45F2636045F2B97244F607334B
S315020E2418C0F20E20C0F20E22C0F20E2341F2A551D0
S315020E2428FEF728F945F2636045F2B97244F65E6321
S315020E2438C0F20E20C0F20E22C0F20E2341F2A651AF
S315020E2448FEF718F942F21030C2F218200121016085
S315020E2458704742F28810C2F218200068704742F29C
S315020E24689010C2F21820006850B142F2B010C2F2B1
S315020E24781820006800284FF0000008BF0220704797
S315020E24880120704742F28811C2F218210868806943
S315020E24980A68D26A0968C2F110028A61704770B573
S315020E24A8002844D142F2B010C2F218200C46016836
S315020E24B8154601310160FBF7CCF942F28816C2F2D3
S315020E24C818263068C06DB0B1FBF7EEF9FFF782FA3F
S315020E24D8FBF7BFF93068C56D2DB131680020002CA7
S315020E24E808BF681EC8653068002180F86010FBF7C1
S315020E24F8DBF9284670BD3068012180F86010FBF7BB
S315020E2508D3F9002DE2D028460121FFF711FAFFF77B
S315020E251861FA0028DCD14EF60450CEF200004FF0D6
S315020E252880510160BFF34F8FBFF36F8FD0E745F22D
S315020E2538636046F2541244F61133C0F20E20C0F20C
S315020E25480E22C0F20E2341F6C751FEF793F8F0B5E6
S315020E255881B0002800F07D80002940F08A80174657
S315020E25680546FBF707FAEFF31180102181F311885E
S315020E2578022295F8601085F86020EA6D012902F1AB
S315020E25880102EA6561D1A96A002940F0828042F207
S315020E2598B011C2F21821096881B142F21431C2F29F
S315020E25A81821D1E9002305F11806EB619C68013260
S315020E25B82C6266609E60A9620A6034E0D5E902134F
S315020E25C86A698B60A96859605368291D8B4201D1C5
S315020E25D8EB68536000236B61136842F2F82C013BD9
S315020E25E81360C2F2182CEA6ADCF800309A4242F2FA
S315020E25F8B81388BFCCF8002002EB8202C2F2182367
S315020E260803EB82025268AA609468EC60616091607C
S315020E2618E96A01EB810103EB81026A6153F8212013
S315020E2628013243F8212042F28812C2F21822E96ACE
S315020E26381268D26A914208D90FB10121396042F263
S315020E26481031C2F2182101220A6080F3118801B0F4
S315020E2658F0BD45F2636045F2DC1245F29233C0F2E2
S315020E26680E20C0F20E22C0F20E234FF4FE51FEF7D2
S315020E267801F845F2636045F2DC1244F65753C0F28E
S315020E26880E20C0F20E22C0F20E2341F6C171FDF7DC
S315020E2698F1FF45F2636045F2DC1245F66D73C0F240
S315020E26A80E20C0F20E22C0F20E2341F6EA71FDF793
S315020E26B8E1FFD4D442F2B8144EF60455C2F21824E7
S315020E26C8CEF200054FF08056FFF79EFB20680228D1
S315020E26D822BF2E60BFF34F8FBFF36F8FFBF73EF904
S315020E26E8F2E780B586B000F03BF842F26830C2F2E5
S315020E26F81820006820B30020CDE9040005A804A915
S315020E270803AAFAF718FFDDE903200321DDF814C040
S315020E2718CDE9001042F2E57045F61C61C0F20E20B4
S315020E2728C0F20E210023CDF808C0FEF76BFF42F267
S315020E27386C31C2F21821086010B1012006B080BDB4
S315020E274844F22A6045F6AB7244F66C63C0F20E206A
S315020E2758C0F20E22C0F20E234FF4A371FDF78AFFC2
S315020E276870B582B0FBF775F842F26836C2F21826D1
S315020E2778306868BB42F27C34C2F218242046FEF751
S315020E278865FA42F29035C2F218252846FEF75EFA27
S315020E279842F27030C2F21820046042F27430C2F26B
S315020E27A8182042F2EC3242F2A43305600025C2F238
S315020E27B81822C2F218230A200C210095FEF7EDFA0A
S315020E27C8306028B144F20771C0F20E21FEF7C4FE3C
S315020E27D802B0BDE87040FBF767B8D4D484B042F2B3
S315020E27E8703842F26835C2F2182801ACC2F21825C0
S315020E27F84FF0000BEA4600BFD8F80000D0F800905A
S315020E2808B9F1000F02D0C068066800E00026FFF78D
S315020E281887F8204600F040F9019919B1FFF7DAF860
S315020E28282EE000BF0746B9F1000F08D0BE4206D801
S315020E2838FFF7D0F83046394600F059F920E0B9F1DB
S315020E2848000F01D0002208E042F27430C2F21820BC
S315020E285800680068B0FA80F042092868F11BFEF794
S315020E2868AEFEFFF7B7F858B94EF60450CEF2000090
S315020E28784FF080510160BFF34F8FBFF36F8F00BFCA
S315020E28882868CDE902BBCDF804B000BF2146002266
S315020E2898FEF7C2FC0028AFD0019800284CD4039E3E
S315020E28A8706910B1301DFEF708FA504600F0F4F8BA
S315020E28B80199013908293FD80746DFE801F00505CF
S315020E28C81C231C05051C230096F82400029BB169DD
S315020E28D840F0010086F82400194430463A4600F0C4
S315020E28E83EF948B396F8240041071BD400F0FA00C5
S315020E28F886F824001DE096F8240000F0FE0086F8FD
S315020E2908240019E096F8240040F00101029886F890
S315020E29182410B06190B1C11930463A463B4600F0D2
S315020E29281EF909E00298B1693A460144304600F0AA
S315020E2938FFF8316A304688472868A7E744F22A60C4
S315020E294845F6E94246F28513C0F20E20C0F20E2271
S315020E2958C0F20E234FF48261FDF78CFE2DE9F04389
S315020E296881B0904628220092009A282A22D1099DE1
S315020E29780446009875B30F46022085F82400C9B39B
S315020E2988DDF820901E46FFF7EBFE281D2C60C5E9E2
S315020E29980676C5F82090FEF764F9B8F1000F05D051
S315020E29A895F8240040F0040085F82400284601B064
S315020E29B8BDE8F08344F22A6045F2CD2245F2FA13B7
S315020E29C8C0F20E20C0F20E22C0F20E2340F283117E
S315020E29D8FDF750FE44F22A6045F2CD2245F2152342
S315020E29E8C0F20E20C0F20E22C0F20E2340F2891158
S315020E29F8FDF740FE44F22A6045F2E02244F2956360
S315020E2A08C0F20E20C0F20E22C0F20E2340F2A91117
S315020E2A18FDF730FEB0B584B0E8B142F26835C2F2BF
S315020E2A2818252B68A3B10629CDE90112039022DADD
S315020E2A38089CFFF714FD2A6802284FF0000018BFFB
S315020E2A48044601A9104622460023FEF713FA00E0B1
S315020E2A58002004B0B0BD44F22A6044F2566244F62F
S315020E2A681623C0F20E20C0F20E22C0F20E2340F238
S315020E2A78CD11FDF7FFFD44F22A6044F2566244F286
S315020E2A887363C0F20E20C0F20E22C0F20E234FF46A
S315020E2A98EC71FDF7EFFDD4D4F0B581B00446FFF71D
S315020E2AA8ADFA42F27836C2F21826316805468842DF
S315020E2AB80ED242F27037C2F2182700BF3868016882
S315020E2AC841B1C0684FF0FF31006800F010F8F5E723
S315020E2AD8002007E042F27431C2F218210A68086031
S315020E2AE801203A6020602846356001B0F0BD70B507
S315020E2AF842F27032C2F2182212680646D2680D46A1
S315020E2B08D468201DFEF7D9F894F82400410704D498
S315020E2B1800F0FA0084F8240004E0204631462A46DC
S315020E2B2800F006F8216A2046BDE870400847D4D45C
S315020E2B3870B50546806914460E460144284600BFFE
S315020E2B48334600F00CF848B1A869296A06442846A5
S315020E2B588847A869224681192846F1E770BD8C4630
S315020E2B68014641F804CF9445006108D942F2703005
S315020E2B789A42C2F218200AD29C4508D30DE0806901
S315020E2B88D21A824209D242F27430C2F2182080B5A3
S315020E2B980068FEF775F8002080BD012070472DE902
S315020E2BA8F047DDF820E0844681B1CAB153B3B1FAD3
S315020E2BB881F4B3FA83F52C1B202C47D3BEF1000FF2
S315020E2BC818BFCEE900C14FF0000CB6E09BB3002148
S315020E2BD8BEF1000F18BFCEE900C14FF0000CADE0F2
S315020E2BE8002B78D0002877D05C1E234200F09880FE
S315020E2BF8B1FA81F4B3FA83F52C1B1F2CDED204F13B
S315020E2C08010C2EE0541E224271D0B1FA81F7B2FAA5
S315020E2C1882F6F71B07F1210CBCF1200F1BD0BCF173
S315020E2C281F0F00F28E80CCF1200620FA0CF401FA60
S315020E2C3806F525431CE0B0FBF2FCBEF1000F1EBFE3
S315020E2C480CFB12000021CEE9000176E004F1010C1C
S315020E2C58BCF1200F05D14FF0000A4FF0200C0D469D
S315020E2C6809E0C4F11F0620FA0CF501FA06F425430B
S315020E2C7821FA0CFAB0404FF000084FF000094FEA5D
S315020E2C884A0444EAD5776C0044EAD076B51A67EB5D
S315020E2C98030AF443F943A4184FEA400059415CBFAC
S315020E2CA8BA46354640EAD87049EA4808CF0FBCF10B
S315020E2CB8010CB946E3D14FEAD871BEF1000F41EACB
S315020E2CC840014FEA480020F0010018BFCEE9005A2B
S315020E2CD807EB000C32E031E0B1FBF3FCBEF1000F5C
S315020E2CE81EBF0CFB13100021CEE9001025E0BEF123
S315020E2CF8000F1EBF00230440CEE90043012A1DD051
S315020E2D0892FAA2F24F00B2FA82F202F01F03D140F1
S315020E2D18D8401F23934307FA03F343EA000C0DE048
S315020E2D28BEF1000F1CBF04EA0100CEE900C093FAF9
S315020E2D38A3F0B0FA80F021FA00FC00216046BDE845
S315020E2D48F087CCF14006ACF120044FF0000A01FAE6
S315020E2D5806F720FA04F52F4300FA06F821FA04F5C7
S315020E2D6838468AE70B4611461A4600F00DB80A4649
S315020E2D78002100F009B810B500239A4203D0CC5CA4
S315020E2D88C4540133F9E710BD00239A4208BF7047AF
S315020E2D98C1540133F9E7D4D4034613F8012B002A9A
S315020E2DA8FBD1181A013870470138C9B210F8012F2B
S315020E2DB80AB18A42FAD18A4218BF002070470A78A7
S315020E2DC882B1B0B5037853B1934206D10123CC5CD6
S315020E2DD834B1C55C0133A542F9D00130F2E70020C1
S315020E2DE8BDE8B0407047D4D410B505490446054A25
S315020E2DF8FFF7C1FF044805492044FFF7B8FF10BD87
S315020E2E0874810D02000000000000000000000000A0
S315020E2E180249401A02490860704700BF08000000BE
S315020E2E286424182281B070B589B00C4610490191F6
S315020E2E384FF400310026009101190D93CDE906666D
S315020E2E48002CCDE902661546049018BF481E48BFE7
S315020E2E58002005900DAA68462946089200F012F837
S315020E2E680CB104990E7009B0BDE8704001B07047F6
S315020E2E787D2E0E02D1E904239A421EBF531C0B6104
S315020E2E88107070472DE9F04F95B0824680781492ED
S315020E2E98800740F18B84DAF8040000270C90149808
S315020E2EA813900DA8821D0692421E053008920990AD
S315020E2EB807910B910B9A114611F8010B252803D08F
S315020E2EC8002800F0758404E05578961C252D09D144
S315020E2ED831460C9A0B915146904701370028E9D58F
S315020E2EE800F05EBC00224FF0000800244FF0000BE3
S315020E2EF81FFA8BF9B9F11F0F0DD8A5F1270009286C
S315020E2F082DD8DFE800F09F0B0B0B050B650B0B623A
S315020E2F184BF0020B53E0B9F17F0F12D8A5F1300030
S315020E2F28092823D8B9F1400F27BF08EB880100EB11
S315020E2F38410804EB840100EB410438BF4BF0200B29
S315020E2F4880E04C2D3ED0682D45D06A2D3AD07A2D8A
S315020E2F5818BF742D76D06C2D40F0538242E0202D88
S315020E2F682DD0232DDAD14BF0100B6BE0242D47D042
S315020E2F787A2D67D02E2D3CD04C2D23D0682D2AD0F3
S315020E2F886A2D1FD06C2D2DD0742D5BD02A2D40F0B4
S315020E2F983882002A56D11398011D13910068B9F189
S315020E2FA83F0F4DD8B0F1FF3FDDBF4BF0280B444221
S315020E2FB800224BF0200BC4BF0022044642E04BF01F
S315020E2FC8040B3FE04BF4207B3CE04BF0010B39E05F
S315020E2FD84BF0080B36E00BF480704BEA400040F4D7
S315020E2FE8807B2FE00BF080004BEA800040F0800BCE
S315020E2FF828E0B9F13F0F00F2DB834BF0400B21E0DC
S315020E3008BAB11498154642461390B9F1400F38BF15
S315020E30182246079813A900F0D5FB13982A46B9F14A
S315020E3028400F00F104011391006834BF044680462E
S315020E303808E022464FF0000800244FF0000B01E08C
S315020E30480022804616F8015B002D7FF451AF0A94D2
S315020E3058002534462AB114981390079813A900F03E
S315020E3068B1FB45F0200028EAE879B8F1000FA0F185
S315020E3078650148BF2BF0400B03290B9401D3612837
S315020E308835D11399461B073121F00701612801F143
S315020E30980802139291ED000B18D15FEA4B6058BFE6
S315020E30A84FF0FF39F2B20DA8494600F073FC00F153
S315020E30B801084BF4C05B4FF0010C5FFA88F08145AC
S315020E30C8D8BFA0F101097020049041E05FEA4B6176
S315020E30D858BF4FF00609C1B266291ED0652824D1FB
S315020E30E865204BF4805B09F10101002324E0A5F16A
S315020E30F86F01062957D808234FF0000EDFE811F0A4
S315020E3108E0010700DA01DA019F01DA0197014BF0B5
S315020E3118100B10234FF0780ED2E166204BF4005BAB
S315020E31280122049011214B4608E05FEA09614946DD
S315020E313808BF01210023023804900022C9B21129C0
S315020E314828BF11210DA800F0E1FC80464FF0020CB3
S315020E31580D9B13F1090F08DA13F1630F0FD213F54C
S315020E31687A7F09D84FF0040C0BE0092B09DD632B85
S315020E317805D9B3F57A7FF5D24FF0030C01E04FF07D
S315020E3188020C9DF838101FFA8BF4C80707D15FEAAE
S315020E31988B7206D462071DD4002001251CE02D2051
S315020E31A819E02B2017E0692D18BF642D40F02B81EC
S315020E31B81FFA8BF05FEA0B6100F1308113990A1D33
S315020E31C813920A68C10540F13081800554BF12B2C6
S315020E31D852B22AE12020002511F00C0F18D0042332
S315020E31E8002D18BF03230A9A9A4226DD5FEA0B714F
S315020E31F825D49C1AA846054600F0B9FB002800F10C
S315020E3208CF8201370134F7D328460024454617E004
S315020E32181BF4405F039543D1B9F1010F98BF4FF0E6
S315020E322801095FFA88F139B3099A0A4412F8012C90
S315020E3238302A21D1A8F10108F3E7002400E0D41AB6
S315020E32482DB900F0A4FB002800F1AA8201379DF8D9
S315020E32583800DFF86C550007DFF8600558BF0546DB
S315020E32682878002800F08F82801B00F08CFB01372D
S315020E327801350028F4D593E2E20648BF494613F112
S315020E3288040F0BDB4B4509DA8B424BF4005BAEBFE0
S315020E32984FF00009DA4301EB020901E0A1F1010937
S315020E32A81FFA8BF15FEA8B42B6464FEA015B05912E
S315020E32B8029307D40521BBF1000F58BF032101EB78
S315020E32C80C0602E023EAE3714E1C09F10101B9F17B
S315020E32D8000F059D08BFC5F30011039A0A9C82F0DA
S315020E32E801028B183344E41A4FF00003D8BF1C466A
S315020E32F815F0090FCDF804C011D184B10546881907
S315020E33080A9910447646441A00F031FB002800F159
S315020E3318478201370134F7D30024284600E0764661
S315020E3328039929B900F033FB002800F139820137D7
S315020E3338BBF1000F0CD500F022FB002800F13082FB
S315020E3348C6F1780000F01FFB002800F12982023729
S315020E33580598000709D444B1274400F010FB00284B
S315020E336800F11E82013CF8D100240598800426D469
S315020E33789DF8390051460C9A9047002800F11082A2
S315020E3388B9F1010FC0F2DA8000F0F5FA002800F161
S315020E3398078209EB07005FFA88F500F1020B002097
S315020E33A8814500F0A681471CAF423ABF0699085CD2
S315020E33B8302000F0ECFA00283846F1D5F0E10298F2
S315020E33C8C9F100095FFA88F820EAE076851B701CB7
S315020E33D805D100F0D0FA002800F1E281013730203B
S315020E33E8002D03D44545BCBF0998405D51464E454E
S315020E33F84CDD0C9A904701350137013E0028E6D579
S315020E3408CEE10A9425E6632D54D113980126011DA1
S315020E3418139100688DF834000DAD22E080051398DD
S315020E342800F1A480011D13910268D317A6E04FF688
S315020E3438EF700BEA000B0A234FF0750E40E0139855
S315020E3448011D13910568DC48002D08BF05465FEA83
S315020E34584B6058BF4FF0FF392846494600F040FBED
S315020E346806465FEA0B7070D40A98B046B04238BF69
S315020E34788046B0426BD90C9A044620205146904794
S315020E3488002800F18D81601E0137F2E70C9A9047EB
S315020E3498002800F18581781C0599C90640F1148128
S315020E34A8002E40F0118100F066FA002800F17881AC
S315020E34B8023768E1782840F00981C5F18803AE46DD
S315020E34C84FF6F9700BEA00055FEA0B600AD41398F9
S315020E34D8011D13910068E9050AD5A90554BF80B2E4
S315020E34E8C0B205E0A805139804D4011D139100680D
S315020E34F8002107E0073020F007010A46496852F80C
S315020E3508080B139250EA010208BF2BF0160508D0D3
S315020E35180DAE7446324600F0FFF9861BAC462546BA
S315020E352846E05FEA4B62F3D5B8F1010FF0DA4FF6D1
S315020E3538E9700BEA000C0026754639E00598C006B6
S315020E354800F1D18007F1010BD3E0DDF8288037446C
S315020E3558A8EB0604002E00F0168115F8010B51464B
S315020E35680C9A9047013E0028F4D519E1073020F04F
S315020E357807000146436851F8082B13915846002B4B
S315020E358848BF40F4806020F0100C82EAE37083EAAA
S315020E3598E371B0EBE37061EBE3711A4300F08A80D4
S315020E35A80DAC0A236646224600F0B6F9B446061B49
S315020E35B85FEA4C6002D4614630460BE04FF6FE7067
S315020E35C80CEA000130464E4504DA4846002D08BF7D
S315020E35D82CF011011FFA81FBC90606D440F20641E8
S315020E35E811EA0B0118BF012103E00221002D08BFC3
S315020E35F801210C185FEA0B701CD45FEACB7001D15D
S315020E36080A9907E00A99B1468C42BEBF7018A0EB1A
S315020E361804090C46A046A142C8BF88460A988442A7
S315020E362807DA00F0A4F9002800F1BA80013401374E
S315020E3638F4E744465FEACB6014D440F206401BEA2E
S315020E3648000F1FD05FEA8B704FF02B0058BF202059
S315020E36585FEA4B5148BF2D2000F099F9002800F178
S315020E36689F800EE000F08BF9002800F1998045B193
S315020E36780C9A284651469047002800F19180023747
S315020E368800E001370A983744041BB1450FDD00F0F6
S315020E369876F90137A9F101090028F6D580E00898CE
S315020E36A851460C9A805D9047013E002878D4002E2A
S315020E36B869D0F4E75FEA4B627FF572AFB8F1010F94
S315020E36C8BFF66EAF002673E707465CE00C9A252016
S315020E36D851469047002863D40C9A2846514690477D
S315020E36E80237FFF7FBBB00F046F9002858D407F15C
S315020E36F8020B049851460C9A801BC0B290470028BA
S315020E37084ED4029E2B205146002E48BF2D200C9ACF
S315020E37189047002E00D57642002841D401980428F7
S315020E372812D34FF47A700C9AB6FBF0F5514605F1A0
S315020E37383000C0B29047002832D44FF47A7005FB97
S315020E374810610BF1030504E00BF10205314603285D
S315020E375823D1642000F002F9002821D46420013511
S315020E376806FB10710A2000F0F9F8002818D406EBA9
S315020E377886000135A7EB400101F1300000F003F98E
S315020E378800280DD46F1C012CFFF694AB00F0EFF84F
S315020E37980137013C0028F6D502E00228E2D2EBE711
S315020E37A89AF8020040F004008AF802004FF0FF373A
S315020E37B8384615B0BDE8F08FC3620E027F4F0E0271
S315020E37C8245E0E022DE9F043894652494FF001084E
S315020E37D84FF0010C0546944580F299802B4613F854
S315020E37E8014B252C03D01D46002CF7D18FE0AF1CBA
S315020E37F86B783D46252BF1D000264FF0000E00259C
S315020E38081F2E08D8A3F12004102C06D808FA04F4A1
S315020E38180C4202D042E07F2E0AD8A3F13004092CBC
S315020E382813D805EB850346F0200604EB430535E06F
S315020E38384C2B23D0682B24D06A2B1FD07A2B18BF79
S315020E3848742B2BD06C2B34D122E07A2B26D02A2B32
S315020E385818BF2E2B01D1002520E04C2B0ED0682B3B
S315020E38680FD06A2B0AD06C2B12D0742B16D0242B9F
S315020E38781FD1BEF1000F16D1AE46ECE746F42076FE
S315020E38880CE006F4807346EA430343F4807605E0B9
S315020E389806F0800346EA830343F0800617F8013BD7
S315020E38A8002BADD104E06545D5D16323E64600E08B
S315020E38B800233D46BEF1000F29D0E6457FF48BAFB5
S315020E38C843F02004A4F16505032D01D3612C06D11C
S315020E38D8D9F80030073323F00703083312E0DCB2B7
S315020E38E8732C0CD0642B18BF692B06D1330606D55A
S315020E38F8D9F80030B405EDD403E0632BF6D1D9F826
S315020E390800300433C9F800300CF1010C62E7BDE849
S315020E3918F08300BF892801002DE9F04103F01F0646
S315020E3928984614460F460546284639463246002319
S315020E393800F0E2F800FB1652A2EB0803092A88BF2A
S315020E394803F13702303204F8012BAA1B054677F12A
S315020E395800020F46E8D22046BDE8F0810C9AB1FB6A
S315020E3968F0F60F4606F130005146C0B210470C9AD1
S315020E39782020514610470C9A2E20514610470C9A73
S315020E39883020514610470C9AC0B2514610470C9A2F
S315020E3998514610472DE9FE4F56EC107B0C4605464E
S315020E39A8F00F90462871C6F30A516FF31F5657EA5F
S315020E39B8060208BF00290ED089B140F2FF7399425A
S315020E39C80FD10821002A08BF0421002408442871B1
S315020E39D82046BDE8FE8F00200027002605E02E4869
S315020E39E803E0A1F2FF3006F58016002C286003D4F8
S315020E39F80C2C03D90D2436E0002434E03320A0EB38
S315020E3A088409022000214A464FF0000A00F046F8C1
S315020E3A18424202926AEB0102B0F1010B61F1000019
S315020E3A28019230400090012000214A4600F036F8F5
S315020E3A38814607EA0B00B9EB00008A46009871EB3D
S315020E3A48000008D3A000C0F134023846314600F011
S315020E3A5836F8C00703D017EB090746EB0A06029893
S315020E3A680740019806401220411FB1D417F00F02E3
S315020E3A7801D1A1420ADCA2EB0803092A88BF03F187
S315020E3A88270230322A54A142C8BF0C46390941EAE6
S315020E3A98067736090138E7E702FCFFFF930641BFB0
S315020E3AA8A2F1200100FA01F10020704732B1C2F1EB
S315020E3AB82003914020FA03F3194390407047930668
S315020E3AC841BFA2F1200021FA00F00021704732B15F
S315020E3AD8C2F12003D04001FA03F31843D1407047CE
S315020E3AE810B54218034629B11C7814B101390133AF
S315020E3AF8F9E71A46101A10BD40B584B002AE009602
S315020E3B08FFF74DF8029A039B04B040BD2DE9F04F1C
S315020E3B189DB0884651EC106B93460D46CF0F6FF348
S315020E3B281F55C1F30A5156EA050408BF00290BD0E0
S315020E3B3840F2FF7291420FD10821002C08BF0421D0
S315020E3B48394401710024FCE130210124417100211E
S315020E3B580160B91C0171F4E1002CCDE909700693D6
S315020E3B6818BF01240022A1F23547022938BF0122C5
S315020E3B78002918BF05F580154FEA850343EA9670A4
S315020E3B8844EA020913904FEA860004BF4FF6CC3771
S315020E3B98CFF6FF77129006F00100002F0490CDF8AB
S315020E3BA81480CDF82CB0CDF83C9041D4384600F0AE
S315020E3BB8D1FACA468146032F88BFA9F1010948469A
S315020E3BC800F0D4FA14A90446484600F057FB18A882
S315020E3BD81AA9CDF808A0CDE90010A9EB07002044D2
S315020E3BE814AA00F17C033046294600F0C7F90546A9
S315020E3BF8B9F1150F109100F29380129E139C30465E
S315020E3C08214600F0ADF9820842EA817120F00300DE
S315020E3C1808444042F04261D13046214600F0AEFADF
S315020E3C2800210F9148454FF0000028BF012039E0C8
S315020E3C38C7F1000A504600F093FA0446781C18BFDC
S315020E3C48013CAAEB040A504600F090FA0DF1500810
S315020E3C5883465046414600F0ABFA18A81AA94246C0
S315020E3C68CDF80890CDE90010A4EB0B0000F17D0308
S315020E3C783046294600F082F904EB07090546012C5F
S315020E3C88109111D8DDF81480DDF82CB0049840B1E5
S315020E3C98DDE91A0101381A9061F100001B90002025
S315020E3CA80F90012011903EE0DDF814803E2CDDF8CF
S315020E3CB82CB035D84FF0FF304FF0FF312246FFF7C2
S315020E3CC8EDFE139A22EA0101129A22EA000008432D
S315020E3CD8B0FA80F040091190002023E0049870B9DA
S315020E3CE80F98C043801964F1000100F047FA0021CB
S315020E3CF8119148454FF0000028BF012012E046F008
S315020E3D080200214600F03AFADDE91A124B1E62F15A
S315020E3D180004484538BF0B461A9338BF14461B94FF
S315020E3D28002011900F904046BBF1000F0ED010994D
S315020E3D38284600F0EFF9069A09EB02010844B0EBA1
S315020E3D48D27FB8BFD00F8045B8BF4046CDF8209077
S315020E3D580DF160091B9CAB4699E8400300250C90B1
S315020E3D680020CDE9120048462146CDF8389000F0DB
S315020E3D78EEF881468A4630464146CDF8348000F042
S315020E3D88E6F80746B0EB0900884671EB0A000ED331
S315020E3D981099584600F0BEF90C99884221DD08465C
S315020E3DA82946012518B9109850EA0B001DD010990C
S315020E3DB8584600F0CCF8109154461299119A00F012
S315020E3DC8BCF907EB87010F9AC6EB41013E46B1FADB
S315020E3DD881F1834649090A4013990F9201311391CB
S315020E3DE8C1E7DDF840805F4603E000274FF0000882
S315020E3DF80D46DDF83C90DDF828A007955FEAC970F6
S315020E3E0824D00D9DBB463046294600F0A0F807463B
S315020E3E1800EB800040422A460D467142B1EB400F36
S315020E3E2816D10E98214600F092F80E900C46584678
S315020E3E38414600F08CF888461299119A3E4600F0D1
S315020E3E487CF91399834601311391DCE7454602E064
S315020E3E5845465F460D920898139901EB000812988B
S315020E3E68C0B2411F18BF0121DDF82CB0079AD2073E
S315020E3E780CD10D9B87EA06026B401A4306D1049AA9
S315020E3E8882F0010202EA0902012A5ED1119A82F031
S315020E3E980102114300223943042888BF012201EA8E
S315020E3EA802043F1945F100093846494600F032F92F
S315020E3EB806460CB30C9886421FDDBBF1000F0AD0DC
S315020E3EC80698404481190129D8BF012105988842CE
S315020E3ED8B8BF0146084686420FDD0446781D49F1EB
S315020E3EE800010A220023FFF707FE013E08F1010828
S315020E3EF807462046894600E00C988642B8BF3046E9
S315020E3F0804B20025261DA54212DA384649460A2269
S315020E3F180023FFF7F1FD894600EB80010135A7EB79
S315020E3F284101074641F030010AF80610013EEAE75A
S315020E3F3809988AF804000FFA88F020440138CAF85C
S315020E3F48000020461DB0BDE8F08F0124A9E780B512
S315020E3F5800F006F8C00840EA4170C90880BDD4D4FC
S315020E3F68F8B502AA0092044A4FF0CC3300F011FAC1
S315020E3F78DDE9020104B080BDCDCCCCCC2DE9F04FE3
S315020E3F888BB004931646D2E9002308AC0094490076
S315020E3F9841EAD07445002846214600F0FAF9D6E9D8
S315020E3FA802238146DDE9087806A88B460090284644
S315020E3FB8214600F0EEF910EB070A48EB0108DDE997
S315020E3FC80601DDE90823471C41F10005BAEB020298
S315020E3FD878EB030228BF0D46079528BF07460499B4
S315020E3FE8D6E902404139D6E900CE7A1C45F10003DC
S315020E3FF814EB0A040591009140EB080119EB0C002B
S315020E4008CDF80C905BEB0E00069754F1000041F1C9
S315020E40180001B0EB0A04D94671EB080424BF2B46FD
S315020E40283A4600F0D2F9149AC2E90001DDE915B052
S315020E403808B3D6E90201D6E900C3DDE9056400969E
S315020E4048BAEB0006039A68EB0107701E67F10001C8
S315020E4058B2EB0C02079D79EB030224BF30463946B2
S315020E4068621E65F10003BAEB000678EB010624BF61
S315020E407822462B4640E0049C0025D6E900E0CC46B3
S315020E4088403CDDE9062302904FEA4C0CD6E90201C2
S315020E40984FEA4A0600944FEA480446EAD97644EAB3
S315020E40A8DA74B6EB0A0774EB080738BF012545EA38
S315020E40B842055B0043EAD2776A1E049567F100034E
S315020E40C8039DB6EB000964EB010BB9F101006BF126
S315020E40D80001DEEB450E4CEAD57C029D7CEB05050E
S315020E40E828BF5946DDF854B028BF4846351A8C41C2
S315020E40F8049C24BF22463B4600F067F9CBE9000131
S315020E410805AB41460DCB0090504600F05EF90BB05A
S315020E4118BDE8F08F70B500230A2401220A25461B34
S315020E412871EB030607D3A5FB045603EB8303013291
S315020E413806EB4303F3E7104670BDC9B2B1FA81F135
S315020E414849090A4000EB80011192ABEB410112912B
S315020E41587047D4D401494843800C70474134010054
S315020E416801494843000D7047FB2E0B00024948438E
S315020E4178012101EBD04070474F931200F0B50A4B5E
S315020E418802460A4D4FF0FF304FF0CC34A2FB0367BE
S315020E4198013002FB047201FB0321721B71F13332E9
S315020E41A83246F3D3F0BD00BFCDCCCCCC3433333349
S315020E41B82DE9F04F87B08B461A21B0FBF1F2054670
S315020E41C802FB01F62A4800EB0210B54202D100F0B4
S315020E41D8C9F849E004A9274A0091A91BC36852F8EF
S315020E41E8317002EBC101D0E901924C680168019166
S315020E41F800F0ACF8824602A8019A88460090384624
S315020E420821464B4600F0C5F801918146DDE90212B8
S315020E4218002011EB0A0758EB020840F100000128AC
S315020E422801D100F097F82846FFF7A0FF044630465C
S315020E4238FFF79CFF0199241A48463A4643460094CC
S315020E424800F0C3F81E226FF0030302EA450203EAE0
S315020E42589503094DEB5800F08DF800F093F800948B
S315020E426800F0B3F8CBE9020107B0BDE8F08F00BF44
S315020E4278106A0E02E06A0E02B06B0E022DE9F04FBC
S315020E428887B08B46054619301A21B0FBF1F22C4837
S315020E429802FB01F600EB0210AE4202D100F062F802
S315020E42A84BE004A9274A0091711BD0E900A852F8DF
S315020E42B8317002EBC101D0E902234C6800F046F8D0
S315020E42C8019002A8BAF1010268F10003894600902C
S315020E42D800F03CF88A46DDE9013104460020039ACD
S315020E42E8CF1852EB090840F10000012801D100F05F
S315020E42F831F83046FFF73AFF06462846FFF736FFED
S315020E4308361A204651463A464346009600F05DF85E
S315020E43186FF003030C4C03EA95031E2202EA4502CA
S315020E4328E35800F027F8013041F1000100F02AF8AF
S315020E4338009600F04AF8CBE9020107B0BDE8F08F05
S315020E4348086C0E02E06A0E02F86C0E023846214618
S315020E435800F01FB8DDE904010130049041F10000B6
S315020E43680590704790E80E00C0688BE80E00CBF8F1
S315020E43780C00704723FA02F202F00302801841F18A
S315020E438800017047DDE90423CBE9000138464146B0
S315020E43987047F0B5A3FB0145DDF814C0A2FB011662
S315020E43A8A2FB00277F18744145F1000539462646B9
S315020E43B8E3FB0016A3FB0003C01954EB030045F1F9
S315020E43C80000CCE900601046F0BD2DE9F041DDF89B
S315020E43D8188017460C460546C8F140023846194655
S315020E43E8FFF75CFB07460E46284621464246FFF76E
S315020E43F866FB38433143BDE8F081D4D40AD7A33CD1
S315020E4408A69B443B6F12833B0000A0413333B33E57
S315020E44180000803FCDCCCC3D000000000000545475
S315020E44285220524547474553004F464600444131AE
S315020E4438363230303A2057692D4669206A6F696ED0
S315020E4448206661696C65642C206572723D25640D61
S315020E44580A005B574946495D5B4552525D20444107
S315020E446831363230302041542070726F62652066C2
S315020E447861696C65643A2025753B2072657472799A
S315020E448820696E202575206D732E0D0A0041542B58
S315020E44984357535441540D0A007578437269746929
S315020E44A863616C4E657374696E67007651756575D0
S315020E44B865416464546F526567697374727900282C
S315020E44C8207854696D65496E6372656D656E7420E2
S315020E44D83E2030552029005455524E5F4C454654BF
S315020E44E8004155544F4D41544943005B5649444584
S315020E44F84F204E52465D20696E6974206661696C5C
S315020E450865643D25753B20726574727920696E2045
S315020E45182575206D730D0A002E2E2F72612F667366
S315020E4528702F7372632F726D5F6672656572746F22
S315020E4538735F706F72742F706F72742E630076507B
S315020E45486F7274456E746572437269746963616CCF
S315020E4558002820282028202820707844656C617946
S315020E456865645461736B4C69737420292D3E757894
S315020E45784E756D6265724F664974656D73203D3D63
S315020E45882028205542617365547970655F74202917
S315020E459820302029203F2028202820426173655486
S315020E45A87970655F74202920312029203A20282027
S315020E45B8282042617365547970655F74202920300C
S315020E45C820292029202900765461736B5377697442
S315020E45D86368436F6E746578740041540D0A005B06
S315020E45E8564944454F204E52465D206672616D65A8
S315020E45F83D25752073656E64206661696C65643D3A
S315020E460825750D0A00707578537461636B4275666B
S315020E461866657220213D202828766F69642A29301C
S315020E462829002E2E2F72612F6177732F46726565BA
S315020E463852544F532F4672656552544F532F536F2A
S315020E4648757263652F74696D6572732E630078547D
S315020E4658696D657247656E65726963436F6D6D61E5
S315020E46686E6446726F6D5461736B0078436F6D6D2F
S315020E4678616E644944203C202820282042617365D5
S315020E4688547970655F7420292036202900282078EF
S315020E469854696D6572506572696F64496E546963C1
S315020E46A86B73203E20302029002B43574D4F44452D
S315020E46B83A005B56454849434C455D20636F6E7416
S315020E46C8726F6C206D6F64653D25732E0D0A00752B
S315020E46D8635356434E756D626572203C3D20330018
S315020E46E8765461736B506C6163654F6E556E6F725D
S315020E46F864657265644576656E744C6973740054A6
S315020E47086D725100444131363230303A20534349A4
S315020E471830206F70656E65642C203131353230303B
S315020E47282D382D4E2D310D0A0052583A2025730D6D
S315020E47380A005B53595354454D5D5B5741524E5DC4
S315020E47482057692D466920737461727475702064D8
S315020E47586561646C696E6520726561636865643B42
S315020E47682072656C656173696E67204D33332062FC
S315020E47787573696E657373207461736B732E0D0A86
S315020E4788005B574946495D2055706C6F61646564D6
S315020E4798206672616D653D2575204A5045473D2551
S315020E47A875206372633D30782530385820636F6EF4
S315020E47B8666964656E63653D25752E0D0A0030368B
S315020E47C8303131376B6C6A00566964656F205458FE
S315020E47D82054687265616400212820282078546165
S315020E47E8736B4765745363686564756C6572537447
S315020E47F86174652829203D3D2028202820426173B0
S315020E480865547970655F7420292030202920292065
S315020E48182626202820785469636B73546F5761696C
S315020E48287420213D20302029202900784576656E90
S315020E48387447726F75705365744269747300785152
S315020E48487565756547656E6572696353656E64004F
S315020E48587851756575654769766546726F6D495302
S315020E486852005B574946495D2057616974696E67FE
S315020E4878202575206D7320666F72204441313632BB
S315020E4888303020706F7765722073746162696C6955
S315020E48987A6174696F6E2E0D0A005B574946495D39
S315020E48A85B4552525D2053746174696F6E206D6F4B
S315020E48B86465207365747570206661696C65643A01
S315020E48C82025752E0D0A005F5F4E5649435F4765D2
S315020E48D8745072696F7269747947726F7570696E00
S315020E48E8672829203C3D202838202D203429202DC2
S315020E48F820310075785363686564756C65725375F5
S315020E49087370656E646564203D3D203000525820F2
S315020E4918425546464552204F564552464C4F573AF1
S315020E49282025730D0A0041542B43574D4F44453DDE
S315020E4938320D0A002B43574A41503A31004441314F
S315020E4948363230303A20726573706F6E7365206236
S315020E49587566666572206F766572666C6F770D0A76
S315020E4968005B53484D315D5B464154414C5D2057C1
S315020E4978692D46692075706C6F616420717565754F
S315020E49886520696E6974206661696C65642E0D0A06
S315020E4998005B56454849434C455D5B5741524E5D51
S315020E49A8204D5055363035302069736F6C617465FB
S315020E49B8643B207374726169676874206D6F7469DB
S315020E49C86F6E206973206F70656E2D6C6F6F702E09
S315020E49D80D0A005B564944454F204E52465D2072DB
S315020E49E86561647920535049312063683D31303010
S315020E49F80D0A002820707851756575652029007094
S315020E4A0878556E626C6F636B6564544342007854D4
S315020E4A18696D6572005B434D44204E52465D2073A6
S315020E4A28657276696365206661696C65643D25758E
S315020E4A380D0A004D414E55414C005B574946495D9C
S315020E4A4820444131363230302053746174696F6EA8
S315020E4A58206D6F646520616C72656164792061638D
S315020E4A68746976652E0D0A00436F6D6D616E64204C
S315020E4A785258205468726561640070785374617472
S315020E4A8869635175657565007848616E646C650073
S315020E4A98212820282078436F7079506F73697469BC
S315020E4AA86F6E203D3D202820282042617365547979
S315020E4AB870655F7420292032202920292026262077
S315020E4AC82820707851756575652D3E75784C656E1C
S315020E4AD867746820213D20312029202900765461E9
S315020E4AE8736B52656D6F766546726F6D556E6F7224
S315020E4AF864657265644576656E744C697374007086
S315020E4B087854696D654F7574007578496E64657863
S315020E4B18546F576169744F6E203C20283129004123
S315020E4B28542B43574D4F44453D310D0A00282075E7
S315020E4B387842697473546F57616974466F72202688
S315020E4B48202820282075696E7433325F7420292036
S315020E4B58307866663030303030305520292029209C
S315020E4B683D3D203000757842697473546F576169FA
S315020E4B7874466F7220213D2030004F4B002B43574F
S315020E4B884A41503A30005769466953746172744401
S315020E4B986561646C696E65005B53484D315D5B57A2
S315020E4BA841524E5D2055706C6F6164206572726F4C
S315020E4BB8722061636B6E6F776C656467656D656E81
S315020E4BC8742072657472792070656E64696E672ECA
S315020E4BD80D0A005B53595354454D5D5B464154418C
S315020E4BE84C5D20566964656F2054582072756E7432
S315020E4BF8696D6520696E697469616C697A61746931
S315020E4C086F6E206661696C65642E0D0A0049504303
S315020E4C1820546872656164005B4E524620504F52AC
S315020E4C285425755D206972712D656E61626C6520FB
S315020E4C386661696C6564206673703D25750D0A009A
S315020E4C484F4E00444131363230303A2054435020CA
S315020E4C58636C69656E74204349442074696D656F89
S315020E4C6875740D0A002B43495053544152543A0057
S315020E4C78444131363230303A2052582072696E67C4
S315020E4C88206F766572666C6F77207768696C652019
S315020E4C9877616974696E6720726573706F6E736574
S315020E4CA80D0A0041542B53444B5645520D0A005BCE
S315020E4CB8574946495D2044413136323030204154F7
S315020E4CC82070726F746F636F6C2072656164792ED1
S315020E4CD80D0A002820757842697473546F536574E9
S315020E4CE82026202820282075696E7433325F742098
S315020E4CF829203078666630303030303055202920FB
S315020E4D0829203D3D203000785461736B52657375C8
S315020E4D186D65416C6C00765461736B506C6163659C
S315020E4D284F6E4576656E744C6973745265737472FA
S315020E4D38696374656400785461736B52656D6F7638
S315020E4D486546726F6D4576656E744C697374007539
S315020E4D5878496E646578546F4E6F74696679203C2D
S315020E4D68202831290070785461736B427566666520
S315020E4D787220213D202828766F69642A2930290057
S315020E4D88707276496E697469616C6973654E657778
S315020E4D985461736B00284E554C4C290044413136EA
S315020E4DA83230303A2043575354412076657269663B
S315020E4DB869636174696F6E2074696D656F75740DBA
S315020E4DC80A005B53484D315D5B4552525D20507267
S315020E4DD86F63657373206661696C65643A2025751F
S315020E4DE82E0D0A005B574946495D5B4552525D20B8
S315020E4DF846726F6E74656E6420636F6E6E6563744B
S315020E4E08696F6E206661696C65643A2025753B206A
S315020E4E18726574727920696E202575206D732E0D52
S315020E4E280A005B574946495D5B4552525D205570ED
S315020E4E386C6F616420756E617661696C61626C6510
S315020E4E48206672616D653D2575206572726F723DBB
S315020E4E5825752E0D0A0070785469636B73546F5755
S315020E4E68616974007852657475726E004441313602
S315020E4E783230303A2062696E61727920636F6E74CF
S315020E4E88726F6C206865616465722054582066617B
S315020E4E98696C65642C206572723D25640D0A0044A0
S315020E4EA84131363230303A2062696E617279207239
S315020E4EB86571756573742072656A65637465642CAB
S315020E4EC8206572723D25640D0A002828285343422E
S315020E4ED85F54797065202A29202828307845303083
S315020E4EE83045303030554C29202B2030783044301E
S315020E4EF830554C2920292D3E494353522026202827
S315020E4F083078314646554C202929203D3D20300021
S315020E4F18784576656E7447726F75704372656174FD
S315020E4F2865537461746963007853697A65203D3DE9
S315020E4F382073697A656F6628204576656E744772A0
S315020E4F486F75705F742029007853697A65203D3D26
S315020E4F582073697A656F66282051756575655F7463
S315020E4F6820290078517565756553656D6170686F90
S315020E4F78726554616B6500696E66005B56494445F7
S315020E4F884F204E52465D206672616D653D2575202F
S315020E4F986368756E6B3D25752F2575206E6F616379
S315020E4FA86B206661696C65643D25750D0A0052585B
S315020E4FB82054494D454F55543A202573205B636854
S315020E4FC86172733D256C755D0D0A005B5359535418
S315020E4FD8454D5D5B464154414C5D2072756E746952
S315020E4FE86D65204576656E7447726F75702F746996
S315020E4FF86D657220696E697469616C697A61746924
S315020E50086F6E206661696C65642E0D0A005B5749E0
S315020E501846495D2046726F6E74656E6420726561CE
S315020E502864793A2025733A2575204349443D2575F8
S315020E50382E0D0A005B574946495D5B5741524E5D36
S315020E504820435753544154206166746572206A6F21
S315020E5058696E206661696C75726520616C736F2064
S315020E50686661696C65643A2025752E0D0A0077709D
S315020E5078615F73746174653D434F4D504C4554459B
S315020E508844005B574946495D5B4552525D2053685B
S315020E509861726564204A50454720636F6D706C6570
S315020E50A874696F6E206661696C6564206672616DDD
S315020E50B8653D257520726573756C743D25752E0DC5
S315020E50C80A002E2E2F72612F6177732F467265652F
S315020E50D852544F532F4672656552544F532F536F80
S315020E50E8757263652F6576656E745F67726F757016
S315020E50F8732E630078517565756547656E657269B7
S315020E510863437265617465537461746963005B56B1
S315020E51184944454F204E52465D206672616D653D85
S315020E51282575205354415254206661696C65643D57
S315020E513825750D0A004552524F52005B564548498F
S315020E5148434C455D20636F6D6D616E6420657865AF
S315020E5158637574696F6E207265636F7665726564C0
S315020E51682E0D0A005B53595354454D5D5B46415409
S315020E5178414C5D2057692D46692072756E74696DAC
S315020E51886520696E697469616C697A6174696F6E94
S315020E5198206661696C65642E0D0A0076506F72740C
S315020E51A853564348616E646C65725F430075785355
S315020E51B863686564756C657253757370656E64653E
S315020E51C864203D3D2031550070784576656E744CE7
S315020E51D869737400765461736B47656E657269639B
S315020E51E84E6F746966794769766546726F6D49536D
S315020E51F852007853697A65203D3D2073697A656F48
S315020E520866282054696D65725F7420290070785479
S315020E5218696D65724275666665720044413136324B
S315020E522830303A2055415254206F70656E206661B1
S315020E5238696C65643A2025640D0A00525820524953
S315020E52484E47204F564552464C4F573A2064726F78
S315020E5258707065643D256C752C207265636569767A
S315020E526865643D256C750D0A005B574946495D5BBB
S315020E52785741524E5D204950432061636B6E6F77DC
S315020E52886C656467656D656E7420726574727920D5
S315020E529870656E64696E67206672616D653D257509
S315020E52A82E0D0A0056656869636C65205468726528
S315020E52B86164007852657475726E20213D2028202D
S315020E52C82D312029007854696D65724372656174B1
S315020E52D86553746174696300707276496E6974698E
S315020E52E8616C6973654E657754696D6572002B43F9
S315020E52F8575354413A00444131363230303A2062DD
S315020E5308696E617279207061796C6F6164206E6F55
S315020E53187420636F6E6669726D65642C206572728F
S315020E53283D25640D0A00784576656E7447726F756B
S315020E53387000785175657565437265617465436F5C
S315020E5348756E74696E6753656D6170686F726553B3
S315020E5358746174696300785175657565526563651E
S315020E536869766500707850726576696F75735761DE
S315020E53786B6554696D6500785461736B496E637219
S315020E5388656D656E745469636B00785461736B54FC
S315020E53986F4E6F74696679005B4E524620504F52B5
S315020E53A85425755D207370692D6576656E743D2577
S315020E53B8750D0A005B56454849434C455D5B4641A9
S315020E53C854414C5D207365727669636520696E6910
S315020E53D87469616C697A6174696F6E206661696C4B
S315020E53E865643A2025752E0D0A005B5645484943D3
S315020E53F84C455D20737461727475702067617465AD
S315020E54082072656C65617365642E0D0A005B5645DE
S315020E54184849434C455D5B493243204552525D200D
S315020E5428636F756E743D256C752073746167653D81
S315020E54382575206673703D25642074696D656F75D2
S315020E5448743D25752065787065637465643D2575AA
S315020E54582061637475616C3D257520616464723DC5
S315020E5468307825303258207265673D3078253032CD
S315020E547858206C656E3D256C752E0D0A002E2E2F44
S315020E548872612F6177732F4672656552544F532F89
S315020E54984672656552544F532F536F757263652F55
S315020E54A871756575652E63005B4E524620504F52D6
S315020E54B85425755D207370692D6F70656E20666151
S315020E54C8696C6564206673703D25750D0A00415434
S315020E54D82B43495053544152543D25732C25752C52
S315020E54E8300D0A005B53484D315D5B464154414CC3
S315020E54F85D20496E6974206661696C65643A202579
S315020E5508752E0D0A00464F52574152440053544FB8
S315020E551850005B56454849434C455D5B434D442016
S315020E55284552525D20726573756C743D25752073EE
S315020E55386F757263653D2575206B696E643D2575BB
S315020E554820616374696F6E3D257520737065656497
S315020E55583D25752073756374696F6E5F7265616436
S315020E5568793D25752068656164696E673D25752ED8
S315020E55780D0A00784576656E7447726F75705761B7
S315020E55886974426974730028206354784C6F636B8E
S315020E5598202920213D2028202820696E74385F7420
S315020E55A820292031323720290070727643726561BE
S315020E55B874655374617469635461736B005B4E52FE
S315020E55C84620504F525425755D207370692D73749B
S315020E55D8617274206661696C6564206673703D2516
S315020E55E8750D0A0054583A202573005B4E41562013
S315020E55F84950435D207365713D2575207265717537
S315020E56086573743D2573206170706C6965643D25FA
S315020E5618732073706565643D257525252E0D0A0062
S315020E56285B574946495D5B4552525D204A5045478E
S315020E5638206368756E6B206661696C656420667296
S315020E5648616D653D2575206F66667365743D2575B4
S315020E5658206572723D25752E0D0A002E2E2F726149
S315020E56682F6177732F4672656552544F532F4672C2
S315020E5678656552544F532F536F757263652F746156
S315020E5688736B732E63005B4E524620504F5254254F
S315020E5698755D206972712D6F70656E206661696C13
S315020E56A86564206673703D25750D0A0044413136D0
S315020E56B83230303A20616C6C20736F636B6574738B
S315020E56C820636C6F7365640D0A005B564548494341
S315020E56D84C455D5B53544550204552525D207265CA
S315020E56E873756C743D2575206C6173743D25752032
S315020E56F873756374696F6E5F72656164793D25753C
S315020E57082068656164696E673D25752064757479CE
S315020E57185F6D696C6C69284C2F522F46293D25649C
S315020E57282F25642F25643B20656D657267656E634A
S315020E5738792073746F702E0D0A0070784576656E31
S315020E57487447726F75704275666665720070784E2A
S315020E575865775175657565002128202820282070E1
S315020E5768764275666665722029203D3D2028287682
S315020E57786F69642A293029202920262620282028DE
S315020E5788207078517565756520292D3E7578497490
S315020E5798656D53697A6520213D202820554261732D
S315020E57A865547970655F7420292030552029202981
S315020E57B800785461736B436865636B466F725469FE
S315020E57C86D654F75740075785072696F7269747962
S315020E57D8203C2028313629005465726D696E616C3B
S315020E57E800444131363230303A2057692D46692007
S315020E57F8636F6E6E65637465640D0A0041542B43BE
S315020E5808575354410D0A005B56454849434C455D6C
S315020E58185B534146455D206E617669676174696FB1
S315020E58286E2074696D656F75743B20776865656C55
S315020E5838732073746F707065642E0D0A0076506F3E
S315020E5848727456616C6964617465496E74657272B6
S315020E58587570745072696F72697479004441313683
S315020E58683230303A2057692D466920636F6D6D6165
S315020E58786E642072656A65637465643A20004441F3
S315020E588831363230303A206D6F64756C652072652A
S315020E58987475726E6564206572726F723A2025731C
S315020E58A80D0A005B56454849434C455D20736166B1
S315020E58B865206F7574707574732065737461626C86
S315020E58C869736865643B2077616974696E672066D9
S315020E58D86F72207374617274757020676174652EA7
S315020E58E80D0A005B574946495D5B4552525D205586
S315020E58F8706C6F6164206661696C6564206672619C
S315020E59086D653D2575206572723D25752E0D0A004B
S315020E59183532375F52413850310070785175657598
S315020E59286500765461736B44656C6179005B564506
S315020E59384849434C455D5B4E4156204552525D20C1
S315020E5948726573756C743D257520616374696F6E25
S315020E59583D25752073706565643D25752E0D0A0005
S315020E59685B574946495D205374617274696E6720A6
S315020E5978444131363230302041542070726F62659E
S315020E59882E0D0A003139322E3136382E3133372E54
S315020E599831007852657475726E20213D20282028B2
S315020E59A820282042617365547970655F7420292018
S315020E59B8302029202900765461736B506C61636519
S315020E59C84F6E4576656E744C6973740041542B435B
S315020E59D8574D4F44453D300D0A0054583A2041540E
S315020E59E82B43574A4150413D25732C3C70617373C4
S315020E59F8776F72642068696464656E3E0D0A0044A8
S315020E5A084131363230303A20636C6F736520616CE1
S315020E5A186C20736F636B657473206661696C65645B
S315020E5A282C206572723D25640D0A005B5359535438
S315020E5A38454D5D5B464154414C5D204950432072AB
S315020E5A48756E74696D6520696E697469616C697AB9
S315020E5A586174696F6E206661696C65642E0D0A0043
S315020E5A685B53484D315D5B4552525D2057692D4653
S315020E5A78692071756575652062757379206672611E
S315020E5A886D653D25752E0D0A0057494649205570F6
S315020E5A986C6F61642054687265616400785175652D
S315020E5AA8756500765461736B5374617274536368C9
S315020E5AB86564756C65720075785363686564756C92
S315020E5AC8657253757370656E64656420213D203068
S315020E5AD855005B434D44204E52465D2072656769FA
S315020E5AE8737465722D6C6F6F706261636B206D696C
S315020E5AF8736D617463680D0A004441313632303073
S315020E5B083A2057692D466920636F6E6E656374690E
S315020E5B186F6E2074696D656F75740D0A005B434D61
S315020E5B2844204E52465D207265616479205350496F
S315020E5B38302063683D3736204952513D503730354D
S315020E5B482F49525131390D0A005B56454849434C85
S315020E5B58455D5B464154414C5D20636F6D6D616ECA
S315020E5B6864206D61696C626F7820696E6974696109
S315020E5B786C697A6174696F6E206661696C65642EEA
S315020E5B880D0A005B56454849434C455D206E6176C3
S315020E5B9869676174696F6E206D6F746F72206F75A7
S315020E5BA87470757420454E41424C45442E0D0A00BA
S315020E5BB84825752C25752C302C300D0A004441319A
S315020E5BC8363230303A20726573706F6E7365207492
S315020E5BD8696D656F75742C20726563656976656481
S315020E5BE83D25730D0A005B574946495D5B5741527F
S315020E5BF84E5D20436C6F7365206F6C642054435060
S315020E5C082073657373696F6E73206661696C65645A
S315020E5C183A2025752E0D0A005B574946495D2053D3
S315020E5C287769746368696E6720444131363230305B
S315020E5C38206D6F6465202575202D3E203020285351
S315020E5C48746174696F6E292E0D0A005B57494649AF
S315020E5C585D20444131363230302053746174696F97
S315020E5C686E206D6F646520656E61626C65642E0DBD
S315020E5C780A002128202820707851756575652D3EF3
S315020E5C88706348656164203D3D202828766F6964F5
S315020E5C982A2930292029202626202820707851756F
S315020E5CA86575652D3E752E7853656D6170686F72D2
S315020E5CB8652E784D75746578486F6C646572202109
S315020E5CC83D202828766F69642A2930292029202919
S315020E5CD800785461736B44656C6179556E74696CA0
S315020E5CE80070727650726F63657373526563656977
S315020E5CF8766564436F6D6D616E6473005B434D44E6
S315020E5D08204E52465D2066616E3D2573207365717F
S315020E5D183D25752E0D0A005B564944454F204E52B7
S315020E5D28465D2072656769737465722D6C6F6F7046
S315020E5D386261636B206D69736D617463680D0A0027
S315020E5D4841542B5253540D0A0044413136323030E7
S315020E5D583A2057692D466920636F6E6E65637469BC
S315020E5D686F6E2076657269666965640D0A002B5434
S315020E5D785254433A005B53484D315D5B5741524E7E
S315020E5D885D20526573756C742061636B6E6F776CEA
S315020E5D98656467656D656E742072657472792070B6
S315020E5DA8656E64696E672E0D0A00756C437572729E
S315020E5DB8656E745072696F72697479203E3D202839
S315020E5DC8282828312929203C3C202838202D203401
S315020E5DD8292929203E3E202838202D2034290078CC
S315020E5DE84576656E7447726F7570436C656172425D
S315020E5DF86974730078517565756547656E6572695E
S315020E5E0863526573657400765461736B537573705A
S315020E5E18656E6400546D7220537663006E616E0071
S315020E5E285B4E524620504F525425755D207370694B
S315020E5E382D74696D656F7574206166746572202599
S315020E5E4875206D730D0A005258204552524F523A1A
S315020E5E582025730D0A00444131363230303A205726
S315020E5E68692D466920636F6E6E656374696F6E205F
S315020E5E786661696C65643A20005B53595354454D05
S315020E5E885D5B464154414C5D20436F6D6D616E6498
S315020E5E982052582072756E74696D6520696E697422
S315020E5EA869616C697A6174696F6E206661696C657F
S315020E5EB8642E0D0A005B434D44204E52465D206900
S315020E5EC86E6974206661696C65643D25753B207240
S315020E5ED86574727920696E202575206D730D0A0018
S315020E5EE85B56454849434C455D5B464154414C5DBC
S315020E5EF820737461727475702073756374696F6E2C
S315020E5F08206661696C65643A2025752E0D0A00763F
S315020E5F18506F727445786974437269746963616CF9
S315020E5F2800707851756575652D3E75784974656D7F
S315020E5F3853697A65203D3D2030007578536368654E
S315020E5F4864756C657253757370656E64656420212B
S315020E5F583D2028205542617365547970655F742019
S315020E5F6829203055002820282026282070785443C8
S315020E5F78422D3E784576656E744C6973744974651E
S315020E5F886D202920292D3E7078436F6E7461696ED5
S315020E5F9865722029203D3D202828766F69642A29B4
S315020E5FA83029007854696D65724372656174655459
S315020E5FB8696D65725461736B0041542B43495043A4
S315020E5FC84C4F5345414C4C0D0A005B5645484943C6
S315020E5FD84C455D2073756374696F6E2073746172B6
S315020E5FE874696E6720617420257525252E0D0A00A3
S315020E5FF87578546F705072696F726974790044417C
S315020E600831363230303A2054435020636C69656E0D
S315020E60187420636F6E6E65637465642C20434944FF
S315020E60283D25750D0A00257325730D0A005B564923
S315020E603844454F204950435D5B4552525D2070726E
S315020E60486F636573733D25752E0D0A005B564548BB
S315020E605849434C455D5B464154414C5D206465702F
S315020E6068656E64656E637920696E697469616C69B9
S315020E60787A6174696F6E206661696C65643B20632A
S315020E60886865636B2049494330206F70656E2E0D25
S315020E60980A005B574946495D5B464154414C5D20B1
S315020E60A844413136323030205541525420696E6998
S315020E60B874206661696C65643A2025752E0D0A0090
S315020E60C82820757842697473546F436C6561722021
S315020E60D826202820282075696E7433325F7420298B
S315020E60E820307866663030303030305520292029F7
S315020E60F8203D3D20300021282028207076497465DF
S315020E61086D546F5175657565203D3D202828766F4D
S315020E611869642A29302920292026262028207078E3
S315020E612851756575652D3E75784974656D53697A2F
S315020E61386520213D20282055426173655479706584
S315020E61485F7420292030552029202900756C546148
S315020E6158736B47656E657269634E6F7469667954B9
S315020E6168616B65007853697A65203D3D2073697ABD
S315020E6178656F6628205443425F74202900282070D2
S315020E61887854696D65722D3E7854696D65725065DF
S315020E619872696F64496E5469636B73203E203020B0
S315020E61A829005B4E524620504F525425755D206388
S315020E61B8652D6C6F77206661696C656420667370EF
S315020E61C83D25750D0A0041542B43574D4F44453D07
S315020E61D83F0D0A0041542B43574A4150413D257300
S315020E61E82C25730D0A00444131363230303A20627C
S315020E61F8696E617279207061796C6F616420545888
S315020E6208206661696C65642C206572723D25640D83
S315020E62180A005B53484D315D204350553120726555
S315020E62286164793A20626173653D30782530385853
S315020E62382063617061636974793D25752E0D0A00B6
S315020E62485B53484D315D5B4552525D204A50454778
S315020E62582072656A6563746564206672616D653D52
S315020E62682575206572726F723D2575206578706583
S315020E6278637465643D3078253038582061637475C9
S315020E6288616C3D3078253038582E0D0A005B4E412A
S315020E629856204950435D5B4552525D2056656869E4
S315020E62A8636C65206D61696C626F7820756E6176B6
S315020E62B861696C61626C652E0D0A00286E756C6CCE
S315020E62C82900303132333435363738394142434470
S315020E62D84546323F4B5864D4D4590E02274B0E020A
S315020E62E82E490E0200000000000000010700000001
S315020E62F80000D4D400040506070C0C0C0C00000092
S315020E6308010000000000000000000000279F0D0299
S315020E631800000000EC620E02D8171822FC620E026A
S315020E6328CC660E020000000000D4D4D4130C08006A
S315020E633803010000859F0D020000000030630E0265
S315020E63487018182234630E0240670E02000000000F
S315020E6358110500005BC60D020000000088181822FF
S315020E636854630E0224670E0200000000040C00009D
S315020E637804010000000001030303000000000103EC
S315020E638804030000000001030004000000000103DC
S315020E639801040000050C00000604000000040107B3
S315020E63A809040000000401070A040000000401069D
S315020E63B80E040000000001060F040000000001048E
S315020E63C80206000000000104030600000000010395
S315020E63D8040600000000010305060000000401067B
S315020E63E8000700000004010601070000000001066E
S315020E63F8020700000004010603070000040C000051
S315020E6408040700000040000005070000000401060C
S315020E6418080700000004010609070000160000001E
S315020E642874630E02000000009C009D009E009F00F1
S315020E6438180319031C031B0314001D031E03210351
S315020E64482003C402C502C602C7025B000100010090
S315020E6458000000000000000000000000000000001E
S315020E64680000000000000000000000000000FFFF10
S315020E6478FFFFFFFFDFDFDFDFDFDF000000000000C8
S315020E648800000000000000000000000000000000EE
S315020E649800000000000000000000000000000000DE
S315020E64A80000000002000000102700000000000095
S315020E64B8401F000008FFDF00000000000000000079
S315020E64C854640E02281E1822AC640E0254670E027B
S315020E64D8010001000000000000000000000000009C
S315020E64E8000000000000000000000000000000008E
S315020E64F80000FFFFFFFFFFFFDFDFDFDFDFDF00004A
S315020E6508000000000000000000000000000000006D
S315020E6518000000000000000000000000000000005D
S315020E6528000000000000000002000000A861000042
S315020E653800000000204E000007FFDF0000000000EA
S315020E654800000000D8640E02481E182230650E029C
S315020E655854670E0201000100000000000000000050
S315020E6568000000000000000000000000000000000D
S315020E6578000000000000FFFFFFFFFFFFDFDFDFDF87
S315020E6588DFDF00000000000000000000000000002F
S315020E659800000000000000000000000000000000DD
S315020E65A800000000000000000000000002000000CB
S315020E65B81027000000000000401F000006FFDF0043
S315020E65C800000000000000005C650E02681E18221C
S315020E65D8B4650E0254670E0200D4D4D410011822E2
S315020E65E8E0650E02881E1822E4650E0288670E0200
S315020E65F801D4D4D420011822F8650E02901E182250
S315020E6608FC650E0288670E020101041011000000D5
S315020E661800000000A086010000000000010C000127
S315020E66280203000004660E02EC650E02D5840D0204
S315020E66380000000010660E020000000000000000B6
S315020E664800000001070000000000D4D401090A0B5D
S315020E66580C0C0C0C0C0000000100000000000000DF
S315020E666800000000759F0D020000000044660E022F
S315020E6678401F182254660E02CC660E020000000057
S315020E668800010000300118220F00FFFF0000000172
S315020E669801000000000200000C0D0C0E0C0F0C106F
S315020E66A8000000000000000011C10D0200000000EB
S315020E66B888660E02D81F18229C660E02E4660E0221
S315020E66C800000000E9D90D02C5DC0D02DDDC0D0263
S315020E66D8F3DC0D02FFDC0D020DDD0D02E1E20D0209
S315020E66E8FBE50D0205E60D0251E60D0283E60D02E5
S315020E66F891E60D02CBE60D02D9E60D02C5E70D02AD
S315020E6708D3E70D02D7E70D020600000008000000C7
S315020E671803000000050000000A00000083EA0D02CD
S315020E672815EB0D0225EB0D022DEB0D023BEB0D02C1
S315020E6738020403040404D4D4DFF70D026FF80D0223
S315020E6748B3F80D02DBF80D02E5F80D02B1F90D02EA
S315020E675897FE0D02A1FE0D02ABFE0D02B5FE0D024F
S315020E6768EBFE0D0209FF0D0241FF0D02E7FF0D02B8
S315020E677803000E028B000E029F000E02AD000E02E1
S315020E678883020E021D030E0275030E0211040E0279
S315020E67982D040E0253040E0257040E025B040E0259
S315020E67A8A9040E02FD040E0201050E020000E06F98
S315020E67B80000E06F000000880000008800000074E8
S315020E67C80000007440011822400118220B00000036
S315020E67D8EC670E021900000070680E020400000033
S315020E67E8B4670E020000E06F0000E06F0001000DB4
S315020E67F80000E06F0000E06F0001000D0000008847
S315020E680800000088000100080000008800000088C9
S315020E68180001000800000074000000740001000A5E
S315020E682800000074000000740001000A0000000057
S315020E683800000000000000060000002000000020F4
S315020E6848000000074001182240011822000000032A
S315020E68586C051822682418220000000368241822E0
S315020E686868241822000000030000E06F0000E06FA3
S315020E6878000000980001090D0000E06F0000E06FAD
S315020E68880000007C00010B0D0000E06F0000E06FB7
S315020E6898000000270001020D0000E06F0000E06F05
S315020E68A888800D020001010D000000880000008894
S315020E68B80000009800010908000000880000008800
S315020E68C80000007C00010B0800000088000000880A
S315020E68D80000002700010208000000880000008858
S315020E68E888800D0200010108000000740000007481
S315020E68F8000000980001090A0000007400000074E6
S315020E69080000007C00010B0A0000007400000074EF
S315020E6918000000270001020A00000074000000743D
S315020E692888800D020001010A000000000000000026
S315020E69380000009800010906000000000000000091
S315020E69480000007C00010B0600000000000000009B
S315020E695800000027000002060000000000000000EA
S315020E696888800D02000001060000002000000020AB
S315020E69780000009800010907000000200000002010
S315020E69880000007C00010B0700000020000000201A
S315020E69980000002700000207000000200000002069
S315020E69A888800D02000001074800182248001822A6
S315020E69B80000009800010903480018224800182210
S315020E69C80000007C00010B0348001822480018221A
S315020E69D80000002700000203500018223401182274
S315020E69E890800D02000001036824182268241822DA
S315020E69F874810D0200000103010002000800100056
S315020E6A082000D4D40F000000000000000000000091
S315020E6A180000000000000010000000000000000048
S315020E6A28B9340332B7F4AD1410DB1AB30892540E06
S315020E6A380D307D951447BA1A66088F4D26ADC66D6A
S315020E6A48F598BF85E2B74511CA96853D92BD1DEBEF
S315020E6A58FCA11860DCEF52163C92AE220BB8C1B4FA
S315020E6A68839D2D5B0562DA1C304C7E8F4E8BB25B94
S315020E6A7816F4529F8B56A512FBD4827643ED8AF0F4
S315020E6A888FE7F9311565191850F19BD94A13EEB4E9
S315020E6A98284CF0A686C1251F035FC270CB9E4916E7
S315020E6AA8E642889C44EB2014B0650836AD6EA58581
S315020E6AB885F0CA14E2FD031A0B899979D5B13D09F7
S315020E6AC8D8DA973A35EBCF10AC363F5E73BB38CF72
S315020E6AD83E6752FA44AFBA150100000000000000E4
S315020E6AE8050000000000000019000000000000006A
S315020E6AF87D00000000000000710200000000000088
S315020E6B08350C000000000000093D000000000000E0
S315020E6B182D31010000000000E1F50500000000001D
S315020E6B2865CD1D0000000000F90295000000000068
S315020E6B38DD0EE90200000000514A8D0E000000002B
S315020E6B489573C24800000000E941CC6B01000000B3
S315020E6B588D49FD1A07000000C16FF2862300000058
S315020E6B68C52EBCA2B1000000D9E9AC2D78030000EF
S315020E6B783D9160E45811000031D6E275BC5600000C
S315020E6B88F52E6E4DAEB10100C9EA26836778080066
S315020E6B98ED95C28F055A2A00A1EDCCCE1BC2D300A3
S315020E6BA825A4000A8BCA2204000000000000000079
S315020E6BB800000000000000000000004095596959C7
S315020E6BC855555455155555560405154110545540E7
S315020E6BD84551554440455044505555450040004090
S315020E6BE840044496655556554540455451411540FF
S315020E6BF8559155555555405105010000D4D4D4D456
S315020E6C080100000000000000000000000000002045
S315020E6C18345065C05FC9A652BB13CBAEC440C21868
S315020E6C2806C8DF7100D5A87CF56F0FDA58FC271354
S315020E6C386E4756357D24206502C7E768E48CA41D87
S315020E6C48E9E60268D7CD39617977FCC2405BEF1661
S315020E6C58798CDE43FFA751F991F3B278F5BDBE11D1
S315020E6C68E857E9D6E8BEE87BB054AC8F848D751B1F
S315020E6C78EA23A499E9F9D38BB7A3714061DA3E15D3
S315020E6C88CEE33ECB73F948088C97B427D51B701002
S315020E6C98A2BFEFB9EB8532154DB44DB49BBB6F1936
S315020E6CA896B6076CF8E7EEAD36D9B4F59135AE134E
S315020E6CB8222218AF4E6A684D91DAAA3D4F40741ECB
S315020E6CC89FBD9EE006A1C09857C2A7FDA40E9017B7
S315020E6CD80E7D497173E3208FB220D87605143B12C6
S315020E6CE8853D7434811343B0AD297A5F27F4351C7A
S315020E6CF85445545445550504001004101404400016
S315020E6D080000014055551541540400004400010087
S315020E6D180000004041000044504445505400555569
S315020E6D28545565510040004001000001000501005E
S315020E6D381154515154555505001541500000044041
S315020E6D48100104050000000000000506362E352E39
S315020E6D5830004275696C7420776974682052656EC4
S315020E6D686573617320416476616E63656420466C51
S315020E6D78657869626C6520536F66747761726520F1
S315020E6D885061636B6167652076657273696F6E20F3
S30B020E6D98362E352E3000E8
S705020E084D95
